index	date_processed	species	xray_kv	xray_ua	xray_exposure_seconds	distance_source_sensor	distance_xxx_platform	frame_id	xray_file_base_name	photo_file_name	specimen_position	tissue_id	individual_id	collection	lot_id	id_lot_description	xray_technician_names	data_entry_name	notes_lab	notes	correction_applied	correction_id	correction_details	correction_date
398	9/15/2025	Spratelloides delicatulus	40	180	10			101.5	sde_x-ray_101.5	P9153156.ORF	1	Sde-C-0294-E-mus	Sde-CBau_089	nsf-deb-spratelloidesdelicatulus-2024-2025	BAU-2025-01_01		Kevin Labrador; Chris Bird	Chris Bird			FALSE			
399	9/15/2025	Spratelloides delicatulus	40	180	10			101.5	sde_x-ray_101.5	P9153156.ORF	2	Sde-C-0293-E-mus	Sde-CBau_088	nsf-deb-spratelloidesdelicatulus-2024-2025	BAU-2025-01_01		Kevin Labrador; Chris Bird	Chris Bird			FALSE			
400	9/15/2025	Spratelloides delicatulus	40	180	5			102	sde_x-ray_102	P9153157.ORF	1	Sde-C-0256-E-mus	Sde-CBau_051	nsf-deb-spratelloidesdelicatulus-2024-2025	BAU-2025-01_01		Kevin Labrador; Chris Bird	Chris Bird			FALSE			
401	9/15/2025	Spratelloides delicatulus	40	180	5			102	sde_x-ray_102	P9153157.ORF	2	Sde-C-0297-E-mus	Sde-CBau_092	nsf-deb-spratelloidesdelicatulus-2024-2025	BAU-2025-01_01		Kevin Labrador; Chris Bird	Chris Bird			FALSE			
402	9/15/2025	Spratelloides delicatulus	40	180	5			102	sde_x-ray_102	P9153157.ORF	3	Sde-C-0281-E-mus	Sde-CBau_076	nsf-deb-spratelloidesdelicatulus-2024-2025	BAU-2025-01_01		Kevin Labrador; Chris Bird	Chris Bird			FALSE			
403	9/15/2025	Spratelloides delicatulus	40	180	5			102	sde_x-ray_102	P9153157.ORF	4	Sde-C-0265-E-mus	Sde-CBau_060	nsf-deb-spratelloidesdelicatulus-2024-2025	BAU-2025-01_01		Kevin Labrador; Chris Bird	Chris Bird			FALSE			
404	9/15/2025	Spratelloides delicatulus	40	180	5			103	sde_x-ray_103	P9153158.ORF	1	Sde-C-0269-E-mus	Sde-CBau_064	nsf-deb-spratelloidesdelicatulus-2024-2025	BAU-2025-01_01		Mariana Dehasque; Jason Selwyn; Chris Bird	Chris Bird			FALSE			
405	9/15/2025	Spratelloides delicatulus	40	180	5			103	sde_x-ray_103	P9153158.ORF	2	Sde-C-0260-E-mus	Sde-CBau_055	nsf-deb-spratelloidesdelicatulus-2024-2025	BAU-2025-01_01		Mariana Dehasque; Jason Selwyn; Chris Bird	Chris Bird			FALSE			
406	9/15/2025	Spratelloides delicatulus	40	180	5			103	sde_x-ray_103	P9153158.ORF	3	Sde-C-0267-E-mus	Sde-CBau_062	nsf-deb-spratelloidesdelicatulus-2024-2025	BAU-2025-01_01		Mariana Dehasque; Jason Selwyn; Chris Bird	Chris Bird			FALSE			
407	9/15/2025	Spratelloides delicatulus	40	180	5			103	sde_x-ray_103	P9153158.ORF	4	Sde-C-0261-E-mus	Sde-CBau_056	nsf-deb-spratelloidesdelicatulus-2024-2025	BAU-2025-01_01		Mariana Dehasque; Jason Selwyn; Chris Bird	Chris Bird			FALSE			
408	9/15/2025	Spratelloides delicatulus	40	180	5			103	sde_x-ray_103	P9153158.ORF	5	Sde-C-0273-E-mus	Sde-CBau_068	nsf-deb-spratelloidesdelicatulus-2024-2025	BAU-2025-01_01		Mariana Dehasque; Jason Selwyn; Chris Bird	Chris Bird			FALSE			
409	9/15/2025	Spratelloides delicatulus	40	180	5			104	sde_x-ray_104	P9153161.ORF	1	Sde-C-0285-E-mus	Sde-CBau_080	nsf-deb-spratelloidesdelicatulus-2024-2025	BAU-2025-01_01		Mariana Dehasque; Jason Selwyn; Chris Bird	Chris Bird			FALSE			
410	9/15/2025	Spratelloides delicatulus	40	180	5			104	sde_x-ray_104	P9153161.ORF	2	Sde-C-0287-E-mus	Sde-CBau_082	nsf-deb-spratelloidesdelicatulus-2024-2025	BAU-2025-01_01		Mariana Dehasque; Jason Selwyn; Chris Bird	Chris Bird			FALSE			
411	9/15/2025	Spratelloides delicatulus	40	180	5			104	sde_x-ray_104	P9153161.ORF	3	Sde-C-0266-E-mus	Sde-CBau_061	nsf-deb-spratelloidesdelicatulus-2024-2025	BAU-2025-01_01		Mariana Dehasque; Jason Selwyn; Chris Bird	Chris Bird			FALSE			
412	9/15/2025	Spratelloides delicatulus	40	180	5			104	sde_x-ray_104	P9153161.ORF	4	Sde-C-0283-E-mus	Sde-CBau_078	nsf-deb-spratelloidesdelicatulus-2024-2025	BAU-2025-01_01		Mariana Dehasque; Jason Selwyn; Chris Bird	Chris Bird			FALSE			
413	9/15/2025	Spratelloides delicatulus	40	180	5			104	sde_x-ray_104	P9153161.ORF	5	Sde-C-0270-E-mus	Sde-CBau_065	nsf-deb-spratelloidesdelicatulus-2024-2025	BAU-2025-01_01		Mariana Dehasque; Jason Selwyn; Chris Bird	Chris Bird			FALSE			
414	9/15/2025	Spratelloides delicatulus	40	180	5			105	sde_x-ray_105	P9153162.ORF	1	Sde-C-0257-E-mus	Sde-CBau_052	nsf-deb-spratelloidesdelicatulus-2024-2025	BAU-2025-01_01		Mariana Dehasque; Jason Selwyn; Chris Bird	Chris Bird			FALSE			
415	9/15/2025	Spratelloides delicatulus	40	180	5			105	sde_x-ray_105	P9153162.ORF	2	Sde-C-0291-E-mus	Sde-CBau_086	nsf-deb-spratelloidesdelicatulus-2024-2025	BAU-2025-01_01		Mariana Dehasque; Jason Selwyn; Chris Bird	Chris Bird			FALSE			
416	9/15/2025	Spratelloides delicatulus	40	180	5			105	sde_x-ray_105	P9153162.ORF	3	Sde-C-0258-E-mus	Sde-CBau_053	nsf-deb-spratelloidesdelicatulus-2024-2025	BAU-2025-01_01		Mariana Dehasque; Jason Selwyn; Chris Bird	Chris Bird			FALSE			
417	9/15/2025	Spratelloides delicatulus	40	180	5			105	sde_x-ray_105	P9153162.ORF	4	Sde-C-0292-E-mus	Sde-CBau_087	nsf-deb-spratelloidesdelicatulus-2024-2025	BAU-2025-01_01		Mariana Dehasque; Jason Selwyn; Chris Bird	Chris Bird			FALSE			
418	9/15/2025	Spratelloides delicatulus	40	180	5			105	sde_x-ray_105	P9153162.ORF	5	Sde-C-0295-E-mus	Sde-CBau_090	nsf-deb-spratelloidesdelicatulus-2024-2025	BAU-2025-01_01		Mariana Dehasque; Jason Selwyn; Chris Bird	Chris Bird			FALSE			
419	9/15/2025	Spratelloides delicatulus	40	180	5			106	sde_x-ray_106	P9153163.ORF	1	Sde-C-0259-E-mus	Sde-CBau_054	nsf-deb-spratelloidesdelicatulus-2024-2025	BAU-2025-01_01		Mariana Dehasque; Jason Selwyn; Chris Bird	Chris Bird			FALSE			
420	9/15/2025	Spratelloides delicatulus	40	180	5			106	sde_x-ray_106	P9153163.ORF	2	Sde-C-0263-E-mus	Sde-CBau_058	nsf-deb-spratelloidesdelicatulus-2024-2025	BAU-2025-01_01		Mariana Dehasque; Jason Selwyn; Chris Bird	Chris Bird			FALSE			
421	9/15/2025	Spratelloides delicatulus	40	180	5			106	sde_x-ray_106	P9153163.ORF	3	Sde-C-0280-E-mus	Sde-CBau_075	nsf-deb-spratelloidesdelicatulus-2024-2025	BAU-2025-01_01		Mariana Dehasque; Jason Selwyn; Chris Bird	Chris Bird			FALSE			
422	9/15/2025	Spratelloides delicatulus	40	180	5			107	sde_x-ray_107	P9153164.ORF	1	Sde-C-0279-E-mus	Sde-CBau_074	nsf-deb-spratelloidesdelicatulus-2024-2025	BAU-2025-01_01		Mariana Dehasque; Jason Selwyn; Chris Bird	Chris Bird			FALSE			
423	9/15/2025	Spratelloides delicatulus	40	180	5			107	sde_x-ray_107	P9153164.ORF	2	Sde-C-0274-E-mus	Sde-CBau_069	nsf-deb-spratelloidesdelicatulus-2024-2025	BAU-2025-01_01		Mariana Dehasque; Jason Selwyn; Chris Bird	Chris Bird			FALSE			
424	9/15/2025	Spratelloides delicatulus	40	180	5			107	sde_x-ray_107	P9153164.ORF	3	Sde-C-0272-E-mus	Sde-CBau_067	nsf-deb-spratelloidesdelicatulus-2024-2025	BAU-2025-01_01		Mariana Dehasque; Jason Selwyn; Chris Bird	Chris Bird			FALSE			
425	9/15/2025	Spratelloides delicatulus	40	180	5			107	sde_x-ray_107	P9153164.ORF	4	Sde-C-0264-E-mus	Sde-CBau_059	nsf-deb-spratelloidesdelicatulus-2024-2025	BAU-2025-01_01		Mariana Dehasque; Jason Selwyn; Chris Bird	Chris Bird			FALSE			
426	9/15/2025	Spratelloides delicatulus	40	180	5			108	sde_x-ray_108	P9153165.ORF	1	Sde-C-0300-E-mus	Sde-CBau_095	nsf-deb-spratelloidesdelicatulus-2024-2025	BAU-2025-01_01		Mariana Dehasque; Jason Selwyn; Chris Bird	Chris Bird			FALSE			
427	9/15/2025	Spratelloides delicatulus	40	180	5			108	sde_x-ray_108	P9153165.ORF	2	Sde-C-0305-E-mus	Sde-CBau_100	nsf-deb-spratelloidesdelicatulus-2024-2025	BAU-2025-01_01		Mariana Dehasque; Jason Selwyn; Chris Bird	Chris Bird			FALSE			
428	9/15/2025	Spratelloides delicatulus	40	180	5			108	sde_x-ray_108	P9153165.ORF	3	Sde-C-0307-E-mus	Sde-CBau_102	nsf-deb-spratelloidesdelicatulus-2024-2025	BAU-2025-01_01		Mariana Dehasque; Chris Bird	Chris Bird			FALSE			
429	9/15/2025	Spratelloides delicatulus	40	180	5			108	sde_x-ray_108	P9153165.ORF	4	Sde-C-0302-E-mus	Sde-CBau_097	nsf-deb-spratelloidesdelicatulus-2024-2025	BAU-2025-01_01		Mariana Dehasque; Chris Bird	Chris Bird			FALSE			
430	9/15/2025	Spratelloides delicatulus	40	180	5			109	sde_x-ray_109	P9153167.ORF	1	Sde-C-0299-E-mus	Sde-CBau_094	nsf-deb-spratelloidesdelicatulus-2024-2025	BAU-2025-01_01		Mariana Dehasque; Chris Bird	Chris Bird			FALSE			
431	9/15/2025	Spratelloides delicatulus	40	180	5			109	sde_x-ray_109	P9153167.ORF	2	Sde-C-0298-E-mus	Sde-CBau_093	nsf-deb-spratelloidesdelicatulus-2024-2025	BAU-2025-01_01		Mariana Dehasque; Chris Bird	Chris Bird			FALSE			
432	9/15/2025	Spratelloides delicatulus	40	180	5			109	sde_x-ray_109	P9153167.ORF	3	Sde-C-0306-E-mus	Sde-CBau_101	nsf-deb-spratelloidesdelicatulus-2024-2025	BAU-2025-01_01		Mariana Dehasque; Chris Bird	Chris Bird			FALSE			
433	9/15/2025	Spratelloides delicatulus	40	180	5			109	sde_x-ray_109	P9153167.ORF	4	Sde-C-0268-E-mus	Sde-CBau_063	nsf-deb-spratelloidesdelicatulus-2024-2025	BAU-2025-01_01		Mariana Dehasque; Chris Bird	Chris Bird			FALSE			
434	9/15/2025	Spratelloides delicatulus	40	180	5			110	sde_x-ray_110	P9153168.ORF	1	Sde-C-0296-E-mus	Sde-CBau_091	nsf-deb-spratelloidesdelicatulus-2024-2025	BAU-2025-01_01		Mariana Dehasque; Chris Bird	Chris Bird			FALSE			
435	9/15/2025	Spratelloides delicatulus	40	180	5			110	sde_x-ray_110	P9153168.ORF	2	Sde-C-0303-E-mus	Sde-CBau_098	nsf-deb-spratelloidesdelicatulus-2024-2025	BAU-2025-01_01		Mariana Dehasque; Chris Bird	Chris Bird			FALSE			
436	9/15/2025	Spratelloides delicatulus	40	180	5			110	sde_x-ray_110	P9153168.ORF	3	Sde-C-0304-E-mus	Sde-CBau_099	nsf-deb-spratelloidesdelicatulus-2024-2025	BAU-2025-01_01		Mariana Dehasque; Chris Bird	Chris Bird			FALSE			
437	9/15/2025	Spratelloides delicatulus	40	180	5			110	sde_x-ray_110	P9153168.ORF	4	Sde-C-0278-E-mus	Sde-CBau_073	nsf-deb-spratelloidesdelicatulus-2024-2025	BAU-2025-01_01		Mariana Dehasque; Chris Bird	Chris Bird			FALSE			
438	9/15/2025	Spratelloides delicatulus	40	180	5			111	sde_x-ray_111	P9153169.ORF	1	Sde-C-0284-E-mus	Sde-CBau_079	nsf-deb-spratelloidesdelicatulus-2024-2025	BAU-2025-01_01		Mariana Dehasque; Chris Bird	Chris Bird			FALSE			
439	9/15/2025	Spratelloides delicatulus	40	180	5			111	sde_x-ray_111	P9153169.ORF	2	Sde-C-0262-E-mus	Sde-CBau_057	nsf-deb-spratelloidesdelicatulus-2024-2025	BAU-2025-01_01		Mariana Dehasque; Chris Bird	Chris Bird			FALSE			
440	9/15/2025	Spratelloides delicatulus	40	180	5			112	sde_x-ray_112	P9153170.ORF	1	Sde-C-0301-E-mus	Sde-CBau_096	nsf-deb-spratelloidesdelicatulus-2024-2025	BAU-2025-01_01		Mariana Dehasque; Chris Bird	Chris Bird			FALSE			
441	9/15/2025	Spratelloides delicatulus	40	180	5			112	sde_x-ray_112	P9153170.ORF	2	Sde-C-0288-E-mus	Sde-CBau_083	nsf-deb-spratelloidesdelicatulus-2024-2025	BAU-2025-01_01		Mariana Dehasque; Chris Bird	Chris Bird			FALSE			
442	9/15/2025	Spratelloides delicatulus	40	180	5			112	sde_x-ray_112	P9153170.ORF	3	Sde-C-0271-E-mus	Sde-CBau_066	nsf-deb-spratelloidesdelicatulus-2024-2025	BAU-2025-01_01		Mariana Dehasque; Chris Bird	Chris Bird			FALSE			
443	9/15/2025	Spratelloides delicatulus	40	180	5			112	sde_x-ray_112	P9153170.ORF	4	Sde-C-0277-E-mus	Sde-CBau_072	nsf-deb-spratelloidesdelicatulus-2024-2025	BAU-2025-01_01		Mariana Dehasque; Chris Bird	Chris Bird			FALSE			
444	9/15/2025	Spratelloides delicatulus	40	180	5			113	sde_x-ray_113	P9153171.ORF	1	Sde-C-0290-E-mus	Sde-CBau_085	nsf-deb-spratelloidesdelicatulus-2024-2025	BAU-2025-01_01		Mariana Dehasque; Chris Bird	Chris Bird			FALSE			
445	9/15/2025	Spratelloides delicatulus	40	180	5			113	sde_x-ray_113	P9153171.ORF	2	Sde-C-0289-E-mus	Sde-CBau_084	nsf-deb-spratelloidesdelicatulus-2024-2025	BAU-2025-01_01		Mariana Dehasque; Chris Bird	Chris Bird			FALSE			
446	9/15/2025	Spratelloides delicatulus	40	180	5			113	sde_x-ray_113	P9153171.ORF	3	Sde-C-0275-E-mus	Sde-CBau_070	nsf-deb-spratelloidesdelicatulus-2024-2025	BAU-2025-01_01		Mariana Dehasque; Chris Bird	Chris Bird			FALSE			
447	9/15/2025	Spratelloides delicatulus	40	180	5			114	sde_x-ray_114	P9153172.ORF	1	Sde-C-0286-E-mus	Sde-CBau_081	nsf-deb-spratelloidesdelicatulus-2024-2025	BAU-2025-01_01		Mariana Dehasque; Chris Bird	Chris Bird			FALSE			
448	9/15/2025	Spratelloides delicatulus	40	180	5			114	sde_x-ray_114	P9153172.ORF	2	Sde-C-0282-E-mus	Sde-CBau_077	nsf-deb-spratelloidesdelicatulus-2024-2025	BAU-2025-01_01		Mariana Dehasque; Chris Bird	Chris Bird			FALSE			
449	9/15/2025	Spratelloides delicatulus	40	180	5			114	sde_x-ray_114	P9153172.ORF	3	Sde-C-0276-E-mus	Sde-CBau_071	nsf-deb-spratelloidesdelicatulus-2024-2025	BAU-2025-01_01		Mariana Dehasque; Chris Bird	Chris Bird			FALSE			
450	9/15/2025	Spratelloides delicatulus	40	180	5			115	sde_x-ray_115	P9153173.ORF	1	Sde-C-0228-E-mus	Sde-CBau_023	nsf-deb-spratelloidesdelicatulus-2024-2025	BAU-2025-01_01		Mariana Dehasque; Chris Bird	Chris Bird			FALSE			
451	9/15/2025	Spratelloides delicatulus	40	180	5			115	sde_x-ray_115	P9153173.ORF	2	Sde-C-0234-E-mus	Sde-CBau_029	nsf-deb-spratelloidesdelicatulus-2024-2025	BAU-2025-01_01		Mariana Dehasque; Chris Bird	Chris Bird			FALSE			
452	9/15/2025	Spratelloides delicatulus	40	180	5			115	sde_x-ray_115	P9153173.ORF	3	Sde-C-0241-E-mus	Sde-CBau_036	nsf-deb-spratelloidesdelicatulus-2024-2025	BAU-2025-01_01		Mariana Dehasque; Chris Bird	Chris Bird			FALSE			
453	9/15/2025	Spratelloides delicatulus	40	180	5			116	sde_x-ray_116	P9153174.ORF	1	Sde-C-0252-E-mus	Sde-CBau_047	nsf-deb-spratelloidesdelicatulus-2024-2025	BAU-2025-01_01		Mariana Dehasque; Chris Bird	Chris Bird			FALSE			
454	9/15/2025	Spratelloides delicatulus	40	180	5			116	sde_x-ray_116	P9153174.ORF	2	Sde-C-0221-E-mus	Sde-CBau_016	nsf-deb-spratelloidesdelicatulus-2024-2025	BAU-2025-01_01		Mariana Dehasque; Chris Bird	Chris Bird			FALSE			
455	9/15/2025	Spratelloides delicatulus	40	180	5			116	sde_x-ray_116	P9153174.ORF	3	Sde-C-0240-E-mus	Sde-CBau_035	nsf-deb-spratelloidesdelicatulus-2024-2025	BAU-2025-01_01		Mariana Dehasque; Chris Bird	Chris Bird			FALSE			
456	9/15/2025	Spratelloides delicatulus	40	180	5			116	sde_x-ray_116	P9153174.ORF	4	Sde-C-0253-E-mus	Sde-CBau_048	nsf-deb-spratelloidesdelicatulus-2024-2025	BAU-2025-01_01		Mariana Dehasque; Chris Bird	Chris Bird			FALSE			
457	9/15/2025	Spratelloides delicatulus	40	180	5			116	sde_x-ray_116	P9153174.ORF	5	Sde-C-0209-E-mus	Sde-CBau_004	nsf-deb-spratelloidesdelicatulus-2024-2025	BAU-2025-01_01		Mariana Dehasque; Chris Bird	Chris Bird			FALSE			
458	9/16/2025	Spratelloides delicatulus	40	180	5			117	sde_x-ray_117	P9163176.ORF	1	Sde-C-0243-E-mus	Sde-CBau_038	nsf-deb-spratelloidesdelicatulus-2024-2025	BAU-2025-01_01		Mariana Dehasque; Jason Selwyn; Chris Bird	Chris Bird			FALSE			
459	9/16/2025	Spratelloides delicatulus	40	180	5			117	sde_x-ray_117	P9163176.ORF	2	Sde-C-0245-E-mus	Sde-CBau_040	nsf-deb-spratelloidesdelicatulus-2024-2025	BAU-2025-01_01		Mariana Dehasque; Jason Selwyn; Chris Bird	Chris Bird			FALSE			
460	9/16/2025	Spratelloides delicatulus	40	180	5			117	sde_x-ray_117	P9163176.ORF	3	Sde-C-0223-E-mus	Sde-CBau_018	nsf-deb-spratelloidesdelicatulus-2024-2025	BAU-2025-01_01		Mariana Dehasque; Jason Selwyn; Chris Bird	Chris Bird			FALSE			
461	9/16/2025	Spratelloides delicatulus	40	180	5			118	sde_x-ray_118	P9163177.ORF	1	Sde-AMar_048-mus	Sde-AMar_048	usnm-albatross	138982	usnm_original	Mariana Dehasque; Jason Selwyn; Chris Bird	Chris Bird			FALSE			
462	9/16/2025	Spratelloides delicatulus	40	180	5			118	sde_x-ray_118	P9163177.ORF	2	Sde-AMar_051-mus	Sde-AMar_051	usnm-albatross	138982	usnm_original	Mariana Dehasque; Jason Selwyn; Chris Bird	Chris Bird			FALSE			
463	9/16/2025	Spratelloides delicatulus	40	180	5			118	sde_x-ray_118	P9163177.ORF	3	Sde-AMar_031-mus	Sde-AMar_031	usnm-albatross	138982	usnm_original	Mariana Dehasque; Jason Selwyn; Chris Bird	Chris Bird			FALSE			
464	9/16/2025	Spratelloides delicatulus	40	180	5			118	sde_x-ray_118	P9163177.ORF	4	Sde-AMar_039-mus	Sde-AMar_039	usnm-albatross	138982	usnm_original	Mariana Dehasque; Jason Selwyn; Chris Bird	Chris Bird			FALSE			
465	9/16/2025	Spratelloides delicatulus	40	180	5			119	sde_x-ray_119	P9163178.ORF	1	Sde-AMar_037-mus	Sde-AMar_037	usnm-albatross	138982	usnm_original	Mariana Dehasque; Jason Selwyn; Chris Bird	Chris Bird			FALSE			
466	9/16/2025	Spratelloides delicatulus	40	180	5			119	sde_x-ray_119	P9163178.ORF	2	Sde-AMar_040-mus	Sde-AMar_040	usnm-albatross	138982	usnm_original	Mariana Dehasque; Jason Selwyn; Chris Bird	Chris Bird			FALSE			
467	9/16/2025	Spratelloides delicatulus	40	180	5			119	sde_x-ray_119	P9163178.ORF	3	Sde-C-0224-E-mus	Sde-CBau_019	nsf-deb-spratelloidesdelicatulus-2024-2025	BAU-2025-01_01		Mariana Dehasque; Jason Selwyn; Chris Bird	Chris Bird			FALSE			
468	9/16/2025	Spratelloides delicatulus	40	180	5			120	sde_x-ray_120	PP9163179.ORF	1	Sde-C-0229-E-mus	Sde-CBau_024	nsf-deb-spratelloidesdelicatulus-2024-2025	BAU-2025-01_01		Mariana Dehasque; Jason Selwyn; Chris Bird	Chris Bird			FALSE			
469	9/16/2025	Spratelloides delicatulus	40	180	5			120	sde_x-ray_120	PP9163179.ORF	2	Sde-C-0248-E-mus	Sde-CBau_043	nsf-deb-spratelloidesdelicatulus-2024-2025	BAU-2025-01_01		Mariana Dehasque; Jason Selwyn; Chris Bird	Chris Bird			FALSE			
470	9/16/2025	Spratelloides delicatulus	40	180	5			120	sde_x-ray_120	PP9163179.ORF	3	Sde-C-0220-E-mus	Sde-CBau_015	nsf-deb-spratelloidesdelicatulus-2024-2025	BAU-2025-01_01		Mariana Dehasque; Jason Selwyn; Chris Bird	Chris Bird			FALSE			
471	9/16/2025	Spratelloides delicatulus	40	180	5			120	sde_x-ray_120	P9163179.ORF	4	Sde-C-0238-E-mus	Sde-CBau_033	nsf-deb-spratelloidesdelicatulus-2024-2025	BAU-2025-01_01		Mariana Dehasque; Jason Selwyn; Chris Bird	Chris Bird			FALSE			
472	9/16/2025	Spratelloides delicatulus	40	180	5			121	sde_x-ray_121	P9163180.ORF	1	Sde-AMar_053-mus	Sde-AMar_053	usnm-albatross	138982	usnm_original	Mariana Dehasque; Jason Selwyn; Chris Bird	Chris Bird			FALSE			
473	9/16/2025	Spratelloides delicatulus	40	180	5			121	sde_x-ray_121	P9163180.ORF	2	Sde-AMar_026-mus	Sde-AMar_026	usnm-albatross	138982	usnm_original	Mariana Dehasque; Jason Selwyn; Chris Bird	Chris Bird			FALSE			
474	9/16/2025	Spratelloides delicatulus	40	180	5			121	sde_x-ray_121	P9163180.ORF	3	Sde-C-0217-E-mus	Sde-CBau_012	nsf-deb-spratelloidesdelicatulus-2024-2025	BAU-2025-01_01		Mariana Dehasque; Jason Selwyn; Chris Bird	Chris Bird			FALSE			
475	9/16/2025	Spratelloides delicatulus	40	180	5			121	sde_x-ray_121	P9163180.ORF	4	Sde-C-0231-E-mus	Sde-CBau_026	nsf-deb-spratelloidesdelicatulus-2024-2025	BAU-2025-01_01		Mariana Dehasque; Jason Selwyn; Chris Bird	Chris Bird			FALSE			
476	9/16/2025	Spratelloides delicatulus	40	180	5			122	sde_x-ray_122	P9163181.ORF	1	Sde-AMar_045-mus	Sde-AMar_045	usnm-albatross	138982	usnm_original	Mariana Dehasque; Jason Selwyn; Chris Bird	Chris Bird			FALSE			
477	9/16/2025	Spratelloides delicatulus	40	180	5			122	sde_x-ray_122	P9163181.ORF	2	Sde-AMar_043-mus	Sde-AMar_043	usnm-albatross	138982	usnm_original	Mariana Dehasque; Jason Selwyn; Chris Bird	Chris Bird			FALSE			
478	9/16/2025	Spratelloides delicatulus	40	180	5			122	sde_x-ray_122	P9163181.ORF	3	Sde-AMar_023-mus	Sde-AMar_023	usnm-albatross	138982	usnm_original	Mariana Dehasque; Jason Selwyn; Chris Bird	Chris Bird			FALSE			
479	9/16/2025	Spratelloides delicatulus	40	180	5			122	sde_x-ray_122	P9163181.ORF	4	Sde-C-0232-E-mus	Sde-CBau_027	nsf-deb-spratelloidesdelicatulus-2024-2025	BAU-2025-01_01		Mariana Dehasque; Jason Selwyn; Chris Bird	Chris Bird			FALSE			
480	9/16/2025	Spratelloides delicatulus	40	180	5			123	sde_x-ray_123	P9163182.ORF	1	Sde-C-0251-E-mus	Sde-CBau_046	nsf-deb-spratelloidesdelicatulus-2024-2025	BAU-2025-01_01		Mariana Dehasque; Jason Selwyn; Chris Bird	Chris Bird			FALSE			
481	9/16/2025	Spratelloides delicatulus	40	180	5			123	sde_x-ray_123	P9163182.ORF	2	Sde-C-0239-E-mus	Sde-CBau_034	nsf-deb-spratelloidesdelicatulus-2024-2025	BAU-2025-01_01		Mariana Dehasque; Jason Selwyn; Chris Bird	Chris Bird			FALSE			
482	9/16/2025	Spratelloides delicatulus	40	180	5			123	sde_x-ray_123	P9163182.ORF	3	Sde-C-0213-E-mus	Sde-CBau_008	nsf-deb-spratelloidesdelicatulus-2024-2025	BAU-2025-01_01		Mariana Dehasque; Jason Selwyn; Chris Bird	Chris Bird			FALSE			
483	9/16/2025	Spratelloides delicatulus	40	180	5			123	sde_x-ray_123	P9163182.ORF	4	Sde-C-0235-E-mus	Sde-CBau_030	nsf-deb-spratelloidesdelicatulus-2024-2025	BAU-2025-01_01		Mariana Dehasque; Jason Selwyn; Chris Bird	Chris Bird			FALSE			
484	9/16/2025	Spratelloides delicatulus	40	180	5			124	sde_x-ray_124	P9163183.ORF	1	Sde-AMar_036-mus	Sde-AMar_036	usnm-albatross	138982	usnm_original	Mariana Dehasque; Jason Selwyn; Chris Bird	Chris Bird			FALSE			
485	9/16/2025	Spratelloides delicatulus	40	180	5			124	sde_x-ray_124	P9163183.ORF	2	Sde-AMar_034-mus	Sde-AMar_034	usnm-albatross	138982	usnm_original	Mariana Dehasque; Jason Selwyn; Chris Bird	Chris Bird			FALSE			
486	9/16/2025	Spratelloides delicatulus	40	180	5			124	sde_x-ray_124	P9163183.ORF	3	Sde-C-0254-E-mus	Sde-CBau_049	nsf-deb-spratelloidesdelicatulus-2024-2025	BAU-2025-01_01		Mariana Dehasque; Jason Selwyn; Chris Bird	Chris Bird			FALSE			
487	9/16/2025	Spratelloides delicatulus	40	180	5			124	sde_x-ray_124	P9163183.ORF	4	Sde-C-0212-E-mus	Sde-CBau_007	nsf-deb-spratelloidesdelicatulus-2024-2025	BAU-2025-01_01		Mariana Dehasque; Jason Selwyn; Chris Bird	Chris Bird			FALSE			
488	9/16/2025	Spratelloides delicatulus	40	180	5			125	sde_x-ray_125	P9163184.ORF	1	Sde-AMar_009-mus	Sde-AMar_009	usnm-albatross	138982	usnm_original	Mariana Dehasque; Jason Selwyn; Chris Bird	Chris Bird			FALSE			
489	9/16/2025	Spratelloides delicatulus	40	180	5			125	sde_x-ray_125	P9163184.ORF	2	Sde-AMar_018-mus	Sde-AMar_018	usnm-albatross	138982	usnm_original	Mariana Dehasque; Jason Selwyn; Chris Bird	Chris Bird			FALSE			
490	9/16/2025	Spratelloides delicatulus	40	180	5			125	sde_x-ray_125	P9163184.ORF	3	Sde-C-0219-E-mus	Sde-CBau_014	nsf-deb-spratelloidesdelicatulus-2024-2025	BAU-2025-01_01		Mariana Dehasque; Jason Selwyn; Chris Bird	Chris Bird			FALSE			
491	9/16/2025	Spratelloides delicatulus	40	180	5			125	sde_x-ray_125	P9163184.ORF	4	Sde-C-0230-E-mus	Sde-CBau_025	nsf-deb-spratelloidesdelicatulus-2024-2025	BAU-2025-01_01		Mariana Dehasque; Jason Selwyn; Chris Bird	Chris Bird			FALSE			
492	9/16/2025	Spratelloides delicatulus	40	180	5			126	sde_x-ray_126	P9163185.ORF	1	Sde-AMar_052-mus	Sde-AMar_052	usnm-albatross	138982	usnm_original	Mariana Dehasque; Jason Selwyn; Chris Bird	Chris Bird			FALSE			
493	9/16/2025	Spratelloides delicatulus	40	180	5			126	sde_x-ray_126	P9163185.ORF	2	Sde-AMar_050-mus	Sde-AMar_050	usnm-albatross	138982	usnm_original	Mariana Dehasque; Jason Selwyn; Chris Bird	Chris Bird			FALSE			
494	9/16/2025	Spratelloides delicatulus	40	180	5			126	sde_x-ray_126	P9163185.ORF	3	Sde-C-0233-E-mus	Sde-CBau_028	nsf-deb-spratelloidesdelicatulus-2024-2025	BAU-2025-01_01		Mariana Dehasque; Jason Selwyn; Chris Bird	Chris Bird			FALSE			
495	9/16/2025	Spratelloides delicatulus	40	180	5			126	sde_x-ray_126	P9163185.ORF	4	Sde-C-0208-E-mus	Sde-CBau_003	nsf-deb-spratelloidesdelicatulus-2024-2025	BAU-2025-01_01		Mariana Dehasque; Jason Selwyn; Chris Bird	Chris Bird			FALSE			
496	9/16/2025	Spratelloides delicatulus	40	180	5			127	sde_x-ray_127	P9163186.ORF	1	Sde-AMar_024-mus	Sde-AMar_024	usnm-albatross	138982	usnm_original	Mariana Dehasque; Jason Selwyn; Chris Bird	Chris Bird			FALSE			
497	9/16/2025	Spratelloides delicatulus	40	180	5			127	sde_x-ray_127	P9163186.ORF	2	Sde-AMar_042-mus	Sde-AMar_042	usnm-albatross	138982	usnm_original	Mariana Dehasque; Jason Selwyn; Chris Bird	Chris Bird			FALSE			
498	9/16/2025	Spratelloides delicatulus	40	180	5			127	sde_x-ray_127	P9163186.ORF	3	Sde-C-0250-E-mus	Sde-CBau_045	nsf-deb-spratelloidesdelicatulus-2024-2025	BAU-2025-01_01		Mariana Dehasque; Jason Selwyn; Chris Bird	Chris Bird			FALSE			
499	9/16/2025	Spratelloides delicatulus	40	180	5			127	sde_x-ray_127	P9163186.ORF	4	Sde-C-0214-E-mus	Sde-CBau_009	nsf-deb-spratelloidesdelicatulus-2024-2025	BAU-2025-01_01		Mariana Dehasque; Jason Selwyn; Chris Bird	Chris Bird			FALSE			
500	9/16/2025	Spratelloides delicatulus	40	180	5			128	sde_x-ray_128	P9163188.ORF	1	Sde-AMar_044-mus	Sde-AMar_044	usnm-albatross	138982	usnm_original	Mariana Dehasque; Jason Selwyn; Chris Bird	Chris Bird			FALSE			
501	9/16/2025	Spratelloides delicatulus	40	180	5			128	sde_x-ray_128	P9163188.ORF	2	Sde-AMar_016-mus	Sde-AMar_016	usnm-albatross	138982	usnm_original	Mariana Dehasque; Jason Selwyn; Chris Bird	Chris Bird			FALSE			
502	9/16/2025	Spratelloides delicatulus	40	180	5			128	sde_x-ray_128	P9163188.ORF	3	Sde-C-0222-E-mus	Sde-CBau_017	nsf-deb-spratelloidesdelicatulus-2024-2025	BAU-2025-01_01		Mariana Dehasque; Jason Selwyn; Chris Bird	Chris Bird			FALSE			
503	9/16/2025	Spratelloides delicatulus	40	180	5			128	sde_x-ray_128	P9163188.ORF	4	Sde-C-0242-E-mus	Sde-CBau_037	nsf-deb-spratelloidesdelicatulus-2024-2025	BAU-2025-01_01		Mariana Dehasque; Jason Selwyn; Chris Bird	Chris Bird			FALSE			
504	9/16/2025	Spratelloides delicatulus	40	180	5			129	sde_x-ray_129	P9163189.ORF	1	Sde-C-0211-E-mus	Sde-CBau_006	nsf-deb-spratelloidesdelicatulus-2024-2025	BAU-2025-01_01		Mariana Dehasque; Jason Selwyn; Chris Bird	Chris Bird			FALSE			
505	9/16/2025	Spratelloides delicatulus	40	180	5			129	sde_x-ray_129	P9163189.ORF	2	Sde-C-0249-E-mus	Sde-CBau_044	nsf-deb-spratelloidesdelicatulus-2024-2025	BAU-2025-01_01		Mariana Dehasque; Jason Selwyn; Chris Bird	Chris Bird			FALSE			
506	9/16/2025	Spratelloides delicatulus	40	180	5			129	sde_x-ray_129	P9163189.ORF	3	Sde-C-0225-E-mus	Sde-CBau_020	nsf-deb-spratelloidesdelicatulus-2024-2025	BAU-2025-01_01		Mariana Dehasque; Jason Selwyn; Chris Bird	Chris Bird			FALSE			
507	9/16/2025	Spratelloides delicatulus	40	180	5			129	sde_x-ray_129	P9163189.ORF	4	Sde-C-0215-E-mus	Sde-CBau_010	nsf-deb-spratelloidesdelicatulus-2024-2025	BAU-2025-01_01		Mariana Dehasque; Jason Selwyn; Chris Bird	Chris Bird			FALSE			
508	9/16/2025	Spratelloides delicatulus	40	180	5			130	sde_x-ray_130	P9163190.ORF	1	Sde-AMar_033-mus	Sde-AMar_033	usnm-albatross	138982	usnm_original	Mariana Dehasque; Jason Selwyn; Chris Bird	Chris Bird			FALSE			
509	9/16/2025	Spratelloides delicatulus	40	180	5			130	sde_x-ray_130	P9163190.ORF	2	Sde-AMar_028-mus	Sde-AMar_028	usnm-albatross	138982	usnm_original	Mariana Dehasque; Jason Selwyn; Chris Bird	Chris Bird			FALSE			
510	9/16/2025	Spratelloides delicatulus	40	180	5			130	sde_x-ray_130	P9163190.ORF	3	Sde-AMar_022-mus	Sde-AMar_022	usnm-albatross	138982	usnm_original	Mariana Dehasque; Jason Selwyn; Chris Bird	Chris Bird			FALSE			
511	9/16/2025	Spratelloides delicatulus	40	180	5			130	sde_x-ray_130	P9163190.ORF	4	Sde-AMar_041-mus	Sde-AMar_041	usnm-albatross	138982	usnm_original	Mariana Dehasque; Jason Selwyn; Chris Bird	Chris Bird			FALSE			
512	9/16/2025	Spratelloides delicatulus	40	180	5			131	sde_x-ray_131	P9163191.ORF	1	Sde-AMar_030-mus	Sde-AMar_030	usnm-albatross	138982	usnm_original	Mariana Dehasque; Jason Selwyn; Chris Bird	Chris Bird			FALSE			
513	9/16/2025	Spratelloides delicatulus	40	180	5			131	sde_x-ray_131	P9163191.ORF	2	Sde-C-0247-E-mus	Sde-CBau_042	nsf-deb-spratelloidesdelicatulus-2024-2025	BAU-2025-01_01		Mariana Dehasque; Jason Selwyn; Chris Bird	Chris Bird			FALSE			
514	9/16/2025	Spratelloides delicatulus	40	180	5			131	sde_x-ray_131	P9163191.ORF	3	Sde-C-0237-E-mus	Sde-CBau_032	nsf-deb-spratelloidesdelicatulus-2024-2025	BAU-2025-01_01		Mariana Dehasque; Jason Selwyn; Chris Bird	Chris Bird			FALSE			
515	9/16/2025	Spratelloides delicatulus	40	180	5			131	sde_x-ray_131	P9163191.ORF	4	Sde-C-0227-E-mus	Sde-CBau_022	nsf-deb-spratelloidesdelicatulus-2024-2025	BAU-2025-01_01		Mariana Dehasque; Jason Selwyn; Chris Bird	Chris Bird			FALSE			
516	9/16/2025	Spratelloides delicatulus	40	180	5			132	sde_x-ray_132	P9163192.ORF	1	Sde-AMar_046-mus	Sde-AMar_046	usnm-albatross	138982	usnm_original	Mariana Dehasque; Jason Selwyn; Chris Bird	Chris Bird			FALSE			
517	9/16/2025	Spratelloides delicatulus	40	180	5			132	sde_x-ray_132	P9163192.ORF	2	Sde-C-0207-E-mus	Sde-CBau_002	nsf-deb-spratelloidesdelicatulus-2024-2025	BAU-2025-01_01		Mariana Dehasque; Jason Selwyn; Chris Bird	Chris Bird			FALSE			
518	9/16/2025	Spratelloides delicatulus	40	180	5			132	sde_x-ray_132	P9163192.ORF	3	Sde-C-0206-E-mus	Sde-CBau_001	nsf-deb-spratelloidesdelicatulus-2024-2025	BAU-2025-01_01		Mariana Dehasque; Jason Selwyn; Chris Bird	Chris Bird			FALSE			
519	9/16/2025	Spratelloides delicatulus	40	180	5			132	sde_x-ray_132	P9163192.ORF	4	Sde-C-0218-E-mus	Sde-CBau_013	nsf-deb-spratelloidesdelicatulus-2024-2025	BAU-2025-01_01		Mariana Dehasque; Jason Selwyn; Chris Bird	Chris Bird			FALSE			
520	9/16/2025	Spratelloides delicatulus	40	180	5			133	sde_x-ray_133	P9163193.ORF	1	Sde-AMar_008-mus	Sde-AMar_008	usnm-albatross	138982	usnm_original	Mariana Dehasque; Jason Selwyn; Chris Bird	Chris Bird			FALSE			
521	9/16/2025	Spratelloides delicatulus	40	180	5			133	sde_x-ray_133	P9163193.ORF	2	Sde-C-0244-E-mus	Sde-CBau_039	nsf-deb-spratelloidesdelicatulus-2024-2025	BAU-2025-01_01		Mariana Dehasque; Jason Selwyn; Chris Bird	Chris Bird			FALSE			
522	9/16/2025	Spratelloides delicatulus	40	180	5			133	sde_x-ray_133	P9163193.ORF	3	Sde-C-0255-E-mus	Sde-CBau_050	nsf-deb-spratelloidesdelicatulus-2024-2025	BAU-2025-01_01		Mariana Dehasque; Jason Selwyn; Chris Bird	Chris Bird			FALSE			
523	9/16/2025	Spratelloides delicatulus	40	180	5			133	sde_x-ray_133	P9163193.ORF	4	Sde-C-0210-E-mus	Sde-CBau_005	nsf-deb-spratelloidesdelicatulus-2024-2025	BAU-2025-01_01		Mariana Dehasque; Jason Selwyn; Chris Bird	Chris Bird			FALSE			
524	9/16/2025	Spratelloides delicatulus	40	180	5			134	sde_x-ray_134	P9163194.ORF	1	Sde-AMar_021-mus	Sde-AMar_021	usnm-albatross	138982	usnm_original	Mariana Dehasque; Jason Selwyn; Chris Bird	Chris Bird			FALSE			
525	9/16/2025	Spratelloides delicatulus	40	180	5			134	sde_x-ray_134	P9163194.ORF	2	Sde-AMar_035-mus	Sde-AMar_035	usnm-albatross	138982	usnm_original	Mariana Dehasque; Jason Selwyn; Chris Bird	Chris Bird			FALSE			
526	9/16/2025	Spratelloides delicatulus	40	180	5			134	sde_x-ray_134	P9163194.ORF	3	Sde-C-0236-E-mus	Sde-CBau_031	nsf-deb-spratelloidesdelicatulus-2024-2025	BAU-2025-01_01		Mariana Dehasque; Jason Selwyn; Chris Bird	Chris Bird			FALSE			
527	9/16/2025	Spratelloides delicatulus	40	180	5			134	sde_x-ray_134	P9163194.ORF	4	Sde-C-0246-E-mus	Sde-CBau_041	nsf-deb-spratelloidesdelicatulus-2024-2025	BAU-2025-01_01		Mariana Dehasque; Jason Selwyn; Chris Bird	Chris Bird			FALSE			
528	9/16/2025	Spratelloides delicatulus	40	180	5			134	sde_x-ray_134	P9163194.ORF	5	Sde-C-0216-E-mus	Sde-CBau_011	nsf-deb-spratelloidesdelicatulus-2024-2025	BAU-2025-01_01		Mariana Dehasque; Jason Selwyn; Chris Bird	Chris Bird			FALSE			
529	9/16/2025	Spratelloides delicatulus	40	180	5			135	sde_x-ray_135	P9163195.ORF	1	Sde-AMar_027-mus	Sde-AMar_027	usnm-albatross	138982	usnm_original	Mariana Dehasque; Jason Selwyn; Chris Bird	Chris Bird			FALSE			
530	9/16/2025	Spratelloides delicatulus	40	180	5			135	sde_x-ray_135	P9163195.ORF	2	Sde-AMar_032-mus	Sde-AMar_032	usnm-albatross	138982	usnm_original	Mariana Dehasque; Jason Selwyn; Chris Bird	Chris Bird			FALSE			
531	9/16/2025	Spratelloides delicatulus	40	180	5			135	sde_x-ray_135	P9163195.ORF	3	Sde-AMar_038-mus	Sde-AMar_038	usnm-albatross	138982	usnm_original	Mariana Dehasque; Jason Selwyn; Chris Bird	Chris Bird			FALSE			
532	9/16/2025	Spratelloides delicatulus	40	180	5			135	sde_x-ray_135	P9163195.ORF	4	Sde-AMar_029-mus	Sde-AMar_029	usnm-albatross	138982	usnm_original	Mariana Dehasque; Jason Selwyn; Chris Bird	Chris Bird			FALSE			
533	9/16/2025	Spratelloides delicatulus	40	180	5			135	sde_x-ray_135	P9163195.ORF	5	Sde-C-0226-E-mus	Sde-CBau_021	nsf-deb-spratelloidesdelicatulus-2024-2025	BAU-2025-01_01		Mariana Dehasque; Jason Selwyn; Chris Bird	Chris Bird			FALSE			
534	9/16/2025	Spratelloides delicatulus	40	180	5			136.1	sde_x-ray_136.1	P9163196.ORF	1	Sde-C-0310-E-mus	Sde-CPla_003	nsf-deb-spratelloidesdelicatulus-2024-2025	PLA-2025-04_01		Mariana Dehasque; Jason Selwyn; Chris Bird	Chris Bird			FALSE			
535	9/16/2025	Spratelloides delicatulus	40	180	5			136.1	sde_x-ray_136.1	P9163196.ORF	2	Sde-C-0313-E-mus	Sde-CPla_006	nsf-deb-spratelloidesdelicatulus-2024-2025	PLA-2025-04_01		Mariana Dehasque; Jason Selwyn; Chris Bird	Chris Bird			FALSE			
536	9/16/2025	Spratelloides delicatulus	40	180	5			136.1	sde_x-ray_136.1	P9163196.ORF	3	Sde-C-0319-E-mus	Sde-CPla_012	nsf-deb-spratelloidesdelicatulus-2024-2025	PLA-2025-04_01		Mariana Dehasque; Jason Selwyn; Chris Bird	Chris Bird			FALSE			
537	9/16/2025	Spratelloides delicatulus	40	180	5			136.2	sde_x-ray_136.2	P9163196.ORF	4	Sde-C-0322-E-mus	Sde-CPla_015	nsf-deb-spratelloidesdelicatulus-2024-2025	PLA-2025-04_01		Mariana Dehasque; Jason Selwyn; Chris Bird	Chris Bird			FALSE			
538	9/16/2025	Spratelloides delicatulus	40	180	5			137	sde_x-ray_137	P9163197.ORF	1	Sde-C-0308-E-mus	Sde-CPla_001	nsf-deb-spratelloidesdelicatulus-2024-2025	PLA-2025-04_01		Mariana Dehasque; Jason Selwyn; Chris Bird	Chris Bird			FALSE			
539	9/16/2025	Spratelloides delicatulus	40	180	5			137	sde_x-ray_137	P9163197.ORF	2	Sde-C-0345-E-mus	Sde-CPla_038	nsf-deb-spratelloidesdelicatulus-2024-2025	PLA-2025-04_01		Mariana Dehasque; Jason Selwyn; Chris Bird	Chris Bird			FALSE			
540	9/16/2025	Spratelloides delicatulus	40	180	5			137	sde_x-ray_137	P9163197.ORF	3	Sde-C-0329-E-mus	Sde-CPla_022	nsf-deb-spratelloidesdelicatulus-2024-2025	PLA-2025-04_01		Mariana Dehasque; Jason Selwyn; Chris Bird	Chris Bird			FALSE			
541	9/16/2025	Spratelloides delicatulus	40	180	5			137	sde_x-ray_137	P9163197.ORF	4	Sde-C-0321-E-mus	Sde-CPla_014	nsf-deb-spratelloidesdelicatulus-2024-2025	PLA-2025-04_01		Mariana Dehasque; Jason Selwyn; Chris Bird	Chris Bird			FALSE			
542	9/16/2025	Spratelloides delicatulus	40	180	5			138	sde_x-ray_138	P9163198.ORF	1	Sde-AMar_015-mus	Sde-AMar_015	usnm-albatross	138982	usnm_original	Mariana Dehasque; Jason Selwyn; Chris Bird	Chris Bird			FALSE			
543	9/16/2025	Spratelloides delicatulus	40	180	5			138	sde_x-ray_138	P9163198.ORF	2	Sde-AMar_013-mus	Sde-AMar_013	usnm-albatross	138982	usnm_original	Mariana Dehasque; Jason Selwyn; Chris Bird	Chris Bird			FALSE			
544	9/16/2025	Spratelloides delicatulus	40	180	5			138	sde_x-ray_138	P9163198.ORF	3	Sde-AMar_020-mus	Sde-AMar_020	usnm-albatross	138982	usnm_original	Mariana Dehasque; Jason Selwyn; Chris Bird	Chris Bird			FALSE			
545	9/16/2025	Spratelloides delicatulus	40	180	5			138	sde_x-ray_138	P9163198.ORF	4	Sde-AMar_011-mus	Sde-AMar_011	usnm-albatross	138982	usnm_original	Mariana Dehasque; Jason Selwyn; Chris Bird	Chris Bird			FALSE			
546	9/16/2025	Spratelloides delicatulus	40	180	5			138	sde_x-ray_138	P9163198.ORF	5	Sde-AMar_010-mus	Sde-AMar_010	usnm-albatross	138982	usnm_original	Mariana Dehasque; Jason Selwyn; Chris Bird	Chris Bird			FALSE			
547	9/16/2025	Spratelloides delicatulus	40	180	5			139.1	sde_x-ray_139.1	P9163199.ORF	1	Sde-C-0335-E-mus	Sde-CPla_028	nsf-deb-spratelloidesdelicatulus-2024-2025	PLA-2025-04_01		Mariana Dehasque; Jason Selwyn; Chris Bird	Chris Bird			FALSE			
548	9/16/2025	Spratelloides delicatulus	40	180	5			139.1	sde_x-ray_139.1	P9163199.ORF	2	Sde-C-0331-E-mus	Sde-CPla_024	nsf-deb-spratelloidesdelicatulus-2024-2025	PLA-2025-04_01		Mariana Dehasque; Jason Selwyn; Chris Bird	Chris Bird			FALSE			
549	9/16/2025	Spratelloides delicatulus	40	180	5			139.1	sde_x-ray_139.1	P9163199.ORF	3	Sde-C-0336-E-mus	Sde-CPla_029	nsf-deb-spratelloidesdelicatulus-2024-2025	PLA-2025-04_01		Mariana Dehasque; Jason Selwyn; Chris Bird	Chris Bird			FALSE			
550	9/16/2025	Spratelloides delicatulus	40	180	5			139.2	sde_x-ray_139.2	P9163199.ORF	4	Sde-C-0357-E-mus	Sde-CPla_050	nsf-deb-spratelloidesdelicatulus-2024-2025	PLA-2025-04_01		Mariana Dehasque; Jason Selwyn; Chris Bird	Chris Bird			FALSE			
551	9/16/2025	Spratelloides delicatulus	40	180	5			140	sde_x-ray_140	P9163200.ORF	1	Sde-AMar_017-mus	Sde-AMar_017	usnm-albatross	138982	usnm_original	Mariana Dehasque; Jason Selwyn; Chris Bird	Chris Bird			FALSE			
552	9/16/2025	Spratelloides delicatulus	40	180	5			140	sde_x-ray_140	P9163200.ORF	2	Sde-AMar_014-mus	Sde-AMar_014	usnm-albatross	138982	usnm_original	Mariana Dehasque; Jason Selwyn; Chris Bird	Chris Bird			FALSE			
553	9/16/2025	Spratelloides delicatulus	40	180	5			140	sde_x-ray_140	P9163200.ORF	3	Sde-AMar_012-mus	Sde-AMar_012	usnm-albatross	138982	usnm_original	Mariana Dehasque; Jason Selwyn; Chris Bird	Chris Bird			FALSE			
554	9/16/2025	Spratelloides delicatulus	40	180	5			141	sde_x-ray_141	P9163201.ORF	1	Sde-C-0337-E-mus	Sde-CPla_030	nsf-deb-spratelloidesdelicatulus-2024-2025	PLA-2025-04_01		Mariana Dehasque; Jason Selwyn; Chris Bird	Chris Bird			FALSE			
555	9/16/2025	Spratelloides delicatulus	40	180	5			141	sde_x-ray_141	P9163201.ORF	2	Sde-C-0314-E-mus	Sde-CPla_007	nsf-deb-spratelloidesdelicatulus-2024-2025	PLA-2025-04_01		Mariana Dehasque; Jason Selwyn; Chris Bird	Chris Bird			FALSE			
556	9/16/2025	Spratelloides delicatulus	40	180	5			141	sde_x-ray_141	P9163201.ORF	3	Sde-C-0348-E-mus	Sde-CPla_041	nsf-deb-spratelloidesdelicatulus-2024-2025	PLA-2025-04_01		Mariana Dehasque; Jason Selwyn; Chris Bird	Chris Bird			FALSE			
557	9/16/2025	Spratelloides delicatulus	40	180	5			141.1	sde_x-ray_141.1	P9163201.ORF	4	Sde-C-0346-E-mus	Sde-CPla_039	nsf-deb-spratelloidesdelicatulus-2024-2025	PLA-2025-04_01		Mariana Dehasque; Jason Selwyn; Chris Bird	Chris Bird			FALSE			
558	9/16/2025	Spratelloides delicatulus	40	180	5			142	sde_x-ray_142	P9163202.ORF	1	Sde-AIna_045-mus	Sde-AIna_045	usnm-albatross	138964	usnm_original	Mariana Dehasque; Jason Selwyn; Chris Bird	Chris Bird			FALSE			
559	9/16/2025	Spratelloides delicatulus	40	180	5			142	sde_x-ray_142	P9163202.ORF	2	Sde-C-0349-E-mus	Sde-CPla_042	nsf-deb-spratelloidesdelicatulus-2024-2025	PLA-2025-04_01		Mariana Dehasque; Jason Selwyn; Chris Bird	Chris Bird			FALSE			
560	9/16/2025	Spratelloides delicatulus	40	180	5			142	sde_x-ray_142	P9163202.ORF	3	Sde-C-0339-E-mus	Sde-CPla_032	nsf-deb-spratelloidesdelicatulus-2024-2025	PLA-2025-04_01		Mariana Dehasque; Jason Selwyn; Chris Bird	Chris Bird			FALSE			
561	9/16/2025	Spratelloides delicatulus	40	180	5			142.1	sde_x-ray_142.1	P9163202.ORF	4	Sde-C-0358-E-mus	Sde-CPla_051	nsf-deb-spratelloidesdelicatulus-2024-2025	PLA-2025-04_01		Mariana Dehasque; Jason Selwyn; Chris Bird	Chris Bird			FALSE			
562	9/16/2025	Spratelloides delicatulus	40	180	5			143	sde_x-ray_143	P9163203.ORF	1	Sde-AIna_054-mus	Sde-AIna_054	usnm-albatross	138964	usnm_original	Mariana Dehasque; Jason Selwyn; Chris Bird	Chris Bird			FALSE			
563	9/16/2025	Spratelloides delicatulus	40	180	5			143	sde_x-ray_143	P9163203.ORF	2	Sde-AIna_062-mus	Sde-AIna_062	usnm-albatross	138964	usnm_original	Mariana Dehasque; Jason Selwyn; Chris Bird	Chris Bird			FALSE			
564	9/16/2025	Spratelloides delicatulus	40	180	5			143	sde_x-ray_143	P9163203.ORF	3	Sde-C-0333-E-mus	Sde-CPla_026	nsf-deb-spratelloidesdelicatulus-2024-2025	PLA-2025-04_01		Mariana Dehasque; Jason Selwyn; Chris Bird	Chris Bird			FALSE			
565	9/16/2025	Spratelloides delicatulus	40	180	5			144	sde_x-ray_144	P9163204.ORF	1	Sde-AIna_040-mus	Sde-AIna_040	usnm-albatross	138964	usnm_original	Mariana Dehasque; Jason Selwyn; Chris Bird	Chris Bird			FALSE			
566	9/16/2025	Spratelloides delicatulus	40	180	5			144	sde_x-ray_144	P9163204.ORF	2	Sde-C-0328-E-mus	Sde-CPla_021	nsf-deb-spratelloidesdelicatulus-2024-2025	PLA-2025-04_01		Mariana Dehasque; Jason Selwyn; Chris Bird	Chris Bird			FALSE			
567	9/16/2025	Spratelloides delicatulus	40	180	5			144	sde_x-ray_144	P9163204.ORF	3	Sde-C-0338-E-mus	Sde-CPla_031	nsf-deb-spratelloidesdelicatulus-2024-2025	PLA-2025-04_01		Mariana Dehasque; Jason Selwyn; Chris Bird	Chris Bird			FALSE			
568	9/16/2025	Spratelloides delicatulus	40	180	5			145	sde_x-ray_145	P9163205.ORF	1	Sde-AIna_041-mus	Sde-AIna_041	usnm-albatross	138964	usnm_original	Mariana Dehasque; Jason Selwyn; Chris Bird	Chris Bird			FALSE			
569	9/16/2025	Spratelloides delicatulus	40	180	5			145	sde_x-ray_145	P9163205.ORF	2	Sde-C-0355-E-mus	Sde-CPla_048	nsf-deb-spratelloidesdelicatulus-2024-2025	PLA-2025-04_01		Mariana Dehasque; Jason Selwyn; Chris Bird	Chris Bird			FALSE			
570	9/16/2025	Spratelloides delicatulus	40	180	5			145	sde_x-ray_145	P9163205.ORF	3	Sde-C-0341-E-mus	Sde-CPla_034	nsf-deb-spratelloidesdelicatulus-2024-2025	PLA-2025-04_01		Mariana Dehasque; Jason Selwyn; Chris Bird	Chris Bird			FALSE			
571	9/16/2025	Spratelloides delicatulus	40	180	5			145.1	sde_x-ray_145.1	P9163205.ORF	4	Sde-AIna_007-mus	Sde-AIna_007	usnm-albatross	138964	usnm_original	Mariana Dehasque; Jason Selwyn; Chris Bird	Chris Bird			FALSE			
572	9/16/2025	Spratelloides delicatulus	40	180	5			146	sde_x-ray_146	P9163206.ORF	1	Sde-C-0354-E-mus	Sde-CPla_047	nsf-deb-spratelloidesdelicatulus-2024-2025	PLA-2025-04_01		Mariana Dehasque; Jason Selwyn; Chris Bird	Chris Bird			FALSE			
573	9/16/2025	Spratelloides delicatulus	40	180	5			146	sde_x-ray_146	P9163206.ORF	2	Sde-C-0340-E-mus	Sde-CPla_033	nsf-deb-spratelloidesdelicatulus-2024-2025	PLA-2025-04_01		Mariana Dehasque; Jason Selwyn; Chris Bird	Chris Bird			FALSE			
574	9/16/2025	Spratelloides delicatulus	40	180	5			146	sde_x-ray_146	P9163206.ORF	3	Sde-C-0343-E-mus	Sde-CPla_036	nsf-deb-spratelloidesdelicatulus-2024-2025	PLA-2025-04_01		Mariana Dehasque; Jason Selwyn; Chris Bird	Chris Bird			FALSE			
575	9/16/2025	Spratelloides delicatulus	40	180	5			146.1	sde_x-ray_146.1	P9163206.ORF	4	Sde-C-0353-E-mus	Sde-CPla_046	nsf-deb-spratelloidesdelicatulus-2024-2025	PLA-2025-04_01		Mariana Dehasque; Jason Selwyn; Chris Bird	Chris Bird			FALSE			
576	9/16/2025	Spratelloides delicatulus	40	180	5			147	sde_x-ray_147	P9163207.ORF	1	Sde-AIna_048-mus	Sde-AIna_048	usnm-albatross	138964	usnm_original	Mariana Dehasque; Jason Selwyn; Chris Bird	Chris Bird			FALSE			
577	9/16/2025	Spratelloides delicatulus	40	180	5			147	sde_x-ray_147	P9163207.ORF	2	Sde-AIna_047-mus	Sde-AIna_047	usnm-albatross	138964	usnm_original	Mariana Dehasque; Jason Selwyn; Chris Bird	Chris Bird			FALSE			
578	9/16/2025	Spratelloides delicatulus	40	180	5			147	sde_x-ray_147	P9163207.ORF	3	Sde-AIna_044-mus	Sde-AIna_044	usnm-albatross	138964	usnm_original	Mariana Dehasque; Jason Selwyn; Chris Bird	Chris Bird			FALSE			
579	9/16/2025	Spratelloides delicatulus	40	180	5			147	sde_x-ray_147	P9163207.ORF	4	Sde-AIna_059-mus	Sde-AIna_059	usnm-albatross	138964	usnm_original	Mariana Dehasque; Jason Selwyn; Chris Bird	Chris Bird			FALSE			
580	9/16/2025	Spratelloides delicatulus	40	180	5			148	sde_x-ray_148	P9163208.ORF	1	Sde-C-0352-E-mus	Sde-CPla_045	nsf-deb-spratelloidesdelicatulus-2024-2025	PLA-2025-04_01		Mariana Dehasque; Jason Selwyn; Chris Bird	Chris Bird			FALSE			
581	9/16/2025	Spratelloides delicatulus	40	180	5			148	sde_x-ray_148	P9163208.ORF	2	Sde-C-0332-E-mus	Sde-CPla_025	nsf-deb-spratelloidesdelicatulus-2024-2025	PLA-2025-04_01		Mariana Dehasque; Jason Selwyn; Chris Bird	Chris Bird			FALSE			
582	9/16/2025	Spratelloides delicatulus	40	180	5			148	sde_x-ray_148	P9163208.ORF	3	Sde-C-0326-E-mus	Sde-CPla_019	nsf-deb-spratelloidesdelicatulus-2024-2025	PLA-2025-04_01		Mariana Dehasque; Jason Selwyn; Chris Bird	Chris Bird			FALSE			
583	9/16/2025	Spratelloides delicatulus	40	180	5			148	sde_x-ray_148	P9163208.ORF	4	Sde-C-0327-E-mus	Sde-CPla_020	nsf-deb-spratelloidesdelicatulus-2024-2025	PLA-2025-04_01		Mariana Dehasque; Jason Selwyn; Chris Bird	Chris Bird			FALSE			
584	9/16/2025	Spratelloides delicatulus	40	180	5			149	sde_x-ray_149	P9163209.ORF	1	Sde-AIna_042-mus	Sde-AIna_042	usnm-albatross	138964	usnm_original	Mariana Dehasque; Jason Selwyn; Chris Bird	Chris Bird			FALSE			
585	9/16/2025	Spratelloides delicatulus	40	180	5			149	sde_x-ray_149	P9163209.ORF	2	Sde-AIna_017-mus	Sde-AIna_017	usnm-albatross	138964	usnm_original	Mariana Dehasque; Jason Selwyn; Chris Bird	Chris Bird			FALSE			
586	9/16/2025	Spratelloides delicatulus	40	180	5			149	sde_x-ray_149	P9163209.ORF	3	Sde-AIna_050-mus	Sde-AIna_050	usnm-albatross	138964	usnm_original	Mariana Dehasque; Jason Selwyn; Chris Bird	Chris Bird			FALSE			
587	9/16/2025	Spratelloides delicatulus	40	180	5			149	sde_x-ray_149	P9163209.ORF	4	Sde-AIna_015-mus	Sde-AIna_015	usnm-albatross	138964	usnm_original	Mariana Dehasque; Jason Selwyn; Chris Bird	Chris Bird			FALSE			
588	9/16/2025	Spratelloides delicatulus	40	180	5			150	sde_x-ray_150	P9163210.ORF	1	Sde-C-0324-E-mus	Sde-CPla_017	nsf-deb-spratelloidesdelicatulus-2024-2025	PLA-2025-04_01		Mariana Dehasque; Jason Selwyn; Chris Bird	Chris Bird			FALSE			
589	9/16/2025	Spratelloides delicatulus	40	180	5			150	sde_x-ray_150	P9163210.ORF	2	Sde-C-0320-E-mus	Sde-CPla_013	nsf-deb-spratelloidesdelicatulus-2024-2025	PLA-2025-04_01		Mariana Dehasque; Jason Selwyn; Chris Bird	Chris Bird			FALSE			
590	9/16/2025	Spratelloides delicatulus	40	180	5			150	sde_x-ray_150	P9163210.ORF	3	Sde-C-0309-E-mus	Sde-CPla_002	nsf-deb-spratelloidesdelicatulus-2024-2025	PLA-2025-04_01		Mariana Dehasque; Jason Selwyn; Chris Bird	Chris Bird			FALSE			
591	9/16/2025	Spratelloides delicatulus	40	180	5			150	sde_x-ray_150	P9163210.ORF	4	Sde-C-0350-E-mus	Sde-CPla_043	nsf-deb-spratelloidesdelicatulus-2024-2025	PLA-2025-04_01		Mariana Dehasque; Jason Selwyn; Chris Bird	Chris Bird			FALSE			
592	9/16/2025	Spratelloides delicatulus	40	180	5			151	sde_x-ray_151	P9163211.ORF	1	Sde-AIna_043-mus	Sde-AIna_043	usnm-albatross	138964	usnm_original	Mariana Dehasque; Jason Selwyn; Chris Bird	Chris Bird			FALSE			
593	9/16/2025	Spratelloides delicatulus	40	180	5			151	sde_x-ray_151	P9163211.ORF	2	Sde-C-0312-E-mus	Sde-CPla_005	nsf-deb-spratelloidesdelicatulus-2024-2025	PLA-2025-04_01		Mariana Dehasque; Jason Selwyn; Chris Bird	Chris Bird			FALSE			
594	9/16/2025	Spratelloides delicatulus	40	180	5			152	sde_x-ray_152	P9163212.ORF	1	Sde-AIna_046-mus	Sde-AIna_046	usnm-albatross	138964	usnm_original	Mariana Dehasque; Jason Selwyn; Chris Bird	Chris Bird			FALSE			
595	9/16/2025	Spratelloides delicatulus	40	180	5			152	sde_x-ray_152	P9163212.ORF	2	Sde-C-0344-E-mus	Sde-CPla_037	nsf-deb-spratelloidesdelicatulus-2024-2025	PLA-2025-04_01		Mariana Dehasque; Jason Selwyn; Chris Bird	Chris Bird			FALSE			
596	9/16/2025	Spratelloides delicatulus	40	180	5			152	sde_x-ray_152	P9163212.ORF	3	Sde-C-0317-E-mus	Sde-CPla_010	nsf-deb-spratelloidesdelicatulus-2024-2025	PLA-2025-04_01		Mariana Dehasque; Jason Selwyn; Chris Bird	Chris Bird			FALSE			
597	9/16/2025	Spratelloides delicatulus	40	180	5			153	sde_x-ray_153	P9163213.ORF	1	Sde-AIna_039-mus	Sde-AIna_039	usnm-albatross	138964	usnm_original	Mariana Dehasque; Jason Selwyn; Chris Bird	Chris Bird			FALSE			
598	9/16/2025	Spratelloides delicatulus	40	180	5			153	sde_x-ray_153	P9163213.ORF	2	Sde-C-0347-E-mus	Sde-CPla_040	nsf-deb-spratelloidesdelicatulus-2024-2025	PLA-2025-04_01		Mariana Dehasque; Jason Selwyn; Chris Bird	Chris Bird			FALSE			
599	9/16/2025	Spratelloides delicatulus	40	180	5			154	sde_x-ray_154	P9163214.ORF	1	Sde-C-0325-E-mus	Sde-CPla_018	nsf-deb-spratelloidesdelicatulus-2024-2025	PLA-2025-04_01		Mariana Dehasque; Jason Selwyn; Chris Bird	Chris Bird			FALSE			
600	9/16/2025	Spratelloides delicatulus	40	180	5			154	sde_x-ray_154	P9163214.ORF	2	Sde-C-0359-E-mus	Sde-CPla_052	nsf-deb-spratelloidesdelicatulus-2024-2025	PLA-2025-04_01		Mariana Dehasque; Jason Selwyn; Chris Bird	Chris Bird			FALSE			
601	9/16/2025	Spratelloides delicatulus	40	180	5			154	sde_x-ray_154	P9163214.ORF	3	Sde-AIna_056-mus	Sde-AIna_056	usnm-albatross	138964	usnm_original	Mariana Dehasque; Jason Selwyn; Chris Bird	Chris Bird			FALSE			
602	9/16/2025	Spratelloides delicatulus	40	180	5			155	sde_x-ray_155	P9163215.ORF	1	Sde-C-0356-E-mus	Sde-CPla_049	nsf-deb-spratelloidesdelicatulus-2024-2025	PLA-2025-04_01		Mariana Dehasque; Jason Selwyn; Chris Bird	Chris Bird			FALSE			
603	9/16/2025	Spratelloides delicatulus	40	180	5			155	sde_x-ray_155	P9163215.ORF	2	Sde-C-0330-E-mus	Sde-CPla_023	nsf-deb-spratelloidesdelicatulus-2024-2025	PLA-2025-04_01		Mariana Dehasque; Jason Selwyn; Chris Bird	Chris Bird			FALSE			
604	9/16/2025	Spratelloides delicatulus	40	180	5			155	sde_x-ray_155	P9163215.ORF	3	Sde-C-0334-E-mus	Sde-CPla_027	nsf-deb-spratelloidesdelicatulus-2024-2025	PLA-2025-04_01		Mariana Dehasque; Jason Selwyn; Chris Bird	Chris Bird			FALSE			
605	9/16/2025	Spratelloides delicatulus	40	180	5			155.1	sde_x-ray_155.1	P9163215.ORF	4	Sde-AIna_052-mus	Sde-AIna_052	usnm-albatross	138964	usnm_original	Mariana Dehasque; Jason Selwyn; Chris Bird	Chris Bird			FALSE			
606	9/16/2025	Spratelloides delicatulus	40	180	5			156	sde_x-ray_156	P9163216.ORF	1	Sde-AIna_063-mus	Sde-AIna_063	usnm-albatross	138964	usnm_original	Mariana Dehasque; Jason Selwyn; Chris Bird	Chris Bird			FALSE			
607	9/16/2025	Spratelloides delicatulus	40	180	5			156	sde_x-ray_156	P9163216.ORF	2	Sde-C-0318-E-mus	Sde-CPla_011	nsf-deb-spratelloidesdelicatulus-2024-2025	PLA-2025-04_01		Mariana Dehasque; Jason Selwyn; Chris Bird	Chris Bird			FALSE			
608	9/16/2025	Spratelloides delicatulus	40	180	5			156	sde_x-ray_156	P9163216.ORF	3	Sde-AIna_061-mus	Sde-AIna_061	usnm-albatross	138964	usnm_original	Mariana Dehasque; Jason Selwyn; Chris Bird	Chris Bird			FALSE			
609	9/16/2025	Spratelloides delicatulus	40	180	5			156.1	sde_x-ray_156.1	P9163216.ORF	4	Sde-C-0311-E-mus	Sde-CPla_004	nsf-deb-spratelloidesdelicatulus-2024-2025	PLA-2025-04_01		Mariana Dehasque; Jason Selwyn; Chris Bird	Chris Bird			FALSE			
610	9/16/2025	Spratelloides delicatulus	40	180	5			157.1	sde_x-ray_157.1	P9163217.ORF	1	Sde-C-0323-E-mus	Sde-CPla_016	nsf-deb-spratelloidesdelicatulus-2024-2025	PLA-2025-04_01		Mariana Dehasque; Jason Selwyn; Chris Bird	Chris Bird			FALSE			
611	9/16/2025	Spratelloides delicatulus	40	180	5			157.1	sde_x-ray_157.1	P9163217.ORF	2	Sde-C-0315-E-mus	Sde-CPla_008	nsf-deb-spratelloidesdelicatulus-2024-2025	PLA-2025-04_01		Mariana Dehasque; Jason Selwyn; Chris Bird	Chris Bird			FALSE			
612	9/16/2025	Spratelloides delicatulus	40	180	5			157.1	sde_x-ray_157.1	P9163217.ORF	3	Sde-C-0316-E-mus	Sde-CPla_009	nsf-deb-spratelloidesdelicatulus-2024-2025	PLA-2025-04_01		Mariana Dehasque; Jason Selwyn; Chris Bird	Chris Bird			FALSE			
613	9/16/2025	Spratelloides delicatulus	40	180	5			157.2	sde_x-ray_157.2	P9163217.ORF	4	Sde-C-0342-E-mus	Sde-CPla_035	nsf-deb-spratelloidesdelicatulus-2024-2025	PLA-2025-04_01		Mariana Dehasque; Jason Selwyn; Chris Bird	Chris Bird			FALSE			
614	9/16/2025	Spratelloides delicatulus	40	180	5			158	sde_x-ray_158	P9163218.ORF	1	Sde-AIna_058-mus	Sde-AIna_058	usnm-albatross	138964	usnm_original	Mariana Dehasque; Jason Selwyn; Chris Bird	Chris Bird			FALSE			
615	9/16/2025	Spratelloides delicatulus	40	180	5			158	sde_x-ray_158	P9163218.ORF	2	Sde-AIna_038-mus	Sde-AIna_038	usnm-albatross	138964	usnm_original	Mariana Dehasque; Jason Selwyn; Chris Bird	Chris Bird			FALSE			
616	9/16/2025	Spratelloides delicatulus	40	180	5			158	sde_x-ray_158	P9163218.ORF	3	Sde-AIna_060-mus	Sde-AIna_060	usnm-albatross	138964	usnm_original	Mariana Dehasque; Jason Selwyn; Chris Bird	Chris Bird			FALSE			
617	9/16/2025	Spratelloides delicatulus	40	180	5			158.1	sde_x-ray_158.1	P9163218.ORF	4	Sde-AIna_051-mus	Sde-AIna_051	usnm-albatross	138964	usnm_original	Mariana Dehasque; Jason Selwyn; Chris Bird	Chris Bird			FALSE			
618	9/16/2025	Spratelloides delicatulus	40	180	5			159	sde_x-ray_159	P9163219.ORF	1	Sde-C-0351-E-mus	Sde-CPla_044	nsf-deb-spratelloidesdelicatulus-2024-2025	PLA-2025-04_01		Mariana Dehasque; Jason Selwyn; Chris Bird	Chris Bird			FALSE			
619	9/16/2025	Spratelloides delicatulus	40	180	5			159	sde_x-ray_159	P9163219.ORF	2	Sde-AIna_055-mus	Sde-AIna_055	usnm-albatross	138964	usnm_original	Mariana Dehasque; Jason Selwyn; Chris Bird	Chris Bird			FALSE			
620	9/16/2025	Spratelloides delicatulus	40	180	5			159	sde_x-ray_159	P9163219.ORF	3	Sde-AIna_005-mus	Sde-AIna_005	usnm-albatross	138964	usnm_original	Mariana Dehasque; Jason Selwyn; Chris Bird	Chris Bird			FALSE			
621	9/16/2025	Spratelloides delicatulus	40	180	5			160	sde_x-ray_160	P9163220.ORF	1	Sde-C-0484-E-mus	Sde-CLim_066	nsf-deb-spratelloidesdelicatulus-2024-2025	LIM-2025-07_01		Mariana Dehasque; Jason Selwyn; Chris Bird	Chris Bird			FALSE			
622	9/16/2025	Spratelloides delicatulus	40	180	5			160	sde_x-ray_160	P9163220.ORF	2	Sde-C-1046-E-mus	Sde-CLim_103	nsf-deb-spratelloidesdelicatulus-2024-2025	LIM-2025-07_01		Mariana Dehasque; Jason Selwyn; Chris Bird	Chris Bird			FALSE			
623	9/16/2025	Spratelloides delicatulus	40	180	5			160	sde_x-ray_160	P9163220.ORF	3	Sde-C-0485-E-mus	Sde-CLim_067	nsf-deb-spratelloidesdelicatulus-2024-2025	LIM-2025-07_01		Mariana Dehasque; Jason Selwyn; Chris Bird	Chris Bird			FALSE			
624	9/16/2025	Spratelloides delicatulus	40	180	5			161	sde_x-ray_161	P9163221.ORF	1	Sde-AIna_064-mus	Sde-AIna_064	usnm-albatross	138964	usnm_original	Mariana Dehasque; Jason Selwyn; Chris Bird	Chris Bird			FALSE			
625	9/16/2025	Spratelloides delicatulus	40	180	5			161	sde_x-ray_161	P9163221.ORF	2	Sde-AIna_035-mus	Sde-AIna_035	usnm-albatross	138964	usnm_original	Mariana Dehasque; Jason Selwyn; Chris Bird	Chris Bird			FALSE			
626	9/16/2025	Spratelloides delicatulus	40	180	5			161	sde_x-ray_161	P9163221.ORF	3	Sde-AIna_037-mus	Sde-AIna_037	usnm-albatross	138964	usnm_original	Mariana Dehasque; Jason Selwyn; Chris Bird	Chris Bird			FALSE			
627	9/16/2025	Spratelloides delicatulus	40	180	5			162	sde_x-ray_162	P9163222.ORF	1	Sde-C-0490-E-mus	Sde-CLim_072	nsf-deb-spratelloidesdelicatulus-2024-2025	LIM-2025-07_01		Mariana Dehasque; Jason Selwyn; Chris Bird	Chris Bird			FALSE			
628	9/16/2025	Spratelloides delicatulus	40	180	5			162	sde_x-ray_162	P9163222.ORF	2	Sde-C-0486-E-mus	Sde-CLim_068	nsf-deb-spratelloidesdelicatulus-2024-2025	LIM-2025-07_01		Mariana Dehasque; Jason Selwyn; Chris Bird	Chris Bird			FALSE			
629	9/16/2025	Spratelloides delicatulus	40	180	5			162	sde_x-ray_162	P9163222.ORF	3	Sde-C-0488-E-mus	Sde-CLim_070	nsf-deb-spratelloidesdelicatulus-2024-2025	LIM-2025-07_01		Mariana Dehasque; Jason Selwyn; Chris Bird	Chris Bird			FALSE			
630	9/16/2025	Spratelloides delicatulus	40	180	5			162	sde_x-ray_162	P9163222.ORF	4	Sde-C-1043-E-mus	Sde-CLim_100	nsf-deb-spratelloidesdelicatulus-2024-2025	LIM-2025-07_01		Mariana Dehasque; Jason Selwyn; Chris Bird	Chris Bird			FALSE			
631	9/16/2025	Spratelloides delicatulus	40	180	5			163	sde_x-ray_163	P9163223.ORF	5	Sde-AIna_016-mus	Sde-AIna_016	usnm-albatross	138964	usnm_original	Mariana Dehasque; Jason Selwyn; Chris Bird	Chris Bird			FALSE			
632	9/16/2025	Spratelloides delicatulus	40	180	5			163	sde_x-ray_163	P9163223.ORF	6	Sde-AIna_036-mus	Sde-AIna_036	usnm-albatross	138964	usnm_original	Mariana Dehasque; Jason Selwyn; Chris Bird	Chris Bird			FALSE			
633	9/16/2025	Spratelloides delicatulus	40	180	5			164	sde_x-ray_164	P9163224.ORF	1	Sde-C-0487-E-mus	Sde-CLim_069	nsf-deb-spratelloidesdelicatulus-2024-2025	LIM-2025-07_01		Mariana Dehasque; Jason Selwyn; Chris Bird	Chris Bird			FALSE			
634	9/16/2025	Spratelloides delicatulus	40	180	5			164	sde_x-ray_164	P9163224.ORF	2	Sde-C-0495-E-mus	Sde-CLim_077	nsf-deb-spratelloidesdelicatulus-2024-2025	LIM-2025-07_01		Mariana Dehasque; Jason Selwyn; Chris Bird	Chris Bird			FALSE			
635	9/16/2025	Spratelloides delicatulus	40	180	5			164	sde_x-ray_164	P9163224.ORF	3	Sde-C-1050-E-mus	Sde-CLim_107	nsf-deb-spratelloidesdelicatulus-2024-2025	LIM-2025-07_01		Mariana Dehasque; Jason Selwyn; Chris Bird	Chris Bird			FALSE			
636	9/16/2025	Spratelloides delicatulus	40	180	5			164	sde_x-ray_164	P9163224.ORF	4	Sde-C-1035-E-mus	Sde-CLim_092	nsf-deb-spratelloidesdelicatulus-2024-2025	LIM-2025-07_01		Mariana Dehasque; Jason Selwyn; Chris Bird	Chris Bird			FALSE			
637	9/16/2025	Spratelloides delicatulus	40	180	5			164	sde_x-ray_164	P9163224.ORF	5	Sde-C-0496-E-mus	Sde-CLim_078	nsf-deb-spratelloidesdelicatulus-2024-2025	LIM-2025-07_01		Mariana Dehasque; Jason Selwyn; Chris Bird	Chris Bird			FALSE			
638	9/16/2025	Spratelloides delicatulus	40	180	5			165	sde_x-ray_165	P9163225.ORF	1	Sde-C-0500-E-mus	Sde-CLim_082	nsf-deb-spratelloidesdelicatulus-2024-2025	LIM-2025-07_01		Mariana Dehasque; Jason Selwyn; Chris Bird	Chris Bird			FALSE			
639	9/16/2025	Spratelloides delicatulus	40	180	5			165	sde_x-ray_165	P9163225.ORF	2	Sde-C-0482-E-mus	Sde-CLim_064	nsf-deb-spratelloidesdelicatulus-2024-2025	LIM-2025-07_01		Mariana Dehasque; Jason Selwyn; Chris Bird	Chris Bird			FALSE			
640	9/16/2025	Spratelloides delicatulus	40	180	5			165	sde_x-ray_165	P9163225.ORF	3	Sde-C-0479-E-mus	Sde-CLim_061	nsf-deb-spratelloidesdelicatulus-2024-2025	LIM-2025-07_01		Mariana Dehasque; Jason Selwyn; Chris Bird	Chris Bird			FALSE			
641	9/16/2025	Spratelloides delicatulus	40	180	5			165	sde_x-ray_165	P9163225.ORF	4	Sde-C-1041-E-mus	Sde-CLim_098	nsf-deb-spratelloidesdelicatulus-2024-2025	LIM-2025-07_01		Mariana Dehasque; Jason Selwyn; Chris Bird	Chris Bird			FALSE			
642	9/16/2025	Spratelloides delicatulus	40	180	5			166	sde_x-ray_166	P9163226.ORF	5	Sde-C-0497-E-mus	Sde-CLim_079	nsf-deb-spratelloidesdelicatulus-2024-2025	LIM-2025-07_01		Mariana Dehasque; Jason Selwyn; Chris Bird	Chris Bird			FALSE			
643	9/16/2025	Spratelloides delicatulus	40	180	5			166	sde_x-ray_166	P9163226.ORF	6	Sde-C-0480-E-mus	Sde-CLim_062	nsf-deb-spratelloidesdelicatulus-2024-2025	LIM-2025-07_01		Mariana Dehasque; Jason Selwyn; Chris Bird	Chris Bird			FALSE			
644	9/16/2025	Spratelloides delicatulus	40	180	5			167	sde_x-ray_167	P9163227.ORF	1	Sde-C-1044-E-mus	Sde-CLim_101	nsf-deb-spratelloidesdelicatulus-2024-2025	LIM-2025-07_01		Mariana Dehasque; Jason Selwyn; Chris Bird	Chris Bird			FALSE			
645	9/16/2025	Spratelloides delicatulus	40	180	5			167	sde_x-ray_167	P9163227.ORF	2	Sde-C-0481-E-mus	Sde-CLim_063	nsf-deb-spratelloidesdelicatulus-2024-2025	LIM-2025-07_01		Mariana Dehasque; Jason Selwyn; Chris Bird	Chris Bird			FALSE			
646	9/16/2025	Spratelloides delicatulus	40	180	5			167	sde_x-ray_167	P9163227.ORF	3	Sde-C-1034-E-mus	Sde-CLim_091	nsf-deb-spratelloidesdelicatulus-2024-2025	LIM-2025-07_01		Mariana Dehasque; Jason Selwyn; Chris Bird	Chris Bird			FALSE			
647	9/16/2025	Spratelloides delicatulus	40	180	5			168	sde_x-ray_168	P9163228.ORF	1	Sde-C-0483-E-mus	Sde-CLim_065	nsf-deb-spratelloidesdelicatulus-2024-2025	LIM-2025-07_01		Mariana Dehasque; Jason Selwyn; Chris Bird	Chris Bird			FALSE			
648	9/16/2025	Spratelloides delicatulus	40	180	5			168	sde_x-ray_168	P9163228.ORF	2	Sde-C-1037-E-mus	Sde-CLim_094	nsf-deb-spratelloidesdelicatulus-2024-2025	LIM-2025-07_01		Mariana Dehasque; Jason Selwyn; Chris Bird	Chris Bird			FALSE			
649	9/16/2025	Spratelloides delicatulus	40	180	5			168	sde_x-ray_168	P9163228.ORF	3	Sde-C-1033-E-mus	Sde-CLim_090	nsf-deb-spratelloidesdelicatulus-2024-2025	LIM-2025-07_01		Mariana Dehasque; Jason Selwyn; Chris Bird	Chris Bird			FALSE			
650	9/16/2025	Spratelloides delicatulus	40	180	5			169	sde_x-ray_169	P9163229.ORF	1	Sde-ABol_083-mus	Sde-ABol_083	usnm-albatross	120806	usnm_original	Mariana Dehasque; Jason Selwyn; Chris Bird	Chris Bird			FALSE			
651	9/16/2025	Spratelloides delicatulus	40	180	5			169	sde_x-ray_169	P9163229.ORF	2	Sde-ABol_093-mus	Sde-ABol_093	usnm-albatross	120806	usnm_original	Mariana Dehasque; Jason Selwyn; Chris Bird	Chris Bird			FALSE			
652	9/16/2025	Spratelloides delicatulus	40	180	5			169	sde_x-ray_169	P9163229.ORF	3	Sde-ABol_063-mus	Sde-ABol_063	usnm-albatross	120806	usnm_original	Mariana Dehasque; Jason Selwyn; Chris Bird	Chris Bird			FALSE			
653	9/16/2025	Spratelloides delicatulus	40	180	5			169	sde_x-ray_169	P9163229.ORF	4	Sde-ABol_064-mus	Sde-ABol_064	usnm-albatross	120806	usnm_original	Mariana Dehasque; Jason Selwyn; Chris Bird	Chris Bird			FALSE			
654	9/16/2025	Spratelloides delicatulus	40	180	5			170	sde_x-ray_170	P9163230.ORF	1	Sde-ABol_088-mus	Sde-ABol_088	usnm-albatross	120806	usnm_original	Mariana Dehasque; Jason Selwyn; Chris Bird	Chris Bird			FALSE			
655	9/16/2025	Spratelloides delicatulus	40	180	5			170	sde_x-ray_170	P9163230.ORF	2	Sde-C-1030-E-mus	Sde-CLim_087	nsf-deb-spratelloidesdelicatulus-2024-2025	LIM-2025-07_01		Mariana Dehasque; Jason Selwyn; Chris Bird	Chris Bird			FALSE			
656	9/16/2025	Spratelloides delicatulus	40	180	5			170	sde_x-ray_170	P9163230.ORF	3	Sde-C-1027-E-mus	Sde-CLim_084	nsf-deb-spratelloidesdelicatulus-2024-2025	LIM-2025-07_01		Mariana Dehasque; Jason Selwyn; Chris Bird	Chris Bird			FALSE			
657	9/16/2025	Spratelloides delicatulus	40	180	5			170	sde_x-ray_170	P9163230.ORF	4	Sde-C-0499-E-mus	Sde-CLim_081	nsf-deb-spratelloidesdelicatulus-2024-2025	LIM-2025-07_01		Mariana Dehasque; Jason Selwyn; Chris Bird	Chris Bird			FALSE			
658	9/16/2025	Spratelloides delicatulus	40	180	5			171	sde_x-ray_171	P9163231.ORF	1	Sde-ABol_068-mus	Sde-ABol_068	usnm-albatross	120806	usnm_original	Mariana Dehasque; Jason Selwyn; Chris Bird	Chris Bird			FALSE			
659	9/16/2025	Spratelloides delicatulus	40	180	5			171	sde_x-ray_171	P9163231.ORF	2	Sde-C-1040-E-mus	Sde-CLim_097	nsf-deb-spratelloidesdelicatulus-2024-2025	LIM-2025-07_01		Mariana Dehasque; Jason Selwyn; Chris Bird	Chris Bird			FALSE			
660	9/16/2025	Spratelloides delicatulus	40	180	5			172	sde_x-ray_172	P9163232.ORF	1	Sde-ABol_074-mus	Sde-ABol_074	usnm-albatross	120806	usnm_original	Mariana Dehasque; Jason Selwyn; Chris Bird	Chris Bird			FALSE			
661	9/16/2025	Spratelloides delicatulus	40	180	5			172	sde_x-ray_172	P9163232.ORF	2	Sde-ABol_070-mus	Sde-ABol_070	usnm-albatross	120806	usnm_original	Mariana Dehasque; Jason Selwyn; Chris Bird	Chris Bird			FALSE			
662	9/16/2025	Spratelloides delicatulus	40	180	5			172	sde_x-ray_172	P9163232.ORF	3	Sde-ABol_069-mus	Sde-ABol_069	usnm-albatross	120806	usnm_original	Mariana Dehasque; Jason Selwyn; Chris Bird	Chris Bird			FALSE			
663	9/16/2025	Spratelloides delicatulus	40	180	5			172	sde_x-ray_172	P9163232.ORF	4	Sde-ABol_073-mus	Sde-ABol_073	usnm-albatross	120806	usnm_original	Mariana Dehasque; Jason Selwyn; Chris Bird	Chris Bird			FALSE			
664	9/16/2025	Spratelloides delicatulus	40	180	5			173	sde_x-ray_173	P9163233.ORF	1	Sde-ABol_075-mus	Sde-ABol_075	usnm-albatross	120806	usnm_original	Mariana Dehasque; Jason Selwyn; Chris Bird	Chris Bird			FALSE			
665	9/16/2025	Spratelloides delicatulus	40	180	5			173	sde_x-ray_173	P9163233.ORF	2	Sde-C-0498-E-mus	Sde-CLim_080	nsf-deb-spratelloidesdelicatulus-2024-2025	LIM-2025-07_01		Mariana Dehasque; Jason Selwyn; Chris Bird	Chris Bird			FALSE			
666	9/16/2025	Spratelloides delicatulus	40	180	5			173	sde_x-ray_173	P9163233.ORF	3	Sde-C-1031-E-mus	Sde-CLim_088	nsf-deb-spratelloidesdelicatulus-2024-2025	LIM-2025-07_01		Mariana Dehasque; Jason Selwyn; Chris Bird	Chris Bird			FALSE			
667	9/16/2025	Spratelloides delicatulus	40	180	5			173	sde_x-ray_173	P9163233.ORF	4	Sde-C-1026-E-mus	Sde-CLim_083	nsf-deb-spratelloidesdelicatulus-2024-2025	LIM-2025-07_01		Mariana Dehasque; Jason Selwyn; Chris Bird	Chris Bird			FALSE			
668	9/16/2025	Spratelloides delicatulus	40	180	5			174	sde_x-ray_174	P9163234.ORF	1	Sde-ABol_079-mus	Sde-ABol_079	usnm-albatross	120806	usnm_original	Mariana Dehasque; Jason Selwyn; Chris Bird	Chris Bird			FALSE			
669	9/16/2025	Spratelloides delicatulus	40	180	5			174	sde_x-ray_174	P9163234.ORF	2	Sde-ABol_076-mus	Sde-ABol_076	usnm-albatross	120806	usnm_original	Mariana Dehasque; Jason Selwyn; Chris Bird	Chris Bird			FALSE			
670	9/16/2025	Spratelloides delicatulus	40	180	5			174	sde_x-ray_174	P9163234.ORF	3	Sde-C-1038-E-mus	Sde-CLim_095	nsf-deb-spratelloidesdelicatulus-2024-2025	LIM-2025-07_01		Mariana Dehasque; Jason Selwyn; Chris Bird	Chris Bird			FALSE			
671	9/16/2025	Spratelloides delicatulus	40	180	5			174	sde_x-ray_174	P9163234.ORF	4	Sde-C-1048-E-mus	Sde-CLim_105	nsf-deb-spratelloidesdelicatulus-2024-2025	LIM-2025-07_01		Mariana Dehasque; Jason Selwyn; Chris Bird	Chris Bird			FALSE			
672	9/16/2025	Spratelloides delicatulus	40	180	5			174	sde_x-ray_174	P9163234.ORF	5	Sde-C-1036-E-mus	Sde-CLim_093	nsf-deb-spratelloidesdelicatulus-2024-2025	LIM-2025-07_01		Mariana Dehasque; Jason Selwyn; Chris Bird	Chris Bird			FALSE			
673	9/16/2025	Spratelloides delicatulus	40	180	5			175	sde_x-ray_175	P9163235.ORF	1	Sde-ABol_081-mus	Sde-ABol_081	usnm-albatross	120806	usnm_original	Mariana Dehasque; Jason Selwyn; Chris Bird	Chris Bird			FALSE			
674	9/16/2025	Spratelloides delicatulus	40	180	5			175	sde_x-ray_175	P9163235.ORF	2	Sde-ABol_080-mus	Sde-ABol_080	usnm-albatross	120806	usnm_original	Mariana Dehasque; Jason Selwyn; Chris Bird	Chris Bird			FALSE			
675	9/16/2025	Spratelloides delicatulus	40	180	5			175	sde_x-ray_175	P9163235.ORF	3	Sde-ABol_061-mus	Sde-ABol_061	usnm-albatross	120806	usnm_original	Mariana Dehasque; Jason Selwyn; Chris Bird	Chris Bird			FALSE			
676	9/16/2025	Spratelloides delicatulus	40	180	5			175	sde_x-ray_175	P9163235.ORF	4	Sde-ABol_062-mus	Sde-ABol_062	usnm-albatross	120806	usnm_original	Mariana Dehasque; Jason Selwyn; Chris Bird	Chris Bird			FALSE			
677	9/16/2025	Spratelloides delicatulus	40	180	5			176	sde_x-ray_176	P9163236.ORF	1	Sde-C-1029-E-mus	Sde-CLim_086	nsf-deb-spratelloidesdelicatulus-2024-2025	LIM-2025-07_01		Mariana Dehasque; Jason Selwyn; Chris Bird	Chris Bird			FALSE			
678	9/16/2025	Spratelloides delicatulus	40	180	5			176	sde_x-ray_176	P9163236.ORF	2	Sde-C-1045-E-mus	Sde-CLim_102	nsf-deb-spratelloidesdelicatulus-2024-2025	LIM-2025-07_01		Mariana Dehasque; Jason Selwyn; Chris Bird	Chris Bird			FALSE			
679	9/16/2025	Spratelloides delicatulus	40	180	5			176	sde_x-ray_176	P9163236.ORF	3	Sde-C-0491-E-mus	Sde-CLim_073	nsf-deb-spratelloidesdelicatulus-2024-2025	LIM-2025-07_01		Mariana Dehasque; Jason Selwyn; Chris Bird	Chris Bird			FALSE			
680	9/16/2025	Spratelloides delicatulus	40	180	5			176	sde_x-ray_176	P9163236.ORF	4	Sde-C-1049-E-mus	Sde-CLim_106	nsf-deb-spratelloidesdelicatulus-2024-2025	LIM-2025-07_01		Mariana Dehasque; Jason Selwyn; Chris Bird	Chris Bird			FALSE			
681	9/16/2025	Spratelloides delicatulus	40	180	5			176	sde_x-ray_176	P9163236.ORF	5	Sde-C-1039-E-mus	Sde-CLim_096	nsf-deb-spratelloidesdelicatulus-2024-2025	LIM-2025-07_01		Mariana Dehasque; Jason Selwyn; Chris Bird	Chris Bird			FALSE			
682	9/16/2025	Spratelloides delicatulus	40	180	5			177	sde_x-ray_177	P9163237.ORF	1	Sde-ABol_071-mus	Sde-ABol_071	usnm-albatross	120806	usnm_original	Mariana Dehasque; Jason Selwyn; Chris Bird	Chris Bird			FALSE			
683	9/16/2025	Spratelloides delicatulus	40	180	5			177	sde_x-ray_177	P9163237.ORF	2	Sde-ABol_078-mus	Sde-ABol_078	usnm-albatross	120806	usnm_original	Mariana Dehasque; Jason Selwyn; Chris Bird	Chris Bird			FALSE			
684	9/16/2025	Spratelloides delicatulus	40	180	5			177	sde_x-ray_177	P9163237.ORF	3	Sde-ABol_043-mus	Sde-ABol_043	usnm-albatross	120806	usnm_original	Mariana Dehasque; Jason Selwyn; Chris Bird	Chris Bird			FALSE			
685	9/16/2025	Spratelloides delicatulus	40	180	5			177	sde_x-ray_177	P9163237.ORF	4	Sde-ABol_056-mus	Sde-ABol_056	usnm-albatross	120806	usnm_original	Mariana Dehasque; Jason Selwyn; Chris Bird	Chris Bird			FALSE			
686	9/16/2025	Spratelloides delicatulus	40	180	5			177	sde_x-ray_177	P9163237.ORF	5	Sde-C-1032-E-mus	Sde-CLim_089	nsf-deb-spratelloidesdelicatulus-2024-2025	LIM-2025-07_01		Mariana Dehasque; Jason Selwyn; Chris Bird	Chris Bird			FALSE			
687	9/16/2025	Spratelloides delicatulus	40	180	5			178	sde_x-ray_178	P9163238.ORF	1	Sde-ABol_067-mus	Sde-ABol_067	usnm-albatross	120806	usnm_original	Mariana Dehasque; Jason Selwyn; Chris Bird	Chris Bird			FALSE			
688	9/16/2025	Spratelloides delicatulus	40	180	5			178	sde_x-ray_178	P9163238.ORF	2	Sde-C-0493-E-mus	Sde-CLim_075	nsf-deb-spratelloidesdelicatulus-2024-2025	LIM-2025-07_01		Mariana Dehasque; Jason Selwyn; Chris Bird	Chris Bird			FALSE			
689	9/16/2025	Spratelloides delicatulus	40	180	5			178	sde_x-ray_178	P9163238.ORF	3	Sde-C-0494-E-mus	Sde-CLim_076	nsf-deb-spratelloidesdelicatulus-2024-2025	LIM-2025-07_01		Mariana Dehasque; Jason Selwyn; Chris Bird	Chris Bird			FALSE			
690	9/16/2025	Spratelloides delicatulus	40	180	5			178	sde_x-ray_178	P9163238.ORF	4	Sde-C-1047-E-mus	Sde-CLim_104	nsf-deb-spratelloidesdelicatulus-2024-2025	LIM-2025-07_01		Mariana Dehasque; Jason Selwyn; Chris Bird	Chris Bird			FALSE			
691	9/16/2025	Spratelloides delicatulus	40	180	5			178	sde_x-ray_178	P9163238.ORF	5	Sde-C-0489-E-mus	Sde-CLim_071	nsf-deb-spratelloidesdelicatulus-2024-2025	LIM-2025-07_01		Mariana Dehasque; Jason Selwyn; Chris Bird	Chris Bird			FALSE			
692	9/16/2025	Spratelloides delicatulus	40	180	5			179	sde_x-ray_179	P9163239.ORF	1	Sde-ABol_066-mus	Sde-ABol_066	usnm-albatross	120806	usnm_original	Mariana Dehasque; Jason Selwyn; Chris Bird	Chris Bird			FALSE			
693	9/16/2025	Spratelloides delicatulus	40	180	5			179	sde_x-ray_179	P9163239.ORF	2	Sde-ABol_065-mus	Sde-ABol_065	usnm-albatross	120806	usnm_original	Mariana Dehasque; Jason Selwyn; Chris Bird	Chris Bird			FALSE			
694	9/16/2025	Spratelloides delicatulus	40	180	5			179	sde_x-ray_179	P9163239.ORF	3	Sde-C-1042-E-mus	Sde-CLim_099	nsf-deb-spratelloidesdelicatulus-2024-2025	LIM-2025-07_01		Mariana Dehasque; Jason Selwyn; Chris Bird	Chris Bird			FALSE			
695	9/16/2025	Spratelloides delicatulus	40	180	5			179	sde_x-ray_179	P9163239.ORF	4	Sde-C-0492-E-mus	Sde-CLim_074	nsf-deb-spratelloidesdelicatulus-2024-2025	LIM-2025-07_01		Mariana Dehasque; Jason Selwyn; Chris Bird	Chris Bird			FALSE			
696	9/16/2025	Spratelloides delicatulus	40	180	5			179	sde_x-ray_179	P9163239.ORF	5	Sde-ABol_077-mus	Sde-ABol_077	usnm-albatross	120806	usnm_original	Mariana Dehasque; Jason Selwyn; Chris Bird	Chris Bird			FALSE			
697	9/16/2025	Spratelloides delicatulus	40	180	5			180	sde_x-ray_180	P9163240.ORF	1	Sde-ABol_036-mus	Sde-ABol_036	usnm-albatross	120806	usnm_original	Mariana Dehasque; Jason Selwyn; Chris Bird	Chris Bird			FALSE			
698	9/16/2025	Spratelloides delicatulus	40	180	5			180	sde_x-ray_180	P9163240.ORF	2	Sde-ABol_059-mus	Sde-ABol_059	usnm-albatross	120806	usnm_original	Mariana Dehasque; Jason Selwyn; Chris Bird	Chris Bird			FALSE			
699	9/16/2025	Spratelloides delicatulus	40	180	5			180	sde_x-ray_180	P9163240.ORF	3	Sde-ABol_048-mus	Sde-ABol_048	usnm-albatross	120806	usnm_original	Mariana Dehasque; Jason Selwyn; Chris Bird	Chris Bird			FALSE			
700	9/16/2025	Spratelloides delicatulus	40	180	5			180	sde_x-ray_180	P9163240.ORF	4	Sde-C-0425-E-mus	Sde-CLim_007	nsf-deb-spratelloidesdelicatulus-2024-2025	LIM-2025-07_01		Mariana Dehasque; Jason Selwyn; Chris Bird	Chris Bird			FALSE			
701	9/16/2025	Spratelloides delicatulus	40	180	5			180	sde_x-ray_180	P9163240.ORF	5	Sde-C-1028-E-mus	Sde-CLim_085	nsf-deb-spratelloidesdelicatulus-2024-2025	LIM-2025-07_01		Mariana Dehasque; Jason Selwyn; Chris Bird	Chris Bird			FALSE			
702	9/16/2025	Spratelloides delicatulus	40	180	5			181	sde_x-ray_181	P9163241.ORF	1	Sde-ABol_039-mus	Sde-ABol_039	usnm-albatross	120806	usnm_original	Mariana Dehasque; Jason Selwyn; Chris Bird	Chris Bird			FALSE			
703	9/16/2025	Spratelloides delicatulus	40	180	5			181	sde_x-ray_181	P9163241.ORF	2	Sde-ABol_044-mus	Sde-ABol_044	usnm-albatross	120806	usnm_original	Mariana Dehasque; Jason Selwyn; Chris Bird	Chris Bird			FALSE			
704	9/16/2025	Spratelloides delicatulus	40	180	5			181	sde_x-ray_181	P9163241.ORF	3	Sde-ABol_034-mus	Sde-ABol_034	usnm-albatross	120806	usnm_original	Mariana Dehasque; Jason Selwyn; Chris Bird	Chris Bird			FALSE			
705	9/16/2025	Spratelloides delicatulus	40	180	5			181	sde_x-ray_181	P9163241.ORF	4	Sde-C-0444-E-mus	Sde-CLim_026	nsf-deb-spratelloidesdelicatulus-2024-2025	LIM-2025-07_01		Mariana Dehasque; Jason Selwyn; Chris Bird	Chris Bird			FALSE			
706	9/16/2025	Spratelloides delicatulus	40	180	5			181	sde_x-ray_181	P9163241.ORF	5	Sde-C-0442-E-mus	Sde-CLim_024	nsf-deb-spratelloidesdelicatulus-2024-2025	LIM-2025-07_01		Mariana Dehasque; Jason Selwyn; Chris Bird	Chris Bird			FALSE			
707	9/16/2025	Spratelloides delicatulus	40	180	5			182	sde_x-ray_182	P9163242.ORF	1	Sde-C-0475-E-mus	Sde-CLim_057	nsf-deb-spratelloidesdelicatulus-2024-2025	LIM-2025-07_01		Mariana Dehasque; Jason Selwyn; Chris Bird	Chris Bird			FALSE			
708	9/16/2025	Spratelloides delicatulus	40	180	5			182	sde_x-ray_182	P9163242.ORF	2	Sde-C-0471-E-mus	Sde-CLim_053	nsf-deb-spratelloidesdelicatulus-2024-2025	LIM-2025-07_01		Mariana Dehasque; Jason Selwyn; Chris Bird	Chris Bird			FALSE			
709	9/16/2025	Spratelloides delicatulus	40	180	5			182	sde_x-ray_182	P9163242.ORF	3	Sde-C-0460-E-mus	Sde-CLim_042	nsf-deb-spratelloidesdelicatulus-2024-2025	LIM-2025-07_01		Mariana Dehasque; Jason Selwyn; Chris Bird	Chris Bird			FALSE			
710	9/16/2025	Spratelloides delicatulus	40	180	5			182	sde_x-ray_182	P9163242.ORF	4	Sde-C-0473-E-mus	Sde-CLim_055	nsf-deb-spratelloidesdelicatulus-2024-2025	LIM-2025-07_01		Mariana Dehasque; Jason Selwyn; Chris Bird	Chris Bird			FALSE			
711	9/16/2025	Spratelloides delicatulus	40	180	5			182	sde_x-ray_182	P9163242.ORF	5	Sde-C-0467-E-mus	Sde-CLim_049	nsf-deb-spratelloidesdelicatulus-2024-2025	LIM-2025-07_01		Mariana Dehasque; Jason Selwyn; Chris Bird	Chris Bird			FALSE			
712	9/16/2025	Spratelloides delicatulus	40	180	5			183	sde_x-ray_183	P9163243.ORF	1	Sde-ABol_060-mus	Sde-ABol_060	usnm-albatross	120806	usnm_original	Mariana Dehasque; Jason Selwyn; Chris Bird	Chris Bird			FALSE			
713	9/16/2025	Spratelloides delicatulus	40	180	5			183	sde_x-ray_183	P9163243.ORF	2	Sde-ABol_042-mus	Sde-ABol_042	usnm-albatross	120806	usnm_original	Mariana Dehasque; Jason Selwyn; Chris Bird	Chris Bird			FALSE			
714	9/16/2025	Spratelloides delicatulus	40	180	5			183	sde_x-ray_183	P9163243.ORF	3	Sde-ABol_045-mus	Sde-ABol_045	usnm-albatross	120806	usnm_original	Mariana Dehasque; Jason Selwyn; Chris Bird	Chris Bird			FALSE			
715	9/16/2025	Spratelloides delicatulus	40	180	5			183	sde_x-ray_183	P9163243.ORF	4	Sde-C-0454-E-mus	Sde-CLim_036	nsf-deb-spratelloidesdelicatulus-2024-2025	LIM-2025-07_01		Mariana Dehasque; Jason Selwyn; Chris Bird	Chris Bird			FALSE			
716	9/16/2025	Spratelloides delicatulus	40	180	5			183	sde_x-ray_183	P9163243.ORF	5	Sde-C-0449-E-mus	Sde-CLim_031	nsf-deb-spratelloidesdelicatulus-2024-2025	LIM-2025-07_01		Mariana Dehasque; Jason Selwyn; Chris Bird	Chris Bird			FALSE			
717	9/16/2025	Spratelloides delicatulus	40	180	5			184	sde_x-ray_184	P9163244.ORF	1	Sde-ABol_038-mus	Sde-ABol_038	usnm-albatross	120806	usnm_original	Mariana Dehasque; Jason Selwyn; Chris Bird	Chris Bird			FALSE			
718	9/16/2025	Spratelloides delicatulus	40	180	5			184	sde_x-ray_184	P9163244.ORF	2	Sde-ABol_023-mus	Sde-ABol_023	usnm-albatross	120806	usnm_original	Mariana Dehasque; Jason Selwyn; Chris Bird	Chris Bird			FALSE			
719	9/16/2025	Spratelloides delicatulus	40	180	5			184	sde_x-ray_184	P9163244.ORF	3	Sde-ABol_053-mus	Sde-ABol_053	usnm-albatross	120806	usnm_original	Mariana Dehasque; Jason Selwyn; Chris Bird	Chris Bird			FALSE			
720	9/16/2025	Spratelloides delicatulus	40	180	5			184	sde_x-ray_184	P9163244.ORF	4	Sde-C-0461-E-mus	Sde-CLim_043	nsf-deb-spratelloidesdelicatulus-2024-2025	LIM-2025-07_01		Mariana Dehasque; Jason Selwyn; Chris Bird	Chris Bird			FALSE			
721	9/16/2025	Spratelloides delicatulus	40	180	5			184	sde_x-ray_184	P9163244.ORF	5	Sde-C-0432-E-mus	Sde-CLim_014	nsf-deb-spratelloidesdelicatulus-2024-2025	LIM-2025-07_01		Mariana Dehasque; Jason Selwyn; Chris Bird	Chris Bird			FALSE			
722	9/16/2025	Spratelloides delicatulus	40	180	5			185	sde_x-ray_185	P9163245.ORF	1	Sde-ABol_033-mus	Sde-ABol_033	usnm-albatross	120806	usnm_original	Mariana Dehasque; Jason Selwyn; Chris Bird	Chris Bird			FALSE			
723	9/16/2025	Spratelloides delicatulus	40	180	5			185	sde_x-ray_185	P9163245.ORF	2	Sde-ABol_051-mus	Sde-ABol_051	usnm-albatross	120806	usnm_original	Mariana Dehasque; Jason Selwyn; Chris Bird	Chris Bird			FALSE			
724	9/16/2025	Spratelloides delicatulus	40	180	5			185	sde_x-ray_185	P9163245.ORF	3	Sde-C-0476-E-mus	Sde-CLim_058	nsf-deb-spratelloidesdelicatulus-2024-2025	LIM-2025-07_01		Mariana Dehasque; Jason Selwyn; Chris Bird	Chris Bird			FALSE			
725	9/16/2025	Spratelloides delicatulus	40	180	5			185	sde_x-ray_185	P9163245.ORF	4	Sde-C-0477-E-mus	Sde-CLim_059	nsf-deb-spratelloidesdelicatulus-2024-2025	LIM-2025-07_01		Mariana Dehasque; Jason Selwyn; Chris Bird	Chris Bird			FALSE			
726	9/16/2025	Spratelloides delicatulus	40	180	5			185	sde_x-ray_185	P9163245.ORF	5	Sde-C-0451-E-mus	Sde-CLim_033	nsf-deb-spratelloidesdelicatulus-2024-2025	LIM-2025-07_01		Mariana Dehasque; Jason Selwyn; Chris Bird	Chris Bird			FALSE			
727	9/16/2025	Spratelloides delicatulus	40	180	5			186	sde_x-ray_186	P9163246.ORF	1	Sde-ABol_035-mus	Sde-ABol_035	usnm-albatross	120806	usnm_original	Mariana Dehasque; Jason Selwyn; Chris Bird	Chris Bird			FALSE			
728	9/16/2025	Spratelloides delicatulus	40	180	5			186	sde_x-ray_186	P9163246.ORF	2	Sde-C-0427-E-mus	Sde-CLim_009	nsf-deb-spratelloidesdelicatulus-2024-2025	LIM-2025-07_01		Mariana Dehasque; Jason Selwyn; Chris Bird	Chris Bird			FALSE			
729	9/16/2025	Spratelloides delicatulus	40	180	5			186	sde_x-ray_186	P9163246.ORF	3	Sde-C-0421-E-mus	Sde-CLim_003	nsf-deb-spratelloidesdelicatulus-2024-2025	LIM-2025-07_01		Mariana Dehasque; Jason Selwyn; Chris Bird	Chris Bird			FALSE			
730	9/16/2025	Spratelloides delicatulus	40	180	5			186	sde_x-ray_186	P9163246.ORF	4	Sde-C-0429-E-mus	Sde-CLim_011	nsf-deb-spratelloidesdelicatulus-2024-2025	LIM-2025-07_01		Mariana Dehasque; Jason Selwyn; Chris Bird	Chris Bird			FALSE			
731	9/16/2025	Spratelloides delicatulus	40	180	5			186	sde_x-ray_186	P9163246.ORF	5	Sde-C-0464-E-mus	Sde-CLim_046	nsf-deb-spratelloidesdelicatulus-2024-2025	LIM-2025-07_01		Mariana Dehasque; Jason Selwyn; Chris Bird	Chris Bird			FALSE			
732	9/16/2025	Spratelloides delicatulus	40	180	5			187	sde_x-ray_187	P9163247.ORF	1	Sde-C-0469-E-mus	Sde-CLim_051	nsf-deb-spratelloidesdelicatulus-2024-2025	LIM-2025-07_01		Mariana Dehasque; Jason Selwyn; Chris Bird	Chris Bird			FALSE			
733	9/16/2025	Spratelloides delicatulus	40	180	5			187	sde_x-ray_187	P9163247.ORF	2	Sde-C-0457-E-mus	Sde-CLim_039	nsf-deb-spratelloidesdelicatulus-2024-2025	LIM-2025-07_01		Mariana Dehasque; Jason Selwyn; Chris Bird	Chris Bird			FALSE			
734	9/16/2025	Spratelloides delicatulus	40	180	5			187	sde_x-ray_187	P9163247.ORF	3	Sde-C-0448-E-mus	Sde-CLim_030	nsf-deb-spratelloidesdelicatulus-2024-2025	LIM-2025-07_01		Mariana Dehasque; Jason Selwyn; Chris Bird	Chris Bird			FALSE			
735	9/16/2025	Spratelloides delicatulus	40	180	5			187	sde_x-ray_187	P9163247.ORF	4	Sde-C-0422-E-mus	Sde-CLim_004	nsf-deb-spratelloidesdelicatulus-2024-2025	LIM-2025-07_01		Mariana Dehasque; Jason Selwyn; Chris Bird	Chris Bird			FALSE			
736	9/16/2025	Spratelloides delicatulus	40	180	5			187	sde_x-ray_187	P9163247.ORF	5	Sde-C-0452-E-mus	Sde-CLim_034	nsf-deb-spratelloidesdelicatulus-2024-2025	LIM-2025-07_01		Mariana Dehasque; Jason Selwyn; Chris Bird	Chris Bird			FALSE			
737	9/16/2025	Spratelloides delicatulus	40	180	5			188	sde_x-ray_188	P9163248.ORF	1	Sde-ABol_072-mus	Sde-ABol_072	usnm-albatross	120806	usnm_original	Mariana Dehasque; Jason Selwyn; Chris Bird	Chris Bird			FALSE			
738	9/16/2025	Spratelloides delicatulus	40	180	5			188	sde_x-ray_188	P9163248.ORF	2	Sde-ABol_040-mus	Sde-ABol_040	usnm-albatross	120806	usnm_original	Mariana Dehasque; Jason Selwyn; Chris Bird	Chris Bird			FALSE			
739	9/16/2025	Spratelloides delicatulus	40	180	5			188	sde_x-ray_188	P9163248.ORF	3	Sde-ABol_047-mus	Sde-ABol_047	usnm-albatross	120806	usnm_original	Mariana Dehasque; Jason Selwyn; Chris Bird	Chris Bird			FALSE			
740	9/16/2025	Spratelloides delicatulus	40	180	5			188	sde_x-ray_188	P9163248.ORF	4	Sde-C-0437-E-mus	Sde-CLim_019	nsf-deb-spratelloidesdelicatulus-2024-2025	LIM-2025-07_01		Mariana Dehasque; Jason Selwyn; Chris Bird	Chris Bird			FALSE			
741	9/16/2025	Spratelloides delicatulus	40	180	5			188	sde_x-ray_188	P9163248.ORF	5	Sde-C-0472-E-mus	Sde-CLim_054	nsf-deb-spratelloidesdelicatulus-2024-2025	LIM-2025-07_01		Mariana Dehasque; Jason Selwyn; Chris Bird	Chris Bird			FALSE			
742	9/16/2025	Spratelloides delicatulus	40	180	5			189	sde_x-ray_189	P9163249.ORF	1	Sde-ABol_050-mus	Sde-ABol_050	usnm-albatross	120806	usnm_original	Mariana Dehasque; Jason Selwyn; Chris Bird	Chris Bird			FALSE			
743	9/16/2025	Spratelloides delicatulus	40	180	5			189	sde_x-ray_189	P9163249.ORF	2	Sde-ABol_046-mus	Sde-ABol_046	usnm-albatross	120806	usnm_original	Mariana Dehasque; Jason Selwyn; Chris Bird	Chris Bird			FALSE			
744	9/16/2025	Spratelloides delicatulus	40	180	5			189	sde_x-ray_189	P9163249.ORF	3	Sde-C-0430-E-mus	Sde-CLim_012	nsf-deb-spratelloidesdelicatulus-2024-2025	LIM-2025-07_01		Mariana Dehasque; Jason Selwyn; Chris Bird	Chris Bird			FALSE			
745	9/16/2025	Spratelloides delicatulus	40	180	5			189	sde_x-ray_189	P9163249.ORF	4	Sde-C-0455-E-mus	Sde-CLim_037	nsf-deb-spratelloidesdelicatulus-2024-2025	LIM-2025-07_01		Mariana Dehasque; Jason Selwyn; Chris Bird	Chris Bird			FALSE			
746	9/16/2025	Spratelloides delicatulus	40	180	5			189	sde_x-ray_189	P9163249.ORF	5	Sde-C-0470-E-mus	Sde-CLim_052	nsf-deb-spratelloidesdelicatulus-2024-2025	LIM-2025-07_01		Mariana Dehasque; Jason Selwyn; Chris Bird	Chris Bird			FALSE			
747	9/16/2025	Spratelloides delicatulus	40	180	5			190	sde_x-ray_190	P9163250.ORF	1	Sde-ABol_027-mus	Sde-ABol_027	usnm-albatross	120806	usnm_original	Mariana Dehasque; Jason Selwyn; Chris Bird	Chris Bird			FALSE			
748	9/16/2025	Spratelloides delicatulus	40	180	5			190	sde_x-ray_190	P9163250.ORF	2	Sde-ABol_041-mus	Sde-ABol_041	usnm-albatross	120806	usnm_original	Mariana Dehasque; Jason Selwyn; Chris Bird	Chris Bird			FALSE			
749	9/16/2025	Spratelloides delicatulus	40	180	5			190	sde_x-ray_190	P9163250.ORF	3	Sde-ABol_057-mus	Sde-ABol_057	usnm-albatross	120806	usnm_original	Mariana Dehasque; Jason Selwyn; Chris Bird	Chris Bird			FALSE			
750	9/16/2025	Spratelloides delicatulus	40	180	5			190	sde_x-ray_190	P9163250.ORF	4	Sde-C-0463-E-mus	Sde-CLim_045	nsf-deb-spratelloidesdelicatulus-2024-2025	LIM-2025-07_01		Mariana Dehasque; Jason Selwyn; Chris Bird	Chris Bird			FALSE			
751	9/16/2025	Spratelloides delicatulus	40	180	5			190	sde_x-ray_190	P9163250.ORF	5	Sde-C-0438-E-mus	Sde-CLim_020	nsf-deb-spratelloidesdelicatulus-2024-2025	LIM-2025-07_01		Mariana Dehasque; Jason Selwyn; Chris Bird	Chris Bird			FALSE			
752	9/16/2025	Spratelloides delicatulus	40	180	5			191.1	sde_x-ray_191.1	P9163251.ORF	1	Sde-ABol_037-mus	Sde-ABol_037	usnm-albatross	120806	usnm_original	Mariana Dehasque; Jason Selwyn; Chris Bird	Chris Bird			FALSE			
753	9/16/2025	Spratelloides delicatulus	40	180	5			191.1	sde_x-ray_191.1	P9163251.ORF	2	Sde-C-0468-E-mus	Sde-CLim_050	nsf-deb-spratelloidesdelicatulus-2024-2025	LIM-2025-07_01		Mariana Dehasque; Jason Selwyn; Chris Bird	Chris Bird			FALSE			
754	9/16/2025	Spratelloides delicatulus	40	180	5			191.1	sde_x-ray_191.1	P9163251.ORF	3	Sde-C-0478-E-mus	Sde-CLim_060	nsf-deb-spratelloidesdelicatulus-2024-2025	LIM-2025-07_01		Mariana Dehasque; Jason Selwyn; Chris Bird	Chris Bird			FALSE			
755	9/16/2025	Spratelloides delicatulus	40	180	5			191.1	sde_x-ray_191.1	P9163251.ORF	4	Sde-C-0424-E-mus	Sde-CLim_006	nsf-deb-spratelloidesdelicatulus-2024-2025	LIM-2025-07_01		Mariana Dehasque; Jason Selwyn; Chris Bird	Chris Bird			FALSE			
756	9/16/2025	Spratelloides delicatulus	40	180	5			191.1	sde_x-ray_191.1	P9163251.ORF	5	Sde-C-0453-E-mus	Sde-CLim_035	nsf-deb-spratelloidesdelicatulus-2024-2025	LIM-2025-07_01		Mariana Dehasque; Jason Selwyn; Chris Bird	Chris Bird			FALSE			
757	9/16/2025	Spratelloides delicatulus	40	180	5			192	sde_x-ray_192	P9163252.ORF	1	Sde-ABol_058-mus	Sde-ABol_058	usnm-albatross	120806	usnm_original	Mariana Dehasque; Jason Selwyn; Chris Bird	Chris Bird			FALSE			
758	9/16/2025	Spratelloides delicatulus	40	180	5			192	sde_x-ray_192	P9163252.ORF	2	Sde-ABol_049-mus	Sde-ABol_049	usnm-albatross	120806	usnm_original	Mariana Dehasque; Jason Selwyn; Chris Bird	Chris Bird			FALSE			
759	9/16/2025	Spratelloides delicatulus	40	180	5			192	sde_x-ray_192	P9163252.ORF	3	Sde-C-0439-E-mus	Sde-CLim_021	nsf-deb-spratelloidesdelicatulus-2024-2025	LIM-2025-07_01		Mariana Dehasque; Jason Selwyn; Chris Bird	Chris Bird			FALSE			
760	9/16/2025	Spratelloides delicatulus	40	180	5			192	sde_x-ray_192	P9163252.ORF	4	Sde-C-0456-E-mus	Sde-CLim_038	nsf-deb-spratelloidesdelicatulus-2024-2025	LIM-2025-07_01		Mariana Dehasque; Jason Selwyn; Chris Bird	Chris Bird			FALSE			
761	9/16/2025	Spratelloides delicatulus	40	180	5			192	sde_x-ray_192	P9163252.ORF	5	Sde-C-0445-E-mus	Sde-CLim_027	nsf-deb-spratelloidesdelicatulus-2024-2025	LIM-2025-07_01		Mariana Dehasque; Jason Selwyn; Chris Bird	Chris Bird			FALSE			
762	9/16/2025	Spratelloides delicatulus	40	180	5			193.1	sde_x-ray_193.1	P9163253.ORF	1	Sde-ABol_052-mus	Sde-ABol_052	usnm-albatross	120806	usnm_original	Mariana Dehasque; Jason Selwyn; Chris Bird	Chris Bird			FALSE			
763	9/16/2025	Spratelloides delicatulus	40	180	5			193	sde_x-ray_193	P9163253.ORF	2	Sde-ABol_054-mus	Sde-ABol_054	usnm-albatross	120806	usnm_original	Mariana Dehasque; Jason Selwyn; Chris Bird	Chris Bird			FALSE			
764	9/16/2025	Spratelloides delicatulus	40	180	5			193	sde_x-ray_193	P9163253.ORF	3	Sde-C-0443-E-mus	Sde-CLim_025	nsf-deb-spratelloidesdelicatulus-2024-2025	LIM-2025-07_01		Mariana Dehasque; Jason Selwyn; Chris Bird	Chris Bird			FALSE			
765	9/16/2025	Spratelloides delicatulus	40	180	5			193	sde_x-ray_193	P9163253.ORF	4	Sde-C-0426-E-mus	Sde-CLim_008	nsf-deb-spratelloidesdelicatulus-2024-2025	LIM-2025-07_01		Mariana Dehasque; Jason Selwyn; Chris Bird	Chris Bird			FALSE			
766	9/16/2025	Spratelloides delicatulus	40	180	5			193	sde_x-ray_193	P9163253.ORF	5	Sde-C-0465-E-mus	Sde-CLim_047	nsf-deb-spratelloidesdelicatulus-2024-2025	LIM-2025-07_01		Mariana Dehasque; Jason Selwyn; Chris Bird	Chris Bird			FALSE			
767	9/16/2025	Spratelloides delicatulus	40	180	5			194.1	sde_x-ray_194.1	P9163254.ORF	1	Sde-C-0435-E-mus	Sde-CLim_017	nsf-deb-spratelloidesdelicatulus-2024-2025	LIM-2025-07_01		Mariana Dehasque; Jason Selwyn; Chris Bird	Chris Bird			FALSE			
768	9/16/2025	Spratelloides delicatulus	40	180	5			194.1	sde_x-ray_194.1	P9163254.ORF	2	Sde-C-0433-E-mus	Sde-CLim_015	nsf-deb-spratelloidesdelicatulus-2024-2025	LIM-2025-07_01		Mariana Dehasque; Jason Selwyn; Chris Bird	Chris Bird			FALSE			
769	9/16/2025	Spratelloides delicatulus	40	180	5			194.1	sde_x-ray_194.1	P9163254.ORF	3	Sde-C-0441-E-mus	Sde-CLim_023	nsf-deb-spratelloidesdelicatulus-2024-2025	LIM-2025-07_01		Mariana Dehasque; Jason Selwyn; Chris Bird	Chris Bird			FALSE			
770	9/16/2025	Spratelloides delicatulus	40	180	5			194.1	sde_x-ray_194.1	P9163254.ORF	4	Sde-C-0459-E-mus	Sde-CLim_041	nsf-deb-spratelloidesdelicatulus-2024-2025	LIM-2025-07_01		Mariana Dehasque; Jason Selwyn; Chris Bird	Chris Bird			FALSE			
771	9/16/2025	Spratelloides delicatulus	40	180	5			194.1	sde_x-ray_194.1	P9163254.ORF	5	Sde-C-0423-E-mus	Sde-CLim_005	nsf-deb-spratelloidesdelicatulus-2024-2025	LIM-2025-07_01		Mariana Dehasque; Jason Selwyn; Chris Bird	Chris Bird			FALSE			
772	9/17/2025	Spratelloides delicatulus	40	180	5			195	sde_x-ray_195	P9173256.ORF	1	Sde-ABol_055-mus	Sde-ABol_055	usnm-albatross	120806	usnm_original	Mariana Dehasque; Jason Selwyn; Chris Bird	Chris Bird			FALSE			
773	9/17/2025	Spratelloides delicatulus	40	180	5			195	sde_x-ray_195	P9173256.ORF	2	Sde-ABol_025-mus	Sde-ABol_025	usnm-albatross	120806	usnm_original	Mariana Dehasque; Jason Selwyn; Chris Bird	Chris Bird			FALSE			
774	9/17/2025	Spratelloides delicatulus	40	180	5			195	sde_x-ray_195	P9173256.ORF	3	Sde-ABol_030-mus	Sde-ABol_030	usnm-albatross	120806	usnm_original	Mariana Dehasque; Jason Selwyn; Chris Bird	Chris Bird			FALSE			
775	9/17/2025	Spratelloides delicatulus	40	180	5			195	sde_x-ray_195	P9173256.ORF	4	Sde-C-0419-E-mus	Sde-CLim_001	nsf-deb-spratelloidesdelicatulus-2024-2025	LIM-2025-07_01		Mariana Dehasque; Jason Selwyn; Chris Bird	Chris Bird	while processing xrays and subsampling, noticed there are two 0419.  This one was from Liminangcong		FALSE			
776	9/17/2025	Spratelloides delicatulus	40	180	5			195	sde_x-ray_195	P9173256.ORF	5	Sde-C-0446-E-mus	Sde-CLim_028	nsf-deb-spratelloidesdelicatulus-2024-2025	LIM-2025-07_01		Mariana Dehasque; Jason Selwyn; Chris Bird	Chris Bird			FALSE			
777	9/17/2025	Spratelloides delicatulus	40	180	5			196.1	sde_x-ray_196.1	P9173257.ORF	1	Sde-ABol_007-mus	Sde-ABol_007	usnm-albatross	120806	usnm_original	Mariana Dehasque; Jason Selwyn; Chris Bird	Chris Bird			FALSE			
778	9/17/2025	Spratelloides delicatulus	40	180	5			196.1	sde_x-ray_196.1	P9173257.ORF	2	Sde-ABol_014-mus	Sde-ABol_014	usnm-albatross	120806	usnm_original	Mariana Dehasque; Jason Selwyn; Chris Bird	Chris Bird			FALSE			
779	9/17/2025	Spratelloides delicatulus	40	180	5			196.1	sde_x-ray_196.1	P9173257.ORF	3	Sde-C-0474-E-mus	Sde-CLim_056	nsf-deb-spratelloidesdelicatulus-2024-2025	LIM-2025-07_01		Mariana Dehasque; Jason Selwyn; Chris Bird	Chris Bird			FALSE			
780	9/17/2025	Spratelloides delicatulus	40	180	5			196.1	sde_x-ray_196.1	P9173257.ORF	4	Sde-C-0447-E-mus	Sde-CLim_029	nsf-deb-spratelloidesdelicatulus-2024-2025	LIM-2025-07_01		Mariana Dehasque; Jason Selwyn; Chris Bird	Chris Bird			FALSE			
781	9/17/2025	Spratelloides delicatulus	40	180	5			196.1	sde_x-ray_196.1	P9173257.ORF	5	Sde-C-0462-E-mus	Sde-CLim_044	nsf-deb-spratelloidesdelicatulus-2024-2025	LIM-2025-07_01		Mariana Dehasque; Jason Selwyn; Chris Bird	Chris Bird			FALSE			
782	9/17/2025	Spratelloides delicatulus	40	180	5			197	sde_x-ray_197	P9173258.ORF	1	Sde-ABol_017-mus	Sde-ABol_017	usnm-albatross	120806	usnm_original	Mariana Dehasque; Jason Selwyn; Chris Bird	Chris Bird			FALSE			
783	9/17/2025	Spratelloides delicatulus	40	180	5			197	sde_x-ray_197	P9173258.ORF	2	Sde-ABol_020-mus	Sde-ABol_020	usnm-albatross	120806	usnm_original	Mariana Dehasque; Jason Selwyn; Chris Bird	Chris Bird			FALSE			
784	9/17/2025	Spratelloides delicatulus	40	180	5			197	sde_x-ray_197	P9173258.ORF	3	Sde-C-0428-E-mus	Sde-CLim_010	nsf-deb-spratelloidesdelicatulus-2024-2025	LIM-2025-07_01		Mariana Dehasque; Jason Selwyn; Chris Bird	Chris Bird			FALSE			
785	9/17/2025	Spratelloides delicatulus	40	180	5			197	sde_x-ray_197	P9173258.ORF	4	Sde-C-0436-E-mus	Sde-CLim_018	nsf-deb-spratelloidesdelicatulus-2024-2025	LIM-2025-07_01		Mariana Dehasque; Jason Selwyn; Chris Bird	Chris Bird			FALSE			
786	9/17/2025	Spratelloides delicatulus	40	180	5			197	sde_x-ray_197	P9173258.ORF	5	Sde-C-0458-E-mus	Sde-CLim_040	nsf-deb-spratelloidesdelicatulus-2024-2025	LIM-2025-07_01		Mariana Dehasque; Jason Selwyn; Chris Bird	Chris Bird			FALSE			
787	9/17/2025	Spratelloides delicatulus	40	180	5			198	sde_x-ray_198	P9173259.ORF	1	Sde-ABol_015-mus	Sde-ABol_015	usnm-albatross	120806	usnm_original	Mariana Dehasque; Jason Selwyn; Chris Bird	Chris Bird			FALSE			
788	9/17/2025	Spratelloides delicatulus	40	180	5			198	sde_x-ray_198	P9173259.ORF	2	Sde-ABol_004-mus	Sde-ABol_004	usnm-albatross	120806	usnm_original	Mariana Dehasque; Jason Selwyn; Chris Bird	Chris Bird			FALSE			
789	9/17/2025	Spratelloides delicatulus	40	180	5			198	sde_x-ray_198	P9173259.ORF	3	Sde-C-0466-E-mus	Sde-CLim_048	nsf-deb-spratelloidesdelicatulus-2024-2025	LIM-2025-07_01		Mariana Dehasque; Jason Selwyn; Chris Bird	Chris Bird			FALSE			
790	9/17/2025	Spratelloides delicatulus	40	180	5			198	sde_x-ray_198	P9173259.ORF	4	Sde-C-0434-E-mus	Sde-CLim_016	nsf-deb-spratelloidesdelicatulus-2024-2025	LIM-2025-07_01		Mariana Dehasque; Jason Selwyn; Chris Bird	Chris Bird			FALSE			
791	9/17/2025	Spratelloides delicatulus	40	180	5			198	sde_x-ray_198	P9173259.ORF	5	Sde-C-0450-E-mus	Sde-CLim_032	nsf-deb-spratelloidesdelicatulus-2024-2025	LIM-2025-07_01		Mariana Dehasque; Jason Selwyn; Chris Bird	Chris Bird			FALSE			
792	9/17/2025	Spratelloides delicatulus	40	180	5			199	sde_x-ray_199	P9173260.ORF	1	Sde-ABol_019-mus	Sde-ABol_019	usnm-albatross	120806	usnm_original	Mariana Dehasque; Jason Selwyn; Chris Bird	Chris Bird			FALSE			
793	9/17/2025	Spratelloides delicatulus	40	180	5			199	sde_x-ray_199	P9173260.ORF	2	Sde-ABol_016-mus	Sde-ABol_016	usnm-albatross	120806	usnm_original	Mariana Dehasque; Jason Selwyn; Chris Bird	Chris Bird			FALSE			
794	9/17/2025	Spratelloides delicatulus	40	180	5			199	sde_x-ray_199	P9173260.ORF	3	Sde-C-0431-E-mus	Sde-CLim_013	nsf-deb-spratelloidesdelicatulus-2024-2025	LIM-2025-07_01		Mariana Dehasque; Jason Selwyn; Chris Bird	Chris Bird			FALSE			
795	9/17/2025	Spratelloides delicatulus	40	180	5			199	sde_x-ray_199	P9173260.ORF	4	Sde-C-0440-E-mus	Sde-CLim_022	nsf-deb-spratelloidesdelicatulus-2024-2025	LIM-2025-07_01		Mariana Dehasque; Jason Selwyn; Chris Bird	Chris Bird			FALSE			
796	9/17/2025	Spratelloides delicatulus	40	180	5			199	sde_x-ray_199	P9173260.ORF	5	Sde-C-0420-E-mus	Sde-CLim_002	nsf-deb-spratelloidesdelicatulus-2024-2025	LIM-2025-07_01		Mariana Dehasque; Jason Selwyn; Chris Bird	Chris Bird			FALSE			
797	9/17/2025	Spratelloides delicatulus	40	180	5			200	sde_x-ray_200	P9173261.ORF	1	Sde-C-0414-E-mus	Sde-CPla_107	nsf-deb-spratelloidesdelicatulus-2024-2025	PLA-2025-04_01		Mariana Dehasque; Jason Selwyn; Chris Bird	Chris Bird			FALSE			
798	9/17/2025	Spratelloides delicatulus	40	180	5			200	sde_x-ray_200	P9173261.ORF	2	Sde-C-0385-E-mus	Sde-CPla_078	nsf-deb-spratelloidesdelicatulus-2024-2025	PLA-2025-04_01		Mariana Dehasque; Jason Selwyn; Chris Bird	Chris Bird			FALSE			
799	9/17/2025	Spratelloides delicatulus	40	180	5			200	sde_x-ray_200	P9173261.ORF	3	Sde-C-0361-E-mus	Sde-CPla_054	nsf-deb-spratelloidesdelicatulus-2024-2025	PLA-2025-04_01		Mariana Dehasque; Jason Selwyn; Chris Bird	Chris Bird			FALSE			
800	9/17/2025	Spratelloides delicatulus	40	180	5			200.1	sde_x-ray_200.1	P9173261.ORF	4	Sde-C-0413-E-mus	Sde-CPla_106	nsf-deb-spratelloidesdelicatulus-2024-2025	PLA-2025-04_01		Mariana Dehasque; Jason Selwyn; Chris Bird	Chris Bird			FALSE			
801	9/17/2025	Spratelloides delicatulus	40	180	5			201.1	sde_x-ray_201.1	P9173262.ORF	1	Sde-C-0393-E-mus	Sde-CPla_086	nsf-deb-spratelloidesdelicatulus-2024-2025	PLA-2025-04_01		Mariana Dehasque; Jason Selwyn; Chris Bird	Chris Bird			FALSE			
802	9/17/2025	Spratelloides delicatulus	40	180	5			201.1	sde_x-ray_201.1	P9173262.ORF	2	Sde-C-0391-E-mus	Sde-CPla_084	nsf-deb-spratelloidesdelicatulus-2024-2025	PLA-2025-04_01		Mariana Dehasque; Jason Selwyn; Chris Bird	Chris Bird			FALSE			
803	9/17/2025	Spratelloides delicatulus	40	180	5			201.1	sde_x-ray_201.1	P9173262.ORF	3	Sde-C-0406-E-mus	Sde-CPla_099	nsf-deb-spratelloidesdelicatulus-2024-2025	PLA-2025-04_01		Mariana Dehasque; Jason Selwyn; Chris Bird	Chris Bird			FALSE			
804	9/17/2025	Spratelloides delicatulus	40	180	5			201.1	sde_x-ray_201.1	P9173262.ORF	4	Sde-C-0411-E-mus	Sde-CPla_104	nsf-deb-spratelloidesdelicatulus-2024-2025	PLA-2025-04_01		Mariana Dehasque; Jason Selwyn; Chris Bird	Chris Bird			FALSE			
805	9/17/2025	Spratelloides delicatulus	40	180	5			202	sde_x-ray_202	P9173263.ORF	1	Sde-ABol_005-mus	Sde-ABol_005	usnm-albatross	120806	usnm_original	Mariana Dehasque; Jason Selwyn; Chris Bird	Chris Bird			FALSE			
806	9/17/2025	Spratelloides delicatulus	40	180	5			202	sde_x-ray_202	P9173263.ORF	2	Sde-ABol_001-mus	Sde-ABol_001	usnm-albatross	120806	usnm_original	Mariana Dehasque; Jason Selwyn; Chris Bird	Chris Bird			FALSE			
807	9/17/2025	Spratelloides delicatulus	40	180	5			202	sde_x-ray_202	P9173263.ORF	3	Sde-ABol_031-mus	Sde-ABol_031	usnm-albatross	120806	usnm_original	Mariana Dehasque; Jason Selwyn; Chris Bird	Chris Bird			FALSE			
808	9/17/2025	Spratelloides delicatulus	40	180	5			202	sde_x-ray_202	P9173263.ORF	4	Sde-ABol_024-mus	Sde-ABol_024	usnm-albatross	120806	usnm_original	Mariana Dehasque; Jason Selwyn; Chris Bird	Chris Bird			FALSE			
809	9/17/2025	Spratelloides delicatulus	40	180	5			202	sde_x-ray_202	P9173263.ORF	5	Sde-ABol_029-mus	Sde-ABol_029	usnm-albatross	120806	usnm_original	Mariana Dehasque; Jason Selwyn; Chris Bird	Chris Bird			FALSE			
810	9/17/2025	Spratelloides delicatulus	40	180	5			203	sde_x-ray_203	P9173264.ORF	1	Sde-C-0407-E-mus	Sde-CPla_100	nsf-deb-spratelloidesdelicatulus-2024-2025	PLA-2025-04_01		Mariana Dehasque; Jason Selwyn; Chris Bird	Chris Bird			FALSE			
811	9/17/2025	Spratelloides delicatulus	40	180	5			203	sde_x-ray_203	P9173264.ORF	2	Sde-C-0366-E-mus	Sde-CPla_059	nsf-deb-spratelloidesdelicatulus-2024-2025	PLA-2025-04_01		Mariana Dehasque; Jason Selwyn; Chris Bird	Chris Bird			FALSE			
812	9/17/2025	Spratelloides delicatulus	40	180	5			203	sde_x-ray_203	P9173264.ORF	3	Sde-C-0418-E-mus	Sde-CPla_111	nsf-deb-spratelloidesdelicatulus-2024-2025	PLA-2025-04_01		Mariana Dehasque; Jason Selwyn; Chris Bird	Chris Bird			FALSE			
813	9/17/2025	Spratelloides delicatulus	40	180	5			203.1	sde_x-ray_203.1	P9173264.ORF	4	Sde-C-0398-E-mus	Sde-CPla_091	nsf-deb-spratelloidesdelicatulus-2024-2025	PLA-2025-04_01		Mariana Dehasque; Jason Selwyn; Chris Bird	Chris Bird			FALSE			
814	9/17/2025	Spratelloides delicatulus	40	180	5			204	sde_x-ray_204	P9173265.ORF	1	Sde-C-0397-E-mus	Sde-CPla_090	nsf-deb-spratelloidesdelicatulus-2024-2025	PLA-2025-04_01		Mariana Dehasque; Jason Selwyn; Chris Bird	Chris Bird			FALSE			
815	9/17/2025	Spratelloides delicatulus	40	180	5			204	sde_x-ray_204	P9173265.ORF	2	Sde-C-0368-E-mus	Sde-CPla_061	nsf-deb-spratelloidesdelicatulus-2024-2025	PLA-2025-04_01		Mariana Dehasque; Jason Selwyn; Chris Bird	Chris Bird			FALSE			
816	9/17/2025	Spratelloides delicatulus	40	180	5			204	sde_x-ray_204	P9173265.ORF	3	Sde-C-0369-E-mus	Sde-CPla_062	nsf-deb-spratelloidesdelicatulus-2024-2025	PLA-2025-04_01		Mariana Dehasque; Jason Selwyn; Chris Bird	Chris Bird			FALSE			
817	9/17/2025	Spratelloides delicatulus	40	180	5			204.1	sde_x-ray_204.1	P9173265.ORF	4	Sde-C-0388-E-mus	Sde-CPla_081	nsf-deb-spratelloidesdelicatulus-2024-2025	PLA-2025-04_01		Mariana Dehasque; Jason Selwyn; Chris Bird	Chris Bird			FALSE			
818	9/17/2025	Spratelloides delicatulus	40	180	5			205.1	sde_x-ray_205.1	P9173266.ORF	1	Sde-C-0365-E-mus	Sde-CPla_058	nsf-deb-spratelloidesdelicatulus-2024-2025	PLA-2025-04_01		Mariana Dehasque; Jason Selwyn; Chris Bird	Chris Bird			FALSE			
819	9/17/2025	Spratelloides delicatulus	40	180	5			205.1	sde_x-ray_205.1	P9173266.ORF	2	Sde-C-0417-E-mus	Sde-CPla_110	nsf-deb-spratelloidesdelicatulus-2024-2025	PLA-2025-04_01		Mariana Dehasque; Jason Selwyn; Chris Bird	Chris Bird			FALSE			
820	9/17/2025	Spratelloides delicatulus	40	180	5			205.1	sde_x-ray_205.1	P9173266.ORF	3	Sde-C-0400-E-mus	Sde-CPla_093	nsf-deb-spratelloidesdelicatulus-2024-2025	PLA-2025-04_01		Mariana Dehasque; Jason Selwyn; Chris Bird	Chris Bird			FALSE			
821	9/17/2025	Spratelloides delicatulus	40	180	5			205.2	sde_x-ray_205.2	P9173266.ORF	4	Sde-C-0410-E-mus	Sde-CPla_103	nsf-deb-spratelloidesdelicatulus-2024-2025	PLA-2025-04_01		Mariana Dehasque; Jason Selwyn; Chris Bird	Chris Bird			FALSE			
822	9/17/2025	Spratelloides delicatulus	40	180	5			206	sde_x-ray_206	P9173267.ORF	1	Sde-ABol_026-mus	Sde-ABol_026	usnm-albatross	120806	usnm_original	Mariana Dehasque; Jason Selwyn; Chris Bird	Chris Bird			FALSE			
823	9/17/2025	Spratelloides delicatulus	40	180	5			206	sde_x-ray_206	P9173267.ORF	2	Sde-ABol_012-mus	Sde-ABol_012	usnm-albatross	120806	usnm_original	Mariana Dehasque; Jason Selwyn; Chris Bird	Chris Bird			FALSE			
824	9/17/2025	Spratelloides delicatulus	40	180	5			206	sde_x-ray_206	P9173267.ORF	3	Sde-ABol_021-mus	Sde-ABol_021	usnm-albatross	120806	usnm_original	Mariana Dehasque; Jason Selwyn; Chris Bird	Chris Bird			FALSE			
825	9/17/2025	Spratelloides delicatulus	40	180	5			206	sde_x-ray_206	P9173267.ORF	4	Sde-ABol_032-mus	Sde-ABol_032	usnm-albatross	120806	usnm_original	Mariana Dehasque; Jason Selwyn; Chris Bird	Chris Bird			FALSE			
826	9/17/2025	Spratelloides delicatulus	40	180	5			206	sde_x-ray_206	P9173267.ORF	5	Sde-ABol_006-mus	Sde-ABol_006	usnm-albatross	120806	usnm_original	Mariana Dehasque; Jason Selwyn; Chris Bird	Chris Bird			FALSE			
827	9/17/2025	Spratelloides delicatulus	40	180	5			207	sde_x-ray_207	P9173268.ORF	1	Sde-ABol_028-mus	Sde-ABol_028	usnm-albatross	120806	usnm_original	Mariana Dehasque; Jason Selwyn; Chris Bird	Chris Bird			FALSE			
828	9/17/2025	Spratelloides delicatulus	40	180	5			207	sde_x-ray_207	P9173268.ORF	2	Sde-ABol_011-mus	Sde-ABol_011	usnm-albatross	120806	usnm_original	Mariana Dehasque; Jason Selwyn; Chris Bird	Chris Bird			FALSE			
829	9/17/2025	Spratelloides delicatulus	40	180	5			207	sde_x-ray_207	P9173268.ORF	3	Sde-ABol_010-mus	Sde-ABol_010	usnm-albatross	120806	usnm_original	Mariana Dehasque; Jason Selwyn; Chris Bird	Chris Bird			FALSE			
830	9/17/2025	Spratelloides delicatulus	40	180	5			207	sde_x-ray_207	P9173268.ORF	4	Sde-ABol_018-mus	Sde-ABol_018	usnm-albatross	120806	usnm_original	Mariana Dehasque; Jason Selwyn; Chris Bird	Chris Bird			FALSE			
831	9/17/2025	Spratelloides delicatulus	40	180	5			207	sde_x-ray_207	P9173268.ORF	5	Sde-ABol_013-mus	Sde-ABol_013	usnm-albatross	120806	usnm_original	Mariana Dehasque; Jason Selwyn; Chris Bird	Chris Bird			FALSE			
832	9/17/2025	Spratelloides delicatulus	40	180	5			208	sde_x-ray_208	P9173269.ORF	1	Sde-C-0408-E-mus	Sde-CPla_101	nsf-deb-spratelloidesdelicatulus-2024-2025	PLA-2025-04_01		Mariana Dehasque; Jason Selwyn; Chris Bird	Chris Bird			FALSE			
833	9/17/2025	Spratelloides delicatulus	40	180	5			208	sde_x-ray_208	P9173269.ORF	2	Sde-C-0382-E-mus	Sde-CPla_075	nsf-deb-spratelloidesdelicatulus-2024-2025	PLA-2025-04_01		Mariana Dehasque; Jason Selwyn; Chris Bird	Chris Bird			FALSE			
834	9/17/2025	Spratelloides delicatulus	40	180	5			208	sde_x-ray_208	P9173269.ORF	3	Sde-C-0378-E-mus	Sde-CPla_071	nsf-deb-spratelloidesdelicatulus-2024-2025	PLA-2025-04_01		Mariana Dehasque; Jason Selwyn; Chris Bird	Chris Bird			FALSE			
835	9/17/2025	Spratelloides delicatulus	40	180	5			209	sde_x-ray_209	P9173270.ORF	1	Sde-C-0371-E-mus	Sde-CPla_064	nsf-deb-spratelloidesdelicatulus-2024-2025	PLA-2025-04_01		Mariana Dehasque; Jason Selwyn; Chris Bird	Chris Bird			FALSE			
836	9/17/2025	Spratelloides delicatulus	40	180	5			209	sde_x-ray_209	P9173270.ORF	2	Sde-C-0383-E-mus	Sde-CPla_076	nsf-deb-spratelloidesdelicatulus-2024-2025	PLA-2025-04_01		Mariana Dehasque; Jason Selwyn; Chris Bird	Chris Bird			FALSE			
837	9/17/2025	Spratelloides delicatulus	40	180	5			209	sde_x-ray_209	P9173270.ORF	3	Sde-C-0387-E-mus	Sde-CPla_080	nsf-deb-spratelloidesdelicatulus-2024-2025	PLA-2025-04_01		Mariana Dehasque; Jason Selwyn; Chris Bird	Chris Bird			FALSE			
838	9/17/2025	Spratelloides delicatulus	40	180	5			210.1	sde_x-ray_210.1	P9173271.ORF	1	Sde-C-0364-E-mus	Sde-CPla_057	nsf-deb-spratelloidesdelicatulus-2024-2025	PLA-2025-04_01		Mariana Dehasque; Jason Selwyn; Chris Bird	Chris Bird			FALSE			
839	9/17/2025	Spratelloides delicatulus	40	180	5			210	sde_x-ray_210	P9173271.ORF	2	Sde-C-0389-E-mus	Sde-CPla_082	nsf-deb-spratelloidesdelicatulus-2024-2025	PLA-2025-04_01		Mariana Dehasque; Jason Selwyn; Chris Bird	Chris Bird			FALSE			
840	9/17/2025	Spratelloides delicatulus	40	180	5			210	sde_x-ray_210	P9173271.ORF	3	Sde-C-0370-E-mus	Sde-CPla_063	nsf-deb-spratelloidesdelicatulus-2024-2025	PLA-2025-04_01		Mariana Dehasque; Jason Selwyn; Chris Bird	Chris Bird			FALSE			
841	9/17/2025	Spratelloides delicatulus	40	180	5			210	sde_x-ray_210	P9173271.ORF	4	Sde-C-0399-E-mus	Sde-CPla_092	nsf-deb-spratelloidesdelicatulus-2024-2025	PLA-2025-04_01		Mariana Dehasque; Jason Selwyn; Chris Bird	Chris Bird			FALSE			
842	9/17/2025	Spratelloides delicatulus	40	180	5			211.1	sde_x-ray_211.1	P9173272.ORF	1	Sde-C-0384-E-mus	Sde-CPla_077	nsf-deb-spratelloidesdelicatulus-2024-2025	PLA-2025-04_01		Mariana Dehasque; Jason Selwyn; Chris Bird	Chris Bird			FALSE			
843	9/17/2025	Spratelloides delicatulus	40	180	5			211	sde_x-ray_211	P9173272.ORF	2	Sde-C-0381-E-mus	Sde-CPla_074	nsf-deb-spratelloidesdelicatulus-2024-2025	PLA-2025-04_01		Mariana Dehasque; Jason Selwyn; Chris Bird	Chris Bird			FALSE			
844	9/17/2025	Spratelloides delicatulus	40	180	5			211	sde_x-ray_211	P9173272.ORF	3	Sde-C-0395-E-mus	Sde-CPla_088	nsf-deb-spratelloidesdelicatulus-2024-2025	PLA-2025-04_01		Mariana Dehasque; Jason Selwyn; Chris Bird	Chris Bird			FALSE			
845	9/17/2025	Spratelloides delicatulus	40	180	5			211	sde_x-ray_211	P9173272.ORF	4	Sde-C-0409-E-mus	Sde-CPla_102	nsf-deb-spratelloidesdelicatulus-2024-2025	PLA-2025-04_01		Mariana Dehasque; Jason Selwyn; Chris Bird	Chris Bird			FALSE			
846	9/17/2025	Spratelloides delicatulus	40	180	5			212	sde_x-ray_212	P9173273.ORF	1	Sde-C-0373-E-mus	Sde-CPla_066	nsf-deb-spratelloidesdelicatulus-2024-2025	PLA-2025-04_01		Mariana Dehasque; Jason Selwyn; Chris Bird	Chris Bird			FALSE			
847	9/17/2025	Spratelloides delicatulus	40	180	5			212	sde_x-ray_212	P9173273.ORF	2	Sde-C-0376-E-mus	Sde-CPla_069	nsf-deb-spratelloidesdelicatulus-2024-2025	PLA-2025-04_01		Mariana Dehasque; Jason Selwyn; Chris Bird	Chris Bird			FALSE			
848	9/17/2025	Spratelloides delicatulus	40	180	5			212	sde_x-ray_212	P9173273.ORF	3	Sde-C-0380-E-mus	Sde-CPla_073	nsf-deb-spratelloidesdelicatulus-2024-2025	PLA-2025-04_01		Mariana Dehasque; Jason Selwyn; Chris Bird	Chris Bird			FALSE			
849	9/17/2025	Spratelloides delicatulus	40	180	5			212.1	sde_x-ray_212.1	P9173273.ORF	4	Sde-C-0394-E-mus	Sde-CPla_087	nsf-deb-spratelloidesdelicatulus-2024-2025	PLA-2025-04_01		Mariana Dehasque; Jason Selwyn; Chris Bird	Chris Bird			FALSE			
850	9/17/2025	Spratelloides delicatulus	40	180	5			213	sde_x-ray_213	P9173274.ORF	1	Sde-ABol_003-mus	Sde-ABol_003	usnm-albatross	120806	usnm_original	Mariana Dehasque; Jason Selwyn; Chris Bird	Chris Bird			FALSE			
851	9/17/2025	Spratelloides delicatulus	40	180	5			213	sde_x-ray_213	P9173274.ORF	2	Sde-ABol_008-mus	Sde-ABol_008	usnm-albatross	120806	usnm_original	Mariana Dehasque; Jason Selwyn; Chris Bird	Chris Bird			FALSE			
852	9/17/2025	Spratelloides delicatulus	40	180	5			213	sde_x-ray_213	P9173274.ORF	3	Sde-ABol_022-mus	Sde-ABol_022	usnm-albatross	120806	usnm_original	Mariana Dehasque; Jason Selwyn; Chris Bird	Chris Bird			FALSE			
853	9/17/2025	Spratelloides delicatulus	40	180	5			213	sde_x-ray_213	P9173274.ORF	4	Sde-ABol_002-mus	Sde-ABol_002	usnm-albatross	120806	usnm_original	Mariana Dehasque; Jason Selwyn; Chris Bird	Chris Bird			FALSE			
854	9/17/2025	Spratelloides delicatulus	40	180	5			213	sde_x-ray_213	P9173274.ORF	5	Sde-ABol_009-mus	Sde-ABol_009	usnm-albatross	120806	usnm_original	Mariana Dehasque; Jason Selwyn; Chris Bird	Chris Bird			FALSE			
855	9/17/2025	Spratelloides delicatulus	40	180	5			214	sde_x-ray_214	P9173275.ORF	1	Sde-C-0419b-E-mus	Sde-CPla_112	nsf-deb-spratelloidesdelicatulus-2024-2025	PLA-2025-04_01		Mariana Dehasque; Jason Selwyn; Chris Bird	Chris Bird	while processing xrays and subsampling, noticed there are two 0419.  This one was from Plaridel		FALSE			
856	9/17/2025	Spratelloides delicatulus	40	180	5			214	sde_x-ray_214	P9173275.ORF	2	Sde-C-0363-E-mus	Sde-CPla_056	nsf-deb-spratelloidesdelicatulus-2024-2025	PLA-2025-04_01		Mariana Dehasque; Jason Selwyn; Chris Bird	Chris Bird			FALSE			
857	9/17/2025	Spratelloides delicatulus	40	180	5			214	sde_x-ray_214	P9173275.ORF	3	Sde-C-0367-E-mus	Sde-CPla_060	nsf-deb-spratelloidesdelicatulus-2024-2025	PLA-2025-04_01		Mariana Dehasque; Jason Selwyn; Chris Bird	Chris Bird			FALSE			
858	9/17/2025	Spratelloides delicatulus	40	180	5			215	sde_x-ray_215	P9173276.ORF	1	Sde-C-0416-E-mus	Sde-CPla_109	nsf-deb-spratelloidesdelicatulus-2024-2025	PLA-2025-04_01		Mariana Dehasque; Jason Selwyn; Chris Bird	Chris Bird			FALSE			
859	9/17/2025	Spratelloides delicatulus	40	180	5			215	sde_x-ray_215	P9173276.ORF	2	Sde-C-0402-E-mus	Sde-CPla_095	nsf-deb-spratelloidesdelicatulus-2024-2025	PLA-2025-04_01		Mariana Dehasque; Jason Selwyn; Chris Bird	Chris Bird			FALSE			
860	9/17/2025	Spratelloides delicatulus	40	180	5			215	sde_x-ray_215	P9173276.ORF	3	Sde-C-0392-E-mus	Sde-CPla_085	nsf-deb-spratelloidesdelicatulus-2024-2025	PLA-2025-04_01		Mariana Dehasque; Jason Selwyn; Chris Bird	Chris Bird			FALSE			
861	9/17/2025	Spratelloides delicatulus	40	180	5			216.1	sde_x-ray_216.1	P9173277.ORF	1	Sde-C-0405-E-mus	Sde-CPla_098	nsf-deb-spratelloidesdelicatulus-2024-2025	PLA-2025-04_01		Mariana Dehasque; Jason Selwyn; Chris Bird	Chris Bird			FALSE			
862	9/17/2025	Spratelloides delicatulus	40	180	5			216	sde_x-ray_216	P9173277.ORF	2	Sde-C-0362-E-mus	Sde-CPla_055	nsf-deb-spratelloidesdelicatulus-2024-2025	PLA-2025-04_01		Mariana Dehasque; Jason Selwyn; Chris Bird	Chris Bird			FALSE			
863	9/17/2025	Spratelloides delicatulus	40	180	5			216	sde_x-ray_216	P9173277.ORF	3	Sde-C-0374-E-mus	Sde-CPla_067	nsf-deb-spratelloidesdelicatulus-2024-2025	PLA-2025-04_01		Mariana Dehasque; Jason Selwyn; Chris Bird	Chris Bird			FALSE			
864	9/17/2025	Spratelloides delicatulus	40	180	5			216	sde_x-ray_216	P9173277.ORF	4	Sde-C-0379-E-mus	Sde-CPla_072	nsf-deb-spratelloidesdelicatulus-2024-2025	PLA-2025-04_01		Mariana Dehasque; Jason Selwyn; Chris Bird	Chris Bird			FALSE			
865	9/17/2025	Spratelloides delicatulus	40	180	5			217	sde_x-ray_217	P9173278.ORF	1	Sde-C-0415-E-mus	Sde-CPla_108	nsf-deb-spratelloidesdelicatulus-2024-2025	PLA-2025-04_01		Mariana Dehasque; Jason Selwyn; Chris Bird	Chris Bird			FALSE			
866	9/17/2025	Spratelloides delicatulus	40	180	5			217	sde_x-ray_217	P9173278.ORF	2	Sde-C-0375-E-mus	Sde-CPla_068	nsf-deb-spratelloidesdelicatulus-2024-2025	PLA-2025-04_01		Mariana Dehasque; Jason Selwyn; Chris Bird	Chris Bird			FALSE			
867	9/17/2025	Spratelloides delicatulus	40	180	5			217	sde_x-ray_217	P9173278.ORF	3	Sde-C-0412-E-mus	Sde-CPla_105	nsf-deb-spratelloidesdelicatulus-2024-2025	PLA-2025-04_01		Mariana Dehasque; Jason Selwyn; Chris Bird	Chris Bird			FALSE			
868	9/17/2025	Spratelloides delicatulus	40	180	5			217.1	sde_x-ray_217.1	P9173278.ORF	4	Sde-C-0401-E-mus	Sde-CPla_094	nsf-deb-spratelloidesdelicatulus-2024-2025	PLA-2025-04_01		Mariana Dehasque; Jason Selwyn; Chris Bird	Chris Bird			FALSE			
869	9/17/2025	Spratelloides delicatulus	40	180	5			217.1	sde_x-ray_217.1	P9173279.ORF	5	Sde-C-0396-E-mus	Sde-CPla_089	nsf-deb-spratelloidesdelicatulus-2024-2025	PLA-2025-04_01		Mariana Dehasque; Jason Selwyn; Chris Bird	Chris Bird			FALSE			
870	9/17/2025	Spratelloides delicatulus	40	180	5			218	sde_x-ray_218	P9173280.ORF	1	Sde-ABol_096-mus	Sde-ABol_096	usnm-albatross	120806	usnm_original	Mariana Dehasque; Jason Selwyn; Chris Bird	Chris Bird			FALSE			
871	9/17/2025	Spratelloides delicatulus	40	180	5			218	sde_x-ray_218	P9173280.ORF	2	Sde-ABol_087-mus	Sde-ABol_087	usnm-albatross	120806	usnm_original	Mariana Dehasque; Jason Selwyn; Chris Bird	Chris Bird			FALSE			
872	9/17/2025	Spratelloides delicatulus	40	180	5			218	sde_x-ray_218	P9173280.ORF	3	Sde-ABol_094-mus	Sde-ABol_094	usnm-albatross	120806	usnm_original	Mariana Dehasque; Jason Selwyn; Chris Bird	Chris Bird			FALSE			
873	9/17/2025	Spratelloides delicatulus	40	180	5			218	sde_x-ray_218	P9173280.ORF	4	Sde-ABol_089-mus	Sde-ABol_089	usnm-albatross	120806	usnm_original	Mariana Dehasque; Jason Selwyn; Chris Bird	Chris Bird			FALSE			
874	9/17/2025	Spratelloides delicatulus	40	180	5			218	sde_x-ray_218	P9173280.ORF	5	Sde-ABol_090-mus	Sde-ABol_090	usnm-albatross	120806	usnm_original	Mariana Dehasque; Jason Selwyn; Chris Bird	Chris Bird			FALSE			
875	9/17/2025	Spratelloides delicatulus	40	180	5			219	sde_x-ray_219	P9173281.ORF	1	Sde-ABol_086-mus	Sde-ABol_086	usnm-albatross	120806	usnm_original	Mariana Dehasque; Jason Selwyn; Chris Bird	Chris Bird			FALSE			
876	9/17/2025	Spratelloides delicatulus	40	180	5			219	sde_x-ray_219	P9173281.ORF	2	Sde-ABol_092-mus	Sde-ABol_092	usnm-albatross	120806	usnm_original	Mariana Dehasque; Jason Selwyn; Chris Bird	Chris Bird			FALSE			
877	9/17/2025	Spratelloides delicatulus	40	180	5			219	sde_x-ray_219	P9173281.ORF	3	Sde-ABol_091-mus	Sde-ABol_091	usnm-albatross	120806	usnm_original	Mariana Dehasque; Jason Selwyn; Chris Bird	Chris Bird			FALSE			
878	9/17/2025	Spratelloides delicatulus	40	180	5			220	sde_x-ray_220	P9173282.ORF	1	Sde-C-0390-E-mus	Sde-CPla_083	nsf-deb-spratelloidesdelicatulus-2024-2025	PLA-2025-04_01		Mariana Dehasque; Jason Selwyn; Chris Bird	Chris Bird			FALSE			
879	9/17/2025	Spratelloides delicatulus	40	180	5			220	sde_x-ray_220	P9173282.ORF	2	Sde-C-0377-E-mus	Sde-CPla_070	nsf-deb-spratelloidesdelicatulus-2024-2025	PLA-2025-04_01		Mariana Dehasque; Jason Selwyn; Chris Bird	Chris Bird			FALSE			
880	9/17/2025	Spratelloides delicatulus	40	180	5			220	sde_x-ray_220	P9173282.ORF	3	Sde-C-0360-E-mus	Sde-CPla_053	nsf-deb-spratelloidesdelicatulus-2024-2025	PLA-2025-04_01		Mariana Dehasque; Jason Selwyn; Chris Bird	Chris Bird			FALSE			
881	9/17/2025	Spratelloides delicatulus	40	180	5			220.1	sde_x-ray_220.1	P9173282.ORF	4	Sde-C-0372-E-mus	Sde-CPla_065	nsf-deb-spratelloidesdelicatulus-2024-2025	PLA-2025-04_01		Mariana Dehasque; Jason Selwyn; Chris Bird	Chris Bird			FALSE			
882	9/17/2025	Spratelloides delicatulus	40	180	5			221	sde_x-ray_221	P9173283.ORF	1	Sde-C-0403-E-mus	Sde-CPla_096	nsf-deb-spratelloidesdelicatulus-2024-2025	PLA-2025-04_01		Mariana Dehasque; Jason Selwyn; Chris Bird	Chris Bird			FALSE			
883	9/17/2025	Spratelloides delicatulus	40	180	5			221	sde_x-ray_221	P9173283.ORF	2	Sde-C-0404-E-mus	Sde-CPla_097	nsf-deb-spratelloidesdelicatulus-2024-2025	PLA-2025-04_01		Mariana Dehasque; Jason Selwyn; Chris Bird	Chris Bird			FALSE			
884	9/17/2025	Spratelloides delicatulus	40	180	5			221	sde_x-ray_221	P9173283.ORF	3	Sde-C-0386-E-mus	Sde-CPla_079	nsf-deb-spratelloidesdelicatulus-2024-2025	PLA-2025-04_01		Mariana Dehasque; Jason Selwyn; Chris Bird	Chris Bird			FALSE			
885	9/17/2025	Spratelloides delicatulus	40	180	5			222	sde_x-ray_222	P9173284.ORF	1	Sde-AMar_049-mus	Sde-AMar_049	usnm-albatross	138982	usnm_original	Mariana Dehasque; Jason Selwyn; Chris Bird	Chris Bird			FALSE			
886	9/17/2025	Spratelloides delicatulus	40	180	5			222	sde_x-ray_222	P9173284.ORF	2	Sde-AMar_005-mus	Sde-AMar_005	usnm-albatross	138982	usnm_original	Mariana Dehasque; Jason Selwyn; Chris Bird	Chris Bird			FALSE			
887	9/17/2025	Spratelloides delicatulus	40	180	5			222	sde_x-ray_222	P9173284.ORF	3	Sde-AMar_057-mus	Sde-AMar_057	usnm-albatross	138982	usnm_original	Mariana Dehasque; Jason Selwyn; Chris Bird	Chris Bird			FALSE			
888	9/17/2025	Spratelloides delicatulus	40	180	5			222	sde_x-ray_222	P9173284.ORF	4	Sde-AMar_066-mus	Sde-AMar_066	usnm-albatross	138982	usnm_original	Mariana Dehasque; Jason Selwyn; Chris Bird	Chris Bird			FALSE			
889	9/17/2025	Spratelloides delicatulus	40	180	5			223	sde_x-ray_223	P9173285.ORF	1	Sde-AMar_047-mus	Sde-AMar_047	usnm-albatross	138982	usnm_original	Mariana Dehasque; Jason Selwyn; Chris Bird	Chris Bird			FALSE			
890	9/17/2025	Spratelloides delicatulus	40	180	5			223	sde_x-ray_223	P9173285.ORF	2	Sde-AMar_001-mus	Sde-AMar_001	usnm-albatross	138982	usnm_original	Mariana Dehasque; Jason Selwyn; Chris Bird	Chris Bird			FALSE			
891	9/17/2025	Spratelloides delicatulus	40	180	5			224	sde_x-ray_224	P9173286.ORF	1	Sde-ATum_045-mus	Sde-ATum_045	usnm-albatross	138965	usnm_original	Mariana Dehasque; Jason Selwyn; Chris Bird	Chris Bird			FALSE			
892	9/17/2025	Spratelloides delicatulus	40	180	5			224	sde_x-ray_224	P9173286.ORF	2	Sde-ATum_046-mus	Sde-ATum_046	usnm-albatross	138965	usnm_original	Mariana Dehasque; Jason Selwyn; Chris Bird	Chris Bird			FALSE			
893	9/17/2025	Spratelloides delicatulus	40	180	5			224	sde_x-ray_224	P9173286.ORF	3	Sde-ATum_021-mus	Sde-ATum_021	usnm-albatross	138965	usnm_original	Mariana Dehasque; Jason Selwyn; Chris Bird	Chris Bird			FALSE			
894	9/17/2025	Spratelloides delicatulus	40	180	5			225	sde_x-ray_225	P9173287.ORF	1	Sde-ATum_044-mus	Sde-ATum_044	usnm-albatross	138965	usnm_original	Mariana Dehasque; Jason Selwyn; Chris Bird	Chris Bird			FALSE			
895	9/17/2025	Spratelloides delicatulus	40	180	5			225	sde_x-ray_225	P9173287.ORF	2	Sde-ATum_022-mus	Sde-ATum_022	usnm-albatross	138965	usnm_original	Mariana Dehasque; Jason Selwyn; Chris Bird	Chris Bird			FALSE			
896	9/17/2025	Spratelloides delicatulus	40	180	5			225	sde_x-ray_225	P9173287.ORF	3	Sde-ATum_020-mus	Sde-ATum_020	usnm-albatross	138965	usnm_original	Mariana Dehasque; Jason Selwyn; Chris Bird	Chris Bird			FALSE			
897	9/17/2025	Spratelloides delicatulus	40	180	5			226.1	sde_x-ray_226.1	P9173288.ORF	1	Sde-ATum_019-mus	Sde-ATum_019	usnm-albatross	138965	usnm_original	Mariana Dehasque; Jason Selwyn; Chris Bird	Chris Bird			FALSE			
898	9/17/2025	Spratelloides delicatulus	40	180	5			226.1	sde_x-ray_226.1	P9173288.ORF	2	Sde-ATum_043-mus	Sde-ATum_043	usnm-albatross	138965	usnm_original	Mariana Dehasque; Jason Selwyn; Chris Bird	Chris Bird			FALSE			
899	9/17/2025	Spratelloides delicatulus	40	180	5			226.1	sde_x-ray_226.1	P9173288.ORF	3	Sde-ATum_029-mus	Sde-ATum_029	usnm-albatross	138965	usnm_original	Mariana Dehasque; Jason Selwyn; Chris Bird	Chris Bird			FALSE			
900	9/17/2025	Spratelloides delicatulus	40	180	5			227	sde_x-ray_227	P9173289.ORF	1	Sde-AMar_058-mus	Sde-AMar_058	usnm-albatross	138982	usnm_original	Mariana Dehasque; Jason Selwyn; Chris Bird	Chris Bird			FALSE			
901	9/17/2025	Spratelloides delicatulus	40	180	5			227	sde_x-ray_227	P9173289.ORF	2	Sde-AMar_059-mus	Sde-AMar_059	usnm-albatross	138982	usnm_original	Mariana Dehasque; Jason Selwyn; Chris Bird	Chris Bird			FALSE			
902	9/17/2025	Spratelloides delicatulus	40	180	5			227	sde_x-ray_227	P9173289.ORF	3	Sde-AMar_067-mus	Sde-AMar_067	usnm-albatross	138982	usnm_original	Mariana Dehasque; Jason Selwyn; Chris Bird	Chris Bird			FALSE			
903	9/17/2025	Spratelloides delicatulus	40	180	5			227	sde_x-ray_227	P9173289.ORF	4	Sde-AMar_063-mus	Sde-AMar_063	usnm-albatross	138982	usnm_original	Mariana Dehasque; Jason Selwyn; Chris Bird	Chris Bird			FALSE			
904	9/17/2025	Spratelloides delicatulus	40	180	5			227	sde_x-ray_227	P9173289.ORF	5	Sde-AMar_065-mus	Sde-AMar_065	usnm-albatross	138982	usnm_original	Mariana Dehasque; Jason Selwyn; Chris Bird	Chris Bird			FALSE			
905	9/17/2025	Spratelloides delicatulus	40	180	5			228	sde_x-ray_228	P9173290.ORF	1	Sde-ATum_042-mus	Sde-ATum_042	usnm-albatross	138965	usnm_original	Mariana Dehasque; Jason Selwyn; Chris Bird	Chris Bird			FALSE			
906	9/17/2025	Spratelloides delicatulus	40	180	5			228	sde_x-ray_228	P9173290.ORF	2	Sde-ATum_047-mus	Sde-ATum_047	usnm-albatross	138965	usnm_original	Mariana Dehasque; Jason Selwyn; Chris Bird	Chris Bird			FALSE			
907	9/17/2025	Spratelloides delicatulus	40	180	5			228	sde_x-ray_228	P9173290.ORF	3	Sde-ATum_038-mus	Sde-ATum_038	usnm-albatross	138965	usnm_original	Mariana Dehasque; Jason Selwyn; Chris Bird	Chris Bird			FALSE			
908	9/17/2025	Spratelloides delicatulus	40	180	5			228.1	sde_x-ray_228.1	P9173290.ORF	4	Sde-ATum_034-mus	Sde-ATum_034	usnm-albatross	138965	usnm_original	Mariana Dehasque; Jason Selwyn; Chris Bird	Chris Bird			FALSE			
909	9/17/2025	Spratelloides delicatulus	40	180	5			229	sde_x-ray_229	P9173291.ORF	1	Sde-AMar_064-mus	Sde-AMar_064	usnm-albatross	138982	usnm_original	Mariana Dehasque; Jason Selwyn; Chris Bird	Chris Bird			FALSE			
910	9/17/2025	Spratelloides delicatulus	40	180	5			229	sde_x-ray_229	P9173291.ORF	2	Sde-AMar_055-mus	Sde-AMar_055	usnm-albatross	138982	usnm_original	Mariana Dehasque; Jason Selwyn; Chris Bird	Chris Bird			FALSE			
911	9/17/2025	Spratelloides delicatulus	40	180	5			229	sde_x-ray_229	P9173291.ORF	3	Sde-AMar_003-mus	Sde-AMar_003	usnm-albatross	138982	usnm_original	Mariana Dehasque; Jason Selwyn; Chris Bird	Chris Bird			FALSE			
912	9/17/2025	Spratelloides delicatulus	40	180	5			229	sde_x-ray_229	P9173291.ORF	4	Sde-AMar_007-mus	Sde-AMar_007	usnm-albatross	138982	usnm_original	Mariana Dehasque; Jason Selwyn; Chris Bird	Chris Bird			FALSE			
913	9/17/2025	Spratelloides delicatulus	40	180	5			229	sde_x-ray_229	P9173291.ORF	5	Sde-AMar_019-mus	Sde-AMar_019	usnm-albatross	138982	usnm_original	Mariana Dehasque; Jason Selwyn; Chris Bird	Chris Bird			FALSE			
914	9/17/2025	Spratelloides delicatulus	40	180	5			230	sde_x-ray_230	P9173292.ORF	1	Sde-AMar_061-mus	Sde-AMar_061	usnm-albatross	138982	usnm_original	Mariana Dehasque; Jason Selwyn; Chris Bird	Chris Bird			FALSE			
915	9/17/2025	Spratelloides delicatulus	40	180	5			230	sde_x-ray_230	P9173292.ORF	2	Sde-AMar_056-mus	Sde-AMar_056	usnm-albatross	138982	usnm_original	Mariana Dehasque; Jason Selwyn; Chris Bird	Chris Bird			FALSE			
916	9/17/2025	Spratelloides delicatulus	40	180	5			230	sde_x-ray_230	P9173292.ORF	3	Sde-AMar_062-mus	Sde-AMar_062	usnm-albatross	138982	usnm_original	Mariana Dehasque; Jason Selwyn; Chris Bird	Chris Bird			FALSE			
917	9/17/2025	Spratelloides delicatulus	40	180	5			230	sde_x-ray_230	P9173292.ORF	4	Sde-AMar_006-mus	Sde-AMar_006	usnm-albatross	138982	usnm_original	Mariana Dehasque; Jason Selwyn; Chris Bird	Chris Bird			FALSE			
918	9/17/2025	Spratelloides delicatulus	40	180	5			230	sde_x-ray_230	P9173292.ORF	5	Sde-AMar_054-mus	Sde-AMar_054	usnm-albatross	138982	usnm_original	Mariana Dehasque; Jason Selwyn; Chris Bird	Chris Bird			FALSE			
919	9/17/2025	Spratelloides delicatulus	40	180	5			231	sde_x-ray_231	P9173293.ORF	1	Sde-ATum_035-mus	Sde-ATum_035	usnm-albatross	138965	usnm_original	Mariana Dehasque; Jason Selwyn; Chris Bird	Chris Bird			FALSE			
920	9/17/2025	Spratelloides delicatulus	40	180	5			231	sde_x-ray_231	P9173293.ORF	2	Sde-ATum_041-mus	Sde-ATum_041	usnm-albatross	138965	usnm_original	Mariana Dehasque; Jason Selwyn; Chris Bird	Chris Bird			FALSE			
921	9/17/2025	Spratelloides delicatulus	40	180	5			231	sde_x-ray_231	P9173293.ORF	3	Sde-ATum_040-mus	Sde-ATum_040	usnm-albatross	138965	usnm_original	Mariana Dehasque; Jason Selwyn; Chris Bird	Chris Bird			FALSE			
922	9/17/2025	Spratelloides delicatulus	40	180	5			231.1	sde_x-ray_231.1	P9173294.ORF	4	Sde-ATum_028-mus	Sde-ATum_028	usnm-albatross	138965	usnm_original	Mariana Dehasque; Jason Selwyn; Chris Bird	Chris Bird			FALSE			
923	9/17/2025	Spratelloides delicatulus	40	180	5			231.1	sde_x-ray_231.1	P9173294.ORF	5	Sde-ATum_031-mus	Sde-ATum_031	usnm-albatross	138965	usnm_original	Mariana Dehasque; Jason Selwyn; Chris Bird	Chris Bird			FALSE			
924	9/17/2025	Spratelloides delicatulus	40	180	5			232	sde_x-ray_232	P9173295.ORF	1	Sde-ATum_039-mus	Sde-ATum_039	usnm-albatross	138965	usnm_original	Mariana Dehasque; Jason Selwyn; Chris Bird	Chris Bird			FALSE			
925	9/17/2025	Spratelloides delicatulus	40	180	5			232	sde_x-ray_232	P9173295.ORF	2	Sde-ATum_036-mus	Sde-ATum_036	usnm-albatross	138965	usnm_original	Mariana Dehasque; Jason Selwyn; Chris Bird	Chris Bird			FALSE			
926	9/17/2025	Spratelloides delicatulus	40	180	5			232	sde_x-ray_232	P9173295.ORF	3	Sde-ATum_037-mus	Sde-ATum_037	usnm-albatross	138965	usnm_original	Mariana Dehasque; Jason Selwyn; Chris Bird	Chris Bird			FALSE			
927	9/17/2025	Spratelloides delicatulus	40	180	5			232.1	sde_x-ray_232.1	P9173296.ORF	4	Sde-ATum_033-mus	Sde-ATum_033	usnm-albatross	138965	usnm_original	Mariana Dehasque; Jason Selwyn; Chris Bird	Chris Bird			FALSE			
928	9/17/2025	Spratelloides delicatulus	40	180	5			232.1	sde_x-ray_232.1	P9173296.ORF	5	Sde-ATum_025-mus	Sde-ATum_025	usnm-albatross	138965	usnm_original	Mariana Dehasque; Jason Selwyn; Chris Bird	Chris Bird			FALSE			
929	9/17/2025	Spratelloides delicatulus	40	180	5			233	sde_x-ray_233	P9173297.ORF	1	Sde-AMar_002-mus	Sde-AMar_002	usnm-albatross	138982	usnm_original	Mariana Dehasque; Jason Selwyn; Chris Bird	Chris Bird			FALSE			
930	9/17/2025	Spratelloides delicatulus	40	180	5			233	sde_x-ray_233	P9173297.ORF	2	Sde-AMar_004-mus	Sde-AMar_004	usnm-albatross	138982	usnm_original	Mariana Dehasque; Jason Selwyn; Chris Bird	Chris Bird			FALSE			
931	9/17/2025	Spratelloides delicatulus	40	180	5			233	sde_x-ray_233	P9173297.ORF	3	Sde-AMar_060-mus	Sde-AMar_060	usnm-albatross	138982	usnm_original	Mariana Dehasque; Jason Selwyn; Chris Bird	Chris Bird			FALSE			
932	9/17/2025	Spratelloides delicatulus	40	180	5			234.1	sde_x-ray_234.1	P9173298.ORF	1	Sde-ATum_048-mus	Sde-ATum_048	usnm-albatross	138965	usnm_original	Mariana Dehasque; Jason Selwyn; Chris Bird	Chris Bird			FALSE			
933	9/17/2025	Spratelloides delicatulus	40	180	5			234.1	sde_x-ray_234.1	P9173298.ORF	2	Sde-ATum_024-mus	Sde-ATum_024	usnm-albatross	138965	usnm_original	Mariana Dehasque; Jason Selwyn; Chris Bird	Chris Bird			FALSE			
934	9/17/2025	Spratelloides delicatulus	40	180	5			234.1	sde_x-ray_234.1	P9173298.ORF	3	Sde-ATum_023-mus	Sde-ATum_023	usnm-albatross	138965	usnm_original	Mariana Dehasque; Jason Selwyn; Chris Bird	Chris Bird			FALSE			
935	9/17/2025	Spratelloides delicatulus	40	180	5			235	sde_x-ray_235	P9173299.ORF	1	Sde-ATum_018-mus	Sde-ATum_018	usnm-albatross	138965	usnm_original	Mariana Dehasque; Jason Selwyn; Chris Bird	Chris Bird			FALSE			
936	9/17/2025	Spratelloides delicatulus	40	180	5			235	sde_x-ray_235	P9173299.ORF	2	Sde-ATum_015-mus	Sde-ATum_015	usnm-albatross	138965	usnm_original	Mariana Dehasque; Jason Selwyn; Chris Bird	Chris Bird			FALSE			
937	9/17/2025	Spratelloides delicatulus	40	180	5			235	sde_x-ray_235	P9173299.ORF	3	Sde-ATum_017-mus	Sde-ATum_017	usnm-albatross	138965	usnm_original	Mariana Dehasque; Jason Selwyn; Chris Bird	Chris Bird			FALSE			
938	9/17/2025	Spratelloides delicatulus	40	180	5			235.1	sde_x-ray_235.1	P9173299.ORF	4	Sde-ATum_013-mus	Sde-ATum_013	usnm-albatross	138965	usnm_original	Mariana Dehasque; Jason Selwyn; Chris Bird	Chris Bird			FALSE			
939	9/17/2025	Spratelloides delicatulus	40	180	5			235.1	sde_x-ray_235.1	P9173300.ORF	5	Sde-ATum_014-mus	Sde-ATum_014	usnm-albatross	138965	usnm_original	Mariana Dehasque; Jason Selwyn; Chris Bird	Chris Bird			FALSE			
940	9/17/2025	Spratelloides delicatulus	40	180	5			236	sde_x-ray_236	P9173301.ORF	1	Sde-AIna_053-mus	Sde-AIna_053	usnm-albatross	138965	usnm_original	Mariana Dehasque; Jason Selwyn; Chris Bird	Chris Bird		was mislabeled as Atum, updated to Aina by CEB	FALSE			
941	9/17/2025	Spratelloides delicatulus	40	180	5			236	sde_x-ray_236	P9173301.ORF	2	Sde-AIna_033-mus	Sde-AIna_033	usnm-albatross	138965	usnm_original	Mariana Dehasque; Jason Selwyn; Chris Bird	Chris Bird		was mislabeled as Atum, updated to Aina by CEB	FALSE			
942	9/17/2025	Spratelloides delicatulus	40	180	5			236	sde_x-ray_236	P9173301.ORF	3	Sde-AIna_034-mus	Sde-AIna_034	usnm-albatross	138965	usnm_original	Mariana Dehasque; Jason Selwyn; Chris Bird	Chris Bird		was mislabeled as Atum, updated to Aina by CEB	FALSE			
943	9/17/2025	Spratelloides delicatulus	40	180	5			236	sde_x-ray_236	P9173301.ORF	4	Sde-AIna_004-mus	Sde-AIna_004	usnm-albatross	138965	usnm_original	Mariana Dehasque; Jason Selwyn; Chris Bird	Chris Bird		was mislabeled as Atum, updated to Aina by CEB	FALSE			
944	9/17/2025	Spratelloides delicatulus	40	180	5			237	sde_x-ray_237	P9173302.ORF	1	Sde-ATum_032-mus	Sde-ATum_032	usnm-albatross	138965	usnm_original	Mariana Dehasque; Jason Selwyn; Chris Bird	Chris Bird			FALSE			
945	9/17/2025	Spratelloides delicatulus	40	180	5			237	sde_x-ray_237	P9173302.ORF	2	Sde-ATum_001-mus	Sde-ATum_001	usnm-albatross	138965	usnm_original	Mariana Dehasque; Jason Selwyn; Chris Bird	Chris Bird			FALSE			
946	9/17/2025	Spratelloides delicatulus	40	180	5			237	sde_x-ray_237	P9173302.ORF	3	Sde-ATum_030-mus	Sde-ATum_030	usnm-albatross	138965	usnm_original	Mariana Dehasque; Jason Selwyn; Chris Bird	Chris Bird			FALSE			
947	9/17/2025	Spratelloides delicatulus	40	180	5			237.1	sde_x-ray_237.1	P9173302.ORF	4	Sde-ATum_012-mus	Sde-ATum_012	usnm-albatross	138965	usnm_original	Mariana Dehasque; Jason Selwyn; Chris Bird	Chris Bird			FALSE			
948	9/17/2025	Spratelloides delicatulus	40	180	5			237.1	sde_x-ray_237.1	P9173303.ORF	5	Sde-ATum_026-mus	Sde-ATum_026	usnm-albatross	138965	usnm_original	Mariana Dehasque; Jason Selwyn; Chris Bird	Chris Bird			FALSE			
949	9/17/2025	Spratelloides delicatulus	40	180	5			238	sde_x-ray_238	P9173304.ORF	1	Sde-AIna_025-mus	Sde-AIna_025	usnm-albatross	138964	usnm_original	Mariana Dehasque; Jason Selwyn; Chris Bird	Chris Bird			FALSE			
950	9/17/2025	Spratelloides delicatulus	40	180	5			238	sde_x-ray_238	P9173304.ORF	2	Sde-AIna_026-mus	Sde-AIna_026	usnm-albatross	138964	usnm_original	Mariana Dehasque; Jason Selwyn; Chris Bird	Chris Bird			FALSE			
951	9/17/2025	Spratelloides delicatulus	40	180	5			238	sde_x-ray_238	P9173304.ORF	3	Sde-AIna_003-mus	Sde-AIna_003	usnm-albatross	138964	usnm_original	Mariana Dehasque; Jason Selwyn; Chris Bird	Chris Bird			FALSE			
952	9/17/2025	Spratelloides delicatulus	40	180	5			238.1	sde_x-ray_238.1	P9173304.ORF	4	Sde-AIna_018-mus	Sde-AIna_018	usnm-albatross	138964	usnm_original	Mariana Dehasque; Jason Selwyn; Chris Bird	Chris Bird			FALSE			
953	9/17/2025	Spratelloides delicatulus	40	180	5			238.1	sde_x-ray_238.1	P9173305.ORF	5	Sde-AIna_008-mus	Sde-AIna_008	usnm-albatross	138964	usnm_original	Mariana Dehasque; Jason Selwyn; Chris Bird	Chris Bird			FALSE			
954	9/17/2025	Spratelloides delicatulus	40	180	5			239	sde_x-ray_239	P9173306.ORF	1	Sde-AIna_012-mus	Sde-AIna_012	usnm-albatross	138964	usnm_original	Mariana Dehasque; Jason Selwyn; Chris Bird	Chris Bird			FALSE			
955	9/17/2025	Spratelloides delicatulus	40	180	5			239	sde_x-ray_239	P9173306.ORF	2	Sde-AIna_032-mus	Sde-AIna_032	usnm-albatross	138964	usnm_original	Mariana Dehasque; Jason Selwyn; Chris Bird	Chris Bird			FALSE			
956	9/17/2025	Spratelloides delicatulus	40	180	5			239	sde_x-ray_239	P9173306.ORF	3	Sde-AIna_010-mus	Sde-AIna_010	usnm-albatross	138964	usnm_original	Mariana Dehasque; Jason Selwyn; Chris Bird	Chris Bird			FALSE			
957	9/17/2025	Spratelloides delicatulus	40	180	5			239.1	sde_x-ray_239.1	P9173306.ORF	4	Sde-AIna_006-mus	Sde-AIna_006	usnm-albatross	138964	usnm_original	Mariana Dehasque; Jason Selwyn; Chris Bird	Chris Bird			FALSE			
958	9/17/2025	Spratelloides delicatulus	40	180	5			239.1	sde_x-ray_239.1	P9173307.ORF	5	Sde-AIna_002-mus	Sde-AIna_002	usnm-albatross	138964	usnm_original	Mariana Dehasque; Jason Selwyn; Chris Bird	Chris Bird			FALSE			
959	9/17/2025	Spratelloides delicatulus	40	180	5			240	sde_x-ray_240	P9173308.ORF	1	Sde-AIna_014-mus	Sde-AIna_014	usnm-albatross	138964	usnm_original	Mariana Dehasque; Jason Selwyn; Chris Bird	Chris Bird			FALSE			
960	9/17/2025	Spratelloides delicatulus	40	180	5			240	sde_x-ray_240	P9173308.ORF	2	Sde-AIna_028-mus	Sde-AIna_028	usnm-albatross	138964	usnm_original	Mariana Dehasque; Jason Selwyn; Chris Bird	Chris Bird			FALSE			
961	9/17/2025	Spratelloides delicatulus	40	180	5			240	sde_x-ray_240	P9173308.ORF	3	Sde-AIna_022-mus	Sde-AIna_022	usnm-albatross	138964	usnm_original	Mariana Dehasque; Jason Selwyn; Chris Bird	Chris Bird			FALSE			
962	9/17/2025	Spratelloides delicatulus	40	180	5			240.1	sde_x-ray_240.1	P9173308.ORF	4	Sde-AIna_019-mus	Sde-AIna_019	usnm-albatross	138964	usnm_original	Mariana Dehasque; Jason Selwyn; Chris Bird	Chris Bird			FALSE			
963	9/17/2025	Spratelloides delicatulus	40	180	5			240.1	sde_x-ray_240.1	P9173309.ORF	5	Sde-AIna_011-mus	Sde-AIna_011	usnm-albatross	138964	usnm_original	Mariana Dehasque; Jason Selwyn; Chris Bird	Chris Bird			FALSE			
964	9/17/2025	Spratelloides delicatulus	40	180	5			241	sde_x-ray_241	P9173310.ORF	1	Sde-AIna_031-mus	Sde-AIna_031	usnm-albatross	138964	usnm_original	Mariana Dehasque; Jason Selwyn; Chris Bird	Chris Bird			FALSE			
965	9/17/2025	Spratelloides delicatulus	40	180	5			241	sde_x-ray_241	P9173310.ORF	2	Sde-AIna_030-mus	Sde-AIna_030	usnm-albatross	138964	usnm_original	Mariana Dehasque; Jason Selwyn; Chris Bird	Chris Bird			FALSE			
966	9/17/2025	Spratelloides delicatulus	40	180	5			241	sde_x-ray_241	P9173310.ORF	3	Sde-AIna_029-mus	Sde-AIna_029	usnm-albatross	138964	usnm_original	Mariana Dehasque; Jason Selwyn; Chris Bird	Chris Bird			FALSE			
967	9/17/2025	Spratelloides delicatulus	40	180	5			241.2	sde_x-ray_241.2	P9173310.ORF	4	Sde-AIna_049-mus	Sde-AIna_049	usnm-albatross	138964	usnm_original	Mariana Dehasque; Jason Selwyn; Chris Bird	Chris Bird			FALSE			
968	9/17/2025	Spratelloides delicatulus	40	180	5			241.1	sde_x-ray_241.1	P9173311.ORF	5	Sde-AIna_020-mus	Sde-AIna_020	usnm-albatross	138964	usnm_original	Mariana Dehasque; Jason Selwyn; Chris Bird	Chris Bird			FALSE			
969	9/17/2025	Spratelloides delicatulus	40	180	5			242	sde_x-ray_242	P9173312.ORF	1	Sde-AIna_013-mus	Sde-AIna_013	usnm-albatross	138964	usnm_original	Mariana Dehasque; Jason Selwyn; Chris Bird	Chris Bird			FALSE			
970	9/17/2025	Spratelloides delicatulus	40	180	5			242	sde_x-ray_242	P9173312.ORF	2	Sde-AIna_021-mus	Sde-AIna_021	usnm-albatross	138964	usnm_original	Mariana Dehasque; Jason Selwyn; Chris Bird	Chris Bird			FALSE			
971	9/17/2025	Spratelloides delicatulus	40	180	5			242	sde_x-ray_242	P9173312.ORF	3	Sde-AIna_009-mus	Sde-AIna_009	usnm-albatross	138964	usnm_original	Mariana Dehasque; Jason Selwyn; Chris Bird	Chris Bird			FALSE			
972	9/17/2025	Spratelloides delicatulus	40	180	5			242	sde_x-ray_242	P9173312.ORF	4	Sde-AIna_001-mus	Sde-AIna_001	usnm-albatross	138964	usnm_original	Mariana Dehasque; Jason Selwyn; Chris Bird	Chris Bird			FALSE			
973	9/17/2025	Spratelloides delicatulus	40	180	5			242	sde_x-ray_242	P9173312.ORF	5	Sde-AIna_023-mus	Sde-AIna_023	usnm-albatross	138964	usnm_original	Mariana Dehasque; Jason Selwyn; Chris Bird	Chris Bird			FALSE			
974	9/17/2025	Spratelloides delicatulus	40	180	5			243	sde_x-ray_243	P9173313.ORF	1	Sde-AIna_024-mus	Sde-AIna_024	usnm-albatross	138964	usnm_original	Mariana Dehasque; Jason Selwyn; Chris Bird	Chris Bird			FALSE			
975	9/17/2025	Spratelloides delicatulus	40	180	5			243	sde_x-ray_243	P9173313.ORF	2	Sde-AIna_027-mus	Sde-AIna_027	usnm-albatross	138964	usnm_original	Mariana Dehasque; Jason Selwyn; Chris Bird	Chris Bird			FALSE			
976	9/17/2025	Spratelloides delicatulus	40	180	5			244	sde_x-ray_244	P9173314.ORF	1	Sde-ATum_016-mus	Sde-ATum_016	usnm-albatross	138965	usnm_original	Mariana Dehasque; Jason Selwyn; Chris Bird	Chris Bird			FALSE			
977	9/17/2025	Spratelloides delicatulus	40	180	5			244	sde_x-ray_244	P9173314.ORF	2	Sde-ATum_009-mus	Sde-ATum_009	usnm-albatross	138965	usnm_original	Mariana Dehasque; Jason Selwyn; Chris Bird	Chris Bird			FALSE			
978	9/17/2025	Spratelloides delicatulus	40	180	5			244	sde_x-ray_244	P9173314.ORF	3	Sde-ATum_007-mus	Sde-ATum_007	usnm-albatross	138965	usnm_original	Mariana Dehasque; Jason Selwyn; Chris Bird	Chris Bird			FALSE			
979	9/17/2025	Spratelloides delicatulus	40	180	5			244.1	sde_x-ray_244.1	P9173314.ORF	4	Sde-ATum_011-mus	Sde-ATum_011	usnm-albatross	138965	usnm_original	Mariana Dehasque; Jason Selwyn; Chris Bird	Chris Bird			FALSE			
980	9/17/2025	Spratelloides delicatulus	40	180	5			244.1	sde_x-ray_244.1	P9173315.ORF	5	Sde-ATum_010-mus	Sde-ATum_010	usnm-albatross	138965	usnm_original	Mariana Dehasque; Jason Selwyn; Chris Bird	Chris Bird			FALSE			
981	9/17/2025	Spratelloides delicatulus	40	180	5			245	sde_x-ray_245	P9173316.ORF	1	Sde-ATum_006-mus	Sde-ATum_006	usnm-albatross	138965	usnm_original	Mariana Dehasque; Jason Selwyn; Chris Bird	Chris Bird			FALSE			
982	9/17/2025	Spratelloides delicatulus	40	180	5			245	sde_x-ray_245	P9173316.ORF	2	Sde-ATum_005-mus	Sde-ATum_005	usnm-albatross	138965	usnm_original	Mariana Dehasque; Jason Selwyn; Chris Bird	Chris Bird			FALSE			
983	9/17/2025	Spratelloides delicatulus	40	180	5			245	sde_x-ray_245	P9173316.ORF	3	Sde-ATum_003-mus	Sde-ATum_003	usnm-albatross	138965	usnm_original	Mariana Dehasque; Jason Selwyn; Chris Bird	Chris Bird			FALSE			
984	9/17/2025	Spratelloides delicatulus	40	180	5			245.1	sde_x-ray_245.1	P9173316.ORF	4	Sde-ATum_027-mus	Sde-ATum_027	usnm-albatross	138965	usnm_original	Mariana Dehasque; Jason Selwyn; Chris Bird	Chris Bird			FALSE			
985	9/17/2025	Spratelloides delicatulus	40	180	5			245.1	sde_x-ray_245.1	P9173317.ORF	5	Sde-ATum_004-mus	Sde-ATum_004	usnm-albatross	138965	usnm_original	Mariana Dehasque; Jason Selwyn; Chris Bird	Chris Bird			FALSE			
986	9/17/2025	Spratelloides delicatulus	40	180	5			246	sde_x-ray_246		1	Sde-ATum_008-mus	Sde-ATum_008	usnm-albatross	138965	usnm_original	Mariana Dehasque; Jason Selwyn; Chris Bird	Chris Bird			FALSE			
987	9/17/2025	Spratelloides delicatulus	40	180	5			246	sde_x-ray_246		2	Sde-ATum_002-mus	Sde-ATum_002	usnm-albatross	138965	usnm_original	Mariana Dehasque; Jason Selwyn; Chris Bird	Chris Bird			FALSE			
988	9/17/2025	Spratelloides delicatulus	40	180	5			247	sde_x-ray_247		1	Sde-AMat_008-mus	Sde-AMat_008	usnm-albatross	138966	usnm_original	Mariana Dehasque; Jason Selwyn; Chris Bird	Chris Bird	female; id by Jason Selwyn		FALSE			
989	9/17/2025	Spratelloides delicatulus	40	180	5			247	sde_x-ray_247		2	Sde-AMat_014-mus	Sde-AMat_014	usnm-albatross	138966	usnm_original	Mariana Dehasque; Jason Selwyn; Mikaela Salvador; Kevin Labrador	Mikaela Salvador			FALSE			
990	9/17/2025	Spratelloides delicatulus	40	180	5			247	sde_x-ray_247		3	Sde-AMat_039-mus	Sde-AMat_039	usnm-albatross	138966	usnm_original	Mariana Dehasque; Jason Selwyn; Mikaela Salvador; Kevin Labrador	Mikaela Salvador			FALSE			
991	9/17/2025	Spratelloides delicatulus	40	180	5			247	sde_x-ray_247		4	Sde-AMat_015-mus	Sde-AMat_015	usnm-albatross	138966	usnm_original	Mariana Dehasque; Jason Selwyn; Mikaela Salvador; Kevin Labrador	Mikaela Salvador			FALSE			
992	9/17/2025	Spratelloides delicatulus	40	180	5			247	sde_x-ray_247		5	Sde-AMat_029-mus	Sde-AMat_029	usnm-albatross	138966	usnm_original	Mariana Dehasque; Jason Selwyn; Mikaela Salvador; Kevin Labrador	Mikaela Salvador			FALSE			
993	9/17/2025	Spratelloides delicatulus	40	180	5			248	sde_x-ray_248	P9173318.ORF	1	Sde-AMat_076-mus	Sde-AMat_076	usnm-albatross	138966	usnm_original	Mariana Dehasque; Jason Selwyn; Mikaela Salvador; Kevin Labrador	Mikaela Salvador			FALSE			
994	9/17/2025	Spratelloides delicatulus	40	180	5			248	sde_x-ray_248	P9173318.ORF	2	Sde-AMat_079-mus	Sde-AMat_079	usnm-albatross	138966	usnm_original	Mariana Dehasque; Jason Selwyn; Mikaela Salvador; Kevin Labrador	Mikaela Salvador			FALSE			
995	9/17/2025	Spratelloides delicatulus	40	180	5			248	sde_x-ray_248	P9173318.ORF	3	Sde-AMat_054-mus	Sde-AMat_054	usnm-albatross	138966	usnm_original	Mariana Dehasque; Jason Selwyn; Mikaela Salvador; Kevin Labrador	Mikaela Salvador			FALSE			
996	9/17/2025	Spratelloides delicatulus	40	180	5			248	sde_x-ray_248	P9173318.ORF	4	Sde-AMat_069-mus	Sde-AMat_069	usnm-albatross	138966	usnm_original	Mariana Dehasque; Jason Selwyn; Mikaela Salvador; Kevin Labrador	Mikaela Salvador			FALSE			
997	9/17/2025	Spratelloides delicatulus	40	180	5			248	sde_x-ray_248	P9173318.ORF	5	Sde-AMat_078-mus	Sde-AMat_078	usnm-albatross	138966	usnm_original	Mariana Dehasque; Jason Selwyn; Mikaela Salvador; Kevin Labrador	Mikaela Salvador			FALSE			
998	9/17/2025	Spratelloides delicatulus	40	180	5			249.1	sde_x-ray_249.1	P9173319.ORF	1	Sde-AMat_043-mus	Sde-AMat_043	usnm-albatross	138966	usnm_original	Mariana Dehasque; Jason Selwyn; Mikaela Salvador; Kevin Labrador	Mikaela Salvador			FALSE			
999	9/17/2025	Spratelloides delicatulus	40	180	5			249.1	sde_x-ray_249.1	P9173319.ORF	2	Sde-AMat_010-mus	Sde-AMat_010	usnm-albatross	138966	usnm_original	Mariana Dehasque; Jason Selwyn; Mikaela Salvador; Kevin Labrador	Mikaela Salvador			FALSE			
1000	9/17/2025	Spratelloides delicatulus	40	180	5			249.1	sde_x-ray_249.1	P9173319.ORF	3	Sde-AMat_005-mus	Sde-AMat_005	usnm-albatross	138966	usnm_original	Mariana Dehasque; Jason Selwyn; Mikaela Salvador; Kevin Labrador	Mikaela Salvador			FALSE			
1001	9/17/2025	Spratelloides delicatulus	40	180	5			249.1	sde_x-ray_249.1	P9173319.ORF	4	Sde-AMat_011-mus	Sde-AMat_011	usnm-albatross	138966	usnm_original	Mariana Dehasque; Jason Selwyn; Mikaela Salvador; Kevin Labrador	Mikaela Salvador			FALSE			
1002	9/17/2025	Spratelloides delicatulus	40	180	5			249.1	sde_x-ray_249.1	P9173319.ORF	5	Sde-AMat_033-mus	Sde-AMat_033	usnm-albatross	138966	usnm_original	Mariana Dehasque; Jason Selwyn; Mikaela Salvador; Kevin Labrador	Mikaela Salvador			FALSE			
1003	9/17/2025	Spratelloides delicatulus	40	180	5			250	sde_x-ray_250	P9173320.ORF	1	Sde-AMat_070-mus	Sde-AMat_070	usnm-albatross	138966	usnm_original	Mariana Dehasque; Jason Selwyn; Mikaela Salvador; Kevin Labrador	Mikaela Salvador			FALSE			
1004	9/17/2025	Spratelloides delicatulus	40	180	5			250	sde_x-ray_250	P9173320.ORF	2	Sde-AMat_063-mus	Sde-AMat_063	usnm-albatross	138966	usnm_original	Mariana Dehasque; Jason Selwyn; Mikaela Salvador; Kevin Labrador	Mikaela Salvador			FALSE			
1005	9/17/2025	Spratelloides delicatulus	40	180	5			250	sde_x-ray_250	P9173320.ORF	3	Sde-AMat_068-mus	Sde-AMat_068	usnm-albatross	138966	usnm_original	Mariana Dehasque; Jason Selwyn; Mikaela Salvador; Kevin Labrador	Mikaela Salvador			FALSE			
1006	9/17/2025	Spratelloides delicatulus	40	180	5			250	sde_x-ray_250	P9173320.ORF	4	Sde-AMat_089-mus	Sde-AMat_089	usnm-albatross	138966	usnm_original	Mariana Dehasque; Jason Selwyn; Mikaela Salvador; Kevin Labrador	Mikaela Salvador			FALSE			
1007	9/17/2025	Spratelloides delicatulus	40	180	5			250	sde_x-ray_250	P9173320.ORF	5	Sde-AMat_050-mus	Sde-AMat_050	usnm-albatross	138966	usnm_original	Mariana Dehasque; Jason Selwyn; Mikaela Salvador; Kevin Labrador	Mikaela Salvador			FALSE			
1008	9/17/2025	Spratelloides delicatulus	40	180	5			251	sde_x-ray_251	P9173321.ORF	1	Sde-AMat_032-mus	Sde-AMat_032	usnm-albatross	138966	usnm_original	Mariana Dehasque; Jason Selwyn; Mikaela Salvador; Kevin Labrador	Mikaela Salvador			FALSE			
1009	9/17/2025	Spratelloides delicatulus	40	180	5			251	sde_x-ray_251	P9173321.ORF	2	Sde-AMat_041-mus	Sde-AMat_041	usnm-albatross	138966	usnm_original	Mariana Dehasque; Jason Selwyn; Mikaela Salvador; Kevin Labrador	Mikaela Salvador			FALSE			
1010	9/17/2025	Spratelloides delicatulus	40	180	5			251	sde_x-ray_251	P9173321.ORF	3	Sde-AMat_037-mus	Sde-AMat_037	usnm-albatross	138966	usnm_original	Mariana Dehasque; Jason Selwyn; Mikaela Salvador; Kevin Labrador	Mikaela Salvador			FALSE			
1011	9/17/2025	Spratelloides delicatulus	40	180	5			251	sde_x-ray_251	P9173321.ORF	4	Sde-AMat_028-mus	Sde-AMat_028	usnm-albatross	138966	usnm_original	Mariana Dehasque; Jason Selwyn; Mikaela Salvador; Kevin Labrador	Mikaela Salvador			FALSE			
1012	9/17/2025	Spratelloides delicatulus	40	180	5			251	sde_x-ray_251	P9173321.ORF	5	Sde-AMat_001-mus	Sde-AMat_001	usnm-albatross	138966	usnm_original	Mariana Dehasque; Jason Selwyn; Mikaela Salvador; Kevin Labrador	Mikaela Salvador			FALSE			
1013	9/17/2025	Spratelloides delicatulus	40	180	5			252	sde_x-ray_252	P9173322.ORF	1	Sde-AMat_009-mus	Sde-AMat_009	usnm-albatross	138966	usnm_original	Mariana Dehasque; Jason Selwyn; Mikaela Salvador; Kevin Labrador	Mikaela Salvador			FALSE			
1014	9/17/2025	Spratelloides delicatulus	40	180	5			252	sde_x-ray_252	P9173322.ORF	2	Sde-AMat_048-mus	Sde-AMat_048	usnm-albatross	138966	usnm_original	Mariana Dehasque; Jason Selwyn; Mikaela Salvador; Kevin Labrador	Mikaela Salvador			FALSE			
1015	9/17/2025	Spratelloides delicatulus	40	180	5			252	sde_x-ray_252	P9173322.ORF	3	Sde-AMat_006-mus	Sde-AMat_006	usnm-albatross	138966	usnm_original	Mariana Dehasque; Jason Selwyn; Mikaela Salvador; Kevin Labrador	Mikaela Salvador			FALSE			
1016	9/17/2025	Spratelloides delicatulus	40	180	5			252	sde_x-ray_252	P9173322.ORF	4	Sde-AMat_017-mus	Sde-AMat_017	usnm-albatross	138966	usnm_original	Mariana Dehasque; Jason Selwyn; Mikaela Salvador; Kevin Labrador	Mikaela Salvador			FALSE			
1017	9/17/2025	Spratelloides delicatulus	40	180	5			252	sde_x-ray_252	P9173322.ORF	5	Sde-AMat_027-mus	Sde-AMat_027	usnm-albatross	138966	usnm_original	Mariana Dehasque; Jason Selwyn; Mikaela Salvador; Kevin Labrador	Mikaela Salvador			FALSE			
1018	9/17/2025	Spratelloides delicatulus	40	180	5			253	sde_x-ray_253	P9173323.ORF	1	Sde-AMat_090-mus	Sde-AMat_090	usnm-albatross	138966	usnm_original	Mariana Dehasque; Jason Selwyn; Mikaela Salvador; Kevin Labrador	Mikaela Salvador			FALSE			
1019	9/17/2025	Spratelloides delicatulus	40	180	5			253	sde_x-ray_253	P9173323.ORF	2	Sde-AMat_091-mus	Sde-AMat_091	usnm-albatross	138966	usnm_original	Mariana Dehasque; Jason Selwyn; Mikaela Salvador; Kevin Labrador	Mikaela Salvador			FALSE			
1020	9/17/2025	Spratelloides delicatulus	40	180	5			253	sde_x-ray_253	P9173323.ORF	3	Sde-AMat_052-mus	Sde-AMat_052	usnm-albatross	138966	usnm_original	Mariana Dehasque; Jason Selwyn; Mikaela Salvador; Kevin Labrador	Mikaela Salvador			FALSE			
1021	9/17/2025	Spratelloides delicatulus	40	180	5			253	sde_x-ray_253	P9173323.ORF	4	Sde-AMat_086-mus	Sde-AMat_086	usnm-albatross	138966	usnm_original	Mariana Dehasque; Jason Selwyn; Mikaela Salvador; Kevin Labrador	Mikaela Salvador			FALSE			
1022	9/17/2025	Spratelloides delicatulus	40	180	5			253	sde_x-ray_253	P9173323.ORF	5	Sde-AMat_056-mus	Sde-AMat_056	usnm-albatross	138966	usnm_original	Mariana Dehasque; Jason Selwyn; Mikaela Salvador; Kevin Labrador	Mikaela Salvador			FALSE			
1023	9/17/2025	Spratelloides delicatulus	40	180	5			254	sde_x-ray_254	P9173324.ORF	1	Sde-AMat_012-mus	Sde-AMat_012	usnm-albatross	138966	usnm_original	Mariana Dehasque; Jason Selwyn; Mikaela Salvador; Kevin Labrador	Mikaela Salvador			FALSE			
1024	9/17/2025	Spratelloides delicatulus	40	180	5			254	sde_x-ray_254	P9173324.ORF	2	Sde-AMat_030-mus	Sde-AMat_030	usnm-albatross	138966	usnm_original	Mariana Dehasque; Jason Selwyn; Mikaela Salvador; Kevin Labrador	Mikaela Salvador			FALSE			
1025	9/17/2025	Spratelloides delicatulus	40	180	5			254	sde_x-ray_254	P9173324.ORF	3	Sde-AMat_035-mus	Sde-AMat_035	usnm-albatross	138966	usnm_original	Mariana Dehasque; Jason Selwyn; Mikaela Salvador; Kevin Labrador	Mikaela Salvador			FALSE			
1026	9/17/2025	Spratelloides delicatulus	40	180	5			254	sde_x-ray_254	P9173324.ORF	4	Sde-AMat_040-mus	Sde-AMat_040	usnm-albatross	138966	usnm_original	Mariana Dehasque; Jason Selwyn; Mikaela Salvador; Kevin Labrador	Mikaela Salvador			FALSE			
1027	9/17/2025	Spratelloides delicatulus	40	180	5			254	sde_x-ray_254	P9173324.ORF	5	Sde-AMat_023-mus	Sde-AMat_023	usnm-albatross	138966	usnm_original	Mariana Dehasque; Jason Selwyn; Mikaela Salvador; Kevin Labrador	Mikaela Salvador			FALSE			
1028	9/17/2025	Spratelloides delicatulus	40	180	5			255	sde_x-ray_255	P9173325.ORF	1	Sde-AMat_059-mus	Sde-AMat_059	usnm-albatross	138966	usnm_original	Mariana Dehasque; Jason Selwyn; Mikaela Salvador; Kevin Labrador	Mikaela Salvador			FALSE			
1029	9/17/2025	Spratelloides delicatulus	40	180	5			255	sde_x-ray_255	P9173325.ORF	2	Sde-AMat_058-mus	Sde-AMat_058	usnm-albatross	138966	usnm_original	Mariana Dehasque; Jason Selwyn; Mikaela Salvador; Kevin Labrador	Mikaela Salvador			FALSE			
1030	9/17/2025	Spratelloides delicatulus	40	180	5			255	sde_x-ray_255	P9173325.ORF	3	Sde-AMat_092-mus	Sde-AMat_092	usnm-albatross	138966	usnm_original	Mariana Dehasque; Jason Selwyn; Mikaela Salvador; Kevin Labrador	Mikaela Salvador			FALSE			
1031	9/17/2025	Spratelloides delicatulus	40	180	5			255	sde_x-ray_255	P9173325.ORF	4	Sde-AMat_088-mus	Sde-AMat_088	usnm-albatross	138966	usnm_original	Mariana Dehasque; Jason Selwyn; Mikaela Salvador; Kevin Labrador	Mikaela Salvador			FALSE			
1032	9/17/2025	Spratelloides delicatulus	40	180	5			255	sde_x-ray_255	P9173325.ORF	5	Sde-AMat_055-mus	Sde-AMat_055	usnm-albatross	138966	usnm_original	Mariana Dehasque; Jason Selwyn; Mikaela Salvador; Kevin Labrador	Mikaela Salvador			FALSE			
1033	9/17/2025	Spratelloides delicatulus	40	180	5			256	sde_x-ray_256	P9173326.ORF	1	Sde-AMat_025-mus	Sde-AMat_025	usnm-albatross	138966	usnm_original	Mariana Dehasque; Jason Selwyn; Mikaela Salvador; Kevin Labrador	Mikaela Salvador			FALSE			
1034	9/17/2025	Spratelloides delicatulus	40	180	5			256	sde_x-ray_256	P9173326.ORF	2	Sde-AMat_020-mus	Sde-AMat_020	usnm-albatross	138966	usnm_original	Mariana Dehasque; Jason Selwyn; Mikaela Salvador; Kevin Labrador	Mikaela Salvador			FALSE			
1035	9/17/2025	Spratelloides delicatulus	40	180	5			256	sde_x-ray_256	P9173326.ORF	3	Sde-AMat_019-mus	Sde-AMat_019	usnm-albatross	138966	usnm_original	Mariana Dehasque; Jason Selwyn; Mikaela Salvador; Kevin Labrador	Mikaela Salvador			FALSE			
1036	9/17/2025	Spratelloides delicatulus	40	180	5			256	sde_x-ray_256	P9173326.ORF	4	Sde-AMat_021-mus	Sde-AMat_021	usnm-albatross	138966	usnm_original	Mariana Dehasque; Jason Selwyn; Mikaela Salvador; Kevin Labrador	Mikaela Salvador			FALSE			
1037	9/17/2025	Spratelloides delicatulus	40	180	5			256	sde_x-ray_256	P9173326.ORF	5	Sde-AMat_024-mus	Sde-AMat_024	usnm-albatross	138966	usnm_original	Mariana Dehasque; Jason Selwyn; Mikaela Salvador; Kevin Labrador	Mikaela Salvador			FALSE			
1038	9/17/2025	Spratelloides delicatulus	40	180	5			257	sde_x-ray_257	P9173327.ORF	1	Sde-AMat_077-mus	Sde-AMat_077	usnm-albatross	138966	usnm_original	Mariana Dehasque; Jason Selwyn; Mikaela Salvador; Kevin Labrador	Mikaela Salvador			FALSE			
1039	9/17/2025	Spratelloides delicatulus	40	180	5			257	sde_x-ray_257	P9173327.ORF	2	Sde-AMat_080-mus	Sde-AMat_080	usnm-albatross	138966	usnm_original	Mariana Dehasque; Jason Selwyn; Mikaela Salvador; Kevin Labrador	Mikaela Salvador			FALSE			
1040	9/17/2025	Spratelloides delicatulus	40	180	5			257	sde_x-ray_257	P9173327.ORF	3	Sde-AMat_095-mus	Sde-AMat_095	usnm-albatross	138966	usnm_original	Mariana Dehasque; Jason Selwyn; Mikaela Salvador; Kevin Labrador	Mikaela Salvador			FALSE			
1041	9/17/2025	Spratelloides delicatulus	40	180	5			257	sde_x-ray_257	P9173327.ORF	4	Sde-AMat_065-mus	Sde-AMat_065	usnm-albatross	138966	usnm_original	Mariana Dehasque; Jason Selwyn; Mikaela Salvador; Kevin Labrador	Mikaela Salvador			FALSE			
1042	9/17/2025	Spratelloides delicatulus	40	180	5			257	sde_x-ray_257	P9173327.ORF	5	Sde-AMat_085-mus	Sde-AMat_085	usnm-albatross	138966	usnm_original	Mariana Dehasque; Jason Selwyn; Mikaela Salvador; Kevin Labrador	Mikaela Salvador			FALSE			
1043	9/17/2025	Spratelloides delicatulus	40	180	5			258.2	sde_x-ray_258.2	P9173328.ORF	1	Sde-AMat_004-mus	Sde-AMat_004	usnm-albatross	138966	usnm_original	Mariana Dehasque; Jason Selwyn; Mikaela Salvador; Kevin Labrador	Mikaela Salvador			FALSE			
1044	9/17/2025	Spratelloides delicatulus	40	180	5			258.2	sde_x-ray_258.2	P9173328.ORF	2	Sde-AMat_016-mus	Sde-AMat_016	usnm-albatross	138966	usnm_original	Mariana Dehasque; Jason Selwyn; Mikaela Salvador; Kevin Labrador	Mikaela Salvador			FALSE			
1045	9/17/2025	Spratelloides delicatulus	40	180	5			258.2	sde_x-ray_258.2	P9173328.ORF	3	Sde-AMat_002-mus	Sde-AMat_002	usnm-albatross	138966	usnm_original	Mariana Dehasque; Jason Selwyn; Mikaela Salvador; Kevin Labrador	Mikaela Salvador			FALSE			
1046	9/17/2025	Spratelloides delicatulus	40	180	5			258.2	sde_x-ray_258.2	P9173328.ORF	4	Sde-AMat_018-mus	Sde-AMat_018	usnm-albatross	138966	usnm_original	Mariana Dehasque; Jason Selwyn; Mikaela Salvador; Kevin Labrador	Mikaela Salvador			FALSE			
1047	9/17/2025	Spratelloides delicatulus	40	180	5			258.2	sde_x-ray_258.2	P9173328.ORF	5	Sde-AMat_013-mus	Sde-AMat_013	usnm-albatross	138966	usnm_original	Mariana Dehasque; Jason Selwyn; Mikaela Salvador; Kevin Labrador	Mikaela Salvador			FALSE			
1048	9/17/2025	Spratelloides delicatulus	40	180	5			259	sde_x-ray_259	P9173329.ORF	1	Sde-AMat_064-mus	Sde-AMat_064	usnm-albatross	138966	usnm_original	Mariana Dehasque; Jason Selwyn; Mikaela Salvador; Kevin Labrador	Mikaela Salvador			FALSE			
1049	9/17/2025	Spratelloides delicatulus	40	180	5			259	sde_x-ray_259	P9173329.ORF	2	Sde-AMat_066-mus	Sde-AMat_066	usnm-albatross	138966	usnm_original	Mariana Dehasque; Jason Selwyn; Mikaela Salvador; Kevin Labrador	Mikaela Salvador			FALSE			
1050	9/17/2025	Spratelloides delicatulus	40	180	5			259	sde_x-ray_259	P9173329.ORF	3	Sde-AMat_072-mus	Sde-AMat_072	usnm-albatross	138966	usnm_original	Mariana Dehasque; Jason Selwyn; Mikaela Salvador; Kevin Labrador	Mikaela Salvador			FALSE			
1051	9/17/2025	Spratelloides delicatulus	40	180	5			259	sde_x-ray_259	P9173329.ORF	4	Sde-AMat_081-mus	Sde-AMat_081	usnm-albatross	138966	usnm_original	Mariana Dehasque; Jason Selwyn; Mikaela Salvador; Kevin Labrador	Mikaela Salvador			FALSE			
1052	9/17/2025	Spratelloides delicatulus	40	180	5			259	sde_x-ray_259	P9173329.ORF	5	Sde-AMat_049-mus	Sde-AMat_049	usnm-albatross	138966	usnm_original	Mariana Dehasque; Jason Selwyn; Mikaela Salvador; Kevin Labrador	Mikaela Salvador			FALSE			
1053	9/17/2025	Spratelloides delicatulus	40	180	5			260	sde_x-ray_260	P9173332.ORF	1	Sde-AMat_034-mus	Sde-AMat_034	usnm-albatross	138966	usnm_original	Mariana Dehasque; Jason Selwyn; Mikaela Salvador; Kevin Labrador	Mikaela Salvador			FALSE			
1054	9/17/2025	Spratelloides delicatulus	40	180	5			260	sde_x-ray_260	P9173332.ORF	2	Sde-AMat_046-mus	Sde-AMat_046	usnm-albatross	138966	usnm_original	Mariana Dehasque; Jason Selwyn; Mikaela Salvador; Kevin Labrador	Mikaela Salvador			FALSE			
1055	9/17/2025	Spratelloides delicatulus	40	180	5			260	sde_x-ray_260	P9173332.ORF	3	Sde-AMat_007-mus	Sde-AMat_007	usnm-albatross	138966	usnm_original	Mariana Dehasque; Jason Selwyn; Mikaela Salvador; Kevin Labrador	Mikaela Salvador			FALSE			
1056	9/17/2025	Spratelloides delicatulus	40	180	5			260	sde_x-ray_260	P9173332.ORF	4	Sde-AMat_003-mus	Sde-AMat_003	usnm-albatross	138966	usnm_original	Mariana Dehasque; Jason Selwyn; Mikaela Salvador; Kevin Labrador	Mikaela Salvador			FALSE			
1057	9/17/2025	Spratelloides delicatulus	40	180	5			260	sde_x-ray_260	P9173332.ORF	5	Sde-AMat_031-mus	Sde-AMat_031	usnm-albatross	138966	usnm_original	Mariana Dehasque; Jason Selwyn; Mikaela Salvador; Kevin Labrador	Mikaela Salvador			FALSE			
1058	9/17/2025	Spratelloides delicatulus	40	180	5			261.1	sde_x-ray_261.1	P9173334.ORF	1	Sde-AMat_036-mus	Sde-AMat_036	usnm-albatross	138966	usnm_original	Mariana Dehasque; Jason Selwyn; Mikaela Salvador; Kevin Labrador	Mikaela Salvador			FALSE			
1059	9/17/2025	Spratelloides delicatulus	40	180	5			261.1	sde_x-ray_261.1	P9173334.ORF	2	Sde-AMat_047-mus	Sde-AMat_047	usnm-albatross	138966	usnm_original	Mariana Dehasque; Jason Selwyn; Mikaela Salvador; Kevin Labrador	Mikaela Salvador			FALSE			
1060	9/17/2025	Spratelloides delicatulus	40	180	5			261.1	sde_x-ray_261.1	P9173334.ORF	3	Sde-AMat_042-mus	Sde-AMat_042	usnm-albatross	138966	usnm_original	Mariana Dehasque; Jason Selwyn; Mikaela Salvador; Kevin Labrador	Mikaela Salvador			FALSE			
1061	9/17/2025	Spratelloides delicatulus	40	180	5			261.1	sde_x-ray_261.1	P9173334.ORF	4	Sde-AMat_044-mus	Sde-AMat_044	usnm-albatross	138966	usnm_original	Mariana Dehasque; Jason Selwyn; Mikaela Salvador; Kevin Labrador	Mikaela Salvador			FALSE			
1062	9/17/2025	Spratelloides delicatulus	40	180	5			261.1	sde_x-ray_261.1	P9173334.ORF	5	Sde-AMat_038-mus	Sde-AMat_038	usnm-albatross	138966	usnm_original	Mariana Dehasque; Jason Selwyn; Mikaela Salvador; Kevin Labrador	Mikaela Salvador			FALSE			
1063	9/17/2025	Spratelloides delicatulus	40	180	5			262	sde_x-ray_262	P9173336.ORF	1	Sde-AMat_045-mus	Sde-AMat_045	usnm-albatross	138966	usnm_original	Mariana Dehasque; Jason Selwyn; Mikaela Salvador; Kevin Labrador	Mikaela Salvador			FALSE			
1064	9/17/2025	Spratelloides delicatulus	40	180	5			262	sde_x-ray_262	P9173336.ORF	2	Sde-AMat_022-mus	Sde-AMat_022	usnm-albatross	138966	usnm_original	Mariana Dehasque; Jason Selwyn; Mikaela Salvador; Kevin Labrador	Mikaela Salvador			FALSE			
1065	9/17/2025	Spratelloides delicatulus	40	180	5			263.1	sde_x-ray_263.1	P9173337.ORF	1	Sde-AMat_093-mus	Sde-AMat_093	usnm-albatross	138966	usnm_original	Mariana Dehasque; Jason Selwyn; Mikaela Salvador; Kevin Labrador	Mikaela Salvador			FALSE			
1066	9/17/2025	Spratelloides delicatulus	40	180	5			263.1	sde_x-ray_263.1	P9173337.ORF	2	Sde-AMat_083-mus	Sde-AMat_083	usnm-albatross	138966	usnm_original	Mariana Dehasque; Jason Selwyn; Mikaela Salvador; Kevin Labrador	Mikaela Salvador			FALSE			
1067	9/17/2025	Spratelloides delicatulus	40	180	5			263.1	sde_x-ray_263.1	P9173337.ORF	3	Sde-AMat_075-mus	Sde-AMat_075	usnm-albatross	138966	usnm_original	Mariana Dehasque; Jason Selwyn; Mikaela Salvador; Kevin Labrador	Mikaela Salvador			FALSE			
1068	9/17/2025	Spratelloides delicatulus	40	180	5			263.1	sde_x-ray_263.1	P9173337.ORF	4	Sde-AMat_073-mus	Sde-AMat_073	usnm-albatross	138966	usnm_original	Mariana Dehasque; Jason Selwyn; Mikaela Salvador; Kevin Labrador	Mikaela Salvador			FALSE			
1069	9/17/2025	Spratelloides delicatulus	40	180	5			263.1	sde_x-ray_263.1	P9173337.ORF	5	Sde-AMat_096-mus	Sde-AMat_096	usnm-albatross	138966	usnm_original	Mariana Dehasque; Jason Selwyn; Mikaela Salvador; Kevin Labrador	Mikaela Salvador			FALSE			
1070	9/17/2025	Spratelloides delicatulus	40	180	5			264	sde_x-ray_264	P9173338.ORF	1	Sde-AMat_094-mus	Sde-AMat_094	usnm-albatross	138966	usnm_original	Mariana Dehasque; Jason Selwyn; Mikaela Salvador; Kevin Labrador	Mikaela Salvador			FALSE			
1071	9/17/2025	Spratelloides delicatulus	40	180	5			264	sde_x-ray_264	P9173338.ORF	2	Sde-AMat_074-mus	Sde-AMat_074	usnm-albatross	138966	usnm_original	Mariana Dehasque; Jason Selwyn; Mikaela Salvador; Kevin Labrador	Mikaela Salvador			FALSE			
1072	9/17/2025	Spratelloides delicatulus	40	180	5			264	sde_x-ray_264	P9173338.ORF	3	Sde-AMat_082-mus	Sde-AMat_082	usnm-albatross	138966	usnm_original	Mariana Dehasque; Jason Selwyn; Mikaela Salvador; Kevin Labrador	Mikaela Salvador			FALSE			
1073	9/17/2025	Spratelloides delicatulus	40	180	5			264	sde_x-ray_264	P9173338.ORF	4	Sde-AMat_061-mus	Sde-AMat_061	usnm-albatross	138966	usnm_original	Mariana Dehasque; Jason Selwyn; Mikaela Salvador; Kevin Labrador	Mikaela Salvador			FALSE			
1074	9/17/2025	Spratelloides delicatulus	40	180	5			264	sde_x-ray_264	P9173338.ORF	5	Sde-AMat_062-mus	Sde-AMat_062	usnm-albatross	138966	usnm_original	Mariana Dehasque; Jason Selwyn; Mikaela Salvador; Kevin Labrador	Mikaela Salvador			FALSE			
1075	9/17/2025	Spratelloides delicatulus	40	180	5			265	sde_x-ray_265	P9173339.ORF	1	Sde-AMat_084-mus	Sde-AMat_084	usnm-albatross	138966	usnm_original	Mariana Dehasque; Jason Selwyn; Mikaela Salvador; Kevin Labrador	Mikaela Salvador			FALSE			
1076	9/17/2025	Spratelloides delicatulus	40	180	5			265	sde_x-ray_265	P9173339.ORF	2	Sde-AMat_067-mus	Sde-AMat_067	usnm-albatross	138966	usnm_original	Mariana Dehasque; Jason Selwyn; Mikaela Salvador; Kevin Labrador	Mikaela Salvador			FALSE			
1077	9/17/2025	Spratelloides delicatulus	40	180	5			265	sde_x-ray_265	P9173339.ORF	3	Sde-AMat_060-mus	Sde-AMat_060	usnm-albatross	138966	usnm_original	Mariana Dehasque; Jason Selwyn; Mikaela Salvador; Kevin Labrador	Mikaela Salvador			FALSE			
1078	9/17/2025	Spratelloides delicatulus	40	180	5			266	sde_x-ray_266	P9173341.ORF	1	Sde-AMat_087-mus	Sde-AMat_087	usnm-albatross	138966	usnm_original	Mariana Dehasque; Jason Selwyn; Mikaela Salvador; Kevin Labrador	Mikaela Salvador			FALSE			
1079	9/17/2025	Spratelloides delicatulus	40	180	5			266	sde_x-ray_266	P9173341.ORF	2	Sde-AMat_051-mus	Sde-AMat_051	usnm-albatross	138966	usnm_original	Mariana Dehasque; Jason Selwyn; Mikaela Salvador; Kevin Labrador	Mikaela Salvador			FALSE			
1080	9/17/2025	Spratelloides delicatulus	40	180	5			266	sde_x-ray_266	P9173341.ORF	3	Sde-AMat_071-mus	Sde-AMat_071	usnm-albatross	138966	usnm_original	Mariana Dehasque; Jason Selwyn; Mikaela Salvador; Kevin Labrador	Mikaela Salvador			FALSE			
1081	9/17/2025	Spratelloides delicatulus	40	180	5			266	sde_x-ray_266	P9173341.ORF	4	Sde-AMat_053-mus	Sde-AMat_053	usnm-albatross	138966	usnm_original	Mariana Dehasque; Jason Selwyn; Mikaela Salvador; Kevin Labrador	Mikaela Salvador			FALSE			
1082	9/18/2025	Spratelloides delicatulus	40	180	5			267	sde_x-ray_267	P9183344.ORF	1	Sde-AGui_018-mus	Sde-AGui_018	usnm-albatross	120907	usnm_original	Mariana Dehasque; Jason Selwyn; Mikaela Salvador; Kevin Labrador	Mikaela Salvador			FALSE			
1083	9/18/2025	Spratelloides delicatulus	40	180	5			267	sde_x-ray_267	P9183344.ORF	2	Sde-AGui_004-mus	Sde-AGui_004	usnm-albatross	120907	usnm_original	Mariana Dehasque; Jason Selwyn; Mikaela Salvador; Kevin Labrador	Mikaela Salvador			FALSE			
1084	9/18/2025	Spratelloides delicatulus	40	180	5			267	sde_x-ray_267	P9183344.ORF	3	Sde-AGui_032-mus	Sde-AGui_032	usnm-albatross	120907	usnm_original	Mariana Dehasque; Jason Selwyn; Mikaela Salvador; Kevin Labrador	Mikaela Salvador			FALSE			
1085	9/18/2025	Spratelloides delicatulus	40	180	5			267	sde_x-ray_267	P9183344.ORF	4	Sde-AGui_028-mus	Sde-AGui_028	usnm-albatross	120907	usnm_original	Mariana Dehasque; Jason Selwyn; Mikaela Salvador; Kevin Labrador	Mikaela Salvador			FALSE			
1086	9/18/2025	Spratelloides delicatulus	40	180	5			267	sde_x-ray_267	P9183344.ORF	5	Sde-AGui_025-mus	Sde-AGui_025	usnm-albatross	120907	usnm_original	Mariana Dehasque; Jason Selwyn; Mikaela Salvador; Kevin Labrador	Mikaela Salvador			FALSE			
1087	9/18/2025	Spratelloides delicatulus	40	180	5			268	sde_x-ray_268	P9183345.ORF	1	Sde-AGui_021-mus	Sde-AGui_021	usnm-albatross	120907	usnm_original	Mariana Dehasque; Jason Selwyn; Mikaela Salvador; Kevin Labrador	Mikaela Salvador			FALSE			
1088	9/18/2025	Spratelloides delicatulus	40	180	5			268	sde_x-ray_268	P9183345.ORF	2	Sde-AGui_002-mus	Sde-AGui_002	usnm-albatross	120907	usnm_original	Mariana Dehasque; Jason Selwyn; Mikaela Salvador; Kevin Labrador	Mikaela Salvador			FALSE			
1089	9/18/2025	Spratelloides delicatulus	40	180	5			268	sde_x-ray_268	P9183345.ORF	3	Sde-AGui_022-mus	Sde-AGui_022	usnm-albatross	120907	usnm_original	Mariana Dehasque; Jason Selwyn; Mikaela Salvador; Kevin Labrador	Mikaela Salvador			FALSE			
1090	9/18/2025	Spratelloides delicatulus	40	180	5			268	sde_x-ray_268	P9183345.ORF	4	Sde-AGui_006-mus	Sde-AGui_006	usnm-albatross	120907	usnm_original	Mariana Dehasque; Jason Selwyn; Mikaela Salvador; Kevin Labrador	Mikaela Salvador			FALSE			
1091	9/18/2025	Spratelloides delicatulus	40	180	5			268	sde_x-ray_268	P9183345.ORF	5	Sde-AGui_031-mus	Sde-AGui_031	usnm-albatross	120907	usnm_original	Mariana Dehasque; Jason Selwyn; Mikaela Salvador; Kevin Labrador	Mikaela Salvador			FALSE			
1092	9/18/2025	Spratelloides delicatulus	40	180	5			269.2	sde_x-ray_269.2	P9183346.ORF	1	Sde-AGui_017-mus	Sde-AGui_017	usnm-albatross	120907	usnm_original	Mariana Dehasque; Jason Selwyn; Mikaela Salvador; Kevin Labrador	Mikaela Salvador			FALSE			
1093	9/18/2025	Spratelloides delicatulus	40	180	5			269.2	sde_x-ray_269.2	P9183346.ORF	2	Sde-AGui_019-mus	Sde-AGui_019	usnm-albatross	120907	usnm_original	Mariana Dehasque; Jason Selwyn; Mikaela Salvador; Kevin Labrador	Mikaela Salvador			FALSE			
1094	9/18/2025	Spratelloides delicatulus	40	180	5			269.2	sde_x-ray_269.2	P9183346.ORF	3	Sde-AGui_035-mus	Sde-AGui_035	usnm-albatross	120907	usnm_original	Mariana Dehasque; Jason Selwyn; Mikaela Salvador; Kevin Labrador	Mikaela Salvador			FALSE			
1095	9/18/2025	Spratelloides delicatulus	40	180	5			269.2	sde_x-ray_269.2	P9183346.ORF	4	Sde-AGui_003-mus	Sde-AGui_003	usnm-albatross	120907	usnm_original	Mariana Dehasque; Jason Selwyn; Mikaela Salvador; Kevin Labrador	Mikaela Salvador			FALSE			
1096	9/18/2025	Spratelloides delicatulus	40	180	5			269.2	sde_x-ray_269.2	P9183346.ORF	5	Sde-AGui_009-mus	Sde-AGui_009	usnm-albatross	120907	usnm_original	Mariana Dehasque; Jason Selwyn; Mikaela Salvador; Kevin Labrador	Mikaela Salvador			FALSE			
1097	9/18/2025	Spratelloides delicatulus	40	180	5			270	sde_x-ray_270	P9183347.ORF	1	Sde-AGui_014-mus	Sde-AGui_014	usnm-albatross	120907	usnm_original	Mariana Dehasque; Jason Selwyn; Mikaela Salvador; Kevin Labrador	Mikaela Salvador			FALSE			
1098	9/18/2025	Spratelloides delicatulus	40	180	5			270	sde_x-ray_270	P9183347.ORF	2	Sde-AGui_024-mus	Sde-AGui_024	usnm-albatross	120907	usnm_original	Mariana Dehasque; Jason Selwyn; Mikaela Salvador; Kevin Labrador	Mikaela Salvador			FALSE			
1099	9/18/2025	Spratelloides delicatulus	40	180	5			270	sde_x-ray_270	P9183347.ORF	3	Sde-AGui_020-mus	Sde-AGui_020	usnm-albatross	120907	usnm_original	Mariana Dehasque; Jason Selwyn; Mikaela Salvador; Kevin Labrador	Mikaela Salvador			FALSE			
1100	9/18/2025	Spratelloides delicatulus	40	180	5			270	sde_x-ray_270	P9183347.ORF	4	Sde-AGui_027-mus	Sde-AGui_027	usnm-albatross	120907	usnm_original	Mariana Dehasque; Jason Selwyn; Mikaela Salvador; Kevin Labrador	Mikaela Salvador			FALSE			
1101	9/18/2025	Spratelloides delicatulus	40	180	5			270	sde_x-ray_270	P9183347.ORF	5	Sde-AGui_033-mus	Sde-AGui_033	usnm-albatross	120907	usnm_original	Mariana Dehasque; Jason Selwyn; Mikaela Salvador; Kevin Labrador	Mikaela Salvador			FALSE			
1102	9/18/2025	Spratelloides delicatulus	40	180	5			271	sde_x-ray_271	P9183348.ORF	1	Sde-AGui_013-mus	Sde-AGui_013	usnm-albatross	120907	usnm_original	Mariana Dehasque; Jason Selwyn; Mikaela Salvador; Kevin Labrador	Mikaela Salvador			FALSE			
1103	9/18/2025	Spratelloides delicatulus	40	180	5			271	sde_x-ray_271	P9183348.ORF	2	Sde-AGui_016-mus	Sde-AGui_016	usnm-albatross	120907	usnm_original	Mariana Dehasque; Jason Selwyn; Mikaela Salvador; Kevin Labrador	Mikaela Salvador			FALSE			
1104	9/18/2025	Spratelloides delicatulus	40	180	5			271	sde_x-ray_271	P9183348.ORF	3	Sde-AGui_005-mus	Sde-AGui_005	usnm-albatross	120907	usnm_original	Mariana Dehasque; Jason Selwyn; Mikaela Salvador; Kevin Labrador	Mikaela Salvador			FALSE			
1105	9/18/2025	Spratelloides delicatulus	40	180	5			271	sde_x-ray_271	P9183348.ORF	4	Sde-AGui_012-mus	Sde-AGui_012	usnm-albatross	120907	usnm_original	Mariana Dehasque; Jason Selwyn; Mikaela Salvador; Kevin Labrador	Mikaela Salvador			FALSE			
1106	9/18/2025	Spratelloides delicatulus	40	180	5			271	sde_x-ray_271	P9183348.ORF	5	Sde-AGui_034-mus	Sde-AGui_034	usnm-albatross	120907	usnm_original	Mariana Dehasque; Jason Selwyn; Mikaela Salvador; Kevin Labrador	Mikaela Salvador			FALSE			
1107	9/18/2025	Spratelloides delicatulus	40	180	5			272.2	sde_x-ray_272.2	P9183349.ORF	1	Sde-AGui_001-mus	Sde-AGui_001	usnm-albatross	120907	usnm_original	Mariana Dehasque; Jason Selwyn; Mikaela Salvador; Kevin Labrador	Mikaela Salvador			FALSE			
1108	9/18/2025	Spratelloides delicatulus	40	180	5			272.2	sde_x-ray_272.2	P9183349.ORF	2	Sde-AGui_011-mus	Sde-AGui_011	usnm-albatross	120907	usnm_original	Mariana Dehasque; Jason Selwyn; Mikaela Salvador; Kevin Labrador	Mikaela Salvador			FALSE			
1109	9/18/2025	Spratelloides delicatulus	40	180	5			272.2	sde_x-ray_272.2	P9183349.ORF	3	Sde-AGui_010-mus	Sde-AGui_010	usnm-albatross	120907	usnm_original	Mariana Dehasque; Jason Selwyn; Mikaela Salvador; Kevin Labrador	Mikaela Salvador			FALSE			
1110	9/18/2025	Spratelloides delicatulus	40	180	5			272.2	sde_x-ray_272.2	P9183349.ORF	4	Sde-AGui_029-mus	Sde-AGui_029	usnm-albatross	120907	usnm_original	Mariana Dehasque; Jason Selwyn; Mikaela Salvador; Kevin Labrador	Mikaela Salvador			FALSE			
1111	9/18/2025	Spratelloides delicatulus	40	180	5			272.2	sde_x-ray_272.2	P9183349.ORF	5	Sde-AGui_026-mus	Sde-AGui_026	usnm-albatross	120907	usnm_original	Mariana Dehasque; Jason Selwyn; Mikaela Salvador; Kevin Labrador	Mikaela Salvador			FALSE			
1112	9/18/2025	Spratelloides delicatulus	40	180	5			273	sde_x-ray_273	P9183350.ORF	1	Sde-AGui_023-mus	Sde-AGui_023	usnm-albatross	120907	usnm_original	Mariana Dehasque; Jason Selwyn; Mikaela Salvador; Kevin Labrador	Mikaela Salvador			FALSE			
1113	9/18/2025	Spratelloides delicatulus	40	180	5			273	sde_x-ray_273	P9183350.ORF	2	Sde-AGui_015-mus	Sde-AGui_015	usnm-albatross	120907	usnm_original	Mariana Dehasque; Jason Selwyn; Mikaela Salvador; Kevin Labrador	Mikaela Salvador			FALSE			
1114	9/18/2025	Spratelloides delicatulus	40	180	5			273	sde_x-ray_273	P9183350.ORF	3	Sde-AGui_007-mus	Sde-AGui_007	usnm-albatross	120907	usnm_original	Mariana Dehasque; Jason Selwyn; Mikaela Salvador; Kevin Labrador	Mikaela Salvador			FALSE			
1115	9/18/2025	Spratelloides delicatulus	40	180	5			273	sde_x-ray_273	P9183350.ORF	4	Sde-AGui_008-mus	Sde-AGui_008	usnm-albatross	120907	usnm_original	Mariana Dehasque; Jason Selwyn; Mikaela Salvador; Kevin Labrador	Mikaela Salvador			FALSE			
1116	9/18/2025	Spratelloides delicatulus	40	180	5			273	sde_x-ray_273	P9183350.ORF	5	Sde-AGui_030-mus	Sde-AGui_030	usnm-albatross	120907	usnm_original	Mariana Dehasque; Jason Selwyn; Mikaela Salvador; Kevin Labrador	Mikaela Salvador			FALSE			
