extraction_id	file_prefix	hpc_path	hpc_name	sequencing_type	duplicated_sequence_pair	file_forward	file_reverse	notes	correction_applied	correction_id	correction_details	correction_date
Sde-AMat_005-Ex1	SdA0100501DWGSU_WKDL260014935-1A_253MYVLT4_L6	/archive/carpenterlab/pire/raw_sequence_archive/spratelloides_delicatulus/20260917_Sde-lcwgs	wahab	lcwgs		SdA0100501DWGSU_WKDL260014935-1A_253MYVLT4_L6_1.fq.gz	SdA0100501DWGSU_WKDL260014935-1A_253MYVLT4_L6_2.fq.gz		FALSE			
Sde-AMat_005-Ex1	SdA0100501DWGSU_WKDL260014935-1A_253MYVLT4_L7	/archive/carpenterlab/pire/raw_sequence_archive/spratelloides_delicatulus/20260917_Sde-lcwgs	wahab	lcwgs		SdA0100501DWGSU_WKDL260014935-1A_253MYVLT4_L7_1.fq.gz	SdA0100501DWGSU_WKDL260014935-1A_253MYVLT4_L7_2.fq.gz		FALSE			
Sde-AMat_002-Ex1	SdA0100201BWGSU_WKDL260014935-1A_253MYVLT4_L6	/archive/carpenterlab/pire/raw_sequence_archive/spratelloides_delicatulus/20260917_Sde-lcwgs	wahab	lcwgs		SdA0100201BWGSU_WKDL260014935-1A_253MYVLT4_L6_1.fq.gz	SdA0100201BWGSU_WKDL260014935-1A_253MYVLT4_L6_2.fq.gz		FALSE			
Sde-AMat_002-Ex1	SdA0100201BWGSU_WKDL260014935-1A_253MYVLT4_L7	/archive/carpenterlab/pire/raw_sequence_archive/spratelloides_delicatulus/20260917_Sde-lcwgs	wahab	lcwgs		SdA0100201BWGSU_WKDL260014935-1A_253MYVLT4_L7_1.fq.gz	SdA0100201BWGSU_WKDL260014935-1A_253MYVLT4_L7_2.fq.gz		FALSE			
Sde-AMat_001-Ex1	SdA0100101AWGSU_WKDL260014935-1A_253MYVLT4_L6	/archive/carpenterlab/pire/raw_sequence_archive/spratelloides_delicatulus/20260917_Sde-lcwgs	wahab	lcwgs		SdA0100101AWGSU_WKDL260014935-1A_253MYVLT4_L6_1.fq.gz	SdA0100101AWGSU_WKDL260014935-1A_253MYVLT4_L6_2.fq.gz		FALSE			
Sde-AMat_001-Ex1	SdA0100101AWGSU_WKDL260014935-1A_253MYVLT4_L7	/archive/carpenterlab/pire/raw_sequence_archive/spratelloides_delicatulus/20260917_Sde-lcwgs	wahab	lcwgs		SdA0100101AWGSU_WKDL260014935-1A_253MYVLT4_L7_1.fq.gz	SdA0100101AWGSU_WKDL260014935-1A_253MYVLT4_L7_2.fq.gz		FALSE			
Sde-AMat_011-Ex1	SdA0101102BWGSU_WKDL260014935-1A_253MYVLT4_L6	/archive/carpenterlab/pire/raw_sequence_archive/spratelloides_delicatulus/20260917_Sde-lcwgs	wahab	lcwgs		SdA0101102BWGSU_WKDL260014935-1A_253MYVLT4_L6_1.fq.gz	SdA0101102BWGSU_WKDL260014935-1A_253MYVLT4_L6_2.fq.gz		FALSE			
Sde-AMat_011-Ex1	SdA0101102BWGSU_WKDL260014935-1A_253MYVLT4_L7	/archive/carpenterlab/pire/raw_sequence_archive/spratelloides_delicatulus/20260917_Sde-lcwgs	wahab	lcwgs		SdA0101102BWGSU_WKDL260014935-1A_253MYVLT4_L7_1.fq.gz	SdA0101102BWGSU_WKDL260014935-1A_253MYVLT4_L7_2.fq.gz		FALSE			
Sde-ABol_026-Ex1	SdA1102602CWGSU_WKDL260014935-1A_253MYVLT4_L6	/archive/carpenterlab/pire/raw_sequence_archive/spratelloides_delicatulus/20260917_Sde-lcwgs	wahab	lcwgs		SdA1102602CWGSU_WKDL260014935-1A_253MYVLT4_L6_1.fq.gz	SdA1102602CWGSU_WKDL260014935-1A_253MYVLT4_L6_2.fq.gz		FALSE			
Sde-ABol_026-Ex1	SdA1102602CWGSU_WKDL260014935-1A_253MYVLT4_L7	/archive/carpenterlab/pire/raw_sequence_archive/spratelloides_delicatulus/20260917_Sde-lcwgs	wahab	lcwgs		SdA1102602CWGSU_WKDL260014935-1A_253MYVLT4_L7_1.fq.gz	SdA1102602CWGSU_WKDL260014935-1A_253MYVLT4_L7_2.fq.gz		FALSE			
Sde-ABol_047-Ex1	SdA1104711DWGSU_WKDL260014935-1A_253MYVLT4_L6	/archive/carpenterlab/pire/raw_sequence_archive/spratelloides_delicatulus/20260917_Sde-lcwgs	wahab	lcwgs		SdA1104711DWGSU_WKDL260014935-1A_253MYVLT4_L6_1.fq.gz	SdA1104711DWGSU_WKDL260014935-1A_253MYVLT4_L6_2.fq.gz		FALSE			
Sde-ABol_047-Ex1	SdA1104711DWGSU_WKDL260014935-1A_253MYVLT4_L7	/archive/carpenterlab/pire/raw_sequence_archive/spratelloides_delicatulus/20260917_Sde-lcwgs	wahab	lcwgs		SdA1104711DWGSU_WKDL260014935-1A_253MYVLT4_L7_1.fq.gz	SdA1104711DWGSU_WKDL260014935-1A_253MYVLT4_L7_2.fq.gz		FALSE			
Sde-ABol_049-Ex1	SdA1104901EWGSU_WKDL260014935-1A_253MYVLT4_L6	/archive/carpenterlab/pire/raw_sequence_archive/spratelloides_delicatulus/20260917_Sde-lcwgs	wahab	lcwgs		SdA1104901EWGSU_WKDL260014935-1A_253MYVLT4_L6_1.fq.gz	SdA1104901EWGSU_WKDL260014935-1A_253MYVLT4_L6_2.fq.gz		FALSE			
Sde-ABol_049-Ex1	SdA1104901EWGSU_WKDL260014935-1A_253MYVLT4_L7	/archive/carpenterlab/pire/raw_sequence_archive/spratelloides_delicatulus/20260917_Sde-lcwgs	wahab	lcwgs		SdA1104901EWGSU_WKDL260014935-1A_253MYVLT4_L7_1.fq.gz	SdA1104901EWGSU_WKDL260014935-1A_253MYVLT4_L7_2.fq.gz		FALSE			
Sde-ABol_055-Ex1	SdA1105507EWGSU_WKDL260014935-1A_253MYVLT4_L6	/archive/carpenterlab/pire/raw_sequence_archive/spratelloides_delicatulus/20260917_Sde-lcwgs	wahab	lcwgs		SdA1105507EWGSU_WKDL260014935-1A_253MYVLT4_L6_1.fq.gz	SdA1105507EWGSU_WKDL260014935-1A_253MYVLT4_L6_2.fq.gz		FALSE			
Sde-ABol_055-Ex1	SdA1105507EWGSU_WKDL260014935-1A_253MYVLT4_L7	/archive/carpenterlab/pire/raw_sequence_archive/spratelloides_delicatulus/20260917_Sde-lcwgs	wahab	lcwgs		SdA1105507EWGSU_WKDL260014935-1A_253MYVLT4_L7_1.fq.gz	SdA1105507EWGSU_WKDL260014935-1A_253MYVLT4_L7_2.fq.gz		FALSE			
Sde-ABol_056-Ex1	SdA1105608EWGSU_WKDL260014935-1A_253MYVLT4_L6	/archive/carpenterlab/pire/raw_sequence_archive/spratelloides_delicatulus/20260917_Sde-lcwgs	wahab	lcwgs		SdA1105608EWGSU_WKDL260014935-1A_253MYVLT4_L6_1.fq.gz	SdA1105608EWGSU_WKDL260014935-1A_253MYVLT4_L6_2.fq.gz		FALSE			
Sde-ABol_056-Ex1	SdA1105608EWGSU_WKDL260014935-1A_253MYVLT4_L7	/archive/carpenterlab/pire/raw_sequence_archive/spratelloides_delicatulus/20260917_Sde-lcwgs	wahab	lcwgs		SdA1105608EWGSU_WKDL260014935-1A_253MYVLT4_L7_1.fq.gz	SdA1105608EWGSU_WKDL260014935-1A_253MYVLT4_L7_2.fq.gz		FALSE			
Sde-ABol_058-Ex1	SdA1105810EWGSU_WKDL260014935-1A_253MYVLT4_L6	/archive/carpenterlab/pire/raw_sequence_archive/spratelloides_delicatulus/20260917_Sde-lcwgs	wahab	lcwgs		SdA1105810EWGSU_WKDL260014935-1A_253MYVLT4_L6_1.fq.gz	SdA1105810EWGSU_WKDL260014935-1A_253MYVLT4_L6_2.fq.gz		FALSE			
Sde-ABol_058-Ex1	SdA1105810EWGSU_WKDL260014935-1A_253MYVLT4_L7	/archive/carpenterlab/pire/raw_sequence_archive/spratelloides_delicatulus/20260917_Sde-lcwgs	wahab	lcwgs		SdA1105810EWGSU_WKDL260014935-1A_253MYVLT4_L7_1.fq.gz	SdA1105810EWGSU_WKDL260014935-1A_253MYVLT4_L7_2.fq.gz		FALSE			
Sde-ABol_059-Ex1	SdA1105911EWGSU_WKDL260014935-1A_253MYVLT4_L6	/archive/carpenterlab/pire/raw_sequence_archive/spratelloides_delicatulus/20260917_Sde-lcwgs	wahab	lcwgs		SdA1105911EWGSU_WKDL260014935-1A_253MYVLT4_L6_1.fq.gz	SdA1105911EWGSU_WKDL260014935-1A_253MYVLT4_L6_2.fq.gz		FALSE			
Sde-ABol_059-Ex1	SdA1105911EWGSU_WKDL260014935-1A_253MYVLT4_L7	/archive/carpenterlab/pire/raw_sequence_archive/spratelloides_delicatulus/20260917_Sde-lcwgs	wahab	lcwgs		SdA1105911EWGSU_WKDL260014935-1A_253MYVLT4_L7_1.fq.gz	SdA1105911EWGSU_WKDL260014935-1A_253MYVLT4_L7_2.fq.gz		FALSE			
Sde-ABol_072-Ex1	SdA1107212FWGSU_WKDL260014935-1A_253MYVLT4_L6	/archive/carpenterlab/pire/raw_sequence_archive/spratelloides_delicatulus/20260917_Sde-lcwgs	wahab	lcwgs		SdA1107212FWGSU_WKDL260014935-1A_253MYVLT4_L6_1.fq.gz	SdA1107212FWGSU_WKDL260014935-1A_253MYVLT4_L6_2.fq.gz		FALSE			
Sde-ABol_072-Ex1	SdA1107212FWGSU_WKDL260014935-1A_253MYVLT4_L7	/archive/carpenterlab/pire/raw_sequence_archive/spratelloides_delicatulus/20260917_Sde-lcwgs	wahab	lcwgs		SdA1107212FWGSU_WKDL260014935-1A_253MYVLT4_L7_1.fq.gz	SdA1107212FWGSU_WKDL260014935-1A_253MYVLT4_L7_2.fq.gz		FALSE			
Sde-CPla_003-Ex1	SdC1200305FWGSU_WKDL260014935-1A_253MYVLT4_L6	/archive/carpenterlab/pire/raw_sequence_archive/spratelloides_delicatulus/20260917_Sde-lcwgs	wahab	lcwgs		SdC1200305FWGSU_WKDL260014935-1A_253MYVLT4_L6_1.fq.gz	SdC1200305FWGSU_WKDL260014935-1A_253MYVLT4_L6_2.fq.gz		FALSE			
Sde-CPla_003-Ex1	SdC1200305FWGSU_WKDL260014935-1A_253MYVLT4_L7	/archive/carpenterlab/pire/raw_sequence_archive/spratelloides_delicatulus/20260917_Sde-lcwgs	wahab	lcwgs		SdC1200305FWGSU_WKDL260014935-1A_253MYVLT4_L7_1.fq.gz	SdC1200305FWGSU_WKDL260014935-1A_253MYVLT4_L7_2.fq.gz		FALSE			
Sde-CLim_007-Ex1	SdC1200705HWGSU_WKDL260014935-1A_253MYVLT4_L6	/archive/carpenterlab/pire/raw_sequence_archive/spratelloides_delicatulus/20260917_Sde-lcwgs	wahab	lcwgs		SdC1200705HWGSU_WKDL260014935-1A_253MYVLT4_L6_1.fq.gz	SdC1200705HWGSU_WKDL260014935-1A_253MYVLT4_L6_2.fq.gz		FALSE			
Sde-CLim_007-Ex1	SdC1200705HWGSU_WKDL260014935-1A_253MYVLT4_L7	/archive/carpenterlab/pire/raw_sequence_archive/spratelloides_delicatulus/20260917_Sde-lcwgs	wahab	lcwgs		SdC1200705HWGSU_WKDL260014935-1A_253MYVLT4_L7_1.fq.gz	SdC1200705HWGSU_WKDL260014935-1A_253MYVLT4_L7_2.fq.gz		FALSE			
Sde-CPla_009-Ex1	SdC1200901DWGSU_WKDL260014935-1A_253MYVLT4_L6	/archive/carpenterlab/pire/raw_sequence_archive/spratelloides_delicatulus/20260917_Sde-lcwgs	wahab	lcwgs		SdC1200901DWGSU_WKDL260014935-1A_253MYVLT4_L6_1.fq.gz	SdC1200901DWGSU_WKDL260014935-1A_253MYVLT4_L6_2.fq.gz		FALSE			
Sde-CPla_009-Ex1	SdC1200901DWGSU_WKDL260014935-1A_253MYVLT4_L7	/archive/carpenterlab/pire/raw_sequence_archive/spratelloides_delicatulus/20260917_Sde-lcwgs	wahab	lcwgs		SdC1200901DWGSU_WKDL260014935-1A_253MYVLT4_L7_1.fq.gz	SdC1200901DWGSU_WKDL260014935-1A_253MYVLT4_L7_2.fq.gz		FALSE			
Sde-CLim_014-Ex1	SdC1201405EWGSU_WKDL260014935-1A_253MYVLT4_L6	/archive/carpenterlab/pire/raw_sequence_archive/spratelloides_delicatulus/20260917_Sde-lcwgs	wahab	lcwgs		SdC1201405EWGSU_WKDL260014935-1A_253MYVLT4_L6_1.fq.gz	SdC1201405EWGSU_WKDL260014935-1A_253MYVLT4_L6_2.fq.gz		FALSE			
Sde-CLim_014-Ex1	SdC1201405EWGSU_WKDL260014935-1A_253MYVLT4_L7	/archive/carpenterlab/pire/raw_sequence_archive/spratelloides_delicatulus/20260917_Sde-lcwgs	wahab	lcwgs		SdC1201405EWGSU_WKDL260014935-1A_253MYVLT4_L7_1.fq.gz	SdC1201405EWGSU_WKDL260014935-1A_253MYVLT4_L7_2.fq.gz		FALSE			
Sde-CLim_015-Ex1	SdC1201512GWGSU_WKDL260014935-1A_253MYVLT4_L6	/archive/carpenterlab/pire/raw_sequence_archive/spratelloides_delicatulus/20260917_Sde-lcwgs	wahab	lcwgs		SdC1201512GWGSU_WKDL260014935-1A_253MYVLT4_L6_1.fq.gz	SdC1201512GWGSU_WKDL260014935-1A_253MYVLT4_L6_2.fq.gz		FALSE			
Sde-CLim_015-Ex1	SdC1201512GWGSU_WKDL260014935-1A_253MYVLT4_L7	/archive/carpenterlab/pire/raw_sequence_archive/spratelloides_delicatulus/20260917_Sde-lcwgs	wahab	lcwgs		SdC1201512GWGSU_WKDL260014935-1A_253MYVLT4_L7_1.fq.gz	SdC1201512GWGSU_WKDL260014935-1A_253MYVLT4_L7_2.fq.gz		FALSE			
Sde-CPla_016-Ex1	SdC1201608BWGSU_WKDL260014935-1A_253MYVLT4_L6	/archive/carpenterlab/pire/raw_sequence_archive/spratelloides_delicatulus/20260917_Sde-lcwgs	wahab	lcwgs		SdC1201608BWGSU_WKDL260014935-1A_253MYVLT4_L6_1.fq.gz	SdC1201608BWGSU_WKDL260014935-1A_253MYVLT4_L6_2.fq.gz		FALSE			
Sde-CPla_016-Ex1	SdC1201608BWGSU_WKDL260014935-1A_253MYVLT4_L7	/archive/carpenterlab/pire/raw_sequence_archive/spratelloides_delicatulus/20260917_Sde-lcwgs	wahab	lcwgs		SdC1201608BWGSU_WKDL260014935-1A_253MYVLT4_L7_1.fq.gz	SdC1201608BWGSU_WKDL260014935-1A_253MYVLT4_L7_2.fq.gz		FALSE			
Sde-CPla_017-Ex1	SdC1201702BWGSU_WKDL260014935-1A_253MYVLT4_L6	/archive/carpenterlab/pire/raw_sequence_archive/spratelloides_delicatulus/20260917_Sde-lcwgs	wahab	lcwgs		SdC1201702BWGSU_WKDL260014935-1A_253MYVLT4_L6_1.fq.gz	SdC1201702BWGSU_WKDL260014935-1A_253MYVLT4_L6_2.fq.gz		FALSE			
Sde-CPla_017-Ex1	SdC1201702BWGSU_WKDL260014935-1A_253MYVLT4_L7	/archive/carpenterlab/pire/raw_sequence_archive/spratelloides_delicatulus/20260917_Sde-lcwgs	wahab	lcwgs		SdC1201702BWGSU_WKDL260014935-1A_253MYVLT4_L7_1.fq.gz	SdC1201702BWGSU_WKDL260014935-1A_253MYVLT4_L7_2.fq.gz		FALSE			
Sde-CLim_017-Ex1	SdC1201711GWGSU_WKDL260014935-1A_253MYVLT4_L6	/archive/carpenterlab/pire/raw_sequence_archive/spratelloides_delicatulus/20260917_Sde-lcwgs	wahab	lcwgs		SdC1201711GWGSU_WKDL260014935-1A_253MYVLT4_L6_1.fq.gz	SdC1201711GWGSU_WKDL260014935-1A_253MYVLT4_L6_2.fq.gz		FALSE			
Sde-CLim_017-Ex1	SdC1201711GWGSU_WKDL260014935-1A_253MYVLT4_L7	/archive/carpenterlab/pire/raw_sequence_archive/spratelloides_delicatulus/20260917_Sde-lcwgs	wahab	lcwgs		SdC1201711GWGSU_WKDL260014935-1A_253MYVLT4_L7_1.fq.gz	SdC1201711GWGSU_WKDL260014935-1A_253MYVLT4_L7_2.fq.gz		FALSE			
Sde-CLim_020-Ex1	SdC1202005DWGSU_WKDL260014935-1A_253MYVLT4_L6	/archive/carpenterlab/pire/raw_sequence_archive/spratelloides_delicatulus/20260917_Sde-lcwgs	wahab	lcwgs		SdC1202005DWGSU_WKDL260014935-1A_253MYVLT4_L6_1.fq.gz	SdC1202005DWGSU_WKDL260014935-1A_253MYVLT4_L6_2.fq.gz		FALSE			
Sde-CLim_020-Ex1	SdC1202005DWGSU_WKDL260014935-1A_253MYVLT4_L7	/archive/carpenterlab/pire/raw_sequence_archive/spratelloides_delicatulus/20260917_Sde-lcwgs	wahab	lcwgs		SdC1202005DWGSU_WKDL260014935-1A_253MYVLT4_L7_1.fq.gz	SdC1202005DWGSU_WKDL260014935-1A_253MYVLT4_L7_2.fq.gz		FALSE			
Sde-CPla_020-Ex1	SdC1202012AWGSU_WKDL260014935-1A_253MYVLT4_L6	/archive/carpenterlab/pire/raw_sequence_archive/spratelloides_delicatulus/20260917_Sde-lcwgs	wahab	lcwgs		SdC1202012AWGSU_WKDL260014935-1A_253MYVLT4_L6_1.fq.gz	SdC1202012AWGSU_WKDL260014935-1A_253MYVLT4_L6_2.fq.gz		FALSE			
Sde-CPla_020-Ex1	SdC1202012AWGSU_WKDL260014935-1A_253MYVLT4_L7	/archive/carpenterlab/pire/raw_sequence_archive/spratelloides_delicatulus/20260917_Sde-lcwgs	wahab	lcwgs		SdC1202012AWGSU_WKDL260014935-1A_253MYVLT4_L7_1.fq.gz	SdC1202012AWGSU_WKDL260014935-1A_253MYVLT4_L7_2.fq.gz		FALSE			
Sde-CPla_023-Ex1	SdC1202303GWGSU_WKDL260014935-1A_253MYVLT4_L6	/archive/carpenterlab/pire/raw_sequence_archive/spratelloides_delicatulus/20260917_Sde-lcwgs	wahab	lcwgs		SdC1202303GWGSU_WKDL260014935-1A_253MYVLT4_L6_1.fq.gz	SdC1202303GWGSU_WKDL260014935-1A_253MYVLT4_L6_2.fq.gz		FALSE			
Sde-CPla_023-Ex1	SdC1202303GWGSU_WKDL260014935-1A_253MYVLT4_L7	/archive/carpenterlab/pire/raw_sequence_archive/spratelloides_delicatulus/20260917_Sde-lcwgs	wahab	lcwgs		SdC1202303GWGSU_WKDL260014935-1A_253MYVLT4_L7_1.fq.gz	SdC1202303GWGSU_WKDL260014935-1A_253MYVLT4_L7_2.fq.gz		FALSE			
Sde-CPla_025-Ex1	SdC1202506FWGSU_WKDL260014935-1A_253MYVLT4_L6	/archive/carpenterlab/pire/raw_sequence_archive/spratelloides_delicatulus/20260917_Sde-lcwgs	wahab	lcwgs		SdC1202506FWGSU_WKDL260014935-1A_253MYVLT4_L6_1.fq.gz	SdC1202506FWGSU_WKDL260014935-1A_253MYVLT4_L6_2.fq.gz		FALSE			
Sde-CPla_025-Ex1	SdC1202506FWGSU_WKDL260014935-1A_253MYVLT4_L7	/archive/carpenterlab/pire/raw_sequence_archive/spratelloides_delicatulus/20260917_Sde-lcwgs	wahab	lcwgs		SdC1202506FWGSU_WKDL260014935-1A_253MYVLT4_L7_1.fq.gz	SdC1202506FWGSU_WKDL260014935-1A_253MYVLT4_L7_2.fq.gz		FALSE			
Sde-CLim_028-Ex1	SdC1202807DWGSU_WKDL260014935-1A_253MYVLT4_L6	/archive/carpenterlab/pire/raw_sequence_archive/spratelloides_delicatulus/20260917_Sde-lcwgs	wahab	lcwgs		SdC1202807DWGSU_WKDL260014935-1A_253MYVLT4_L6_1.fq.gz	SdC1202807DWGSU_WKDL260014935-1A_253MYVLT4_L6_2.fq.gz		FALSE			
Sde-CLim_028-Ex1	SdC1202807DWGSU_WKDL260014935-1A_253MYVLT4_L7	/archive/carpenterlab/pire/raw_sequence_archive/spratelloides_delicatulus/20260917_Sde-lcwgs	wahab	lcwgs		SdC1202807DWGSU_WKDL260014935-1A_253MYVLT4_L7_1.fq.gz	SdC1202807DWGSU_WKDL260014935-1A_253MYVLT4_L7_2.fq.gz		FALSE			
Sde-CPla_029-Ex1	SdC1202901BWGSU_WKDL260014935-1A_253MYVLT4_L6	/archive/carpenterlab/pire/raw_sequence_archive/spratelloides_delicatulus/20260917_Sde-lcwgs	wahab	lcwgs		SdC1202901BWGSU_WKDL260014935-1A_253MYVLT4_L6_1.fq.gz	SdC1202901BWGSU_WKDL260014935-1A_253MYVLT4_L6_2.fq.gz		FALSE			
Sde-CPla_029-Ex1	SdC1202901BWGSU_WKDL260014935-1A_253MYVLT4_L7	/archive/carpenterlab/pire/raw_sequence_archive/spratelloides_delicatulus/20260917_Sde-lcwgs	wahab	lcwgs		SdC1202901BWGSU_WKDL260014935-1A_253MYVLT4_L7_1.fq.gz	SdC1202901BWGSU_WKDL260014935-1A_253MYVLT4_L7_2.fq.gz		FALSE			
Sde-CLim_030-Ex1	SdC1203011CWGSU_WKDL260014935-1A_253MYVLT4_L6	/archive/carpenterlab/pire/raw_sequence_archive/spratelloides_delicatulus/20260917_Sde-lcwgs	wahab	lcwgs		SdC1203011CWGSU_WKDL260014935-1A_253MYVLT4_L6_1.fq.gz	SdC1203011CWGSU_WKDL260014935-1A_253MYVLT4_L6_2.fq.gz		FALSE			
Sde-CLim_030-Ex1	SdC1203011CWGSU_WKDL260014935-1A_253MYVLT4_L7	/archive/carpenterlab/pire/raw_sequence_archive/spratelloides_delicatulus/20260917_Sde-lcwgs	wahab	lcwgs		SdC1203011CWGSU_WKDL260014935-1A_253MYVLT4_L7_1.fq.gz	SdC1203011CWGSU_WKDL260014935-1A_253MYVLT4_L7_2.fq.gz		FALSE			
Sde-CPla_031-Ex1	SdC1203112FWGSU_WKDL260014935-1A_253MYVLT4_L6	/archive/carpenterlab/pire/raw_sequence_archive/spratelloides_delicatulus/20260917_Sde-lcwgs	wahab	lcwgs		SdC1203112FWGSU_WKDL260014935-1A_253MYVLT4_L6_1.fq.gz	SdC1203112FWGSU_WKDL260014935-1A_253MYVLT4_L6_2.fq.gz		FALSE			
Sde-CPla_031-Ex1	SdC1203112FWGSU_WKDL260014935-1A_253MYVLT4_L7	/archive/carpenterlab/pire/raw_sequence_archive/spratelloides_delicatulus/20260917_Sde-lcwgs	wahab	lcwgs		SdC1203112FWGSU_WKDL260014935-1A_253MYVLT4_L7_1.fq.gz	SdC1203112FWGSU_WKDL260014935-1A_253MYVLT4_L7_2.fq.gz		FALSE			
Sde-CPla_033-Ex1	SdC1203306HWGSU_WKDL260014935-1A_253MYVLT4_L6	/archive/carpenterlab/pire/raw_sequence_archive/spratelloides_delicatulus/20260917_Sde-lcwgs	wahab	lcwgs		SdC1203306HWGSU_WKDL260014935-1A_253MYVLT4_L6_1.fq.gz	SdC1203306HWGSU_WKDL260014935-1A_253MYVLT4_L6_2.fq.gz		FALSE			
Sde-CPla_033-Ex1	SdC1203306HWGSU_WKDL260014935-1A_253MYVLT4_L7	/archive/carpenterlab/pire/raw_sequence_archive/spratelloides_delicatulus/20260917_Sde-lcwgs	wahab	lcwgs		SdC1203306HWGSU_WKDL260014935-1A_253MYVLT4_L7_1.fq.gz	SdC1203306HWGSU_WKDL260014935-1A_253MYVLT4_L7_2.fq.gz		FALSE			
Sde-CPla_036-Ex1	SdC1203603AWGSU_WKDL260014935-1A_253MYVLT4_L6	/archive/carpenterlab/pire/raw_sequence_archive/spratelloides_delicatulus/20260917_Sde-lcwgs	wahab	lcwgs		SdC1203603AWGSU_WKDL260014935-1A_253MYVLT4_L6_1.fq.gz	SdC1203603AWGSU_WKDL260014935-1A_253MYVLT4_L6_2.fq.gz		FALSE			
Sde-CPla_036-Ex1	SdC1203603AWGSU_WKDL260014935-1A_253MYVLT4_L7	/archive/carpenterlab/pire/raw_sequence_archive/spratelloides_delicatulus/20260917_Sde-lcwgs	wahab	lcwgs		SdC1203603AWGSU_WKDL260014935-1A_253MYVLT4_L7_1.fq.gz	SdC1203603AWGSU_WKDL260014935-1A_253MYVLT4_L7_2.fq.gz		FALSE			
Sde-CLim_037-Ex1	SdC1203703DWGSU_WKDL260014935-1A_253MYVLT4_L6	/archive/carpenterlab/pire/raw_sequence_archive/spratelloides_delicatulus/20260917_Sde-lcwgs	wahab	lcwgs		SdC1203703DWGSU_WKDL260014935-1A_253MYVLT4_L6_1.fq.gz	SdC1203703DWGSU_WKDL260014935-1A_253MYVLT4_L6_2.fq.gz		FALSE			
Sde-CLim_037-Ex1	SdC1203703DWGSU_WKDL260014935-1A_253MYVLT4_L7	/archive/carpenterlab/pire/raw_sequence_archive/spratelloides_delicatulus/20260917_Sde-lcwgs	wahab	lcwgs		SdC1203703DWGSU_WKDL260014935-1A_253MYVLT4_L7_1.fq.gz	SdC1203703DWGSU_WKDL260014935-1A_253MYVLT4_L7_2.fq.gz		FALSE			
Sde-CPla_037-Ex1	SdC1203707BWGSU_WKDL260014935-1A_253MYVLT4_L6	/archive/carpenterlab/pire/raw_sequence_archive/spratelloides_delicatulus/20260917_Sde-lcwgs	wahab	lcwgs		SdC1203707BWGSU_WKDL260014935-1A_253MYVLT4_L6_1.fq.gz	SdC1203707BWGSU_WKDL260014935-1A_253MYVLT4_L6_2.fq.gz		FALSE			
Sde-CPla_037-Ex1	SdC1203707BWGSU_WKDL260014935-1A_253MYVLT4_L7	/archive/carpenterlab/pire/raw_sequence_archive/spratelloides_delicatulus/20260917_Sde-lcwgs	wahab	lcwgs		SdC1203707BWGSU_WKDL260014935-1A_253MYVLT4_L7_1.fq.gz	SdC1203707BWGSU_WKDL260014935-1A_253MYVLT4_L7_2.fq.gz		FALSE			
Sde-CPla_040-Ex1	SdC1204004CWGSU_WKDL260014935-1A_253MYVLT4_L6	/archive/carpenterlab/pire/raw_sequence_archive/spratelloides_delicatulus/20260917_Sde-lcwgs	wahab	lcwgs		SdC1204004CWGSU_WKDL260014935-1A_253MYVLT4_L6_1.fq.gz	SdC1204004CWGSU_WKDL260014935-1A_253MYVLT4_L6_2.fq.gz		FALSE			
Sde-CPla_040-Ex1	SdC1204004CWGSU_WKDL260014935-1A_253MYVLT4_L7	/archive/carpenterlab/pire/raw_sequence_archive/spratelloides_delicatulus/20260917_Sde-lcwgs	wahab	lcwgs		SdC1204004CWGSU_WKDL260014935-1A_253MYVLT4_L7_1.fq.gz	SdC1204004CWGSU_WKDL260014935-1A_253MYVLT4_L7_2.fq.gz		FALSE			
Sde-CLim_042-Ex1	SdC1204212DWGSU_WKDL260014935-1A_253MYVLT4_L6	/archive/carpenterlab/pire/raw_sequence_archive/spratelloides_delicatulus/20260917_Sde-lcwgs	wahab	lcwgs		SdC1204212DWGSU_WKDL260014935-1A_253MYVLT4_L6_1.fq.gz	SdC1204212DWGSU_WKDL260014935-1A_253MYVLT4_L6_2.fq.gz		FALSE			
Sde-CLim_042-Ex1	SdC1204212DWGSU_WKDL260014935-1A_253MYVLT4_L7	/archive/carpenterlab/pire/raw_sequence_archive/spratelloides_delicatulus/20260917_Sde-lcwgs	wahab	lcwgs		SdC1204212DWGSU_WKDL260014935-1A_253MYVLT4_L7_1.fq.gz	SdC1204212DWGSU_WKDL260014935-1A_253MYVLT4_L7_2.fq.gz		FALSE			
Sde-CPla_045-Ex1	SdC1204501CWGSU_WKDL260014935-1A_253MYVLT4_L6	/archive/carpenterlab/pire/raw_sequence_archive/spratelloides_delicatulus/20260917_Sde-lcwgs	wahab	lcwgs		SdC1204501CWGSU_WKDL260014935-1A_253MYVLT4_L6_1.fq.gz	SdC1204501CWGSU_WKDL260014935-1A_253MYVLT4_L6_2.fq.gz		FALSE			
Sde-CPla_045-Ex1	SdC1204501CWGSU_WKDL260014935-1A_253MYVLT4_L7	/archive/carpenterlab/pire/raw_sequence_archive/spratelloides_delicatulus/20260917_Sde-lcwgs	wahab	lcwgs		SdC1204501CWGSU_WKDL260014935-1A_253MYVLT4_L7_1.fq.gz	SdC1204501CWGSU_WKDL260014935-1A_253MYVLT4_L7_2.fq.gz		FALSE			
Sde-CLim_045-Ex1	SdC1204503EWGSU_WKDL260014935-1A_253MYVLT4_L6	/archive/carpenterlab/pire/raw_sequence_archive/spratelloides_delicatulus/20260917_Sde-lcwgs	wahab	lcwgs		SdC1204503EWGSU_WKDL260014935-1A_253MYVLT4_L6_1.fq.gz	SdC1204503EWGSU_WKDL260014935-1A_253MYVLT4_L6_2.fq.gz		FALSE			
Sde-CLim_045-Ex1	SdC1204503EWGSU_WKDL260014935-1A_253MYVLT4_L7	/archive/carpenterlab/pire/raw_sequence_archive/spratelloides_delicatulus/20260917_Sde-lcwgs	wahab	lcwgs		SdC1204503EWGSU_WKDL260014935-1A_253MYVLT4_L7_1.fq.gz	SdC1204503EWGSU_WKDL260014935-1A_253MYVLT4_L7_2.fq.gz		FALSE			
Sde-CPla_047-Ex1	SdC1204704HWGSU_WKDL260014935-1A_253MYVLT4_L6	/archive/carpenterlab/pire/raw_sequence_archive/spratelloides_delicatulus/20260917_Sde-lcwgs	wahab	lcwgs		SdC1204704HWGSU_WKDL260014935-1A_253MYVLT4_L6_1.fq.gz	SdC1204704HWGSU_WKDL260014935-1A_253MYVLT4_L6_2.fq.gz		FALSE			
Sde-CPla_047-Ex1	SdC1204704HWGSU_WKDL260014935-1A_253MYVLT4_L7	/archive/carpenterlab/pire/raw_sequence_archive/spratelloides_delicatulus/20260917_Sde-lcwgs	wahab	lcwgs		SdC1204704HWGSU_WKDL260014935-1A_253MYVLT4_L7_1.fq.gz	SdC1204704HWGSU_WKDL260014935-1A_253MYVLT4_L7_2.fq.gz		FALSE			
Sde-CLim_048-Ex1	SdC1204808AWGSU_WKDL260014935-1A_253MYVLT4_L6	/archive/carpenterlab/pire/raw_sequence_archive/spratelloides_delicatulus/20260917_Sde-lcwgs	wahab	lcwgs		SdC1204808AWGSU_WKDL260014935-1A_253MYVLT4_L6_1.fq.gz	SdC1204808AWGSU_WKDL260014935-1A_253MYVLT4_L6_2.fq.gz		FALSE			
Sde-CLim_048-Ex1	SdC1204808AWGSU_WKDL260014935-1A_253MYVLT4_L7	/archive/carpenterlab/pire/raw_sequence_archive/spratelloides_delicatulus/20260917_Sde-lcwgs	wahab	lcwgs		SdC1204808AWGSU_WKDL260014935-1A_253MYVLT4_L7_1.fq.gz	SdC1204808AWGSU_WKDL260014935-1A_253MYVLT4_L7_2.fq.gz		FALSE			
Sde-CLim_050-Ex1	SdC1205002DWGSU_WKDL260014935-1A_253MYVLT4_L6	/archive/carpenterlab/pire/raw_sequence_archive/spratelloides_delicatulus/20260917_Sde-lcwgs	wahab	lcwgs		SdC1205002DWGSU_WKDL260014935-1A_253MYVLT4_L6_1.fq.gz	SdC1205002DWGSU_WKDL260014935-1A_253MYVLT4_L6_2.fq.gz		FALSE			
Sde-CLim_050-Ex1	SdC1205002DWGSU_WKDL260014935-1A_253MYVLT4_L7	/archive/carpenterlab/pire/raw_sequence_archive/spratelloides_delicatulus/20260917_Sde-lcwgs	wahab	lcwgs		SdC1205002DWGSU_WKDL260014935-1A_253MYVLT4_L7_1.fq.gz	SdC1205002DWGSU_WKDL260014935-1A_253MYVLT4_L7_2.fq.gz		FALSE			
Sde-CPla_051-Ex1	SdC1205101EWGSU_WKDL260014935-1A_253MYVLT4_L6	/archive/carpenterlab/pire/raw_sequence_archive/spratelloides_delicatulus/20260917_Sde-lcwgs	wahab	lcwgs		SdC1205101EWGSU_WKDL260014935-1A_253MYVLT4_L6_1.fq.gz	SdC1205101EWGSU_WKDL260014935-1A_253MYVLT4_L6_2.fq.gz		FALSE			
Sde-CPla_051-Ex1	SdC1205101EWGSU_WKDL260014935-1A_253MYVLT4_L7	/archive/carpenterlab/pire/raw_sequence_archive/spratelloides_delicatulus/20260917_Sde-lcwgs	wahab	lcwgs		SdC1205101EWGSU_WKDL260014935-1A_253MYVLT4_L7_1.fq.gz	SdC1205101EWGSU_WKDL260014935-1A_253MYVLT4_L7_2.fq.gz		FALSE			
Sde-CLim_052-Ex1	SdC1205212HWGSU_WKDL260014935-1A_253MYVLT4_L6	/archive/carpenterlab/pire/raw_sequence_archive/spratelloides_delicatulus/20260917_Sde-lcwgs	wahab	lcwgs		SdC1205212HWGSU_WKDL260014935-1A_253MYVLT4_L6_1.fq.gz	SdC1205212HWGSU_WKDL260014935-1A_253MYVLT4_L6_2.fq.gz		FALSE			
Sde-CLim_052-Ex1	SdC1205212HWGSU_WKDL260014935-1A_253MYVLT4_L7	/archive/carpenterlab/pire/raw_sequence_archive/spratelloides_delicatulus/20260917_Sde-lcwgs	wahab	lcwgs		SdC1205212HWGSU_WKDL260014935-1A_253MYVLT4_L7_1.fq.gz	SdC1205212HWGSU_WKDL260014935-1A_253MYVLT4_L7_2.fq.gz		FALSE			
Sde-CLim_053-Ex1	SdC1205312EWGSU_WKDL260014935-1A_253MYVLT4_L6	/archive/carpenterlab/pire/raw_sequence_archive/spratelloides_delicatulus/20260917_Sde-lcwgs	wahab	lcwgs		SdC1205312EWGSU_WKDL260014935-1A_253MYVLT4_L6_1.fq.gz	SdC1205312EWGSU_WKDL260014935-1A_253MYVLT4_L6_2.fq.gz		FALSE			
Sde-CLim_053-Ex1	SdC1205312EWGSU_WKDL260014935-1A_253MYVLT4_L7	/archive/carpenterlab/pire/raw_sequence_archive/spratelloides_delicatulus/20260917_Sde-lcwgs	wahab	lcwgs		SdC1205312EWGSU_WKDL260014935-1A_253MYVLT4_L7_1.fq.gz	SdC1205312EWGSU_WKDL260014935-1A_253MYVLT4_L7_2.fq.gz		FALSE			
Sde-CLim_055-Ex1	SdC1205510EWGSU_WKDL260014935-1A_253MYVLT4_L6	/archive/carpenterlab/pire/raw_sequence_archive/spratelloides_delicatulus/20260917_Sde-lcwgs	wahab	lcwgs		SdC1205510EWGSU_WKDL260014935-1A_253MYVLT4_L6_1.fq.gz	SdC1205510EWGSU_WKDL260014935-1A_253MYVLT4_L6_2.fq.gz		FALSE			
Sde-CLim_055-Ex1	SdC1205510EWGSU_WKDL260014935-1A_253MYVLT4_L7	/archive/carpenterlab/pire/raw_sequence_archive/spratelloides_delicatulus/20260917_Sde-lcwgs	wahab	lcwgs		SdC1205510EWGSU_WKDL260014935-1A_253MYVLT4_L7_1.fq.gz	SdC1205510EWGSU_WKDL260014935-1A_253MYVLT4_L7_2.fq.gz		FALSE			
Sde-CLim_056-Ex1	SdC1205606AWGSU_WKDL260014935-1A_253MYVLT4_L6	/archive/carpenterlab/pire/raw_sequence_archive/spratelloides_delicatulus/20260917_Sde-lcwgs	wahab	lcwgs		SdC1205606AWGSU_WKDL260014935-1A_253MYVLT4_L6_1.fq.gz	SdC1205606AWGSU_WKDL260014935-1A_253MYVLT4_L6_2.fq.gz		FALSE			
Sde-CLim_056-Ex1	SdC1205606AWGSU_WKDL260014935-1A_253MYVLT4_L7	/archive/carpenterlab/pire/raw_sequence_archive/spratelloides_delicatulus/20260917_Sde-lcwgs	wahab	lcwgs		SdC1205606AWGSU_WKDL260014935-1A_253MYVLT4_L7_1.fq.gz	SdC1205606AWGSU_WKDL260014935-1A_253MYVLT4_L7_2.fq.gz		FALSE			
Sde-CLim_058-Ex1	SdC1205808HWGSU_WKDL260014935-1A_253MYVLT4_L6	/archive/carpenterlab/pire/raw_sequence_archive/spratelloides_delicatulus/20260917_Sde-lcwgs	wahab	lcwgs		SdC1205808HWGSU_WKDL260014935-1A_253MYVLT4_L6_1.fq.gz	SdC1205808HWGSU_WKDL260014935-1A_253MYVLT4_L6_2.fq.gz		FALSE			
Sde-CLim_058-Ex1	SdC1205808HWGSU_WKDL260014935-1A_253MYVLT4_L7	/archive/carpenterlab/pire/raw_sequence_archive/spratelloides_delicatulus/20260917_Sde-lcwgs	wahab	lcwgs		SdC1205808HWGSU_WKDL260014935-1A_253MYVLT4_L7_1.fq.gz	SdC1205808HWGSU_WKDL260014935-1A_253MYVLT4_L7_2.fq.gz		FALSE			
Sde-CLim_062-Ex1	SdC1206206EWGSU_WKDL260014935-1A_253MYVLT4_L6	/archive/carpenterlab/pire/raw_sequence_archive/spratelloides_delicatulus/20260917_Sde-lcwgs	wahab	lcwgs		SdC1206206EWGSU_WKDL260014935-1A_253MYVLT4_L6_1.fq.gz	SdC1206206EWGSU_WKDL260014935-1A_253MYVLT4_L6_2.fq.gz		FALSE			
Sde-CLim_062-Ex1	SdC1206206EWGSU_WKDL260014935-1A_253MYVLT4_L7	/archive/carpenterlab/pire/raw_sequence_archive/spratelloides_delicatulus/20260917_Sde-lcwgs	wahab	lcwgs		SdC1206206EWGSU_WKDL260014935-1A_253MYVLT4_L7_1.fq.gz	SdC1206206EWGSU_WKDL260014935-1A_253MYVLT4_L7_2.fq.gz		FALSE			
Sde-CPla_063-Ex1	SdC1206310DWGSU_WKDL260014935-1A_253MYVLT4_L6	/archive/carpenterlab/pire/raw_sequence_archive/spratelloides_delicatulus/20260917_Sde-lcwgs	wahab	lcwgs		SdC1206310DWGSU_WKDL260014935-1A_253MYVLT4_L6_1.fq.gz	SdC1206310DWGSU_WKDL260014935-1A_253MYVLT4_L6_2.fq.gz		FALSE			
Sde-CPla_063-Ex1	SdC1206310DWGSU_WKDL260014935-1A_253MYVLT4_L7	/archive/carpenterlab/pire/raw_sequence_archive/spratelloides_delicatulus/20260917_Sde-lcwgs	wahab	lcwgs		SdC1206310DWGSU_WKDL260014935-1A_253MYVLT4_L7_1.fq.gz	SdC1206310DWGSU_WKDL260014935-1A_253MYVLT4_L7_2.fq.gz		FALSE			
Sde-CPla_067-Ex1	SdC1206701GWGSU_WKDL260014935-1A_253MYVLT4_L6	/archive/carpenterlab/pire/raw_sequence_archive/spratelloides_delicatulus/20260917_Sde-lcwgs	wahab	lcwgs		SdC1206701GWGSU_WKDL260014935-1A_253MYVLT4_L6_1.fq.gz	SdC1206701GWGSU_WKDL260014935-1A_253MYVLT4_L6_2.fq.gz		FALSE			
Sde-CPla_067-Ex1	SdC1206701GWGSU_WKDL260014935-1A_253MYVLT4_L7	/archive/carpenterlab/pire/raw_sequence_archive/spratelloides_delicatulus/20260917_Sde-lcwgs	wahab	lcwgs		SdC1206701GWGSU_WKDL260014935-1A_253MYVLT4_L7_1.fq.gz	SdC1206701GWGSU_WKDL260014935-1A_253MYVLT4_L7_2.fq.gz		FALSE			
Sde-CLim_068-Ex1	SdC1206810HWGSU_WKDL260014935-1A_253MYVLT4_L6	/archive/carpenterlab/pire/raw_sequence_archive/spratelloides_delicatulus/20260917_Sde-lcwgs	wahab	lcwgs		SdC1206810HWGSU_WKDL260014935-1A_253MYVLT4_L6_1.fq.gz	SdC1206810HWGSU_WKDL260014935-1A_253MYVLT4_L6_2.fq.gz		FALSE			
Sde-CLim_068-Ex1	SdC1206810HWGSU_WKDL260014935-1A_253MYVLT4_L7	/archive/carpenterlab/pire/raw_sequence_archive/spratelloides_delicatulus/20260917_Sde-lcwgs	wahab	lcwgs		SdC1206810HWGSU_WKDL260014935-1A_253MYVLT4_L7_1.fq.gz	SdC1206810HWGSU_WKDL260014935-1A_253MYVLT4_L7_2.fq.gz		FALSE			
Sde-CLim_070-Ex1	SdC1207006DWGSU_WKDL260014935-1A_253MYVLT4_L6	/archive/carpenterlab/pire/raw_sequence_archive/spratelloides_delicatulus/20260917_Sde-lcwgs	wahab	lcwgs		SdC1207006DWGSU_WKDL260014935-1A_253MYVLT4_L6_1.fq.gz	SdC1207006DWGSU_WKDL260014935-1A_253MYVLT4_L6_2.fq.gz		FALSE			
Sde-CLim_070-Ex1	SdC1207006DWGSU_WKDL260014935-1A_253MYVLT4_L7	/archive/carpenterlab/pire/raw_sequence_archive/spratelloides_delicatulus/20260917_Sde-lcwgs	wahab	lcwgs		SdC1207006DWGSU_WKDL260014935-1A_253MYVLT4_L7_1.fq.gz	SdC1207006DWGSU_WKDL260014935-1A_253MYVLT4_L7_2.fq.gz		FALSE			
Sde-CPla_071-Ex1	SdC1207106GWGSU_WKDL260014935-1A_253MYVLT4_L6	/archive/carpenterlab/pire/raw_sequence_archive/spratelloides_delicatulus/20260917_Sde-lcwgs	wahab	lcwgs		SdC1207106GWGSU_WKDL260014935-1A_253MYVLT4_L6_1.fq.gz	SdC1207106GWGSU_WKDL260014935-1A_253MYVLT4_L6_2.fq.gz		FALSE			
Sde-CPla_071-Ex1	SdC1207106GWGSU_WKDL260014935-1A_253MYVLT4_L7	/archive/carpenterlab/pire/raw_sequence_archive/spratelloides_delicatulus/20260917_Sde-lcwgs	wahab	lcwgs		SdC1207106GWGSU_WKDL260014935-1A_253MYVLT4_L7_1.fq.gz	SdC1207106GWGSU_WKDL260014935-1A_253MYVLT4_L7_2.fq.gz		FALSE			
Sde-CPla_074-Ex1	SdC1207407AWGSU_WKDL260014935-1A_253MYVLT4_L6	/archive/carpenterlab/pire/raw_sequence_archive/spratelloides_delicatulus/20260917_Sde-lcwgs	wahab	lcwgs		SdC1207407AWGSU_WKDL260014935-1A_253MYVLT4_L6_1.fq.gz	SdC1207407AWGSU_WKDL260014935-1A_253MYVLT4_L6_2.fq.gz		FALSE			
Sde-CPla_074-Ex1	SdC1207407AWGSU_WKDL260014935-1A_253MYVLT4_L7	/archive/carpenterlab/pire/raw_sequence_archive/spratelloides_delicatulus/20260917_Sde-lcwgs	wahab	lcwgs		SdC1207407AWGSU_WKDL260014935-1A_253MYVLT4_L7_1.fq.gz	SdC1207407AWGSU_WKDL260014935-1A_253MYVLT4_L7_2.fq.gz		FALSE			
Sde-CLim_074-Ex1	SdC1207408GWGSU_WKDL260014935-1A_253MYVLT4_L6	/archive/carpenterlab/pire/raw_sequence_archive/spratelloides_delicatulus/20260917_Sde-lcwgs	wahab	lcwgs		SdC1207408GWGSU_WKDL260014935-1A_253MYVLT4_L6_1.fq.gz	SdC1207408GWGSU_WKDL260014935-1A_253MYVLT4_L6_2.fq.gz		FALSE			
Sde-CLim_074-Ex1	SdC1207408GWGSU_WKDL260014935-1A_253MYVLT4_L7	/archive/carpenterlab/pire/raw_sequence_archive/spratelloides_delicatulus/20260917_Sde-lcwgs	wahab	lcwgs		SdC1207408GWGSU_WKDL260014935-1A_253MYVLT4_L7_1.fq.gz	SdC1207408GWGSU_WKDL260014935-1A_253MYVLT4_L7_2.fq.gz		FALSE			
Sde-CLim_075-Ex1	SdC1207512CWGSU_WKDL260014935-1A_253MYVLT4_L6	/archive/carpenterlab/pire/raw_sequence_archive/spratelloides_delicatulus/20260917_Sde-lcwgs	wahab	lcwgs		SdC1207512CWGSU_WKDL260014935-1A_253MYVLT4_L6_1.fq.gz	SdC1207512CWGSU_WKDL260014935-1A_253MYVLT4_L6_2.fq.gz		FALSE			
Sde-CLim_075-Ex1	SdC1207512CWGSU_WKDL260014935-1A_253MYVLT4_L7	/archive/carpenterlab/pire/raw_sequence_archive/spratelloides_delicatulus/20260917_Sde-lcwgs	wahab	lcwgs		SdC1207512CWGSU_WKDL260014935-1A_253MYVLT4_L7_1.fq.gz	SdC1207512CWGSU_WKDL260014935-1A_253MYVLT4_L7_2.fq.gz		FALSE			
Sde-CLim_077-Ex1	SdC1207709DWGSU_WKDL260014935-1A_253MYVLT4_L6	/archive/carpenterlab/pire/raw_sequence_archive/spratelloides_delicatulus/20260917_Sde-lcwgs	wahab	lcwgs		SdC1207709DWGSU_WKDL260014935-1A_253MYVLT4_L6_1.fq.gz	SdC1207709DWGSU_WKDL260014935-1A_253MYVLT4_L6_2.fq.gz		FALSE			
Sde-CLim_077-Ex1	SdC1207709DWGSU_WKDL260014935-1A_253MYVLT4_L7	/archive/carpenterlab/pire/raw_sequence_archive/spratelloides_delicatulus/20260917_Sde-lcwgs	wahab	lcwgs		SdC1207709DWGSU_WKDL260014935-1A_253MYVLT4_L7_1.fq.gz	SdC1207709DWGSU_WKDL260014935-1A_253MYVLT4_L7_2.fq.gz		FALSE			
Sde-CPla_079-Ex1	SdC1207908DWGSU_WKDL260014935-1A_253MYVLT4_L6	/archive/carpenterlab/pire/raw_sequence_archive/spratelloides_delicatulus/20260917_Sde-lcwgs	wahab	lcwgs		SdC1207908DWGSU_WKDL260014935-1A_253MYVLT4_L6_1.fq.gz	SdC1207908DWGSU_WKDL260014935-1A_253MYVLT4_L6_2.fq.gz		FALSE			
Sde-CPla_079-Ex1	SdC1207908DWGSU_WKDL260014935-1A_253MYVLT4_L7	/archive/carpenterlab/pire/raw_sequence_archive/spratelloides_delicatulus/20260917_Sde-lcwgs	wahab	lcwgs		SdC1207908DWGSU_WKDL260014935-1A_253MYVLT4_L7_1.fq.gz	SdC1207908DWGSU_WKDL260014935-1A_253MYVLT4_L7_2.fq.gz		FALSE			
Sde-CPla_081-Ex1	SdC1208106BWGSU_WKDL260014935-1A_253MYVLT4_L6	/archive/carpenterlab/pire/raw_sequence_archive/spratelloides_delicatulus/20260917_Sde-lcwgs	wahab	lcwgs		SdC1208106BWGSU_WKDL260014935-1A_253MYVLT4_L6_1.fq.gz	SdC1208106BWGSU_WKDL260014935-1A_253MYVLT4_L6_2.fq.gz		FALSE			
Sde-CPla_081-Ex1	SdC1208106BWGSU_WKDL260014935-1A_253MYVLT4_L7	/archive/carpenterlab/pire/raw_sequence_archive/spratelloides_delicatulus/20260917_Sde-lcwgs	wahab	lcwgs		SdC1208106BWGSU_WKDL260014935-1A_253MYVLT4_L7_1.fq.gz	SdC1208106BWGSU_WKDL260014935-1A_253MYVLT4_L7_2.fq.gz		FALSE			
Sde-CLim_082-Ex1	SdC1208205GWGSU_WKDL260014935-1A_253MYVLT4_L6	/archive/carpenterlab/pire/raw_sequence_archive/spratelloides_delicatulus/20260917_Sde-lcwgs	wahab	lcwgs		SdC1208205GWGSU_WKDL260014935-1A_253MYVLT4_L6_1.fq.gz	SdC1208205GWGSU_WKDL260014935-1A_253MYVLT4_L6_2.fq.gz		FALSE			
Sde-CLim_082-Ex1	SdC1208205GWGSU_WKDL260014935-1A_253MYVLT4_L7	/archive/carpenterlab/pire/raw_sequence_archive/spratelloides_delicatulus/20260917_Sde-lcwgs	wahab	lcwgs		SdC1208205GWGSU_WKDL260014935-1A_253MYVLT4_L7_1.fq.gz	SdC1208205GWGSU_WKDL260014935-1A_253MYVLT4_L7_2.fq.gz		FALSE			
Sde-CLim_085-Ex1	SdC1208504AWGSU_WKDL260014935-1A_253MYVLT4_L6	/archive/carpenterlab/pire/raw_sequence_archive/spratelloides_delicatulus/20260917_Sde-lcwgs	wahab	lcwgs		SdC1208504AWGSU_WKDL260014935-1A_253MYVLT4_L6_1.fq.gz	SdC1208504AWGSU_WKDL260014935-1A_253MYVLT4_L6_2.fq.gz		FALSE			
Sde-CLim_085-Ex1	SdC1208504AWGSU_WKDL260014935-1A_253MYVLT4_L7	/archive/carpenterlab/pire/raw_sequence_archive/spratelloides_delicatulus/20260917_Sde-lcwgs	wahab	lcwgs		SdC1208504AWGSU_WKDL260014935-1A_253MYVLT4_L7_1.fq.gz	SdC1208504AWGSU_WKDL260014935-1A_253MYVLT4_L7_2.fq.gz		FALSE			
Sde-CPla_086-Ex1	SdC1208604GWGSU_WKDL260014935-1A_253MYVLT4_L6	/archive/carpenterlab/pire/raw_sequence_archive/spratelloides_delicatulus/20260917_Sde-lcwgs	wahab	lcwgs		SdC1208604GWGSU_WKDL260014935-1A_253MYVLT4_L6_1.fq.gz	SdC1208604GWGSU_WKDL260014935-1A_253MYVLT4_L6_2.fq.gz		FALSE			
Sde-CPla_086-Ex1	SdC1208604GWGSU_WKDL260014935-1A_253MYVLT4_L7	/archive/carpenterlab/pire/raw_sequence_archive/spratelloides_delicatulus/20260917_Sde-lcwgs	wahab	lcwgs		SdC1208604GWGSU_WKDL260014935-1A_253MYVLT4_L7_1.fq.gz	SdC1208604GWGSU_WKDL260014935-1A_253MYVLT4_L7_2.fq.gz		FALSE			
Sde-CLim_088-Ex1	SdC1208803BWGSU_WKDL260014935-1A_253MYVLT4_L6	/archive/carpenterlab/pire/raw_sequence_archive/spratelloides_delicatulus/20260917_Sde-lcwgs	wahab	lcwgs		SdC1208803BWGSU_WKDL260014935-1A_253MYVLT4_L6_1.fq.gz	SdC1208803BWGSU_WKDL260014935-1A_253MYVLT4_L6_2.fq.gz		FALSE			
Sde-CLim_088-Ex1	SdC1208803BWGSU_WKDL260014935-1A_253MYVLT4_L7	/archive/carpenterlab/pire/raw_sequence_archive/spratelloides_delicatulus/20260917_Sde-lcwgs	wahab	lcwgs		SdC1208803BWGSU_WKDL260014935-1A_253MYVLT4_L7_1.fq.gz	SdC1208803BWGSU_WKDL260014935-1A_253MYVLT4_L7_2.fq.gz		FALSE			
Sde-CPla_088-Ex1	SdC1208805AWGSU_WKDL260014935-1A_253MYVLT4_L6	/archive/carpenterlab/pire/raw_sequence_archive/spratelloides_delicatulus/20260917_Sde-lcwgs	wahab	lcwgs		SdC1208805AWGSU_WKDL260014935-1A_253MYVLT4_L6_1.fq.gz	SdC1208805AWGSU_WKDL260014935-1A_253MYVLT4_L6_2.fq.gz		FALSE			
Sde-CPla_088-Ex1	SdC1208805AWGSU_WKDL260014935-1A_253MYVLT4_L7	/archive/carpenterlab/pire/raw_sequence_archive/spratelloides_delicatulus/20260917_Sde-lcwgs	wahab	lcwgs		SdC1208805AWGSU_WKDL260014935-1A_253MYVLT4_L7_1.fq.gz	SdC1208805AWGSU_WKDL260014935-1A_253MYVLT4_L7_2.fq.gz		FALSE			
Sde-CPla_090-Ex1	SdC1209004FWGSU_WKDL260014935-1A_253MYVLT4_L6	/archive/carpenterlab/pire/raw_sequence_archive/spratelloides_delicatulus/20260917_Sde-lcwgs	wahab	lcwgs		SdC1209004FWGSU_WKDL260014935-1A_253MYVLT4_L6_1.fq.gz	SdC1209004FWGSU_WKDL260014935-1A_253MYVLT4_L6_2.fq.gz		FALSE			
Sde-CPla_090-Ex1	SdC1209004FWGSU_WKDL260014935-1A_253MYVLT4_L7	/archive/carpenterlab/pire/raw_sequence_archive/spratelloides_delicatulus/20260917_Sde-lcwgs	wahab	lcwgs		SdC1209004FWGSU_WKDL260014935-1A_253MYVLT4_L7_1.fq.gz	SdC1209004FWGSU_WKDL260014935-1A_253MYVLT4_L7_2.fq.gz		FALSE			
Sde-CPla_091-Ex1	SdC1209102AWGSU_WKDL260014935-1A_253MYVLT4_L6	/archive/carpenterlab/pire/raw_sequence_archive/spratelloides_delicatulus/20260917_Sde-lcwgs	wahab	lcwgs		SdC1209102AWGSU_WKDL260014935-1A_253MYVLT4_L6_1.fq.gz	SdC1209102AWGSU_WKDL260014935-1A_253MYVLT4_L6_2.fq.gz		FALSE			
Sde-CPla_091-Ex1	SdC1209102AWGSU_WKDL260014935-1A_253MYVLT4_L7	/archive/carpenterlab/pire/raw_sequence_archive/spratelloides_delicatulus/20260917_Sde-lcwgs	wahab	lcwgs		SdC1209102AWGSU_WKDL260014935-1A_253MYVLT4_L7_1.fq.gz	SdC1209102AWGSU_WKDL260014935-1A_253MYVLT4_L7_2.fq.gz		FALSE			
Sde-CLim_091-Ex1	SdC1209104EWGSU_WKDL260014935-1A_253MYVLT4_L6	/archive/carpenterlab/pire/raw_sequence_archive/spratelloides_delicatulus/20260917_Sde-lcwgs	wahab	lcwgs		SdC1209104EWGSU_WKDL260014935-1A_253MYVLT4_L6_1.fq.gz	SdC1209104EWGSU_WKDL260014935-1A_253MYVLT4_L6_2.fq.gz		FALSE			
Sde-CLim_091-Ex1	SdC1209104EWGSU_WKDL260014935-1A_253MYVLT4_L7	/archive/carpenterlab/pire/raw_sequence_archive/spratelloides_delicatulus/20260917_Sde-lcwgs	wahab	lcwgs		SdC1209104EWGSU_WKDL260014935-1A_253MYVLT4_L7_1.fq.gz	SdC1209104EWGSU_WKDL260014935-1A_253MYVLT4_L7_2.fq.gz		FALSE			
Sde-CLim_092-Ex1	SdC1209207HWGSU_WKDL260014935-1A_253MYVLT4_L6	/archive/carpenterlab/pire/raw_sequence_archive/spratelloides_delicatulus/20260917_Sde-lcwgs	wahab	lcwgs		SdC1209207HWGSU_WKDL260014935-1A_253MYVLT4_L6_1.fq.gz	SdC1209207HWGSU_WKDL260014935-1A_253MYVLT4_L6_2.fq.gz		FALSE			
Sde-CLim_092-Ex1	SdC1209207HWGSU_WKDL260014935-1A_253MYVLT4_L7	/archive/carpenterlab/pire/raw_sequence_archive/spratelloides_delicatulus/20260917_Sde-lcwgs	wahab	lcwgs		SdC1209207HWGSU_WKDL260014935-1A_253MYVLT4_L7_1.fq.gz	SdC1209207HWGSU_WKDL260014935-1A_253MYVLT4_L7_2.fq.gz		FALSE			
Sde-CPla_093-Ex1	SdC1209304BWGSU_WKDL260014935-1A_253MYVLT4_L6	/archive/carpenterlab/pire/raw_sequence_archive/spratelloides_delicatulus/20260917_Sde-lcwgs	wahab	lcwgs		SdC1209304BWGSU_WKDL260014935-1A_253MYVLT4_L6_1.fq.gz	SdC1209304BWGSU_WKDL260014935-1A_253MYVLT4_L6_2.fq.gz		FALSE			
Sde-CPla_093-Ex1	SdC1209304BWGSU_WKDL260014935-1A_253MYVLT4_L7	/archive/carpenterlab/pire/raw_sequence_archive/spratelloides_delicatulus/20260917_Sde-lcwgs	wahab	lcwgs		SdC1209304BWGSU_WKDL260014935-1A_253MYVLT4_L7_1.fq.gz	SdC1209304BWGSU_WKDL260014935-1A_253MYVLT4_L7_2.fq.gz		FALSE			
Sde-CPla_094-Ex1	SdC1209401FWGSU_WKDL260014935-1A_253MYVLT4_L6	/archive/carpenterlab/pire/raw_sequence_archive/spratelloides_delicatulus/20260917_Sde-lcwgs	wahab	lcwgs		SdC1209401FWGSU_WKDL260014935-1A_253MYVLT4_L6_1.fq.gz	SdC1209401FWGSU_WKDL260014935-1A_253MYVLT4_L6_2.fq.gz		FALSE			
Sde-CPla_094-Ex1	SdC1209401FWGSU_WKDL260014935-1A_253MYVLT4_L7	/archive/carpenterlab/pire/raw_sequence_archive/spratelloides_delicatulus/20260917_Sde-lcwgs	wahab	lcwgs		SdC1209401FWGSU_WKDL260014935-1A_253MYVLT4_L7_1.fq.gz	SdC1209401FWGSU_WKDL260014935-1A_253MYVLT4_L7_2.fq.gz		FALSE			
Sde-CLim_096-Ex1	SdC1209602HWGSU_WKDL260014935-1A_253MYVLT4_L6	/archive/carpenterlab/pire/raw_sequence_archive/spratelloides_delicatulus/20260917_Sde-lcwgs	wahab	lcwgs		SdC1209602HWGSU_WKDL260014935-1A_253MYVLT4_L6_1.fq.gz	SdC1209602HWGSU_WKDL260014935-1A_253MYVLT4_L6_2.fq.gz		FALSE			
Sde-CLim_096-Ex1	SdC1209602HWGSU_WKDL260014935-1A_253MYVLT4_L7	/archive/carpenterlab/pire/raw_sequence_archive/spratelloides_delicatulus/20260917_Sde-lcwgs	wahab	lcwgs		SdC1209602HWGSU_WKDL260014935-1A_253MYVLT4_L7_1.fq.gz	SdC1209602HWGSU_WKDL260014935-1A_253MYVLT4_L7_2.fq.gz		FALSE			
Sde-CPla_096-Ex1	SdC1209608FWGSU_WKDL260014935-1A_253MYVLT4_L6	/archive/carpenterlab/pire/raw_sequence_archive/spratelloides_delicatulus/20260917_Sde-lcwgs	wahab	lcwgs		SdC1209608FWGSU_WKDL260014935-1A_253MYVLT4_L6_1.fq.gz	SdC1209608FWGSU_WKDL260014935-1A_253MYVLT4_L6_2.fq.gz		FALSE			
Sde-CPla_096-Ex1	SdC1209608FWGSU_WKDL260014935-1A_253MYVLT4_L7	/archive/carpenterlab/pire/raw_sequence_archive/spratelloides_delicatulus/20260917_Sde-lcwgs	wahab	lcwgs		SdC1209608FWGSU_WKDL260014935-1A_253MYVLT4_L7_1.fq.gz	SdC1209608FWGSU_WKDL260014935-1A_253MYVLT4_L7_2.fq.gz		FALSE			
Sde-CLim_097-Ex1	SdC1209710FWGSU_WKDL260014935-1A_253MYVLT4_L6	/archive/carpenterlab/pire/raw_sequence_archive/spratelloides_delicatulus/20260917_Sde-lcwgs	wahab	lcwgs		SdC1209710FWGSU_WKDL260014935-1A_253MYVLT4_L6_1.fq.gz	SdC1209710FWGSU_WKDL260014935-1A_253MYVLT4_L6_2.fq.gz		FALSE			
Sde-CLim_097-Ex1	SdC1209710FWGSU_WKDL260014935-1A_253MYVLT4_L7	/archive/carpenterlab/pire/raw_sequence_archive/spratelloides_delicatulus/20260917_Sde-lcwgs	wahab	lcwgs		SdC1209710FWGSU_WKDL260014935-1A_253MYVLT4_L7_1.fq.gz	SdC1209710FWGSU_WKDL260014935-1A_253MYVLT4_L7_2.fq.gz		FALSE			
Sde-CPla_100-Ex1	SdC1210009FWGSU_WKDL260014935-1A_253MYVLT4_L6	/archive/carpenterlab/pire/raw_sequence_archive/spratelloides_delicatulus/20260917_Sde-lcwgs	wahab	lcwgs		SdC1210009FWGSU_WKDL260014935-1A_253MYVLT4_L6_1.fq.gz	SdC1210009FWGSU_WKDL260014935-1A_253MYVLT4_L6_2.fq.gz		FALSE			
Sde-CPla_100-Ex1	SdC1210009FWGSU_WKDL260014935-1A_253MYVLT4_L7	/archive/carpenterlab/pire/raw_sequence_archive/spratelloides_delicatulus/20260917_Sde-lcwgs	wahab	lcwgs		SdC1210009FWGSU_WKDL260014935-1A_253MYVLT4_L7_1.fq.gz	SdC1210009FWGSU_WKDL260014935-1A_253MYVLT4_L7_2.fq.gz		FALSE			
Sde-CLim_101-Ex1	SdC1210112BWGSU_WKDL260014935-1A_253MYVLT4_L6	/archive/carpenterlab/pire/raw_sequence_archive/spratelloides_delicatulus/20260917_Sde-lcwgs	wahab	lcwgs		SdC1210112BWGSU_WKDL260014935-1A_253MYVLT4_L6_1.fq.gz	SdC1210112BWGSU_WKDL260014935-1A_253MYVLT4_L6_2.fq.gz		FALSE			
Sde-CLim_101-Ex1	SdC1210112BWGSU_WKDL260014935-1A_253MYVLT4_L7	/archive/carpenterlab/pire/raw_sequence_archive/spratelloides_delicatulus/20260917_Sde-lcwgs	wahab	lcwgs		SdC1210112BWGSU_WKDL260014935-1A_253MYVLT4_L7_1.fq.gz	SdC1210112BWGSU_WKDL260014935-1A_253MYVLT4_L7_2.fq.gz		FALSE			
Sde-CLim_102-Ex1	SdC1210209HWGSU_WKDL260014935-1A_253MYVLT4_L6	/archive/carpenterlab/pire/raw_sequence_archive/spratelloides_delicatulus/20260917_Sde-lcwgs	wahab	lcwgs		SdC1210209HWGSU_WKDL260014935-1A_253MYVLT4_L6_1.fq.gz	SdC1210209HWGSU_WKDL260014935-1A_253MYVLT4_L6_2.fq.gz		FALSE			
Sde-CLim_102-Ex1	SdC1210209HWGSU_WKDL260014935-1A_253MYVLT4_L7	/archive/carpenterlab/pire/raw_sequence_archive/spratelloides_delicatulus/20260917_Sde-lcwgs	wahab	lcwgs		SdC1210209HWGSU_WKDL260014935-1A_253MYVLT4_L7_1.fq.gz	SdC1210209HWGSU_WKDL260014935-1A_253MYVLT4_L7_2.fq.gz		FALSE			
Sde-CPla_103-Ex1	SdC1210305BWGSU_WKDL260014935-1A_253MYVLT4_L6	/archive/carpenterlab/pire/raw_sequence_archive/spratelloides_delicatulus/20260917_Sde-lcwgs	wahab	lcwgs		SdC1210305BWGSU_WKDL260014935-1A_253MYVLT4_L6_1.fq.gz	SdC1210305BWGSU_WKDL260014935-1A_253MYVLT4_L6_2.fq.gz		FALSE			
Sde-CPla_103-Ex1	SdC1210305BWGSU_WKDL260014935-1A_253MYVLT4_L7	/archive/carpenterlab/pire/raw_sequence_archive/spratelloides_delicatulus/20260917_Sde-lcwgs	wahab	lcwgs		SdC1210305BWGSU_WKDL260014935-1A_253MYVLT4_L7_1.fq.gz	SdC1210305BWGSU_WKDL260014935-1A_253MYVLT4_L7_2.fq.gz		FALSE			
Sde-CPla_107-Ex1	SdC1210710BWGSU_WKDL260014935-1A_253MYVLT4_L6	/archive/carpenterlab/pire/raw_sequence_archive/spratelloides_delicatulus/20260917_Sde-lcwgs	wahab	lcwgs		SdC1210710BWGSU_WKDL260014935-1A_253MYVLT4_L6_1.fq.gz	SdC1210710BWGSU_WKDL260014935-1A_253MYVLT4_L6_2.fq.gz		FALSE			
Sde-CPla_107-Ex1	SdC1210710BWGSU_WKDL260014935-1A_253MYVLT4_L7	/archive/carpenterlab/pire/raw_sequence_archive/spratelloides_delicatulus/20260917_Sde-lcwgs	wahab	lcwgs		SdC1210710BWGSU_WKDL260014935-1A_253MYVLT4_L7_1.fq.gz	SdC1210710BWGSU_WKDL260014935-1A_253MYVLT4_L7_2.fq.gz		FALSE			
Sde-CLim_002-Ex1	SdC1300203FWGSU_WKDL260014935-1A_253MYVLT4_L6	/archive/carpenterlab/pire/raw_sequence_archive/spratelloides_delicatulus/20260917_Sde-lcwgs	wahab	lcwgs		SdC1300203FWGSU_WKDL260014935-1A_253MYVLT4_L6_1.fq.gz	SdC1300203FWGSU_WKDL260014935-1A_253MYVLT4_L6_2.fq.gz		FALSE			
Sde-CLim_002-Ex1	SdC1300203FWGSU_WKDL260014935-1A_253MYVLT4_L7	/archive/carpenterlab/pire/raw_sequence_archive/spratelloides_delicatulus/20260917_Sde-lcwgs	wahab	lcwgs		SdC1300203FWGSU_WKDL260014935-1A_253MYVLT4_L7_1.fq.gz	SdC1300203FWGSU_WKDL260014935-1A_253MYVLT4_L7_2.fq.gz		FALSE			
Sde-CLim_004-Ex1	SdC1300406GWGSU_WKDL260014935-1A_253MYVLT4_L6	/archive/carpenterlab/pire/raw_sequence_archive/spratelloides_delicatulus/20260917_Sde-lcwgs	wahab	lcwgs		SdC1300406GWGSU_WKDL260014935-1A_253MYVLT4_L6_1.fq.gz	SdC1300406GWGSU_WKDL260014935-1A_253MYVLT4_L6_2.fq.gz		FALSE			
Sde-CLim_004-Ex1	SdC1300406GWGSU_WKDL260014935-1A_253MYVLT4_L7	/archive/carpenterlab/pire/raw_sequence_archive/spratelloides_delicatulus/20260917_Sde-lcwgs	wahab	lcwgs		SdC1300406GWGSU_WKDL260014935-1A_253MYVLT4_L7_1.fq.gz	SdC1300406GWGSU_WKDL260014935-1A_253MYVLT4_L7_2.fq.gz		FALSE			
Sde-CLim_006-Ex1	SdC1300611AWGSU_WKDL260014935-1A_253MYVLT4_L6	/archive/carpenterlab/pire/raw_sequence_archive/spratelloides_delicatulus/20260917_Sde-lcwgs	wahab	lcwgs		SdC1300611AWGSU_WKDL260014935-1A_253MYVLT4_L6_1.fq.gz	SdC1300611AWGSU_WKDL260014935-1A_253MYVLT4_L6_2.fq.gz		FALSE			
Sde-CLim_006-Ex1	SdC1300611AWGSU_WKDL260014935-1A_253MYVLT4_L7	/archive/carpenterlab/pire/raw_sequence_archive/spratelloides_delicatulus/20260917_Sde-lcwgs	wahab	lcwgs		SdC1300611AWGSU_WKDL260014935-1A_253MYVLT4_L7_1.fq.gz	SdC1300611AWGSU_WKDL260014935-1A_253MYVLT4_L7_2.fq.gz		FALSE			
Sde-CLim_010-Ex1	SdC1301005AWGSU_WKDL260014935-1A_253MYVLT4_L6	/archive/carpenterlab/pire/raw_sequence_archive/spratelloides_delicatulus/20260917_Sde-lcwgs	wahab	lcwgs		SdC1301005AWGSU_WKDL260014935-1A_253MYVLT4_L6_1.fq.gz	SdC1301005AWGSU_WKDL260014935-1A_253MYVLT4_L6_2.fq.gz		FALSE			
Sde-CLim_010-Ex1	SdC1301005AWGSU_WKDL260014935-1A_253MYVLT4_L7	/archive/carpenterlab/pire/raw_sequence_archive/spratelloides_delicatulus/20260917_Sde-lcwgs	wahab	lcwgs		SdC1301005AWGSU_WKDL260014935-1A_253MYVLT4_L7_1.fq.gz	SdC1301005AWGSU_WKDL260014935-1A_253MYVLT4_L7_2.fq.gz		FALSE			
Sde-CPla_012-Ex1	SdC1301203AWGSU_WKDL260014935-1A_253MYVLT4_L6	/archive/carpenterlab/pire/raw_sequence_archive/spratelloides_delicatulus/20260917_Sde-lcwgs	wahab	lcwgs		SdC1301203AWGSU_WKDL260014935-1A_253MYVLT4_L6_1.fq.gz	SdC1301203AWGSU_WKDL260014935-1A_253MYVLT4_L6_2.fq.gz		FALSE			
Sde-CPla_012-Ex1	SdC1301203AWGSU_WKDL260014935-1A_253MYVLT4_L7	/archive/carpenterlab/pire/raw_sequence_archive/spratelloides_delicatulus/20260917_Sde-lcwgs	wahab	lcwgs		SdC1301203AWGSU_WKDL260014935-1A_253MYVLT4_L7_1.fq.gz	SdC1301203AWGSU_WKDL260014935-1A_253MYVLT4_L7_2.fq.gz		FALSE			
Sde-CLim_013-Ex1	SdC1301312BWGSU_WKDL260014935-1A_253MYVLT4_L6	/archive/carpenterlab/pire/raw_sequence_archive/spratelloides_delicatulus/20260917_Sde-lcwgs	wahab	lcwgs		SdC1301312BWGSU_WKDL260014935-1A_253MYVLT4_L6_1.fq.gz	SdC1301312BWGSU_WKDL260014935-1A_253MYVLT4_L6_2.fq.gz		FALSE			
Sde-CLim_013-Ex1	SdC1301312BWGSU_WKDL260014935-1A_253MYVLT4_L7	/archive/carpenterlab/pire/raw_sequence_archive/spratelloides_delicatulus/20260917_Sde-lcwgs	wahab	lcwgs		SdC1301312BWGSU_WKDL260014935-1A_253MYVLT4_L7_1.fq.gz	SdC1301312BWGSU_WKDL260014935-1A_253MYVLT4_L7_2.fq.gz		FALSE			
Sde-CLim_018-Ex1	SdC1301809EWGSU_WKDL260014935-1A_253MYVLT4_L6	/archive/carpenterlab/pire/raw_sequence_archive/spratelloides_delicatulus/20260917_Sde-lcwgs	wahab	lcwgs		SdC1301809EWGSU_WKDL260014935-1A_253MYVLT4_L6_1.fq.gz	SdC1301809EWGSU_WKDL260014935-1A_253MYVLT4_L6_2.fq.gz		FALSE			
Sde-CLim_018-Ex1	SdC1301809EWGSU_WKDL260014935-1A_253MYVLT4_L7	/archive/carpenterlab/pire/raw_sequence_archive/spratelloides_delicatulus/20260917_Sde-lcwgs	wahab	lcwgs		SdC1301809EWGSU_WKDL260014935-1A_253MYVLT4_L7_1.fq.gz	SdC1301809EWGSU_WKDL260014935-1A_253MYVLT4_L7_2.fq.gz		FALSE			
Sde-CLim_019-Ex1	SdC1301902CWGSU_WKDL260014935-1A_253MYVLT4_L6	/archive/carpenterlab/pire/raw_sequence_archive/spratelloides_delicatulus/20260917_Sde-lcwgs	wahab	lcwgs		SdC1301902CWGSU_WKDL260014935-1A_253MYVLT4_L6_1.fq.gz	SdC1301902CWGSU_WKDL260014935-1A_253MYVLT4_L6_2.fq.gz		FALSE			
Sde-CLim_019-Ex1	SdC1301902CWGSU_WKDL260014935-1A_253MYVLT4_L7	/archive/carpenterlab/pire/raw_sequence_archive/spratelloides_delicatulus/20260917_Sde-lcwgs	wahab	lcwgs		SdC1301902CWGSU_WKDL260014935-1A_253MYVLT4_L7_1.fq.gz	SdC1301902CWGSU_WKDL260014935-1A_253MYVLT4_L7_2.fq.gz		FALSE			
Sde-CLim_021-Ex1	SdC1302101HWGSU_WKDL260014935-1A_253MYVLT4_L6	/archive/carpenterlab/pire/raw_sequence_archive/spratelloides_delicatulus/20260917_Sde-lcwgs	wahab	lcwgs		SdC1302101HWGSU_WKDL260014935-1A_253MYVLT4_L6_1.fq.gz	SdC1302101HWGSU_WKDL260014935-1A_253MYVLT4_L6_2.fq.gz		FALSE			
Sde-CLim_021-Ex1	SdC1302101HWGSU_WKDL260014935-1A_253MYVLT4_L7	/archive/carpenterlab/pire/raw_sequence_archive/spratelloides_delicatulus/20260917_Sde-lcwgs	wahab	lcwgs		SdC1302101HWGSU_WKDL260014935-1A_253MYVLT4_L7_1.fq.gz	SdC1302101HWGSU_WKDL260014935-1A_253MYVLT4_L7_2.fq.gz		FALSE			
Sde-CPla_021-Ex1	SdC1302106CWGSU_WKDL260014935-1A_253MYVLT4_L6	/archive/carpenterlab/pire/raw_sequence_archive/spratelloides_delicatulus/20260917_Sde-lcwgs	wahab	lcwgs		SdC1302106CWGSU_WKDL260014935-1A_253MYVLT4_L6_1.fq.gz	SdC1302106CWGSU_WKDL260014935-1A_253MYVLT4_L6_2.fq.gz		FALSE			
Sde-CPla_021-Ex1	SdC1302106CWGSU_WKDL260014935-1A_253MYVLT4_L7	/archive/carpenterlab/pire/raw_sequence_archive/spratelloides_delicatulus/20260917_Sde-lcwgs	wahab	lcwgs		SdC1302106CWGSU_WKDL260014935-1A_253MYVLT4_L7_1.fq.gz	SdC1302106CWGSU_WKDL260014935-1A_253MYVLT4_L7_2.fq.gz		FALSE			
Sde-CLim_023-Ex1	SdC1302305CWGSU_WKDL260014935-1A_253MYVLT4_L6	/archive/carpenterlab/pire/raw_sequence_archive/spratelloides_delicatulus/20260917_Sde-lcwgs	wahab	lcwgs		SdC1302305CWGSU_WKDL260014935-1A_253MYVLT4_L6_1.fq.gz	SdC1302305CWGSU_WKDL260014935-1A_253MYVLT4_L6_2.fq.gz		FALSE			
Sde-CLim_023-Ex1	SdC1302305CWGSU_WKDL260014935-1A_253MYVLT4_L7	/archive/carpenterlab/pire/raw_sequence_archive/spratelloides_delicatulus/20260917_Sde-lcwgs	wahab	lcwgs		SdC1302305CWGSU_WKDL260014935-1A_253MYVLT4_L7_1.fq.gz	SdC1302305CWGSU_WKDL260014935-1A_253MYVLT4_L7_2.fq.gz		FALSE			
Sde-CLim_026-Ex1	SdC1302606HWGSU_WKDL260014935-1A_253MYVLT4_L6	/archive/carpenterlab/pire/raw_sequence_archive/spratelloides_delicatulus/20260917_Sde-lcwgs	wahab	lcwgs		SdC1302606HWGSU_WKDL260014935-1A_253MYVLT4_L6_1.fq.gz	SdC1302606HWGSU_WKDL260014935-1A_253MYVLT4_L6_2.fq.gz		FALSE			
Sde-CLim_026-Ex1	SdC1302606HWGSU_WKDL260014935-1A_253MYVLT4_L7	/archive/carpenterlab/pire/raw_sequence_archive/spratelloides_delicatulus/20260917_Sde-lcwgs	wahab	lcwgs		SdC1302606HWGSU_WKDL260014935-1A_253MYVLT4_L7_1.fq.gz	SdC1302606HWGSU_WKDL260014935-1A_253MYVLT4_L7_2.fq.gz		FALSE			
Sde-CPla_026-Ex1	SdC1302610EWGSU_WKDL260014935-1A_253MYVLT4_L6	/archive/carpenterlab/pire/raw_sequence_archive/spratelloides_delicatulus/20260917_Sde-lcwgs	wahab	lcwgs		SdC1302610EWGSU_WKDL260014935-1A_253MYVLT4_L6_1.fq.gz	SdC1302610EWGSU_WKDL260014935-1A_253MYVLT4_L6_2.fq.gz		FALSE			
Sde-CPla_026-Ex1	SdC1302610EWGSU_WKDL260014935-1A_253MYVLT4_L7	/archive/carpenterlab/pire/raw_sequence_archive/spratelloides_delicatulus/20260917_Sde-lcwgs	wahab	lcwgs		SdC1302610EWGSU_WKDL260014935-1A_253MYVLT4_L7_1.fq.gz	SdC1302610EWGSU_WKDL260014935-1A_253MYVLT4_L7_2.fq.gz		FALSE			
Sde-CPla_027-Ex1	SdC1302701CWGSU_WKDL260014935-1A_253MYVLT4_L6	/archive/carpenterlab/pire/raw_sequence_archive/spratelloides_delicatulus/20260917_Sde-lcwgs	wahab	lcwgs		SdC1302701CWGSU_WKDL260014935-1A_253MYVLT4_L6_1.fq.gz	SdC1302701CWGSU_WKDL260014935-1A_253MYVLT4_L6_2.fq.gz		FALSE			
Sde-CPla_027-Ex1	SdC1302701CWGSU_WKDL260014935-1A_253MYVLT4_L7	/archive/carpenterlab/pire/raw_sequence_archive/spratelloides_delicatulus/20260917_Sde-lcwgs	wahab	lcwgs		SdC1302701CWGSU_WKDL260014935-1A_253MYVLT4_L7_1.fq.gz	SdC1302701CWGSU_WKDL260014935-1A_253MYVLT4_L7_2.fq.gz		FALSE			
Sde-CPla_030-Ex1	SdC1303006FWGSU_WKDL260014935-1A_253MYVLT4_L6	/archive/carpenterlab/pire/raw_sequence_archive/spratelloides_delicatulus/20260917_Sde-lcwgs	wahab	lcwgs		SdC1303006FWGSU_WKDL260014935-1A_253MYVLT4_L6_1.fq.gz	SdC1303006FWGSU_WKDL260014935-1A_253MYVLT4_L6_2.fq.gz		FALSE			
Sde-CPla_030-Ex1	SdC1303006FWGSU_WKDL260014935-1A_253MYVLT4_L7	/archive/carpenterlab/pire/raw_sequence_archive/spratelloides_delicatulus/20260917_Sde-lcwgs	wahab	lcwgs		SdC1303006FWGSU_WKDL260014935-1A_253MYVLT4_L7_1.fq.gz	SdC1303006FWGSU_WKDL260014935-1A_253MYVLT4_L7_2.fq.gz		FALSE			
Sde-CLim_032-Ex1	SdC1303204AWGSU_WKDL260014935-1A_253MYVLT4_L6	/archive/carpenterlab/pire/raw_sequence_archive/spratelloides_delicatulus/20260917_Sde-lcwgs	wahab	lcwgs		SdC1303204AWGSU_WKDL260014935-1A_253MYVLT4_L6_1.fq.gz	SdC1303204AWGSU_WKDL260014935-1A_253MYVLT4_L6_2.fq.gz		FALSE			
Sde-CLim_032-Ex1	SdC1303204AWGSU_WKDL260014935-1A_253MYVLT4_L7	/archive/carpenterlab/pire/raw_sequence_archive/spratelloides_delicatulus/20260917_Sde-lcwgs	wahab	lcwgs		SdC1303204AWGSU_WKDL260014935-1A_253MYVLT4_L7_1.fq.gz	SdC1303204AWGSU_WKDL260014935-1A_253MYVLT4_L7_2.fq.gz		FALSE			
Sde-CLim_034-Ex1	SdC1303407GWGSU_WKDL260014935-1A_253MYVLT4_L6	/archive/carpenterlab/pire/raw_sequence_archive/spratelloides_delicatulus/20260917_Sde-lcwgs	wahab	lcwgs		SdC1303407GWGSU_WKDL260014935-1A_253MYVLT4_L6_1.fq.gz	SdC1303407GWGSU_WKDL260014935-1A_253MYVLT4_L6_2.fq.gz		FALSE			
Sde-CLim_034-Ex1	SdC1303407GWGSU_WKDL260014935-1A_253MYVLT4_L7	/archive/carpenterlab/pire/raw_sequence_archive/spratelloides_delicatulus/20260917_Sde-lcwgs	wahab	lcwgs		SdC1303407GWGSU_WKDL260014935-1A_253MYVLT4_L7_1.fq.gz	SdC1303407GWGSU_WKDL260014935-1A_253MYVLT4_L7_2.fq.gz		FALSE			
Sde-CPla_038-Ex1	SdC1303811BWGSU_WKDL260014935-1A_253MYVLT4_L6	/archive/carpenterlab/pire/raw_sequence_archive/spratelloides_delicatulus/20260917_Sde-lcwgs	wahab	lcwgs		SdC1303811BWGSU_WKDL260014935-1A_253MYVLT4_L6_1.fq.gz	SdC1303811BWGSU_WKDL260014935-1A_253MYVLT4_L6_2.fq.gz		FALSE			
Sde-CPla_038-Ex1	SdC1303811BWGSU_WKDL260014935-1A_253MYVLT4_L7	/archive/carpenterlab/pire/raw_sequence_archive/spratelloides_delicatulus/20260917_Sde-lcwgs	wahab	lcwgs		SdC1303811BWGSU_WKDL260014935-1A_253MYVLT4_L7_1.fq.gz	SdC1303811BWGSU_WKDL260014935-1A_253MYVLT4_L7_2.fq.gz		FALSE			
Sde-CPla_039-Ex1	SdC1303908BWGSU_WKDL260014935-1A_253MYVLT4_L6	/archive/carpenterlab/pire/raw_sequence_archive/spratelloides_delicatulus/20260917_Sde-lcwgs	wahab	lcwgs		SdC1303908BWGSU_WKDL260014935-1A_253MYVLT4_L6_1.fq.gz	SdC1303908BWGSU_WKDL260014935-1A_253MYVLT4_L6_2.fq.gz		FALSE			
Sde-CPla_039-Ex1	SdC1303908BWGSU_WKDL260014935-1A_253MYVLT4_L7	/archive/carpenterlab/pire/raw_sequence_archive/spratelloides_delicatulus/20260917_Sde-lcwgs	wahab	lcwgs		SdC1303908BWGSU_WKDL260014935-1A_253MYVLT4_L7_1.fq.gz	SdC1303908BWGSU_WKDL260014935-1A_253MYVLT4_L7_2.fq.gz		FALSE			
Sde-CLim_041-Ex1	SdC1304105HWGSU_WKDL260014935-1A_253MYVLT4_L6	/archive/carpenterlab/pire/raw_sequence_archive/spratelloides_delicatulus/20260917_Sde-lcwgs	wahab	lcwgs		SdC1304105HWGSU_WKDL260014935-1A_253MYVLT4_L6_1.fq.gz	SdC1304105HWGSU_WKDL260014935-1A_253MYVLT4_L6_2.fq.gz		FALSE			
Sde-CLim_041-Ex1	SdC1304105HWGSU_WKDL260014935-1A_253MYVLT4_L7	/archive/carpenterlab/pire/raw_sequence_archive/spratelloides_delicatulus/20260917_Sde-lcwgs	wahab	lcwgs		SdC1304105HWGSU_WKDL260014935-1A_253MYVLT4_L7_1.fq.gz	SdC1304105HWGSU_WKDL260014935-1A_253MYVLT4_L7_2.fq.gz		FALSE			
Sde-CPla_043-Ex1	SdC1304304FWGSU_WKDL260014935-1A_253MYVLT4_L6	/archive/carpenterlab/pire/raw_sequence_archive/spratelloides_delicatulus/20260917_Sde-lcwgs	wahab	lcwgs		SdC1304304FWGSU_WKDL260014935-1A_253MYVLT4_L6_1.fq.gz	SdC1304304FWGSU_WKDL260014935-1A_253MYVLT4_L6_2.fq.gz		FALSE			
Sde-CPla_043-Ex1	SdC1304304FWGSU_WKDL260014935-1A_253MYVLT4_L7	/archive/carpenterlab/pire/raw_sequence_archive/spratelloides_delicatulus/20260917_Sde-lcwgs	wahab	lcwgs		SdC1304304FWGSU_WKDL260014935-1A_253MYVLT4_L7_1.fq.gz	SdC1304304FWGSU_WKDL260014935-1A_253MYVLT4_L7_2.fq.gz		FALSE			
Sde-CPla_046-Ex1	SdC1304601BWGSU_WKDL260014935-1A_253MYVLT4_L6	/archive/carpenterlab/pire/raw_sequence_archive/spratelloides_delicatulus/20260917_Sde-lcwgs	wahab	lcwgs		SdC1304601BWGSU_WKDL260014935-1A_253MYVLT4_L6_1.fq.gz	SdC1304601BWGSU_WKDL260014935-1A_253MYVLT4_L6_2.fq.gz		FALSE			
Sde-CPla_046-Ex1	SdC1304601BWGSU_WKDL260014935-1A_253MYVLT4_L7	/archive/carpenterlab/pire/raw_sequence_archive/spratelloides_delicatulus/20260917_Sde-lcwgs	wahab	lcwgs		SdC1304601BWGSU_WKDL260014935-1A_253MYVLT4_L7_1.fq.gz	SdC1304601BWGSU_WKDL260014935-1A_253MYVLT4_L7_2.fq.gz		FALSE			
Sde-CLim_046-Ex1	SdC1304606EWGSU_WKDL260014935-1A_253MYVLT4_L6	/archive/carpenterlab/pire/raw_sequence_archive/spratelloides_delicatulus/20260917_Sde-lcwgs	wahab	lcwgs		SdC1304606EWGSU_WKDL260014935-1A_253MYVLT4_L6_1.fq.gz	SdC1304606EWGSU_WKDL260014935-1A_253MYVLT4_L6_2.fq.gz		FALSE			
Sde-CLim_046-Ex1	SdC1304606EWGSU_WKDL260014935-1A_253MYVLT4_L7	/archive/carpenterlab/pire/raw_sequence_archive/spratelloides_delicatulus/20260917_Sde-lcwgs	wahab	lcwgs		SdC1304606EWGSU_WKDL260014935-1A_253MYVLT4_L7_1.fq.gz	SdC1304606EWGSU_WKDL260014935-1A_253MYVLT4_L7_2.fq.gz		FALSE			
Sde-CPla_048-Ex1	SdC1304809GWGSU_WKDL260014935-1A_253MYVLT4_L6	/archive/carpenterlab/pire/raw_sequence_archive/spratelloides_delicatulus/20260917_Sde-lcwgs	wahab	lcwgs		SdC1304809GWGSU_WKDL260014935-1A_253MYVLT4_L6_1.fq.gz	SdC1304809GWGSU_WKDL260014935-1A_253MYVLT4_L6_2.fq.gz		FALSE			
Sde-CPla_048-Ex1	SdC1304809GWGSU_WKDL260014935-1A_253MYVLT4_L7	/archive/carpenterlab/pire/raw_sequence_archive/spratelloides_delicatulus/20260917_Sde-lcwgs	wahab	lcwgs		SdC1304809GWGSU_WKDL260014935-1A_253MYVLT4_L7_1.fq.gz	SdC1304809GWGSU_WKDL260014935-1A_253MYVLT4_L7_2.fq.gz		FALSE			
Sde-CLim_049-Ex1	SdC1304902DWGSU_WKDL260014935-1A_253MYVLT4_L6	/archive/carpenterlab/pire/raw_sequence_archive/spratelloides_delicatulus/20260917_Sde-lcwgs	wahab	lcwgs		SdC1304902DWGSU_WKDL260014935-1A_253MYVLT4_L6_1.fq.gz	SdC1304902DWGSU_WKDL260014935-1A_253MYVLT4_L6_2.fq.gz		FALSE			
Sde-CLim_049-Ex1	SdC1304902DWGSU_WKDL260014935-1A_253MYVLT4_L7	/archive/carpenterlab/pire/raw_sequence_archive/spratelloides_delicatulus/20260917_Sde-lcwgs	wahab	lcwgs		SdC1304902DWGSU_WKDL260014935-1A_253MYVLT4_L7_1.fq.gz	SdC1304902DWGSU_WKDL260014935-1A_253MYVLT4_L7_2.fq.gz		FALSE			
Sde-CPla_049-Ex2	SdC1304912CWGSU_WKDL260014935-1A_253MYVLT4_L6	/archive/carpenterlab/pire/raw_sequence_archive/spratelloides_delicatulus/20260917_Sde-lcwgs	wahab	lcwgs		SdC1304912CWGSU_WKDL260014935-1A_253MYVLT4_L6_1.fq.gz	SdC1304912CWGSU_WKDL260014935-1A_253MYVLT4_L6_2.fq.gz		FALSE			
Sde-CPla_049-Ex2	SdC1304912CWGSU_WKDL260014935-1A_253MYVLT4_L7	/archive/carpenterlab/pire/raw_sequence_archive/spratelloides_delicatulus/20260917_Sde-lcwgs	wahab	lcwgs		SdC1304912CWGSU_WKDL260014935-1A_253MYVLT4_L7_1.fq.gz	SdC1304912CWGSU_WKDL260014935-1A_253MYVLT4_L7_2.fq.gz		FALSE			
Sde-CPla_050-Ex1	SdC1305005EWGSU_WKDL260014935-1A_253MYVLT4_L6	/archive/carpenterlab/pire/raw_sequence_archive/spratelloides_delicatulus/20260917_Sde-lcwgs	wahab	lcwgs		SdC1305005EWGSU_WKDL260014935-1A_253MYVLT4_L6_1.fq.gz	SdC1305005EWGSU_WKDL260014935-1A_253MYVLT4_L6_2.fq.gz		FALSE			
Sde-CPla_050-Ex1	SdC1305005EWGSU_WKDL260014935-1A_253MYVLT4_L7	/archive/carpenterlab/pire/raw_sequence_archive/spratelloides_delicatulus/20260917_Sde-lcwgs	wahab	lcwgs		SdC1305005EWGSU_WKDL260014935-1A_253MYVLT4_L7_1.fq.gz	SdC1305005EWGSU_WKDL260014935-1A_253MYVLT4_L7_2.fq.gz		FALSE			
Sde-CPla_052-Ex1	SdC1305208FWGSU_WKDL260014935-1A_253MYVLT4_L6	/archive/carpenterlab/pire/raw_sequence_archive/spratelloides_delicatulus/20260917_Sde-lcwgs	wahab	lcwgs		SdC1305208FWGSU_WKDL260014935-1A_253MYVLT4_L6_1.fq.gz	SdC1305208FWGSU_WKDL260014935-1A_253MYVLT4_L6_2.fq.gz		FALSE			
Sde-CPla_052-Ex1	SdC1305208FWGSU_WKDL260014935-1A_253MYVLT4_L7	/archive/carpenterlab/pire/raw_sequence_archive/spratelloides_delicatulus/20260917_Sde-lcwgs	wahab	lcwgs		SdC1305208FWGSU_WKDL260014935-1A_253MYVLT4_L7_1.fq.gz	SdC1305208FWGSU_WKDL260014935-1A_253MYVLT4_L7_2.fq.gz		FALSE			
Sde-CPla_054-Ex1	SdC1305409BWGSU_WKDL260014935-1A_253MYVLT4_L6	/archive/carpenterlab/pire/raw_sequence_archive/spratelloides_delicatulus/20260917_Sde-lcwgs	wahab	lcwgs		SdC1305409BWGSU_WKDL260014935-1A_253MYVLT4_L6_1.fq.gz	SdC1305409BWGSU_WKDL260014935-1A_253MYVLT4_L6_2.fq.gz		FALSE			
Sde-CPla_054-Ex1	SdC1305409BWGSU_WKDL260014935-1A_253MYVLT4_L7	/archive/carpenterlab/pire/raw_sequence_archive/spratelloides_delicatulus/20260917_Sde-lcwgs	wahab	lcwgs		SdC1305409BWGSU_WKDL260014935-1A_253MYVLT4_L7_1.fq.gz	SdC1305409BWGSU_WKDL260014935-1A_253MYVLT4_L7_2.fq.gz		FALSE			
Sde-CPla_055-Ex1	SdC1305506DWGSU_WKDL260014935-1A_253MYVLT4_L6	/archive/carpenterlab/pire/raw_sequence_archive/spratelloides_delicatulus/20260917_Sde-lcwgs	wahab	lcwgs		SdC1305506DWGSU_WKDL260014935-1A_253MYVLT4_L6_1.fq.gz	SdC1305506DWGSU_WKDL260014935-1A_253MYVLT4_L6_2.fq.gz		FALSE			
Sde-CPla_055-Ex1	SdC1305506DWGSU_WKDL260014935-1A_253MYVLT4_L7	/archive/carpenterlab/pire/raw_sequence_archive/spratelloides_delicatulus/20260917_Sde-lcwgs	wahab	lcwgs		SdC1305506DWGSU_WKDL260014935-1A_253MYVLT4_L7_1.fq.gz	SdC1305506DWGSU_WKDL260014935-1A_253MYVLT4_L7_2.fq.gz		FALSE			
Sde-CPla_058-Ex1	SdC1305801DWGSU_WKDL260014935-1A_253MYVLT4_L6	/archive/carpenterlab/pire/raw_sequence_archive/spratelloides_delicatulus/20260917_Sde-lcwgs	wahab	lcwgs		SdC1305801DWGSU_WKDL260014935-1A_253MYVLT4_L6_1.fq.gz	SdC1305801DWGSU_WKDL260014935-1A_253MYVLT4_L6_2.fq.gz		FALSE			
Sde-CPla_058-Ex1	SdC1305801DWGSU_WKDL260014935-1A_253MYVLT4_L7	/archive/carpenterlab/pire/raw_sequence_archive/spratelloides_delicatulus/20260917_Sde-lcwgs	wahab	lcwgs		SdC1305801DWGSU_WKDL260014935-1A_253MYVLT4_L7_1.fq.gz	SdC1305801DWGSU_WKDL260014935-1A_253MYVLT4_L7_2.fq.gz		FALSE			
Sde-CPla_059-Ex1	SdC1305901FWGSU_WKDL260014935-1A_253MYVLT4_L6	/archive/carpenterlab/pire/raw_sequence_archive/spratelloides_delicatulus/20260917_Sde-lcwgs	wahab	lcwgs		SdC1305901FWGSU_WKDL260014935-1A_253MYVLT4_L6_1.fq.gz	SdC1305901FWGSU_WKDL260014935-1A_253MYVLT4_L6_2.fq.gz		FALSE			
Sde-CPla_059-Ex1	SdC1305901FWGSU_WKDL260014935-1A_253MYVLT4_L7	/archive/carpenterlab/pire/raw_sequence_archive/spratelloides_delicatulus/20260917_Sde-lcwgs	wahab	lcwgs		SdC1305901FWGSU_WKDL260014935-1A_253MYVLT4_L7_1.fq.gz	SdC1305901FWGSU_WKDL260014935-1A_253MYVLT4_L7_2.fq.gz		FALSE			
Sde-CLim_059-Ex1	SdC1305912DWGSU_WKDL260014935-1A_253MYVLT4_L6	/archive/carpenterlab/pire/raw_sequence_archive/spratelloides_delicatulus/20260917_Sde-lcwgs	wahab	lcwgs		SdC1305912DWGSU_WKDL260014935-1A_253MYVLT4_L6_1.fq.gz	SdC1305912DWGSU_WKDL260014935-1A_253MYVLT4_L6_2.fq.gz		FALSE			
Sde-CLim_059-Ex1	SdC1305912DWGSU_WKDL260014935-1A_253MYVLT4_L7	/archive/carpenterlab/pire/raw_sequence_archive/spratelloides_delicatulus/20260917_Sde-lcwgs	wahab	lcwgs		SdC1305912DWGSU_WKDL260014935-1A_253MYVLT4_L7_1.fq.gz	SdC1305912DWGSU_WKDL260014935-1A_253MYVLT4_L7_2.fq.gz		FALSE			
Sde-CLim_060-Ex1	SdC1306003EWGSU_WKDL260014935-1A_253MYVLT4_L6	/archive/carpenterlab/pire/raw_sequence_archive/spratelloides_delicatulus/20260917_Sde-lcwgs	wahab	lcwgs		SdC1306003EWGSU_WKDL260014935-1A_253MYVLT4_L6_1.fq.gz	SdC1306003EWGSU_WKDL260014935-1A_253MYVLT4_L6_2.fq.gz		FALSE			
Sde-CLim_060-Ex1	SdC1306003EWGSU_WKDL260014935-1A_253MYVLT4_L7	/archive/carpenterlab/pire/raw_sequence_archive/spratelloides_delicatulus/20260917_Sde-lcwgs	wahab	lcwgs		SdC1306003EWGSU_WKDL260014935-1A_253MYVLT4_L7_1.fq.gz	SdC1306003EWGSU_WKDL260014935-1A_253MYVLT4_L7_2.fq.gz		FALSE			
Sde-CPla_062-Ex1	SdC1306202GWGSU_WKDL260014935-1A_253MYVLT4_L6	/archive/carpenterlab/pire/raw_sequence_archive/spratelloides_delicatulus/20260917_Sde-lcwgs	wahab	lcwgs		SdC1306202GWGSU_WKDL260014935-1A_253MYVLT4_L6_1.fq.gz	SdC1306202GWGSU_WKDL260014935-1A_253MYVLT4_L6_2.fq.gz		FALSE			
Sde-CPla_062-Ex1	SdC1306202GWGSU_WKDL260014935-1A_253MYVLT4_L7	/archive/carpenterlab/pire/raw_sequence_archive/spratelloides_delicatulus/20260917_Sde-lcwgs	wahab	lcwgs		SdC1306202GWGSU_WKDL260014935-1A_253MYVLT4_L7_1.fq.gz	SdC1306202GWGSU_WKDL260014935-1A_253MYVLT4_L7_2.fq.gz		FALSE			
Sde-CLim_064-Ex1	SdC1306404GWGSU_WKDL260014935-1A_253MYVLT4_L6	/archive/carpenterlab/pire/raw_sequence_archive/spratelloides_delicatulus/20260917_Sde-lcwgs	wahab	lcwgs		SdC1306404GWGSU_WKDL260014935-1A_253MYVLT4_L6_1.fq.gz	SdC1306404GWGSU_WKDL260014935-1A_253MYVLT4_L6_2.fq.gz		FALSE			
Sde-CLim_064-Ex1	SdC1306404GWGSU_WKDL260014935-1A_253MYVLT4_L7	/archive/carpenterlab/pire/raw_sequence_archive/spratelloides_delicatulus/20260917_Sde-lcwgs	wahab	lcwgs		SdC1306404GWGSU_WKDL260014935-1A_253MYVLT4_L7_1.fq.gz	SdC1306404GWGSU_WKDL260014935-1A_253MYVLT4_L7_2.fq.gz		FALSE			
Sde-CPla_064-Ex1	SdC1306412AWGSU_WKDL260014935-1A_253MYVLT4_L6	/archive/carpenterlab/pire/raw_sequence_archive/spratelloides_delicatulus/20260917_Sde-lcwgs	wahab	lcwgs		SdC1306412AWGSU_WKDL260014935-1A_253MYVLT4_L6_1.fq.gz	SdC1306412AWGSU_WKDL260014935-1A_253MYVLT4_L6_2.fq.gz		FALSE			
Sde-CPla_064-Ex1	SdC1306412AWGSU_WKDL260014935-1A_253MYVLT4_L7	/archive/carpenterlab/pire/raw_sequence_archive/spratelloides_delicatulus/20260917_Sde-lcwgs	wahab	lcwgs		SdC1306412AWGSU_WKDL260014935-1A_253MYVLT4_L7_1.fq.gz	SdC1306412AWGSU_WKDL260014935-1A_253MYVLT4_L7_2.fq.gz		FALSE			
Sde-CPla_069-Ex1	SdC1306910DWGSU_WKDL260014935-1A_253MYVLT4_L6	/archive/carpenterlab/pire/raw_sequence_archive/spratelloides_delicatulus/20260917_Sde-lcwgs	wahab	lcwgs		SdC1306910DWGSU_WKDL260014935-1A_253MYVLT4_L6_1.fq.gz	SdC1306910DWGSU_WKDL260014935-1A_253MYVLT4_L6_2.fq.gz		FALSE			
Sde-CPla_069-Ex1	SdC1306910DWGSU_WKDL260014935-1A_253MYVLT4_L7	/archive/carpenterlab/pire/raw_sequence_archive/spratelloides_delicatulus/20260917_Sde-lcwgs	wahab	lcwgs		SdC1306910DWGSU_WKDL260014935-1A_253MYVLT4_L7_1.fq.gz	SdC1306910DWGSU_WKDL260014935-1A_253MYVLT4_L7_2.fq.gz		FALSE			
Sde-CLim_072-Ex1	SdC1307211CWGSU_WKDL260014935-1A_253MYVLT4_L6	/archive/carpenterlab/pire/raw_sequence_archive/spratelloides_delicatulus/20260917_Sde-lcwgs	wahab	lcwgs		SdC1307211CWGSU_WKDL260014935-1A_253MYVLT4_L6_1.fq.gz	SdC1307211CWGSU_WKDL260014935-1A_253MYVLT4_L6_2.fq.gz		FALSE			
Sde-CLim_072-Ex1	SdC1307211CWGSU_WKDL260014935-1A_253MYVLT4_L7	/archive/carpenterlab/pire/raw_sequence_archive/spratelloides_delicatulus/20260917_Sde-lcwgs	wahab	lcwgs		SdC1307211CWGSU_WKDL260014935-1A_253MYVLT4_L7_1.fq.gz	SdC1307211CWGSU_WKDL260014935-1A_253MYVLT4_L7_2.fq.gz		FALSE			
Sde-CPla_073-Ex1	SdC1307309HWGSU_WKDL260014935-1A_253MYVLT4_L6	/archive/carpenterlab/pire/raw_sequence_archive/spratelloides_delicatulus/20260917_Sde-lcwgs	wahab	lcwgs		SdC1307309HWGSU_WKDL260014935-1A_253MYVLT4_L6_1.fq.gz	SdC1307309HWGSU_WKDL260014935-1A_253MYVLT4_L6_2.fq.gz		FALSE			
Sde-CPla_073-Ex1	SdC1307309HWGSU_WKDL260014935-1A_253MYVLT4_L7	/archive/carpenterlab/pire/raw_sequence_archive/spratelloides_delicatulus/20260917_Sde-lcwgs	wahab	lcwgs		SdC1307309HWGSU_WKDL260014935-1A_253MYVLT4_L7_1.fq.gz	SdC1307309HWGSU_WKDL260014935-1A_253MYVLT4_L7_2.fq.gz		FALSE			
Sde-CPla_076-Ex1	SdC1307605BWGSU_WKDL260014935-1A_253MYVLT4_L6	/archive/carpenterlab/pire/raw_sequence_archive/spratelloides_delicatulus/20260917_Sde-lcwgs	wahab	lcwgs		SdC1307605BWGSU_WKDL260014935-1A_253MYVLT4_L6_1.fq.gz	SdC1307605BWGSU_WKDL260014935-1A_253MYVLT4_L6_2.fq.gz		FALSE			
Sde-CPla_076-Ex1	SdC1307605BWGSU_WKDL260014935-1A_253MYVLT4_L7	/archive/carpenterlab/pire/raw_sequence_archive/spratelloides_delicatulus/20260917_Sde-lcwgs	wahab	lcwgs		SdC1307605BWGSU_WKDL260014935-1A_253MYVLT4_L7_1.fq.gz	SdC1307605BWGSU_WKDL260014935-1A_253MYVLT4_L7_2.fq.gz		FALSE			
Sde-CLim_076-Ex1	SdC1307609DWGSU_WKDL260014935-1A_253MYVLT4_L6	/archive/carpenterlab/pire/raw_sequence_archive/spratelloides_delicatulus/20260917_Sde-lcwgs	wahab	lcwgs		SdC1307609DWGSU_WKDL260014935-1A_253MYVLT4_L6_1.fq.gz	SdC1307609DWGSU_WKDL260014935-1A_253MYVLT4_L6_2.fq.gz		FALSE			
Sde-CLim_076-Ex1	SdC1307609DWGSU_WKDL260014935-1A_253MYVLT4_L7	/archive/carpenterlab/pire/raw_sequence_archive/spratelloides_delicatulus/20260917_Sde-lcwgs	wahab	lcwgs		SdC1307609DWGSU_WKDL260014935-1A_253MYVLT4_L7_1.fq.gz	SdC1307609DWGSU_WKDL260014935-1A_253MYVLT4_L7_2.fq.gz		FALSE			
Sde-CPla_078-Ex1	SdC1307807FWGSU_WKDL260014935-1A_253MYVLT4_L6	/archive/carpenterlab/pire/raw_sequence_archive/spratelloides_delicatulus/20260917_Sde-lcwgs	wahab	lcwgs		SdC1307807FWGSU_WKDL260014935-1A_253MYVLT4_L6_1.fq.gz	SdC1307807FWGSU_WKDL260014935-1A_253MYVLT4_L6_2.fq.gz		FALSE			
Sde-CPla_078-Ex1	SdC1307807FWGSU_WKDL260014935-1A_253MYVLT4_L7	/archive/carpenterlab/pire/raw_sequence_archive/spratelloides_delicatulus/20260917_Sde-lcwgs	wahab	lcwgs		SdC1307807FWGSU_WKDL260014935-1A_253MYVLT4_L7_1.fq.gz	SdC1307807FWGSU_WKDL260014935-1A_253MYVLT4_L7_2.fq.gz		FALSE			
Sde-CLim_078-Ex1	SdC1307808EWGSU_WKDL260014935-1A_253MYVLT4_L6	/archive/carpenterlab/pire/raw_sequence_archive/spratelloides_delicatulus/20260917_Sde-lcwgs	wahab	lcwgs		SdC1307808EWGSU_WKDL260014935-1A_253MYVLT4_L6_1.fq.gz	SdC1307808EWGSU_WKDL260014935-1A_253MYVLT4_L6_2.fq.gz		FALSE			
Sde-CLim_078-Ex1	SdC1307808EWGSU_WKDL260014935-1A_253MYVLT4_L7	/archive/carpenterlab/pire/raw_sequence_archive/spratelloides_delicatulus/20260917_Sde-lcwgs	wahab	lcwgs		SdC1307808EWGSU_WKDL260014935-1A_253MYVLT4_L7_1.fq.gz	SdC1307808EWGSU_WKDL260014935-1A_253MYVLT4_L7_2.fq.gz		FALSE			
Sde-CLim_079-Ex1	SdC1307910GWGSU_WKDL260014935-1A_253MYVLT4_L6	/archive/carpenterlab/pire/raw_sequence_archive/spratelloides_delicatulus/20260917_Sde-lcwgs	wahab	lcwgs		SdC1307910GWGSU_WKDL260014935-1A_253MYVLT4_L6_1.fq.gz	SdC1307910GWGSU_WKDL260014935-1A_253MYVLT4_L6_2.fq.gz		FALSE			
Sde-CLim_079-Ex1	SdC1307910GWGSU_WKDL260014935-1A_253MYVLT4_L7	/archive/carpenterlab/pire/raw_sequence_archive/spratelloides_delicatulus/20260917_Sde-lcwgs	wahab	lcwgs		SdC1307910GWGSU_WKDL260014935-1A_253MYVLT4_L7_1.fq.gz	SdC1307910GWGSU_WKDL260014935-1A_253MYVLT4_L7_2.fq.gz		FALSE			
Sde-CLim_080-Ex1	SdC1308003GWGSU_WKDL260014935-1A_253MYVLT4_L6	/archive/carpenterlab/pire/raw_sequence_archive/spratelloides_delicatulus/20260917_Sde-lcwgs	wahab	lcwgs		SdC1308003GWGSU_WKDL260014935-1A_253MYVLT4_L6_1.fq.gz	SdC1308003GWGSU_WKDL260014935-1A_253MYVLT4_L6_2.fq.gz		FALSE			
Sde-CLim_080-Ex1	SdC1308003GWGSU_WKDL260014935-1A_253MYVLT4_L7	/archive/carpenterlab/pire/raw_sequence_archive/spratelloides_delicatulus/20260917_Sde-lcwgs	wahab	lcwgs		SdC1308003GWGSU_WKDL260014935-1A_253MYVLT4_L7_1.fq.gz	SdC1308003GWGSU_WKDL260014935-1A_253MYVLT4_L7_2.fq.gz		FALSE			
Sde-CLim_081-Ex1	SdC1308111HWGSU_WKDL260014935-1A_253MYVLT4_L6	/archive/carpenterlab/pire/raw_sequence_archive/spratelloides_delicatulus/20260917_Sde-lcwgs	wahab	lcwgs		SdC1308111HWGSU_WKDL260014935-1A_253MYVLT4_L6_1.fq.gz	SdC1308111HWGSU_WKDL260014935-1A_253MYVLT4_L6_2.fq.gz		FALSE			
Sde-CLim_081-Ex1	SdC1308111HWGSU_WKDL260014935-1A_253MYVLT4_L7	/archive/carpenterlab/pire/raw_sequence_archive/spratelloides_delicatulus/20260917_Sde-lcwgs	wahab	lcwgs		SdC1308111HWGSU_WKDL260014935-1A_253MYVLT4_L7_1.fq.gz	SdC1308111HWGSU_WKDL260014935-1A_253MYVLT4_L7_2.fq.gz		FALSE			
Sde-CPla_082-Ex1	SdC1308207HWGSU_WKDL260014935-1A_253MYVLT4_L6	/archive/carpenterlab/pire/raw_sequence_archive/spratelloides_delicatulus/20260917_Sde-lcwgs	wahab	lcwgs		SdC1308207HWGSU_WKDL260014935-1A_253MYVLT4_L6_1.fq.gz	SdC1308207HWGSU_WKDL260014935-1A_253MYVLT4_L6_2.fq.gz		FALSE			
Sde-CPla_082-Ex1	SdC1308207HWGSU_WKDL260014935-1A_253MYVLT4_L7	/archive/carpenterlab/pire/raw_sequence_archive/spratelloides_delicatulus/20260917_Sde-lcwgs	wahab	lcwgs		SdC1308207HWGSU_WKDL260014935-1A_253MYVLT4_L7_1.fq.gz	SdC1308207HWGSU_WKDL260014935-1A_253MYVLT4_L7_2.fq.gz		FALSE			
Sde-CPla_084-Ex1	SdC1308410BWGSU_WKDL260014935-1A_253MYVLT4_L6	/archive/carpenterlab/pire/raw_sequence_archive/spratelloides_delicatulus/20260917_Sde-lcwgs	wahab	lcwgs		SdC1308410BWGSU_WKDL260014935-1A_253MYVLT4_L6_1.fq.gz	SdC1308410BWGSU_WKDL260014935-1A_253MYVLT4_L6_2.fq.gz		FALSE			
Sde-CPla_084-Ex1	SdC1308410BWGSU_WKDL260014935-1A_253MYVLT4_L7	/archive/carpenterlab/pire/raw_sequence_archive/spratelloides_delicatulus/20260917_Sde-lcwgs	wahab	lcwgs		SdC1308410BWGSU_WKDL260014935-1A_253MYVLT4_L7_1.fq.gz	SdC1308410BWGSU_WKDL260014935-1A_253MYVLT4_L7_2.fq.gz		FALSE			
Sde-CLim_087-Ex1	SdC1308707DWGSU_WKDL260014935-1A_253MYVLT4_L6	/archive/carpenterlab/pire/raw_sequence_archive/spratelloides_delicatulus/20260917_Sde-lcwgs	wahab	lcwgs		SdC1308707DWGSU_WKDL260014935-1A_253MYVLT4_L6_1.fq.gz	SdC1308707DWGSU_WKDL260014935-1A_253MYVLT4_L6_2.fq.gz		FALSE			
Sde-CLim_087-Ex1	SdC1308707DWGSU_WKDL260014935-1A_253MYVLT4_L7	/archive/carpenterlab/pire/raw_sequence_archive/spratelloides_delicatulus/20260917_Sde-lcwgs	wahab	lcwgs		SdC1308707DWGSU_WKDL260014935-1A_253MYVLT4_L7_1.fq.gz	SdC1308707DWGSU_WKDL260014935-1A_253MYVLT4_L7_2.fq.gz		FALSE			
Sde-CPla_089-Ex1	SdC1308912FWGSU_WKDL260014935-1A_253MYVLT4_L6	/archive/carpenterlab/pire/raw_sequence_archive/spratelloides_delicatulus/20260917_Sde-lcwgs	wahab	lcwgs		SdC1308912FWGSU_WKDL260014935-1A_253MYVLT4_L6_1.fq.gz	SdC1308912FWGSU_WKDL260014935-1A_253MYVLT4_L6_2.fq.gz		FALSE			
Sde-CPla_089-Ex1	SdC1308912FWGSU_WKDL260014935-1A_253MYVLT4_L7	/archive/carpenterlab/pire/raw_sequence_archive/spratelloides_delicatulus/20260917_Sde-lcwgs	wahab	lcwgs		SdC1308912FWGSU_WKDL260014935-1A_253MYVLT4_L7_1.fq.gz	SdC1308912FWGSU_WKDL260014935-1A_253MYVLT4_L7_2.fq.gz		FALSE			
Sde-CPla_092-Ex1	SdC1309204DWGSU_WKDL260014935-1A_253MYVLT4_L6	/archive/carpenterlab/pire/raw_sequence_archive/spratelloides_delicatulus/20260917_Sde-lcwgs	wahab	lcwgs		SdC1309204DWGSU_WKDL260014935-1A_253MYVLT4_L6_1.fq.gz	SdC1309204DWGSU_WKDL260014935-1A_253MYVLT4_L6_2.fq.gz		FALSE			
Sde-CPla_092-Ex1	SdC1309204DWGSU_WKDL260014935-1A_253MYVLT4_L7	/archive/carpenterlab/pire/raw_sequence_archive/spratelloides_delicatulus/20260917_Sde-lcwgs	wahab	lcwgs		SdC1309204DWGSU_WKDL260014935-1A_253MYVLT4_L7_1.fq.gz	SdC1309204DWGSU_WKDL260014935-1A_253MYVLT4_L7_2.fq.gz		FALSE			
Sde-CLim_093-Ex1	SdC1309305FWGSU_WKDL260014935-1A_253MYVLT4_L6	/archive/carpenterlab/pire/raw_sequence_archive/spratelloides_delicatulus/20260917_Sde-lcwgs	wahab	lcwgs		SdC1309305FWGSU_WKDL260014935-1A_253MYVLT4_L6_1.fq.gz	SdC1309305FWGSU_WKDL260014935-1A_253MYVLT4_L6_2.fq.gz		FALSE			
Sde-CLim_093-Ex1	SdC1309305FWGSU_WKDL260014935-1A_253MYVLT4_L7	/archive/carpenterlab/pire/raw_sequence_archive/spratelloides_delicatulus/20260917_Sde-lcwgs	wahab	lcwgs		SdC1309305FWGSU_WKDL260014935-1A_253MYVLT4_L7_1.fq.gz	SdC1309305FWGSU_WKDL260014935-1A_253MYVLT4_L7_2.fq.gz		FALSE			
Sde-CLim_094-Ex1	SdC1309403CWGSU_WKDL260014935-1A_253MYVLT4_L6	/archive/carpenterlab/pire/raw_sequence_archive/spratelloides_delicatulus/20260917_Sde-lcwgs	wahab	lcwgs		SdC1309403CWGSU_WKDL260014935-1A_253MYVLT4_L6_1.fq.gz	SdC1309403CWGSU_WKDL260014935-1A_253MYVLT4_L6_2.fq.gz		FALSE			
Sde-CLim_094-Ex1	SdC1309403CWGSU_WKDL260014935-1A_253MYVLT4_L7	/archive/carpenterlab/pire/raw_sequence_archive/spratelloides_delicatulus/20260917_Sde-lcwgs	wahab	lcwgs		SdC1309403CWGSU_WKDL260014935-1A_253MYVLT4_L7_1.fq.gz	SdC1309403CWGSU_WKDL260014935-1A_253MYVLT4_L7_2.fq.gz		FALSE			
Sde-CPla_097-Ex1	SdC1309704CWGSU_WKDL260014935-1A_253MYVLT4_L6	/archive/carpenterlab/pire/raw_sequence_archive/spratelloides_delicatulus/20260917_Sde-lcwgs	wahab	lcwgs		SdC1309704CWGSU_WKDL260014935-1A_253MYVLT4_L6_1.fq.gz	SdC1309704CWGSU_WKDL260014935-1A_253MYVLT4_L6_2.fq.gz		FALSE			
Sde-CPla_097-Ex1	SdC1309704CWGSU_WKDL260014935-1A_253MYVLT4_L7	/archive/carpenterlab/pire/raw_sequence_archive/spratelloides_delicatulus/20260917_Sde-lcwgs	wahab	lcwgs		SdC1309704CWGSU_WKDL260014935-1A_253MYVLT4_L7_1.fq.gz	SdC1309704CWGSU_WKDL260014935-1A_253MYVLT4_L7_2.fq.gz		FALSE			
Sde-CLim_098-Ex1	SdC1309806AWGSU_WKDL260014935-1A_253MYVLT4_L6	/archive/carpenterlab/pire/raw_sequence_archive/spratelloides_delicatulus/20260917_Sde-lcwgs	wahab	lcwgs		SdC1309806AWGSU_WKDL260014935-1A_253MYVLT4_L6_1.fq.gz	SdC1309806AWGSU_WKDL260014935-1A_253MYVLT4_L6_2.fq.gz		FALSE			
Sde-CLim_098-Ex1	SdC1309806AWGSU_WKDL260014935-1A_253MYVLT4_L7	/archive/carpenterlab/pire/raw_sequence_archive/spratelloides_delicatulus/20260917_Sde-lcwgs	wahab	lcwgs		SdC1309806AWGSU_WKDL260014935-1A_253MYVLT4_L7_1.fq.gz	SdC1309806AWGSU_WKDL260014935-1A_253MYVLT4_L7_2.fq.gz		FALSE			
Sde-CLim_099-Ex1	SdC1309911DWGSU_WKDL260014935-1A_253MYVLT4_L6	/archive/carpenterlab/pire/raw_sequence_archive/spratelloides_delicatulus/20260917_Sde-lcwgs	wahab	lcwgs		SdC1309911DWGSU_WKDL260014935-1A_253MYVLT4_L6_1.fq.gz	SdC1309911DWGSU_WKDL260014935-1A_253MYVLT4_L6_2.fq.gz		FALSE			
Sde-CLim_099-Ex1	SdC1309911DWGSU_WKDL260014935-1A_253MYVLT4_L7	/archive/carpenterlab/pire/raw_sequence_archive/spratelloides_delicatulus/20260917_Sde-lcwgs	wahab	lcwgs		SdC1309911DWGSU_WKDL260014935-1A_253MYVLT4_L7_1.fq.gz	SdC1309911DWGSU_WKDL260014935-1A_253MYVLT4_L7_2.fq.gz		FALSE			
Sde-CLim_100-Ex1	SdC1310010CWGSU_WKDL260014935-1A_253MYVLT4_L6	/archive/carpenterlab/pire/raw_sequence_archive/spratelloides_delicatulus/20260917_Sde-lcwgs	wahab	lcwgs		SdC1310010CWGSU_WKDL260014935-1A_253MYVLT4_L6_1.fq.gz	SdC1310010CWGSU_WKDL260014935-1A_253MYVLT4_L6_2.fq.gz		FALSE			
Sde-CLim_100-Ex1	SdC1310010CWGSU_WKDL260014935-1A_253MYVLT4_L7	/archive/carpenterlab/pire/raw_sequence_archive/spratelloides_delicatulus/20260917_Sde-lcwgs	wahab	lcwgs		SdC1310010CWGSU_WKDL260014935-1A_253MYVLT4_L7_1.fq.gz	SdC1310010CWGSU_WKDL260014935-1A_253MYVLT4_L7_2.fq.gz		FALSE			
Sde-CPla_101-Ex1	SdC1310104EWGSU_WKDL260014935-1A_253MYVLT4_L6	/archive/carpenterlab/pire/raw_sequence_archive/spratelloides_delicatulus/20260917_Sde-lcwgs	wahab	lcwgs		SdC1310104EWGSU_WKDL260014935-1A_253MYVLT4_L6_1.fq.gz	SdC1310104EWGSU_WKDL260014935-1A_253MYVLT4_L6_2.fq.gz		FALSE			
Sde-CPla_101-Ex1	SdC1310104EWGSU_WKDL260014935-1A_253MYVLT4_L7	/archive/carpenterlab/pire/raw_sequence_archive/spratelloides_delicatulus/20260917_Sde-lcwgs	wahab	lcwgs		SdC1310104EWGSU_WKDL260014935-1A_253MYVLT4_L7_1.fq.gz	SdC1310104EWGSU_WKDL260014935-1A_253MYVLT4_L7_2.fq.gz		FALSE			
Sde-CPla_104-Ex1	SdC1310405DWGSU_WKDL260014935-1A_253MYVLT4_L6	/archive/carpenterlab/pire/raw_sequence_archive/spratelloides_delicatulus/20260917_Sde-lcwgs	wahab	lcwgs		SdC1310405DWGSU_WKDL260014935-1A_253MYVLT4_L6_1.fq.gz	SdC1310405DWGSU_WKDL260014935-1A_253MYVLT4_L6_2.fq.gz		FALSE			
Sde-CPla_104-Ex1	SdC1310405DWGSU_WKDL260014935-1A_253MYVLT4_L7	/archive/carpenterlab/pire/raw_sequence_archive/spratelloides_delicatulus/20260917_Sde-lcwgs	wahab	lcwgs		SdC1310405DWGSU_WKDL260014935-1A_253MYVLT4_L7_1.fq.gz	SdC1310405DWGSU_WKDL260014935-1A_253MYVLT4_L7_2.fq.gz		FALSE			
Sde-CLim_105-Ex1	SdC1310508DWGSU_WKDL260014935-1A_253MYVLT4_L6	/archive/carpenterlab/pire/raw_sequence_archive/spratelloides_delicatulus/20260917_Sde-lcwgs	wahab	lcwgs		SdC1310508DWGSU_WKDL260014935-1A_253MYVLT4_L6_1.fq.gz	SdC1310508DWGSU_WKDL260014935-1A_253MYVLT4_L6_2.fq.gz		FALSE			
Sde-CLim_105-Ex1	SdC1310508DWGSU_WKDL260014935-1A_253MYVLT4_L7	/archive/carpenterlab/pire/raw_sequence_archive/spratelloides_delicatulus/20260917_Sde-lcwgs	wahab	lcwgs		SdC1310508DWGSU_WKDL260014935-1A_253MYVLT4_L7_1.fq.gz	SdC1310508DWGSU_WKDL260014935-1A_253MYVLT4_L7_2.fq.gz		FALSE			
Sde-CLim_107-Ex1	SdC1310709CWGSU_WKDL260014935-1A_253MYVLT4_L6	/archive/carpenterlab/pire/raw_sequence_archive/spratelloides_delicatulus/20260917_Sde-lcwgs	wahab	lcwgs		SdC1310709CWGSU_WKDL260014935-1A_253MYVLT4_L6_1.fq.gz	SdC1310709CWGSU_WKDL260014935-1A_253MYVLT4_L6_2.fq.gz		FALSE			
Sde-CLim_107-Ex1	SdC1310709CWGSU_WKDL260014935-1A_253MYVLT4_L7	/archive/carpenterlab/pire/raw_sequence_archive/spratelloides_delicatulus/20260917_Sde-lcwgs	wahab	lcwgs		SdC1310709CWGSU_WKDL260014935-1A_253MYVLT4_L7_1.fq.gz	SdC1310709CWGSU_WKDL260014935-1A_253MYVLT4_L7_2.fq.gz		FALSE			
Sde-CPla_108-Ex1	SdC1310804HWGSU_WKDL260014935-1A_253MYVLT4_L6	/archive/carpenterlab/pire/raw_sequence_archive/spratelloides_delicatulus/20260917_Sde-lcwgs	wahab	lcwgs		SdC1310804HWGSU_WKDL260014935-1A_253MYVLT4_L6_1.fq.gz	SdC1310804HWGSU_WKDL260014935-1A_253MYVLT4_L6_2.fq.gz		FALSE			
Sde-CPla_108-Ex1	SdC1310804HWGSU_WKDL260014935-1A_253MYVLT4_L7	/archive/carpenterlab/pire/raw_sequence_archive/spratelloides_delicatulus/20260917_Sde-lcwgs	wahab	lcwgs		SdC1310804HWGSU_WKDL260014935-1A_253MYVLT4_L7_1.fq.gz	SdC1310804HWGSU_WKDL260014935-1A_253MYVLT4_L7_2.fq.gz		FALSE			
Sde-CPla_112-Ex1	SdC1311207BWGSU_WKDL260014935-1A_253MYVLT4_L6	/archive/carpenterlab/pire/raw_sequence_archive/spratelloides_delicatulus/20260917_Sde-lcwgs	wahab	lcwgs		SdC1311207BWGSU_WKDL260014935-1A_253MYVLT4_L6_1.fq.gz	SdC1311207BWGSU_WKDL260014935-1A_253MYVLT4_L6_2.fq.gz		FALSE			
Sde-CPla_112-Ex1	SdC1311207BWGSU_WKDL260014935-1A_253MYVLT4_L7	/archive/carpenterlab/pire/raw_sequence_archive/spratelloides_delicatulus/20260917_Sde-lcwgs	wahab	lcwgs		SdC1311207BWGSU_WKDL260014935-1A_253MYVLT4_L7_1.fq.gz	SdC1311207BWGSU_WKDL260014935-1A_253MYVLT4_L7_2.fq.gz		FALSE			
Sde-AMat_002-Ex1	SdA0100201GWGSZ_WKDL260014935-1A_253MYVLT4_L6	/archive/carpenterlab/pire/raw_sequence_archive/spratelloides_delicatulus/20260917_Sde-lcwgs	wahab	lcwgs		SdA0100201GWGSZ_WKDL260014935-1A_253MYVLT4_L6_1.fq.gz	SdA0100201GWGSZ_WKDL260014935-1A_253MYVLT4_L6_2.fq.gz		FALSE			
Sde-AMat_002-Ex1	SdA0100201GWGSZ_WKDL260014935-1A_253MYVLT4_L7	/archive/carpenterlab/pire/raw_sequence_archive/spratelloides_delicatulus/20260917_Sde-lcwgs	wahab	lcwgs		SdA0100201GWGSZ_WKDL260014935-1A_253MYVLT4_L7_1.fq.gz	SdA0100201GWGSZ_WKDL260014935-1A_253MYVLT4_L7_2.fq.gz		FALSE			
Sde-AMat_020-Ex1	SdA0102003EWGSZ_WKDL260014935-1A_253MYVLT4_L6	/archive/carpenterlab/pire/raw_sequence_archive/spratelloides_delicatulus/20260917_Sde-lcwgs	wahab	lcwgs		SdA0102003EWGSZ_WKDL260014935-1A_253MYVLT4_L6_1.fq.gz	SdA0102003EWGSZ_WKDL260014935-1A_253MYVLT4_L6_2.fq.gz		FALSE			
Sde-AMat_020-Ex1	SdA0102003EWGSZ_WKDL260014935-1A_253MYVLT4_L7	/archive/carpenterlab/pire/raw_sequence_archive/spratelloides_delicatulus/20260917_Sde-lcwgs	wahab	lcwgs		SdA0102003EWGSZ_WKDL260014935-1A_253MYVLT4_L7_1.fq.gz	SdA0102003EWGSZ_WKDL260014935-1A_253MYVLT4_L7_2.fq.gz		FALSE			
Sde-AMat_022-Ex1	SdA0102203CWGSZ_WKDL260014935-1A_253MYVLT4_L6	/archive/carpenterlab/pire/raw_sequence_archive/spratelloides_delicatulus/20260917_Sde-lcwgs	wahab	lcwgs		SdA0102203CWGSZ_WKDL260014935-1A_253MYVLT4_L6_1.fq.gz	SdA0102203CWGSZ_WKDL260014935-1A_253MYVLT4_L6_2.fq.gz		FALSE			
Sde-AMat_022-Ex1	SdA0102203CWGSZ_WKDL260014935-1A_253MYVLT4_L7	/archive/carpenterlab/pire/raw_sequence_archive/spratelloides_delicatulus/20260917_Sde-lcwgs	wahab	lcwgs		SdA0102203CWGSZ_WKDL260014935-1A_253MYVLT4_L7_1.fq.gz	SdA0102203CWGSZ_WKDL260014935-1A_253MYVLT4_L7_2.fq.gz		FALSE			
Sde-AMat_041-Ex1	SdA0104106HWGSZ_WKDL260014935-1A_253MYVLT4_L6	/archive/carpenterlab/pire/raw_sequence_archive/spratelloides_delicatulus/20260917_Sde-lcwgs	wahab	lcwgs		SdA0104106HWGSZ_WKDL260014935-1A_253MYVLT4_L6_1.fq.gz	SdA0104106HWGSZ_WKDL260014935-1A_253MYVLT4_L6_2.fq.gz		FALSE			
Sde-AMat_041-Ex1	SdA0104106HWGSZ_WKDL260014935-1A_253MYVLT4_L7	/archive/carpenterlab/pire/raw_sequence_archive/spratelloides_delicatulus/20260917_Sde-lcwgs	wahab	lcwgs		SdA0104106HWGSZ_WKDL260014935-1A_253MYVLT4_L7_1.fq.gz	SdA0104106HWGSZ_WKDL260014935-1A_253MYVLT4_L7_2.fq.gz		FALSE			
Sde-AMat_042-Ex1	SdA0104206GWGSZ_WKDL260014935-1A_253MYVLT4_L6	/archive/carpenterlab/pire/raw_sequence_archive/spratelloides_delicatulus/20260917_Sde-lcwgs	wahab	lcwgs		SdA0104206GWGSZ_WKDL260014935-1A_253MYVLT4_L6_1.fq.gz	SdA0104206GWGSZ_WKDL260014935-1A_253MYVLT4_L6_2.fq.gz		FALSE			
Sde-AMat_042-Ex1	SdA0104206GWGSZ_WKDL260014935-1A_253MYVLT4_L7	/archive/carpenterlab/pire/raw_sequence_archive/spratelloides_delicatulus/20260917_Sde-lcwgs	wahab	lcwgs		SdA0104206GWGSZ_WKDL260014935-1A_253MYVLT4_L7_1.fq.gz	SdA0104206GWGSZ_WKDL260014935-1A_253MYVLT4_L7_2.fq.gz		FALSE			
Sde-AMat_003-Ex1	SdA0100301FWGSZ_WKDL260014935-1A_253MYVLT4_L6	/archive/carpenterlab/pire/raw_sequence_archive/spratelloides_delicatulus/20260917_Sde-lcwgs	wahab	lcwgs		SdA0100301FWGSZ_WKDL260014935-1A_253MYVLT4_L6_1.fq.gz	SdA0100301FWGSZ_WKDL260014935-1A_253MYVLT4_L6_2.fq.gz		FALSE			
Sde-AMat_003-Ex1	SdA0100301FWGSZ_WKDL260014935-1A_253MYVLT4_L7	/archive/carpenterlab/pire/raw_sequence_archive/spratelloides_delicatulus/20260917_Sde-lcwgs	wahab	lcwgs		SdA0100301FWGSZ_WKDL260014935-1A_253MYVLT4_L7_1.fq.gz	SdA0100301FWGSZ_WKDL260014935-1A_253MYVLT4_L7_2.fq.gz		FALSE			
Sde-AMat_007-Ex1	SdA0100701BWGSZ_WKDL260014935-1A_253MYVLT4_L6	/archive/carpenterlab/pire/raw_sequence_archive/spratelloides_delicatulus/20260917_Sde-lcwgs	wahab	lcwgs		SdA0100701BWGSZ_WKDL260014935-1A_253MYVLT4_L6_1.fq.gz	SdA0100701BWGSZ_WKDL260014935-1A_253MYVLT4_L6_2.fq.gz		FALSE			
Sde-AMat_007-Ex1	SdA0100701BWGSZ_WKDL260014935-1A_253MYVLT4_L7	/archive/carpenterlab/pire/raw_sequence_archive/spratelloides_delicatulus/20260917_Sde-lcwgs	wahab	lcwgs		SdA0100701BWGSZ_WKDL260014935-1A_253MYVLT4_L7_1.fq.gz	SdA0100701BWGSZ_WKDL260014935-1A_253MYVLT4_L7_2.fq.gz		FALSE			
Sde-AMat_030-Ex1	SdA0103004CWGSZ_WKDL260014935-1A_253MYVLT4_L6	/archive/carpenterlab/pire/raw_sequence_archive/spratelloides_delicatulus/20260917_Sde-lcwgs	wahab	lcwgs		SdA0103004CWGSZ_WKDL260014935-1A_253MYVLT4_L6_1.fq.gz	SdA0103004CWGSZ_WKDL260014935-1A_253MYVLT4_L6_2.fq.gz		FALSE			
Sde-AMat_030-Ex1	SdA0103004CWGSZ_WKDL260014935-1A_253MYVLT4_L7	/archive/carpenterlab/pire/raw_sequence_archive/spratelloides_delicatulus/20260917_Sde-lcwgs	wahab	lcwgs		SdA0103004CWGSZ_WKDL260014935-1A_253MYVLT4_L7_1.fq.gz	SdA0103004CWGSZ_WKDL260014935-1A_253MYVLT4_L7_2.fq.gz		FALSE			
Sde-AMat_044-Ex1	SdA0104406EWGSZ_WKDL260014935-1A_253MYVLT4_L6	/archive/carpenterlab/pire/raw_sequence_archive/spratelloides_delicatulus/20260917_Sde-lcwgs	wahab	lcwgs		SdA0104406EWGSZ_WKDL260014935-1A_253MYVLT4_L6_1.fq.gz	SdA0104406EWGSZ_WKDL260014935-1A_253MYVLT4_L6_2.fq.gz		FALSE			
Sde-AMat_044-Ex1	SdA0104406EWGSZ_WKDL260014935-1A_253MYVLT4_L7	/archive/carpenterlab/pire/raw_sequence_archive/spratelloides_delicatulus/20260917_Sde-lcwgs	wahab	lcwgs		SdA0104406EWGSZ_WKDL260014935-1A_253MYVLT4_L7_1.fq.gz	SdA0104406EWGSZ_WKDL260014935-1A_253MYVLT4_L7_2.fq.gz		FALSE			
Sde-AMat_014-Ex1	SdA0101402CWGSZ_WKDL260014935-1A_253MYVLT4_L6	/archive/carpenterlab/pire/raw_sequence_archive/spratelloides_delicatulus/20260917_Sde-lcwgs	wahab	lcwgs		SdA0101402CWGSZ_WKDL260014935-1A_253MYVLT4_L6_1.fq.gz	SdA0101402CWGSZ_WKDL260014935-1A_253MYVLT4_L6_2.fq.gz		FALSE			
Sde-AMat_014-Ex1	SdA0101402CWGSZ_WKDL260014935-1A_253MYVLT4_L7	/archive/carpenterlab/pire/raw_sequence_archive/spratelloides_delicatulus/20260917_Sde-lcwgs	wahab	lcwgs		SdA0101402CWGSZ_WKDL260014935-1A_253MYVLT4_L7_1.fq.gz	SdA0101402CWGSZ_WKDL260014935-1A_253MYVLT4_L7_2.fq.gz		FALSE			
Sde-AMat_036-Ex1	SdA0103605EWGSZ_WKDL260014935-1A_253MYVLT4_L6	/archive/carpenterlab/pire/raw_sequence_archive/spratelloides_delicatulus/20260917_Sde-lcwgs	wahab	lcwgs		SdA0103605EWGSZ_WKDL260014935-1A_253MYVLT4_L6_1.fq.gz	SdA0103605EWGSZ_WKDL260014935-1A_253MYVLT4_L6_2.fq.gz		FALSE			
Sde-AMat_036-Ex1	SdA0103605EWGSZ_WKDL260014935-1A_253MYVLT4_L7	/archive/carpenterlab/pire/raw_sequence_archive/spratelloides_delicatulus/20260917_Sde-lcwgs	wahab	lcwgs		SdA0103605EWGSZ_WKDL260014935-1A_253MYVLT4_L7_1.fq.gz	SdA0103605EWGSZ_WKDL260014935-1A_253MYVLT4_L7_2.fq.gz		FALSE			
Sde-AMat_005-Ex1	SdA0100501DWGSZ_WKDL260014935-1A_253MYVLT4_L6	/archive/carpenterlab/pire/raw_sequence_archive/spratelloides_delicatulus/20260917_Sde-lcwgs	wahab	lcwgs		SdA0100501DWGSZ_WKDL260014935-1A_253MYVLT4_L6_1.fq.gz	SdA0100501DWGSZ_WKDL260014935-1A_253MYVLT4_L6_2.fq.gz		FALSE			
Sde-AMat_005-Ex1	SdA0100501DWGSZ_WKDL260014935-1A_253MYVLT4_L7	/archive/carpenterlab/pire/raw_sequence_archive/spratelloides_delicatulus/20260917_Sde-lcwgs	wahab	lcwgs		SdA0100501DWGSZ_WKDL260014935-1A_253MYVLT4_L7_1.fq.gz	SdA0100501DWGSZ_WKDL260014935-1A_253MYVLT4_L7_2.fq.gz		FALSE			
Sde-AMat_035-Ex1	SdA0103505FWGSZ_WKDL260014935-1A_253MYVLT4_L6	/archive/carpenterlab/pire/raw_sequence_archive/spratelloides_delicatulus/20260917_Sde-lcwgs	wahab	lcwgs		SdA0103505FWGSZ_WKDL260014935-1A_253MYVLT4_L6_1.fq.gz	SdA0103505FWGSZ_WKDL260014935-1A_253MYVLT4_L6_2.fq.gz		FALSE			
Sde-AMat_035-Ex1	SdA0103505FWGSZ_WKDL260014935-1A_253MYVLT4_L7	/archive/carpenterlab/pire/raw_sequence_archive/spratelloides_delicatulus/20260917_Sde-lcwgs	wahab	lcwgs		SdA0103505FWGSZ_WKDL260014935-1A_253MYVLT4_L7_1.fq.gz	SdA0103505FWGSZ_WKDL260014935-1A_253MYVLT4_L7_2.fq.gz		FALSE			
Sde-AMat_026-Ex1	SdA0102604GWGSZ_WKDL260014935-1A_253MYVLT4_L6	/archive/carpenterlab/pire/raw_sequence_archive/spratelloides_delicatulus/20260917_Sde-lcwgs	wahab	lcwgs		SdA0102604GWGSZ_WKDL260014935-1A_253MYVLT4_L6_1.fq.gz	SdA0102604GWGSZ_WKDL260014935-1A_253MYVLT4_L6_2.fq.gz		FALSE			
Sde-AMat_026-Ex1	SdA0102604GWGSZ_WKDL260014935-1A_253MYVLT4_L7	/archive/carpenterlab/pire/raw_sequence_archive/spratelloides_delicatulus/20260917_Sde-lcwgs	wahab	lcwgs		SdA0102604GWGSZ_WKDL260014935-1A_253MYVLT4_L7_1.fq.gz	SdA0102604GWGSZ_WKDL260014935-1A_253MYVLT4_L7_2.fq.gz		FALSE			
Sde-AMat_043-Ex1	SdA0104306FWGSZ_WKDL260014935-1A_253MYVLT4_L6	/archive/carpenterlab/pire/raw_sequence_archive/spratelloides_delicatulus/20260917_Sde-lcwgs	wahab	lcwgs		SdA0104306FWGSZ_WKDL260014935-1A_253MYVLT4_L6_1.fq.gz	SdA0104306FWGSZ_WKDL260014935-1A_253MYVLT4_L6_2.fq.gz		FALSE			
Sde-AMat_043-Ex1	SdA0104306FWGSZ_WKDL260014935-1A_253MYVLT4_L7	/archive/carpenterlab/pire/raw_sequence_archive/spratelloides_delicatulus/20260917_Sde-lcwgs	wahab	lcwgs		SdA0104306FWGSZ_WKDL260014935-1A_253MYVLT4_L7_1.fq.gz	SdA0104306FWGSZ_WKDL260014935-1A_253MYVLT4_L7_2.fq.gz		FALSE			
Sde-AMat_031-Ex1	SdA0103104BWGSZ_WKDL260014935-1A_253MYVLT4_L6	/archive/carpenterlab/pire/raw_sequence_archive/spratelloides_delicatulus/20260917_Sde-lcwgs	wahab	lcwgs		SdA0103104BWGSZ_WKDL260014935-1A_253MYVLT4_L6_1.fq.gz	SdA0103104BWGSZ_WKDL260014935-1A_253MYVLT4_L6_2.fq.gz		FALSE			
Sde-AMat_031-Ex1	SdA0103104BWGSZ_WKDL260014935-1A_253MYVLT4_L7	/archive/carpenterlab/pire/raw_sequence_archive/spratelloides_delicatulus/20260917_Sde-lcwgs	wahab	lcwgs		SdA0103104BWGSZ_WKDL260014935-1A_253MYVLT4_L7_1.fq.gz	SdA0103104BWGSZ_WKDL260014935-1A_253MYVLT4_L7_2.fq.gz		FALSE			
Sde-AMat_027-Ex1	SdA0102704FWGSZ_WKDL260014935-1A_253MYVLT4_L6	/archive/carpenterlab/pire/raw_sequence_archive/spratelloides_delicatulus/20260917_Sde-lcwgs	wahab	lcwgs		SdA0102704FWGSZ_WKDL260014935-1A_253MYVLT4_L6_1.fq.gz	SdA0102704FWGSZ_WKDL260014935-1A_253MYVLT4_L6_2.fq.gz		FALSE			
Sde-AMat_027-Ex1	SdA0102704FWGSZ_WKDL260014935-1A_253MYVLT4_L7	/archive/carpenterlab/pire/raw_sequence_archive/spratelloides_delicatulus/20260917_Sde-lcwgs	wahab	lcwgs		SdA0102704FWGSZ_WKDL260014935-1A_253MYVLT4_L7_1.fq.gz	SdA0102704FWGSZ_WKDL260014935-1A_253MYVLT4_L7_2.fq.gz		FALSE			
Sde-AMat_008-Ex1	SdA0100801AWGSZ_WKDL260014935-1A_253MYVLT4_L6	/archive/carpenterlab/pire/raw_sequence_archive/spratelloides_delicatulus/20260917_Sde-lcwgs	wahab	lcwgs		SdA0100801AWGSZ_WKDL260014935-1A_253MYVLT4_L6_1.fq.gz	SdA0100801AWGSZ_WKDL260014935-1A_253MYVLT4_L6_2.fq.gz		FALSE			
Sde-AMat_008-Ex1	SdA0100801AWGSZ_WKDL260014935-1A_253MYVLT4_L7	/archive/carpenterlab/pire/raw_sequence_archive/spratelloides_delicatulus/20260917_Sde-lcwgs	wahab	lcwgs		SdA0100801AWGSZ_WKDL260014935-1A_253MYVLT4_L7_1.fq.gz	SdA0100801AWGSZ_WKDL260014935-1A_253MYVLT4_L7_2.fq.gz		FALSE			
Sde-AMat_017-Ex1	SdA0101703HWGSZ_WKDL260014935-1A_253MYVLT4_L6	/archive/carpenterlab/pire/raw_sequence_archive/spratelloides_delicatulus/20260917_Sde-lcwgs	wahab	lcwgs		SdA0101703HWGSZ_WKDL260014935-1A_253MYVLT4_L6_1.fq.gz	SdA0101703HWGSZ_WKDL260014935-1A_253MYVLT4_L6_2.fq.gz		FALSE			
Sde-AMat_017-Ex1	SdA0101703HWGSZ_WKDL260014935-1A_253MYVLT4_L7	/archive/carpenterlab/pire/raw_sequence_archive/spratelloides_delicatulus/20260917_Sde-lcwgs	wahab	lcwgs		SdA0101703HWGSZ_WKDL260014935-1A_253MYVLT4_L7_1.fq.gz	SdA0101703HWGSZ_WKDL260014935-1A_253MYVLT4_L7_2.fq.gz		FALSE			
Sde-AMat_021-Ex1	SdA0102103DWGSZ_WKDL260014935-1A_253MYVLT4_L6	/archive/carpenterlab/pire/raw_sequence_archive/spratelloides_delicatulus/20260917_Sde-lcwgs	wahab	lcwgs		SdA0102103DWGSZ_WKDL260014935-1A_253MYVLT4_L6_1.fq.gz	SdA0102103DWGSZ_WKDL260014935-1A_253MYVLT4_L6_2.fq.gz		FALSE			
Sde-AMat_021-Ex1	SdA0102103DWGSZ_WKDL260014935-1A_253MYVLT4_L7	/archive/carpenterlab/pire/raw_sequence_archive/spratelloides_delicatulus/20260917_Sde-lcwgs	wahab	lcwgs		SdA0102103DWGSZ_WKDL260014935-1A_253MYVLT4_L7_1.fq.gz	SdA0102103DWGSZ_WKDL260014935-1A_253MYVLT4_L7_2.fq.gz		FALSE			
Sde-AMat_018-Ex1	SdA0101803GWGSZ_WKDL260014935-1A_253MYVLT4_L6	/archive/carpenterlab/pire/raw_sequence_archive/spratelloides_delicatulus/20260917_Sde-lcwgs	wahab	lcwgs		SdA0101803GWGSZ_WKDL260014935-1A_253MYVLT4_L6_1.fq.gz	SdA0101803GWGSZ_WKDL260014935-1A_253MYVLT4_L6_2.fq.gz		FALSE			
Sde-AMat_018-Ex1	SdA0101803GWGSZ_WKDL260014935-1A_253MYVLT4_L7	/archive/carpenterlab/pire/raw_sequence_archive/spratelloides_delicatulus/20260917_Sde-lcwgs	wahab	lcwgs		SdA0101803GWGSZ_WKDL260014935-1A_253MYVLT4_L7_1.fq.gz	SdA0101803GWGSZ_WKDL260014935-1A_253MYVLT4_L7_2.fq.gz		FALSE			
Sde-AMat_012-Ex1	SdA0101202EWGSZ_WKDL260014935-1A_253MYVLT4_L6	/archive/carpenterlab/pire/raw_sequence_archive/spratelloides_delicatulus/20260917_Sde-lcwgs	wahab	lcwgs		SdA0101202EWGSZ_WKDL260014935-1A_253MYVLT4_L6_1.fq.gz	SdA0101202EWGSZ_WKDL260014935-1A_253MYVLT4_L6_2.fq.gz		FALSE			
Sde-AMat_012-Ex1	SdA0101202EWGSZ_WKDL260014935-1A_253MYVLT4_L7	/archive/carpenterlab/pire/raw_sequence_archive/spratelloides_delicatulus/20260917_Sde-lcwgs	wahab	lcwgs		SdA0101202EWGSZ_WKDL260014935-1A_253MYVLT4_L7_1.fq.gz	SdA0101202EWGSZ_WKDL260014935-1A_253MYVLT4_L7_2.fq.gz		FALSE			
Sde-AMat_004-Ex1	SdA0100401EWGSZ_WKDL260014935-1A_253MYVLT4_L6	/archive/carpenterlab/pire/raw_sequence_archive/spratelloides_delicatulus/20260917_Sde-lcwgs	wahab	lcwgs		SdA0100401EWGSZ_WKDL260014935-1A_253MYVLT4_L6_1.fq.gz	SdA0100401EWGSZ_WKDL260014935-1A_253MYVLT4_L6_2.fq.gz		FALSE			
Sde-AMat_004-Ex1	SdA0100401EWGSZ_WKDL260014935-1A_253MYVLT4_L7	/archive/carpenterlab/pire/raw_sequence_archive/spratelloides_delicatulus/20260917_Sde-lcwgs	wahab	lcwgs		SdA0100401EWGSZ_WKDL260014935-1A_253MYVLT4_L7_1.fq.gz	SdA0100401EWGSZ_WKDL260014935-1A_253MYVLT4_L7_2.fq.gz		FALSE			
Sde-AMat_025-Ex1	SdA0102504HWGSZ_WKDL260014935-1A_253MYVLT4_L6	/archive/carpenterlab/pire/raw_sequence_archive/spratelloides_delicatulus/20260917_Sde-lcwgs	wahab	lcwgs		SdA0102504HWGSZ_WKDL260014935-1A_253MYVLT4_L6_1.fq.gz	SdA0102504HWGSZ_WKDL260014935-1A_253MYVLT4_L6_2.fq.gz		FALSE			
Sde-AMat_025-Ex1	SdA0102504HWGSZ_WKDL260014935-1A_253MYVLT4_L7	/archive/carpenterlab/pire/raw_sequence_archive/spratelloides_delicatulus/20260917_Sde-lcwgs	wahab	lcwgs		SdA0102504HWGSZ_WKDL260014935-1A_253MYVLT4_L7_1.fq.gz	SdA0102504HWGSZ_WKDL260014935-1A_253MYVLT4_L7_2.fq.gz		FALSE			
Sde-AMat_019-Ex1	SdA0101903FWGSZ_WKDL260014935-1A_253MYVLT4_L6	/archive/carpenterlab/pire/raw_sequence_archive/spratelloides_delicatulus/20260917_Sde-lcwgs	wahab	lcwgs		SdA0101903FWGSZ_WKDL260014935-1A_253MYVLT4_L6_1.fq.gz	SdA0101903FWGSZ_WKDL260014935-1A_253MYVLT4_L6_2.fq.gz		FALSE			
Sde-AMat_019-Ex1	SdA0101903FWGSZ_WKDL260014935-1A_253MYVLT4_L7	/archive/carpenterlab/pire/raw_sequence_archive/spratelloides_delicatulus/20260917_Sde-lcwgs	wahab	lcwgs		SdA0101903FWGSZ_WKDL260014935-1A_253MYVLT4_L7_1.fq.gz	SdA0101903FWGSZ_WKDL260014935-1A_253MYVLT4_L7_2.fq.gz		FALSE			
Sde-AMat_016-Ex1	SdA0101602AWGSZ_WKDL260014935-1A_253MYVLT4_L6	/archive/carpenterlab/pire/raw_sequence_archive/spratelloides_delicatulus/20260917_Sde-lcwgs	wahab	lcwgs		SdA0101602AWGSZ_WKDL260014935-1A_253MYVLT4_L6_1.fq.gz	SdA0101602AWGSZ_WKDL260014935-1A_253MYVLT4_L6_2.fq.gz		FALSE			
Sde-AMat_016-Ex1	SdA0101602AWGSZ_WKDL260014935-1A_253MYVLT4_L7	/archive/carpenterlab/pire/raw_sequence_archive/spratelloides_delicatulus/20260917_Sde-lcwgs	wahab	lcwgs		SdA0101602AWGSZ_WKDL260014935-1A_253MYVLT4_L7_1.fq.gz	SdA0101602AWGSZ_WKDL260014935-1A_253MYVLT4_L7_2.fq.gz		FALSE			
Sde-AMat_028-Ex1	SdA0102804EWGSZ_WKDL260014935-1A_253MYVLT4_L6	/archive/carpenterlab/pire/raw_sequence_archive/spratelloides_delicatulus/20260917_Sde-lcwgs	wahab	lcwgs		SdA0102804EWGSZ_WKDL260014935-1A_253MYVLT4_L6_1.fq.gz	SdA0102804EWGSZ_WKDL260014935-1A_253MYVLT4_L6_2.fq.gz		FALSE			
Sde-AMat_028-Ex1	SdA0102804EWGSZ_WKDL260014935-1A_253MYVLT4_L7	/archive/carpenterlab/pire/raw_sequence_archive/spratelloides_delicatulus/20260917_Sde-lcwgs	wahab	lcwgs		SdA0102804EWGSZ_WKDL260014935-1A_253MYVLT4_L7_1.fq.gz	SdA0102804EWGSZ_WKDL260014935-1A_253MYVLT4_L7_2.fq.gz		FALSE			
Sde-AMat_001-Ex1	SdA0100101HWGSZ_WKDL260014935-1A_253MYVLT4_L6	/archive/carpenterlab/pire/raw_sequence_archive/spratelloides_delicatulus/20260917_Sde-lcwgs	wahab	lcwgs		SdA0100101HWGSZ_WKDL260014935-1A_253MYVLT4_L6_1.fq.gz	SdA0100101HWGSZ_WKDL260014935-1A_253MYVLT4_L6_2.fq.gz		FALSE			
Sde-AMat_001-Ex1	SdA0100101HWGSZ_WKDL260014935-1A_253MYVLT4_L7	/archive/carpenterlab/pire/raw_sequence_archive/spratelloides_delicatulus/20260917_Sde-lcwgs	wahab	lcwgs		SdA0100101HWGSZ_WKDL260014935-1A_253MYVLT4_L7_1.fq.gz	SdA0100101HWGSZ_WKDL260014935-1A_253MYVLT4_L7_2.fq.gz		FALSE			
Sde-AMat_009-Ex1	SdA0100902HWGSZ_WKDL260014935-1A_253MYVLT4_L6	/archive/carpenterlab/pire/raw_sequence_archive/spratelloides_delicatulus/20260917_Sde-lcwgs	wahab	lcwgs		SdA0100902HWGSZ_WKDL260014935-1A_253MYVLT4_L6_1.fq.gz	SdA0100902HWGSZ_WKDL260014935-1A_253MYVLT4_L6_2.fq.gz		FALSE			
Sde-AMat_009-Ex1	SdA0100902HWGSZ_WKDL260014935-1A_253MYVLT4_L7	/archive/carpenterlab/pire/raw_sequence_archive/spratelloides_delicatulus/20260917_Sde-lcwgs	wahab	lcwgs		SdA0100902HWGSZ_WKDL260014935-1A_253MYVLT4_L7_1.fq.gz	SdA0100902HWGSZ_WKDL260014935-1A_253MYVLT4_L7_2.fq.gz		FALSE			
Sde-AMat_023-Ex1	SdA0102303BWGSZ_WKDL260014935-1A_253MYVLT4_L6	/archive/carpenterlab/pire/raw_sequence_archive/spratelloides_delicatulus/20260917_Sde-lcwgs	wahab	lcwgs		SdA0102303BWGSZ_WKDL260014935-1A_253MYVLT4_L6_1.fq.gz	SdA0102303BWGSZ_WKDL260014935-1A_253MYVLT4_L6_2.fq.gz		FALSE			
Sde-AMat_023-Ex1	SdA0102303BWGSZ_WKDL260014935-1A_253MYVLT4_L7	/archive/carpenterlab/pire/raw_sequence_archive/spratelloides_delicatulus/20260917_Sde-lcwgs	wahab	lcwgs		SdA0102303BWGSZ_WKDL260014935-1A_253MYVLT4_L7_1.fq.gz	SdA0102303BWGSZ_WKDL260014935-1A_253MYVLT4_L7_2.fq.gz		FALSE			
Sde-AMat_040-Ex1	SdA0104005AWGSZ_WKDL260014935-1A_253MYVLT4_L6	/archive/carpenterlab/pire/raw_sequence_archive/spratelloides_delicatulus/20260917_Sde-lcwgs	wahab	lcwgs		SdA0104005AWGSZ_WKDL260014935-1A_253MYVLT4_L6_1.fq.gz	SdA0104005AWGSZ_WKDL260014935-1A_253MYVLT4_L6_2.fq.gz		FALSE			
Sde-AMat_040-Ex1	SdA0104005AWGSZ_WKDL260014935-1A_253MYVLT4_L7	/archive/carpenterlab/pire/raw_sequence_archive/spratelloides_delicatulus/20260917_Sde-lcwgs	wahab	lcwgs		SdA0104005AWGSZ_WKDL260014935-1A_253MYVLT4_L7_1.fq.gz	SdA0104005AWGSZ_WKDL260014935-1A_253MYVLT4_L7_2.fq.gz		FALSE			
Sde-AMat_024-Ex1	SdA0102403AWGSZ_WKDL260014935-1A_253MYVLT4_L6	/archive/carpenterlab/pire/raw_sequence_archive/spratelloides_delicatulus/20260917_Sde-lcwgs	wahab	lcwgs		SdA0102403AWGSZ_WKDL260014935-1A_253MYVLT4_L6_1.fq.gz	SdA0102403AWGSZ_WKDL260014935-1A_253MYVLT4_L6_2.fq.gz		FALSE			
Sde-AMat_024-Ex1	SdA0102403AWGSZ_WKDL260014935-1A_253MYVLT4_L7	/archive/carpenterlab/pire/raw_sequence_archive/spratelloides_delicatulus/20260917_Sde-lcwgs	wahab	lcwgs		SdA0102403AWGSZ_WKDL260014935-1A_253MYVLT4_L7_1.fq.gz	SdA0102403AWGSZ_WKDL260014935-1A_253MYVLT4_L7_2.fq.gz		FALSE			
Sde-AMat_039-Ex1	SdA0103905BWGSZ_WKDL260014935-1A_253MYVLT4_L6	/archive/carpenterlab/pire/raw_sequence_archive/spratelloides_delicatulus/20260917_Sde-lcwgs	wahab	lcwgs		SdA0103905BWGSZ_WKDL260014935-1A_253MYVLT4_L6_1.fq.gz	SdA0103905BWGSZ_WKDL260014935-1A_253MYVLT4_L6_2.fq.gz		FALSE			
Sde-AMat_039-Ex1	SdA0103905BWGSZ_WKDL260014935-1A_253MYVLT4_L7	/archive/carpenterlab/pire/raw_sequence_archive/spratelloides_delicatulus/20260917_Sde-lcwgs	wahab	lcwgs		SdA0103905BWGSZ_WKDL260014935-1A_253MYVLT4_L7_1.fq.gz	SdA0103905BWGSZ_WKDL260014935-1A_253MYVLT4_L7_2.fq.gz		FALSE			
Sde-AMat_013-Ex1	SdA0101302DWGSZ_WKDL260014935-1A_253MYVLT4_L6	/archive/carpenterlab/pire/raw_sequence_archive/spratelloides_delicatulus/20260917_Sde-lcwgs	wahab	lcwgs		SdA0101302DWGSZ_WKDL260014935-1A_253MYVLT4_L6_1.fq.gz	SdA0101302DWGSZ_WKDL260014935-1A_253MYVLT4_L6_2.fq.gz		FALSE			
Sde-AMat_013-Ex1	SdA0101302DWGSZ_WKDL260014935-1A_253MYVLT4_L7	/archive/carpenterlab/pire/raw_sequence_archive/spratelloides_delicatulus/20260917_Sde-lcwgs	wahab	lcwgs		SdA0101302DWGSZ_WKDL260014935-1A_253MYVLT4_L7_1.fq.gz	SdA0101302DWGSZ_WKDL260014935-1A_253MYVLT4_L7_2.fq.gz		FALSE			
Sde-AMat_037-Ex1	SdA0103705DWGSZ_WKDL260014935-1A_253MYVLT4_L6	/archive/carpenterlab/pire/raw_sequence_archive/spratelloides_delicatulus/20260917_Sde-lcwgs	wahab	lcwgs		SdA0103705DWGSZ_WKDL260014935-1A_253MYVLT4_L6_1.fq.gz	SdA0103705DWGSZ_WKDL260014935-1A_253MYVLT4_L6_2.fq.gz		FALSE			
Sde-AMat_037-Ex1	SdA0103705DWGSZ_WKDL260014935-1A_253MYVLT4_L7	/archive/carpenterlab/pire/raw_sequence_archive/spratelloides_delicatulus/20260917_Sde-lcwgs	wahab	lcwgs		SdA0103705DWGSZ_WKDL260014935-1A_253MYVLT4_L7_1.fq.gz	SdA0103705DWGSZ_WKDL260014935-1A_253MYVLT4_L7_2.fq.gz		FALSE			
Sde-AMat_033-Ex1	SdA0103305HWGSZ_WKDL260014935-1A_253MYVLT4_L6	/archive/carpenterlab/pire/raw_sequence_archive/spratelloides_delicatulus/20260917_Sde-lcwgs	wahab	lcwgs		SdA0103305HWGSZ_WKDL260014935-1A_253MYVLT4_L6_1.fq.gz	SdA0103305HWGSZ_WKDL260014935-1A_253MYVLT4_L6_2.fq.gz		FALSE			
Sde-AMat_033-Ex1	SdA0103305HWGSZ_WKDL260014935-1A_253MYVLT4_L7	/archive/carpenterlab/pire/raw_sequence_archive/spratelloides_delicatulus/20260917_Sde-lcwgs	wahab	lcwgs		SdA0103305HWGSZ_WKDL260014935-1A_253MYVLT4_L7_1.fq.gz	SdA0103305HWGSZ_WKDL260014935-1A_253MYVLT4_L7_2.fq.gz		FALSE			
Sde-AMat_010-Ex1	SdA0101002GWGSZ_WKDL260014935-1A_253MYVLT4_L6	/archive/carpenterlab/pire/raw_sequence_archive/spratelloides_delicatulus/20260917_Sde-lcwgs	wahab	lcwgs		SdA0101002GWGSZ_WKDL260014935-1A_253MYVLT4_L6_1.fq.gz	SdA0101002GWGSZ_WKDL260014935-1A_253MYVLT4_L6_2.fq.gz		FALSE			
Sde-AMat_010-Ex1	SdA0101002GWGSZ_WKDL260014935-1A_253MYVLT4_L7	/archive/carpenterlab/pire/raw_sequence_archive/spratelloides_delicatulus/20260917_Sde-lcwgs	wahab	lcwgs		SdA0101002GWGSZ_WKDL260014935-1A_253MYVLT4_L7_1.fq.gz	SdA0101002GWGSZ_WKDL260014935-1A_253MYVLT4_L7_2.fq.gz		FALSE			
Sde-AMat_034-Ex1	SdA0103405GWGSZ_WKDL260014935-1A_253MYVLT4_L6	/archive/carpenterlab/pire/raw_sequence_archive/spratelloides_delicatulus/20260917_Sde-lcwgs	wahab	lcwgs		SdA0103405GWGSZ_WKDL260014935-1A_253MYVLT4_L6_1.fq.gz	SdA0103405GWGSZ_WKDL260014935-1A_253MYVLT4_L6_2.fq.gz		FALSE			
Sde-AMat_034-Ex1	SdA0103405GWGSZ_WKDL260014935-1A_253MYVLT4_L7	/archive/carpenterlab/pire/raw_sequence_archive/spratelloides_delicatulus/20260917_Sde-lcwgs	wahab	lcwgs		SdA0103405GWGSZ_WKDL260014935-1A_253MYVLT4_L7_1.fq.gz	SdA0103405GWGSZ_WKDL260014935-1A_253MYVLT4_L7_2.fq.gz		FALSE			
Sde-AMat_015-Ex1	SdA0101502BWGSZ_WKDL260014935-1A_253MYVLT4_L6	/archive/carpenterlab/pire/raw_sequence_archive/spratelloides_delicatulus/20260917_Sde-lcwgs	wahab	lcwgs		SdA0101502BWGSZ_WKDL260014935-1A_253MYVLT4_L6_1.fq.gz	SdA0101502BWGSZ_WKDL260014935-1A_253MYVLT4_L6_2.fq.gz		FALSE			
Sde-AMat_015-Ex1	SdA0101502BWGSZ_WKDL260014935-1A_253MYVLT4_L7	/archive/carpenterlab/pire/raw_sequence_archive/spratelloides_delicatulus/20260917_Sde-lcwgs	wahab	lcwgs		SdA0101502BWGSZ_WKDL260014935-1A_253MYVLT4_L7_1.fq.gz	SdA0101502BWGSZ_WKDL260014935-1A_253MYVLT4_L7_2.fq.gz		FALSE			
Sde-AMat_011-Ex1	SdA0101102FWGSZ_WKDL260014935-1A_253MYVLT4_L6	/archive/carpenterlab/pire/raw_sequence_archive/spratelloides_delicatulus/20260917_Sde-lcwgs	wahab	lcwgs		SdA0101102FWGSZ_WKDL260014935-1A_253MYVLT4_L6_1.fq.gz	SdA0101102FWGSZ_WKDL260014935-1A_253MYVLT4_L6_2.fq.gz		FALSE			
Sde-AMat_011-Ex1	SdA0101102FWGSZ_WKDL260014935-1A_253MYVLT4_L7	/archive/carpenterlab/pire/raw_sequence_archive/spratelloides_delicatulus/20260917_Sde-lcwgs	wahab	lcwgs		SdA0101102FWGSZ_WKDL260014935-1A_253MYVLT4_L7_1.fq.gz	SdA0101102FWGSZ_WKDL260014935-1A_253MYVLT4_L7_2.fq.gz		FALSE			
Sde-AMat_029-Ex1	SdA0102904DWGSZ_WKDL260014935-1A_253MYVLT4_L6	/archive/carpenterlab/pire/raw_sequence_archive/spratelloides_delicatulus/20260917_Sde-lcwgs	wahab	lcwgs		SdA0102904DWGSZ_WKDL260014935-1A_253MYVLT4_L6_1.fq.gz	SdA0102904DWGSZ_WKDL260014935-1A_253MYVLT4_L6_2.fq.gz		FALSE			
Sde-AMat_029-Ex1	SdA0102904DWGSZ_WKDL260014935-1A_253MYVLT4_L7	/archive/carpenterlab/pire/raw_sequence_archive/spratelloides_delicatulus/20260917_Sde-lcwgs	wahab	lcwgs		SdA0102904DWGSZ_WKDL260014935-1A_253MYVLT4_L7_1.fq.gz	SdA0102904DWGSZ_WKDL260014935-1A_253MYVLT4_L7_2.fq.gz		FALSE			
Sde-AMat_006-Ex1	SdA0100601CWGSZ_WKDL260014935-1A_253MYVLT4_L6	/archive/carpenterlab/pire/raw_sequence_archive/spratelloides_delicatulus/20260917_Sde-lcwgs	wahab	lcwgs		SdA0100601CWGSZ_WKDL260014935-1A_253MYVLT4_L6_1.fq.gz	SdA0100601CWGSZ_WKDL260014935-1A_253MYVLT4_L6_2.fq.gz		FALSE			
Sde-AMat_006-Ex1	SdA0100601CWGSZ_WKDL260014935-1A_253MYVLT4_L7	/archive/carpenterlab/pire/raw_sequence_archive/spratelloides_delicatulus/20260917_Sde-lcwgs	wahab	lcwgs		SdA0100601CWGSZ_WKDL260014935-1A_253MYVLT4_L7_1.fq.gz	SdA0100601CWGSZ_WKDL260014935-1A_253MYVLT4_L7_2.fq.gz		FALSE			
Sde-AMat_032-Ex1	SdA0103204AWGSZ_WKDL260014935-1A_253MYVLT4_L6	/archive/carpenterlab/pire/raw_sequence_archive/spratelloides_delicatulus/20260917_Sde-lcwgs	wahab	lcwgs		SdA0103204AWGSZ_WKDL260014935-1A_253MYVLT4_L6_1.fq.gz	SdA0103204AWGSZ_WKDL260014935-1A_253MYVLT4_L6_2.fq.gz		FALSE			
Sde-AMat_032-Ex1	SdA0103204AWGSZ_WKDL260014935-1A_253MYVLT4_L7	/archive/carpenterlab/pire/raw_sequence_archive/spratelloides_delicatulus/20260917_Sde-lcwgs	wahab	lcwgs		SdA0103204AWGSZ_WKDL260014935-1A_253MYVLT4_L7_1.fq.gz	SdA0103204AWGSZ_WKDL260014935-1A_253MYVLT4_L7_2.fq.gz		FALSE			
Sde-AMat_046-Ex1	SdA0104606CWGSZ_WKDL260014935-1A_253MYVLT4_L6	/archive/carpenterlab/pire/raw_sequence_archive/spratelloides_delicatulus/20260917_Sde-lcwgs	wahab	lcwgs		SdA0104606CWGSZ_WKDL260014935-1A_253MYVLT4_L6_1.fq.gz	SdA0104606CWGSZ_WKDL260014935-1A_253MYVLT4_L6_2.fq.gz		FALSE			
Sde-AMat_046-Ex1	SdA0104606CWGSZ_WKDL260014935-1A_253MYVLT4_L7	/archive/carpenterlab/pire/raw_sequence_archive/spratelloides_delicatulus/20260917_Sde-lcwgs	wahab	lcwgs		SdA0104606CWGSZ_WKDL260014935-1A_253MYVLT4_L7_1.fq.gz	SdA0104606CWGSZ_WKDL260014935-1A_253MYVLT4_L7_2.fq.gz		FALSE			
Sde-AMat_047-Ex1	SdA0104706BWGSZ_WKDL260014935-1A_253MYVLT4_L6	/archive/carpenterlab/pire/raw_sequence_archive/spratelloides_delicatulus/20260917_Sde-lcwgs	wahab	lcwgs		SdA0104706BWGSZ_WKDL260014935-1A_253MYVLT4_L6_1.fq.gz	SdA0104706BWGSZ_WKDL260014935-1A_253MYVLT4_L6_2.fq.gz		FALSE			
Sde-AMat_047-Ex1	SdA0104706BWGSZ_WKDL260014935-1A_253MYVLT4_L7	/archive/carpenterlab/pire/raw_sequence_archive/spratelloides_delicatulus/20260917_Sde-lcwgs	wahab	lcwgs		SdA0104706BWGSZ_WKDL260014935-1A_253MYVLT4_L7_1.fq.gz	SdA0104706BWGSZ_WKDL260014935-1A_253MYVLT4_L7_2.fq.gz		FALSE			
Sde-AMat_048-Ex1	SdA0104806AWGSZ_WKDL260014935-1A_253MYVLT4_L6	/archive/carpenterlab/pire/raw_sequence_archive/spratelloides_delicatulus/20260917_Sde-lcwgs	wahab	lcwgs		SdA0104806AWGSZ_WKDL260014935-1A_253MYVLT4_L6_1.fq.gz	SdA0104806AWGSZ_WKDL260014935-1A_253MYVLT4_L6_2.fq.gz		FALSE			
Sde-AMat_048-Ex1	SdA0104806AWGSZ_WKDL260014935-1A_253MYVLT4_L7	/archive/carpenterlab/pire/raw_sequence_archive/spratelloides_delicatulus/20260917_Sde-lcwgs	wahab	lcwgs		SdA0104806AWGSZ_WKDL260014935-1A_253MYVLT4_L7_1.fq.gz	SdA0104806AWGSZ_WKDL260014935-1A_253MYVLT4_L7_2.fq.gz		FALSE			
Sde-AMat_038-Ex1	SdA0103805CWGSZ_WKDL260014935-1A_253MYVLT4_L6	/archive/carpenterlab/pire/raw_sequence_archive/spratelloides_delicatulus/20260917_Sde-lcwgs	wahab	lcwgs		SdA0103805CWGSZ_WKDL260014935-1A_253MYVLT4_L6_1.fq.gz	SdA0103805CWGSZ_WKDL260014935-1A_253MYVLT4_L6_2.fq.gz		FALSE			
Sde-AMat_038-Ex1	SdA0103805CWGSZ_WKDL260014935-1A_253MYVLT4_L7	/archive/carpenterlab/pire/raw_sequence_archive/spratelloides_delicatulus/20260917_Sde-lcwgs	wahab	lcwgs		SdA0103805CWGSZ_WKDL260014935-1A_253MYVLT4_L7_1.fq.gz	SdA0103805CWGSZ_WKDL260014935-1A_253MYVLT4_L7_2.fq.gz		FALSE			
Sde-AMat_045-Ex1	SdA0104506DWGSZ_WKDL260014935-1A_253MYVLT4_L6	/archive/carpenterlab/pire/raw_sequence_archive/spratelloides_delicatulus/20260917_Sde-lcwgs	wahab	lcwgs		SdA0104506DWGSZ_WKDL260014935-1A_253MYVLT4_L6_1.fq.gz	SdA0104506DWGSZ_WKDL260014935-1A_253MYVLT4_L6_2.fq.gz		FALSE			
Sde-AMat_045-Ex1	SdA0104506DWGSZ_WKDL260014935-1A_253MYVLT4_L7	/archive/carpenterlab/pire/raw_sequence_archive/spratelloides_delicatulus/20260917_Sde-lcwgs	wahab	lcwgs		SdA0104506DWGSZ_WKDL260014935-1A_253MYVLT4_L7_1.fq.gz	SdA0104506DWGSZ_WKDL260014935-1A_253MYVLT4_L7_2.fq.gz		FALSE			
Sde-AMat_052-Ex1	SdA0605207DWGSZ_WKDL260014935-1A_253MYVLT4_L6	/archive/carpenterlab/pire/raw_sequence_archive/spratelloides_delicatulus/20260917_Sde-lcwgs	wahab	lcwgs		SdA0605207DWGSZ_WKDL260014935-1A_253MYVLT4_L6_1.fq.gz	SdA0605207DWGSZ_WKDL260014935-1A_253MYVLT4_L6_2.fq.gz		FALSE			
Sde-AMat_052-Ex1	SdA0605207DWGSZ_WKDL260014935-1A_253MYVLT4_L7	/archive/carpenterlab/pire/raw_sequence_archive/spratelloides_delicatulus/20260917_Sde-lcwgs	wahab	lcwgs		SdA0605207DWGSZ_WKDL260014935-1A_253MYVLT4_L7_1.fq.gz	SdA0605207DWGSZ_WKDL260014935-1A_253MYVLT4_L7_2.fq.gz		FALSE			
Sde-AMat_067-Ex1	SdA0606709CWGSZ_WKDL260014935-1A_253MYVLT4_L6	/archive/carpenterlab/pire/raw_sequence_archive/spratelloides_delicatulus/20260917_Sde-lcwgs	wahab	lcwgs		SdA0606709CWGSZ_WKDL260014935-1A_253MYVLT4_L6_1.fq.gz	SdA0606709CWGSZ_WKDL260014935-1A_253MYVLT4_L6_2.fq.gz		FALSE			
Sde-AMat_067-Ex1	SdA0606709CWGSZ_WKDL260014935-1A_253MYVLT4_L7	/archive/carpenterlab/pire/raw_sequence_archive/spratelloides_delicatulus/20260917_Sde-lcwgs	wahab	lcwgs		SdA0606709CWGSZ_WKDL260014935-1A_253MYVLT4_L7_1.fq.gz	SdA0606709CWGSZ_WKDL260014935-1A_253MYVLT4_L7_2.fq.gz		FALSE			
Sde-AMat_086-Ex1	SdA0608611FWGSZ_WKDL260014935-1A_253MYVLT4_L6	/archive/carpenterlab/pire/raw_sequence_archive/spratelloides_delicatulus/20260917_Sde-lcwgs	wahab	lcwgs		SdA0608611FWGSZ_WKDL260014935-1A_253MYVLT4_L6_1.fq.gz	SdA0608611FWGSZ_WKDL260014935-1A_253MYVLT4_L6_2.fq.gz		FALSE			
Sde-AMat_086-Ex1	SdA0608611FWGSZ_WKDL260014935-1A_253MYVLT4_L7	/archive/carpenterlab/pire/raw_sequence_archive/spratelloides_delicatulus/20260917_Sde-lcwgs	wahab	lcwgs		SdA0608611FWGSZ_WKDL260014935-1A_253MYVLT4_L7_1.fq.gz	SdA0608611FWGSZ_WKDL260014935-1A_253MYVLT4_L7_2.fq.gz		FALSE			
Sde-AMat_054-Ex1	SdA0605407FWGSZ_WKDL260014935-1A_253MYVLT4_L6	/archive/carpenterlab/pire/raw_sequence_archive/spratelloides_delicatulus/20260917_Sde-lcwgs	wahab	lcwgs		SdA0605407FWGSZ_WKDL260014935-1A_253MYVLT4_L6_1.fq.gz	SdA0605407FWGSZ_WKDL260014935-1A_253MYVLT4_L6_2.fq.gz		FALSE			
Sde-AMat_054-Ex1	SdA0605407FWGSZ_WKDL260014935-1A_253MYVLT4_L7	/archive/carpenterlab/pire/raw_sequence_archive/spratelloides_delicatulus/20260917_Sde-lcwgs	wahab	lcwgs		SdA0605407FWGSZ_WKDL260014935-1A_253MYVLT4_L7_1.fq.gz	SdA0605407FWGSZ_WKDL260014935-1A_253MYVLT4_L7_2.fq.gz		FALSE			
Sde-AMat_053-Ex1	SdA0605307EWGSZ_WKDL260014935-1A_253MYVLT4_L6	/archive/carpenterlab/pire/raw_sequence_archive/spratelloides_delicatulus/20260917_Sde-lcwgs	wahab	lcwgs		SdA0605307EWGSZ_WKDL260014935-1A_253MYVLT4_L6_1.fq.gz	SdA0605307EWGSZ_WKDL260014935-1A_253MYVLT4_L6_2.fq.gz		FALSE			
Sde-AMat_053-Ex1	SdA0605307EWGSZ_WKDL260014935-1A_253MYVLT4_L7	/archive/carpenterlab/pire/raw_sequence_archive/spratelloides_delicatulus/20260917_Sde-lcwgs	wahab	lcwgs		SdA0605307EWGSZ_WKDL260014935-1A_253MYVLT4_L7_1.fq.gz	SdA0605307EWGSZ_WKDL260014935-1A_253MYVLT4_L7_2.fq.gz		FALSE			
Sde-AMat_091-Ex1	SdA0609112CWGSZ_WKDL260014935-1A_253MYVLT4_L6	/archive/carpenterlab/pire/raw_sequence_archive/spratelloides_delicatulus/20260917_Sde-lcwgs	wahab	lcwgs		SdA0609112CWGSZ_WKDL260014935-1A_253MYVLT4_L6_1.fq.gz	SdA0609112CWGSZ_WKDL260014935-1A_253MYVLT4_L6_2.fq.gz		FALSE			
Sde-AMat_091-Ex1	SdA0609112CWGSZ_WKDL260014935-1A_253MYVLT4_L7	/archive/carpenterlab/pire/raw_sequence_archive/spratelloides_delicatulus/20260917_Sde-lcwgs	wahab	lcwgs		SdA0609112CWGSZ_WKDL260014935-1A_253MYVLT4_L7_1.fq.gz	SdA0609112CWGSZ_WKDL260014935-1A_253MYVLT4_L7_2.fq.gz		FALSE			
Sde-AMat_078-Ex1	SdA0607810FWGSZ_WKDL260014935-1A_253MYVLT4_L6	/archive/carpenterlab/pire/raw_sequence_archive/spratelloides_delicatulus/20260917_Sde-lcwgs	wahab	lcwgs		SdA0607810FWGSZ_WKDL260014935-1A_253MYVLT4_L6_1.fq.gz	SdA0607810FWGSZ_WKDL260014935-1A_253MYVLT4_L6_2.fq.gz		FALSE			
Sde-AMat_078-Ex1	SdA0607810FWGSZ_WKDL260014935-1A_253MYVLT4_L7	/archive/carpenterlab/pire/raw_sequence_archive/spratelloides_delicatulus/20260917_Sde-lcwgs	wahab	lcwgs		SdA0607810FWGSZ_WKDL260014935-1A_253MYVLT4_L7_1.fq.gz	SdA0607810FWGSZ_WKDL260014935-1A_253MYVLT4_L7_2.fq.gz		FALSE			
Sde-AMat_066-Ex1	SdA0606609BWGSZ_WKDL260014935-1A_253MYVLT4_L6	/archive/carpenterlab/pire/raw_sequence_archive/spratelloides_delicatulus/20260917_Sde-lcwgs	wahab	lcwgs		SdA0606609BWGSZ_WKDL260014935-1A_253MYVLT4_L6_1.fq.gz	SdA0606609BWGSZ_WKDL260014935-1A_253MYVLT4_L6_2.fq.gz		FALSE			
Sde-AMat_066-Ex1	SdA0606609BWGSZ_WKDL260014935-1A_253MYVLT4_L7	/archive/carpenterlab/pire/raw_sequence_archive/spratelloides_delicatulus/20260917_Sde-lcwgs	wahab	lcwgs		SdA0606609BWGSZ_WKDL260014935-1A_253MYVLT4_L7_1.fq.gz	SdA0606609BWGSZ_WKDL260014935-1A_253MYVLT4_L7_2.fq.gz		FALSE			
Sde-AMat_065-Ex1	SdA0606509AWGSZ_WKDL260014935-1A_253MYVLT4_L6	/archive/carpenterlab/pire/raw_sequence_archive/spratelloides_delicatulus/20260917_Sde-lcwgs	wahab	lcwgs		SdA0606509AWGSZ_WKDL260014935-1A_253MYVLT4_L6_1.fq.gz	SdA0606509AWGSZ_WKDL260014935-1A_253MYVLT4_L6_2.fq.gz		FALSE			
Sde-AMat_065-Ex1	SdA0606509AWGSZ_WKDL260014935-1A_253MYVLT4_L7	/archive/carpenterlab/pire/raw_sequence_archive/spratelloides_delicatulus/20260917_Sde-lcwgs	wahab	lcwgs		SdA0606509AWGSZ_WKDL260014935-1A_253MYVLT4_L7_1.fq.gz	SdA0606509AWGSZ_WKDL260014935-1A_253MYVLT4_L7_2.fq.gz		FALSE			
Sde-AMat_087-Ex1	SdA0608711GWGSZ_WKDL260014935-1A_253MYVLT4_L6	/archive/carpenterlab/pire/raw_sequence_archive/spratelloides_delicatulus/20260917_Sde-lcwgs	wahab	lcwgs		SdA0608711GWGSZ_WKDL260014935-1A_253MYVLT4_L6_1.fq.gz	SdA0608711GWGSZ_WKDL260014935-1A_253MYVLT4_L6_2.fq.gz		FALSE			
Sde-AMat_087-Ex1	SdA0608711GWGSZ_WKDL260014935-1A_253MYVLT4_L7	/archive/carpenterlab/pire/raw_sequence_archive/spratelloides_delicatulus/20260917_Sde-lcwgs	wahab	lcwgs		SdA0608711GWGSZ_WKDL260014935-1A_253MYVLT4_L7_1.fq.gz	SdA0608711GWGSZ_WKDL260014935-1A_253MYVLT4_L7_2.fq.gz		FALSE			
Sde-AMat_064-Ex1	SdA0606408HWGSZ_WKDL260014935-1A_253MYVLT4_L6	/archive/carpenterlab/pire/raw_sequence_archive/spratelloides_delicatulus/20260917_Sde-lcwgs	wahab	lcwgs		SdA0606408HWGSZ_WKDL260014935-1A_253MYVLT4_L6_1.fq.gz	SdA0606408HWGSZ_WKDL260014935-1A_253MYVLT4_L6_2.fq.gz		FALSE			
Sde-AMat_064-Ex1	SdA0606408HWGSZ_WKDL260014935-1A_253MYVLT4_L7	/archive/carpenterlab/pire/raw_sequence_archive/spratelloides_delicatulus/20260917_Sde-lcwgs	wahab	lcwgs		SdA0606408HWGSZ_WKDL260014935-1A_253MYVLT4_L7_1.fq.gz	SdA0606408HWGSZ_WKDL260014935-1A_253MYVLT4_L7_2.fq.gz		FALSE			
Sde-AMat_081-Ex1	SdA0608111AWGSZ_WKDL260014935-1A_253MYVLT4_L6	/archive/carpenterlab/pire/raw_sequence_archive/spratelloides_delicatulus/20260917_Sde-lcwgs	wahab	lcwgs		SdA0608111AWGSZ_WKDL260014935-1A_253MYVLT4_L6_1.fq.gz	SdA0608111AWGSZ_WKDL260014935-1A_253MYVLT4_L6_2.fq.gz		FALSE			
Sde-AMat_081-Ex1	SdA0608111AWGSZ_WKDL260014935-1A_253MYVLT4_L7	/archive/carpenterlab/pire/raw_sequence_archive/spratelloides_delicatulus/20260917_Sde-lcwgs	wahab	lcwgs		SdA0608111AWGSZ_WKDL260014935-1A_253MYVLT4_L7_1.fq.gz	SdA0608111AWGSZ_WKDL260014935-1A_253MYVLT4_L7_2.fq.gz		FALSE			
Sde-AMat_092-Ex1	SdA0609212DWGSZ_WKDL260014935-1A_253MYVLT4_L6	/archive/carpenterlab/pire/raw_sequence_archive/spratelloides_delicatulus/20260917_Sde-lcwgs	wahab	lcwgs		SdA0609212DWGSZ_WKDL260014935-1A_253MYVLT4_L6_1.fq.gz	SdA0609212DWGSZ_WKDL260014935-1A_253MYVLT4_L6_2.fq.gz		FALSE			
Sde-AMat_092-Ex1	SdA0609212DWGSZ_WKDL260014935-1A_253MYVLT4_L7	/archive/carpenterlab/pire/raw_sequence_archive/spratelloides_delicatulus/20260917_Sde-lcwgs	wahab	lcwgs		SdA0609212DWGSZ_WKDL260014935-1A_253MYVLT4_L7_1.fq.gz	SdA0609212DWGSZ_WKDL260014935-1A_253MYVLT4_L7_2.fq.gz		FALSE			
Sde-AMat_055-Ex1	SdA0605507GWGSZ_WKDL260014935-1A_253MYVLT4_L6	/archive/carpenterlab/pire/raw_sequence_archive/spratelloides_delicatulus/20260917_Sde-lcwgs	wahab	lcwgs		SdA0605507GWGSZ_WKDL260014935-1A_253MYVLT4_L6_1.fq.gz	SdA0605507GWGSZ_WKDL260014935-1A_253MYVLT4_L6_2.fq.gz		FALSE			
Sde-AMat_055-Ex1	SdA0605507GWGSZ_WKDL260014935-1A_253MYVLT4_L7	/archive/carpenterlab/pire/raw_sequence_archive/spratelloides_delicatulus/20260917_Sde-lcwgs	wahab	lcwgs		SdA0605507GWGSZ_WKDL260014935-1A_253MYVLT4_L7_1.fq.gz	SdA0605507GWGSZ_WKDL260014935-1A_253MYVLT4_L7_2.fq.gz		FALSE			
Sde-AMat_051-Ex1	SdA0605107CWGSZ_WKDL260014935-1A_253MYVLT4_L6	/archive/carpenterlab/pire/raw_sequence_archive/spratelloides_delicatulus/20260917_Sde-lcwgs	wahab	lcwgs		SdA0605107CWGSZ_WKDL260014935-1A_253MYVLT4_L6_1.fq.gz	SdA0605107CWGSZ_WKDL260014935-1A_253MYVLT4_L6_2.fq.gz		FALSE			
Sde-AMat_051-Ex1	SdA0605107CWGSZ_WKDL260014935-1A_253MYVLT4_L7	/archive/carpenterlab/pire/raw_sequence_archive/spratelloides_delicatulus/20260917_Sde-lcwgs	wahab	lcwgs		SdA0605107CWGSZ_WKDL260014935-1A_253MYVLT4_L7_1.fq.gz	SdA0605107CWGSZ_WKDL260014935-1A_253MYVLT4_L7_2.fq.gz		FALSE			
Sde-AMat_072-Ex1	SdA0607209HWGSZ_WKDL260014935-1A_253MYVLT4_L6	/archive/carpenterlab/pire/raw_sequence_archive/spratelloides_delicatulus/20260917_Sde-lcwgs	wahab	lcwgs		SdA0607209HWGSZ_WKDL260014935-1A_253MYVLT4_L6_1.fq.gz	SdA0607209HWGSZ_WKDL260014935-1A_253MYVLT4_L6_2.fq.gz		FALSE			
Sde-AMat_072-Ex1	SdA0607209HWGSZ_WKDL260014935-1A_253MYVLT4_L7	/archive/carpenterlab/pire/raw_sequence_archive/spratelloides_delicatulus/20260917_Sde-lcwgs	wahab	lcwgs		SdA0607209HWGSZ_WKDL260014935-1A_253MYVLT4_L7_1.fq.gz	SdA0607209HWGSZ_WKDL260014935-1A_253MYVLT4_L7_2.fq.gz		FALSE			
Sde-AMat_071-Ex1	SdA0607109GWGSZ_WKDL260014935-1A_253MYVLT4_L6	/archive/carpenterlab/pire/raw_sequence_archive/spratelloides_delicatulus/20260917_Sde-lcwgs	wahab	lcwgs		SdA0607109GWGSZ_WKDL260014935-1A_253MYVLT4_L6_1.fq.gz	SdA0607109GWGSZ_WKDL260014935-1A_253MYVLT4_L6_2.fq.gz		FALSE			
Sde-AMat_071-Ex1	SdA0607109GWGSZ_WKDL260014935-1A_253MYVLT4_L7	/archive/carpenterlab/pire/raw_sequence_archive/spratelloides_delicatulus/20260917_Sde-lcwgs	wahab	lcwgs		SdA0607109GWGSZ_WKDL260014935-1A_253MYVLT4_L7_1.fq.gz	SdA0607109GWGSZ_WKDL260014935-1A_253MYVLT4_L7_2.fq.gz		FALSE			
Sde-AMat_069-Ex1	SdA0606909EWGSZ_WKDL260014935-1A_253MYVLT4_L6	/archive/carpenterlab/pire/raw_sequence_archive/spratelloides_delicatulus/20260917_Sde-lcwgs	wahab	lcwgs		SdA0606909EWGSZ_WKDL260014935-1A_253MYVLT4_L6_1.fq.gz	SdA0606909EWGSZ_WKDL260014935-1A_253MYVLT4_L6_2.fq.gz		FALSE			
Sde-AMat_069-Ex1	SdA0606909EWGSZ_WKDL260014935-1A_253MYVLT4_L7	/archive/carpenterlab/pire/raw_sequence_archive/spratelloides_delicatulus/20260917_Sde-lcwgs	wahab	lcwgs		SdA0606909EWGSZ_WKDL260014935-1A_253MYVLT4_L7_1.fq.gz	SdA0606909EWGSZ_WKDL260014935-1A_253MYVLT4_L7_2.fq.gz		FALSE			
Sde-AMat_049-Ex1	SdA0604907AWGSZ_WKDL260014935-1A_253MYVLT4_L6	/archive/carpenterlab/pire/raw_sequence_archive/spratelloides_delicatulus/20260917_Sde-lcwgs	wahab	lcwgs		SdA0604907AWGSZ_WKDL260014935-1A_253MYVLT4_L6_1.fq.gz	SdA0604907AWGSZ_WKDL260014935-1A_253MYVLT4_L6_2.fq.gz		FALSE			
Sde-AMat_049-Ex1	SdA0604907AWGSZ_WKDL260014935-1A_253MYVLT4_L7	/archive/carpenterlab/pire/raw_sequence_archive/spratelloides_delicatulus/20260917_Sde-lcwgs	wahab	lcwgs		SdA0604907AWGSZ_WKDL260014935-1A_253MYVLT4_L7_1.fq.gz	SdA0604907AWGSZ_WKDL260014935-1A_253MYVLT4_L7_2.fq.gz		FALSE			
Sde-AMat_095-Ex1	SdA0609512GWGSZ_WKDL260014935-1A_253MYVLT4_L6	/archive/carpenterlab/pire/raw_sequence_archive/spratelloides_delicatulus/20260917_Sde-lcwgs	wahab	lcwgs		SdA0609512GWGSZ_WKDL260014935-1A_253MYVLT4_L6_1.fq.gz	SdA0609512GWGSZ_WKDL260014935-1A_253MYVLT4_L6_2.fq.gz		FALSE			
Sde-AMat_095-Ex1	SdA0609512GWGSZ_WKDL260014935-1A_253MYVLT4_L7	/archive/carpenterlab/pire/raw_sequence_archive/spratelloides_delicatulus/20260917_Sde-lcwgs	wahab	lcwgs		SdA0609512GWGSZ_WKDL260014935-1A_253MYVLT4_L7_1.fq.gz	SdA0609512GWGSZ_WKDL260014935-1A_253MYVLT4_L7_2.fq.gz		FALSE			
Sde-AMat_073-Ex1	SdA0607310AWGSZ_WKDL260014935-1A_253MYVLT4_L6	/archive/carpenterlab/pire/raw_sequence_archive/spratelloides_delicatulus/20260917_Sde-lcwgs	wahab	lcwgs		SdA0607310AWGSZ_WKDL260014935-1A_253MYVLT4_L6_1.fq.gz	SdA0607310AWGSZ_WKDL260014935-1A_253MYVLT4_L6_2.fq.gz		FALSE			
Sde-AMat_073-Ex1	SdA0607310AWGSZ_WKDL260014935-1A_253MYVLT4_L7	/archive/carpenterlab/pire/raw_sequence_archive/spratelloides_delicatulus/20260917_Sde-lcwgs	wahab	lcwgs		SdA0607310AWGSZ_WKDL260014935-1A_253MYVLT4_L7_1.fq.gz	SdA0607310AWGSZ_WKDL260014935-1A_253MYVLT4_L7_2.fq.gz		FALSE			
Sde-AMat_089-Ex1	SdA0608912AWGSZ_WKDL260014935-1A_253MYVLT4_L6	/archive/carpenterlab/pire/raw_sequence_archive/spratelloides_delicatulus/20260917_Sde-lcwgs	wahab	lcwgs		SdA0608912AWGSZ_WKDL260014935-1A_253MYVLT4_L6_1.fq.gz	SdA0608912AWGSZ_WKDL260014935-1A_253MYVLT4_L6_2.fq.gz		FALSE			
Sde-AMat_089-Ex1	SdA0608912AWGSZ_WKDL260014935-1A_253MYVLT4_L7	/archive/carpenterlab/pire/raw_sequence_archive/spratelloides_delicatulus/20260917_Sde-lcwgs	wahab	lcwgs		SdA0608912AWGSZ_WKDL260014935-1A_253MYVLT4_L7_1.fq.gz	SdA0608912AWGSZ_WKDL260014935-1A_253MYVLT4_L7_2.fq.gz		FALSE			
Sde-AMat_059-Ex1	SdA0605908CWGSZ_WKDL260014935-1A_253MYVLT4_L6	/archive/carpenterlab/pire/raw_sequence_archive/spratelloides_delicatulus/20260917_Sde-lcwgs	wahab	lcwgs		SdA0605908CWGSZ_WKDL260014935-1A_253MYVLT4_L6_1.fq.gz	SdA0605908CWGSZ_WKDL260014935-1A_253MYVLT4_L6_2.fq.gz		FALSE			
Sde-AMat_059-Ex1	SdA0605908CWGSZ_WKDL260014935-1A_253MYVLT4_L7	/archive/carpenterlab/pire/raw_sequence_archive/spratelloides_delicatulus/20260917_Sde-lcwgs	wahab	lcwgs		SdA0605908CWGSZ_WKDL260014935-1A_253MYVLT4_L7_1.fq.gz	SdA0605908CWGSZ_WKDL260014935-1A_253MYVLT4_L7_2.fq.gz		FALSE			
Sde-AMat_076-Ex1	SdA0607610DWGSZ_WKDL260014935-1A_253MYVLT4_L6	/archive/carpenterlab/pire/raw_sequence_archive/spratelloides_delicatulus/20260917_Sde-lcwgs	wahab	lcwgs		SdA0607610DWGSZ_WKDL260014935-1A_253MYVLT4_L6_1.fq.gz	SdA0607610DWGSZ_WKDL260014935-1A_253MYVLT4_L6_2.fq.gz		FALSE			
Sde-AMat_076-Ex1	SdA0607610DWGSZ_WKDL260014935-1A_253MYVLT4_L7	/archive/carpenterlab/pire/raw_sequence_archive/spratelloides_delicatulus/20260917_Sde-lcwgs	wahab	lcwgs		SdA0607610DWGSZ_WKDL260014935-1A_253MYVLT4_L7_1.fq.gz	SdA0607610DWGSZ_WKDL260014935-1A_253MYVLT4_L7_2.fq.gz		FALSE			
Sde-AMat_079-Ex1	SdA0607910GWGSZ_WKDL260014935-1A_253MYVLT4_L6	/archive/carpenterlab/pire/raw_sequence_archive/spratelloides_delicatulus/20260917_Sde-lcwgs	wahab	lcwgs		SdA0607910GWGSZ_WKDL260014935-1A_253MYVLT4_L6_1.fq.gz	SdA0607910GWGSZ_WKDL260014935-1A_253MYVLT4_L6_2.fq.gz		FALSE			
Sde-AMat_079-Ex1	SdA0607910GWGSZ_WKDL260014935-1A_253MYVLT4_L7	/archive/carpenterlab/pire/raw_sequence_archive/spratelloides_delicatulus/20260917_Sde-lcwgs	wahab	lcwgs		SdA0607910GWGSZ_WKDL260014935-1A_253MYVLT4_L7_1.fq.gz	SdA0607910GWGSZ_WKDL260014935-1A_253MYVLT4_L7_2.fq.gz		FALSE			
Sde-AMat_093-Ex1	SdA0609312EWGSZ_WKDL260014935-1A_253MYVLT4_L6	/archive/carpenterlab/pire/raw_sequence_archive/spratelloides_delicatulus/20260917_Sde-lcwgs	wahab	lcwgs		SdA0609312EWGSZ_WKDL260014935-1A_253MYVLT4_L6_1.fq.gz	SdA0609312EWGSZ_WKDL260014935-1A_253MYVLT4_L6_2.fq.gz		FALSE			
Sde-AMat_093-Ex1	SdA0609312EWGSZ_WKDL260014935-1A_253MYVLT4_L7	/archive/carpenterlab/pire/raw_sequence_archive/spratelloides_delicatulus/20260917_Sde-lcwgs	wahab	lcwgs		SdA0609312EWGSZ_WKDL260014935-1A_253MYVLT4_L7_1.fq.gz	SdA0609312EWGSZ_WKDL260014935-1A_253MYVLT4_L7_2.fq.gz		FALSE			
Sde-AMat_057-Ex1	SdA0605708AWGSZ_WKDL260014935-1A_253MYVLT4_L6	/archive/carpenterlab/pire/raw_sequence_archive/spratelloides_delicatulus/20260917_Sde-lcwgs	wahab	lcwgs		SdA0605708AWGSZ_WKDL260014935-1A_253MYVLT4_L6_1.fq.gz	SdA0605708AWGSZ_WKDL260014935-1A_253MYVLT4_L6_2.fq.gz		FALSE			
Sde-AMat_057-Ex1	SdA0605708AWGSZ_WKDL260014935-1A_253MYVLT4_L7	/archive/carpenterlab/pire/raw_sequence_archive/spratelloides_delicatulus/20260917_Sde-lcwgs	wahab	lcwgs		SdA0605708AWGSZ_WKDL260014935-1A_253MYVLT4_L7_1.fq.gz	SdA0605708AWGSZ_WKDL260014935-1A_253MYVLT4_L7_2.fq.gz		FALSE			
Sde-AMat_083-Ex1	SdA0608311CWGSZ_WKDL260014935-1A_253MYVLT4_L6	/archive/carpenterlab/pire/raw_sequence_archive/spratelloides_delicatulus/20260917_Sde-lcwgs	wahab	lcwgs		SdA0608311CWGSZ_WKDL260014935-1A_253MYVLT4_L6_1.fq.gz	SdA0608311CWGSZ_WKDL260014935-1A_253MYVLT4_L6_2.fq.gz		FALSE			
Sde-AMat_083-Ex1	SdA0608311CWGSZ_WKDL260014935-1A_253MYVLT4_L7	/archive/carpenterlab/pire/raw_sequence_archive/spratelloides_delicatulus/20260917_Sde-lcwgs	wahab	lcwgs		SdA0608311CWGSZ_WKDL260014935-1A_253MYVLT4_L7_1.fq.gz	SdA0608311CWGSZ_WKDL260014935-1A_253MYVLT4_L7_2.fq.gz		FALSE			
Sde-AMat_084-Ex1	SdA0608411DWGSZ_WKDL260014935-1A_253MYVLT4_L6	/archive/carpenterlab/pire/raw_sequence_archive/spratelloides_delicatulus/20260917_Sde-lcwgs	wahab	lcwgs		SdA0608411DWGSZ_WKDL260014935-1A_253MYVLT4_L6_1.fq.gz	SdA0608411DWGSZ_WKDL260014935-1A_253MYVLT4_L6_2.fq.gz		FALSE			
Sde-AMat_084-Ex1	SdA0608411DWGSZ_WKDL260014935-1A_253MYVLT4_L7	/archive/carpenterlab/pire/raw_sequence_archive/spratelloides_delicatulus/20260917_Sde-lcwgs	wahab	lcwgs		SdA0608411DWGSZ_WKDL260014935-1A_253MYVLT4_L7_1.fq.gz	SdA0608411DWGSZ_WKDL260014935-1A_253MYVLT4_L7_2.fq.gz		FALSE			
Sde-AMat_061-Ex1	SdA0606108EWGSZ_WKDL260014935-1A_253MYVLT4_L6	/archive/carpenterlab/pire/raw_sequence_archive/spratelloides_delicatulus/20260917_Sde-lcwgs	wahab	lcwgs		SdA0606108EWGSZ_WKDL260014935-1A_253MYVLT4_L6_1.fq.gz	SdA0606108EWGSZ_WKDL260014935-1A_253MYVLT4_L6_2.fq.gz		FALSE			
Sde-AMat_061-Ex1	SdA0606108EWGSZ_WKDL260014935-1A_253MYVLT4_L7	/archive/carpenterlab/pire/raw_sequence_archive/spratelloides_delicatulus/20260917_Sde-lcwgs	wahab	lcwgs		SdA0606108EWGSZ_WKDL260014935-1A_253MYVLT4_L7_1.fq.gz	SdA0606108EWGSZ_WKDL260014935-1A_253MYVLT4_L7_2.fq.gz		FALSE			
Sde-AMat_068-Ex1	SdA0606809DWGSZ_WKDL260014935-1A_253MYVLT4_L6	/archive/carpenterlab/pire/raw_sequence_archive/spratelloides_delicatulus/20260917_Sde-lcwgs	wahab	lcwgs		SdA0606809DWGSZ_WKDL260014935-1A_253MYVLT4_L6_1.fq.gz	SdA0606809DWGSZ_WKDL260014935-1A_253MYVLT4_L6_2.fq.gz		FALSE			
Sde-AMat_068-Ex1	SdA0606809DWGSZ_WKDL260014935-1A_253MYVLT4_L7	/archive/carpenterlab/pire/raw_sequence_archive/spratelloides_delicatulus/20260917_Sde-lcwgs	wahab	lcwgs		SdA0606809DWGSZ_WKDL260014935-1A_253MYVLT4_L7_1.fq.gz	SdA0606809DWGSZ_WKDL260014935-1A_253MYVLT4_L7_2.fq.gz		FALSE			
Sde-AMat_058-Ex1	SdA0605808BWGSZ_WKDL260014935-1A_253MYVLT4_L6	/archive/carpenterlab/pire/raw_sequence_archive/spratelloides_delicatulus/20260917_Sde-lcwgs	wahab	lcwgs		SdA0605808BWGSZ_WKDL260014935-1A_253MYVLT4_L6_1.fq.gz	SdA0605808BWGSZ_WKDL260014935-1A_253MYVLT4_L6_2.fq.gz		FALSE			
Sde-AMat_058-Ex1	SdA0605808BWGSZ_WKDL260014935-1A_253MYVLT4_L7	/archive/carpenterlab/pire/raw_sequence_archive/spratelloides_delicatulus/20260917_Sde-lcwgs	wahab	lcwgs		SdA0605808BWGSZ_WKDL260014935-1A_253MYVLT4_L7_1.fq.gz	SdA0605808BWGSZ_WKDL260014935-1A_253MYVLT4_L7_2.fq.gz		FALSE			
Sde-AMat_088-Ex1	SdA0608811HWGSZ_WKDL260014935-1A_253MYVLT4_L6	/archive/carpenterlab/pire/raw_sequence_archive/spratelloides_delicatulus/20260917_Sde-lcwgs	wahab	lcwgs		SdA0608811HWGSZ_WKDL260014935-1A_253MYVLT4_L6_1.fq.gz	SdA0608811HWGSZ_WKDL260014935-1A_253MYVLT4_L6_2.fq.gz		FALSE			
Sde-AMat_088-Ex1	SdA0608811HWGSZ_WKDL260014935-1A_253MYVLT4_L7	/archive/carpenterlab/pire/raw_sequence_archive/spratelloides_delicatulus/20260917_Sde-lcwgs	wahab	lcwgs		SdA0608811HWGSZ_WKDL260014935-1A_253MYVLT4_L7_1.fq.gz	SdA0608811HWGSZ_WKDL260014935-1A_253MYVLT4_L7_2.fq.gz		FALSE			
Sde-AMat_096-Ex1	SdA0609612HWGSZ_WKDL260014935-1A_253MYVLT4_L6	/archive/carpenterlab/pire/raw_sequence_archive/spratelloides_delicatulus/20260917_Sde-lcwgs	wahab	lcwgs		SdA0609612HWGSZ_WKDL260014935-1A_253MYVLT4_L6_1.fq.gz	SdA0609612HWGSZ_WKDL260014935-1A_253MYVLT4_L6_2.fq.gz		FALSE			
Sde-AMat_096-Ex1	SdA0609612HWGSZ_WKDL260014935-1A_253MYVLT4_L7	/archive/carpenterlab/pire/raw_sequence_archive/spratelloides_delicatulus/20260917_Sde-lcwgs	wahab	lcwgs		SdA0609612HWGSZ_WKDL260014935-1A_253MYVLT4_L7_1.fq.gz	SdA0609612HWGSZ_WKDL260014935-1A_253MYVLT4_L7_2.fq.gz		FALSE			
Sde-AMat_060-Ex1	SdA0606008DWGSZ_WKDL260014935-1A_253MYVLT4_L6	/archive/carpenterlab/pire/raw_sequence_archive/spratelloides_delicatulus/20260917_Sde-lcwgs	wahab	lcwgs		SdA0606008DWGSZ_WKDL260014935-1A_253MYVLT4_L6_1.fq.gz	SdA0606008DWGSZ_WKDL260014935-1A_253MYVLT4_L6_2.fq.gz		FALSE			
Sde-AMat_060-Ex1	SdA0606008DWGSZ_WKDL260014935-1A_253MYVLT4_L7	/archive/carpenterlab/pire/raw_sequence_archive/spratelloides_delicatulus/20260917_Sde-lcwgs	wahab	lcwgs		SdA0606008DWGSZ_WKDL260014935-1A_253MYVLT4_L7_1.fq.gz	SdA0606008DWGSZ_WKDL260014935-1A_253MYVLT4_L7_2.fq.gz		FALSE			
Sde-AMat_050-Ex1	SdA0605007BWGSZ_WKDL260014935-1A_253MYVLT4_L6	/archive/carpenterlab/pire/raw_sequence_archive/spratelloides_delicatulus/20260917_Sde-lcwgs	wahab	lcwgs		SdA0605007BWGSZ_WKDL260014935-1A_253MYVLT4_L6_1.fq.gz	SdA0605007BWGSZ_WKDL260014935-1A_253MYVLT4_L6_2.fq.gz		FALSE			
Sde-AMat_050-Ex1	SdA0605007BWGSZ_WKDL260014935-1A_253MYVLT4_L7	/archive/carpenterlab/pire/raw_sequence_archive/spratelloides_delicatulus/20260917_Sde-lcwgs	wahab	lcwgs		SdA0605007BWGSZ_WKDL260014935-1A_253MYVLT4_L7_1.fq.gz	SdA0605007BWGSZ_WKDL260014935-1A_253MYVLT4_L7_2.fq.gz		FALSE			
Sde-AMat_094-Ex1	SdA0609412FWGSZ_WKDL260014935-1A_253MYVLT4_L6	/archive/carpenterlab/pire/raw_sequence_archive/spratelloides_delicatulus/20260917_Sde-lcwgs	wahab	lcwgs		SdA0609412FWGSZ_WKDL260014935-1A_253MYVLT4_L6_1.fq.gz	SdA0609412FWGSZ_WKDL260014935-1A_253MYVLT4_L6_2.fq.gz		FALSE			
Sde-AMat_094-Ex1	SdA0609412FWGSZ_WKDL260014935-1A_253MYVLT4_L7	/archive/carpenterlab/pire/raw_sequence_archive/spratelloides_delicatulus/20260917_Sde-lcwgs	wahab	lcwgs		SdA0609412FWGSZ_WKDL260014935-1A_253MYVLT4_L7_1.fq.gz	SdA0609412FWGSZ_WKDL260014935-1A_253MYVLT4_L7_2.fq.gz		FALSE			
Sde-AMat_063-Ex1	SdA0606308GWGSZ_WKDL260014935-1A_253MYVLT4_L6	/archive/carpenterlab/pire/raw_sequence_archive/spratelloides_delicatulus/20260917_Sde-lcwgs	wahab	lcwgs		SdA0606308GWGSZ_WKDL260014935-1A_253MYVLT4_L6_1.fq.gz	SdA0606308GWGSZ_WKDL260014935-1A_253MYVLT4_L6_2.fq.gz		FALSE			
Sde-AMat_063-Ex1	SdA0606308GWGSZ_WKDL260014935-1A_253MYVLT4_L7	/archive/carpenterlab/pire/raw_sequence_archive/spratelloides_delicatulus/20260917_Sde-lcwgs	wahab	lcwgs		SdA0606308GWGSZ_WKDL260014935-1A_253MYVLT4_L7_1.fq.gz	SdA0606308GWGSZ_WKDL260014935-1A_253MYVLT4_L7_2.fq.gz		FALSE			
Sde-AMat_056-Ex1	SdA0605607HWGSZ_WKDL260014935-1A_253MYVLT4_L6	/archive/carpenterlab/pire/raw_sequence_archive/spratelloides_delicatulus/20260917_Sde-lcwgs	wahab	lcwgs		SdA0605607HWGSZ_WKDL260014935-1A_253MYVLT4_L6_1.fq.gz	SdA0605607HWGSZ_WKDL260014935-1A_253MYVLT4_L6_2.fq.gz		FALSE			
Sde-AMat_056-Ex1	SdA0605607HWGSZ_WKDL260014935-1A_253MYVLT4_L7	/archive/carpenterlab/pire/raw_sequence_archive/spratelloides_delicatulus/20260917_Sde-lcwgs	wahab	lcwgs		SdA0605607HWGSZ_WKDL260014935-1A_253MYVLT4_L7_1.fq.gz	SdA0605607HWGSZ_WKDL260014935-1A_253MYVLT4_L7_2.fq.gz		FALSE			
Sde-AMat_090-Ex1	SdA0609012BWGSZ_WKDL260014935-1A_253MYVLT4_L6	/archive/carpenterlab/pire/raw_sequence_archive/spratelloides_delicatulus/20260917_Sde-lcwgs	wahab	lcwgs		SdA0609012BWGSZ_WKDL260014935-1A_253MYVLT4_L6_1.fq.gz	SdA0609012BWGSZ_WKDL260014935-1A_253MYVLT4_L6_2.fq.gz		FALSE			
Sde-AMat_090-Ex1	SdA0609012BWGSZ_WKDL260014935-1A_253MYVLT4_L7	/archive/carpenterlab/pire/raw_sequence_archive/spratelloides_delicatulus/20260917_Sde-lcwgs	wahab	lcwgs		SdA0609012BWGSZ_WKDL260014935-1A_253MYVLT4_L7_1.fq.gz	SdA0609012BWGSZ_WKDL260014935-1A_253MYVLT4_L7_2.fq.gz		FALSE			
Sde-AMat_062-Ex1	SdA0606208FWGSZ_WKDL260014935-1A_253MYVLT4_L6	/archive/carpenterlab/pire/raw_sequence_archive/spratelloides_delicatulus/20260917_Sde-lcwgs	wahab	lcwgs		SdA0606208FWGSZ_WKDL260014935-1A_253MYVLT4_L6_1.fq.gz	SdA0606208FWGSZ_WKDL260014935-1A_253MYVLT4_L6_2.fq.gz		FALSE			
Sde-AMat_062-Ex1	SdA0606208FWGSZ_WKDL260014935-1A_253MYVLT4_L7	/archive/carpenterlab/pire/raw_sequence_archive/spratelloides_delicatulus/20260917_Sde-lcwgs	wahab	lcwgs		SdA0606208FWGSZ_WKDL260014935-1A_253MYVLT4_L7_1.fq.gz	SdA0606208FWGSZ_WKDL260014935-1A_253MYVLT4_L7_2.fq.gz		FALSE			
Sde-AMat_080-Ex1	SdA0608010HWGSZ_WKDL260014935-1A_253MYVLT4_L6	/archive/carpenterlab/pire/raw_sequence_archive/spratelloides_delicatulus/20260917_Sde-lcwgs	wahab	lcwgs		SdA0608010HWGSZ_WKDL260014935-1A_253MYVLT4_L6_1.fq.gz	SdA0608010HWGSZ_WKDL260014935-1A_253MYVLT4_L6_2.fq.gz		FALSE			
Sde-AMat_080-Ex1	SdA0608010HWGSZ_WKDL260014935-1A_253MYVLT4_L7	/archive/carpenterlab/pire/raw_sequence_archive/spratelloides_delicatulus/20260917_Sde-lcwgs	wahab	lcwgs		SdA0608010HWGSZ_WKDL260014935-1A_253MYVLT4_L7_1.fq.gz	SdA0608010HWGSZ_WKDL260014935-1A_253MYVLT4_L7_2.fq.gz		FALSE			
Sde-AMat_082-Ex1	SdA0608211BWGSZ_WKDL260014935-1A_253MYVLT4_L6	/archive/carpenterlab/pire/raw_sequence_archive/spratelloides_delicatulus/20260917_Sde-lcwgs	wahab	lcwgs		SdA0608211BWGSZ_WKDL260014935-1A_253MYVLT4_L6_1.fq.gz	SdA0608211BWGSZ_WKDL260014935-1A_253MYVLT4_L6_2.fq.gz		FALSE			
Sde-AMat_082-Ex1	SdA0608211BWGSZ_WKDL260014935-1A_253MYVLT4_L7	/archive/carpenterlab/pire/raw_sequence_archive/spratelloides_delicatulus/20260917_Sde-lcwgs	wahab	lcwgs		SdA0608211BWGSZ_WKDL260014935-1A_253MYVLT4_L7_1.fq.gz	SdA0608211BWGSZ_WKDL260014935-1A_253MYVLT4_L7_2.fq.gz		FALSE			
Sde-AMat_074-Ex1	SdA0607410BWGSZ_WKDL260014935-1A_253MYVLT4_L6	/archive/carpenterlab/pire/raw_sequence_archive/spratelloides_delicatulus/20260917_Sde-lcwgs	wahab	lcwgs		SdA0607410BWGSZ_WKDL260014935-1A_253MYVLT4_L6_1.fq.gz	SdA0607410BWGSZ_WKDL260014935-1A_253MYVLT4_L6_2.fq.gz		FALSE			
Sde-AMat_074-Ex1	SdA0607410BWGSZ_WKDL260014935-1A_253MYVLT4_L7	/archive/carpenterlab/pire/raw_sequence_archive/spratelloides_delicatulus/20260917_Sde-lcwgs	wahab	lcwgs		SdA0607410BWGSZ_WKDL260014935-1A_253MYVLT4_L7_1.fq.gz	SdA0607410BWGSZ_WKDL260014935-1A_253MYVLT4_L7_2.fq.gz		FALSE			
Sde-AMat_085-Ex1	SdA0608511EWGSZ_WKDL260014935-1A_253MYVLT4_L6	/archive/carpenterlab/pire/raw_sequence_archive/spratelloides_delicatulus/20260917_Sde-lcwgs	wahab	lcwgs		SdA0608511EWGSZ_WKDL260014935-1A_253MYVLT4_L6_1.fq.gz	SdA0608511EWGSZ_WKDL260014935-1A_253MYVLT4_L6_2.fq.gz		FALSE			
Sde-AMat_085-Ex1	SdA0608511EWGSZ_WKDL260014935-1A_253MYVLT4_L7	/archive/carpenterlab/pire/raw_sequence_archive/spratelloides_delicatulus/20260917_Sde-lcwgs	wahab	lcwgs		SdA0608511EWGSZ_WKDL260014935-1A_253MYVLT4_L7_1.fq.gz	SdA0608511EWGSZ_WKDL260014935-1A_253MYVLT4_L7_2.fq.gz		FALSE			
Sde-AMat_077-Ex1	SdA0607710EWGSZ_WKDL260014935-1A_253MYVLT4_L6	/archive/carpenterlab/pire/raw_sequence_archive/spratelloides_delicatulus/20260917_Sde-lcwgs	wahab	lcwgs		SdA0607710EWGSZ_WKDL260014935-1A_253MYVLT4_L6_1.fq.gz	SdA0607710EWGSZ_WKDL260014935-1A_253MYVLT4_L6_2.fq.gz		FALSE			
Sde-AMat_077-Ex1	SdA0607710EWGSZ_WKDL260014935-1A_253MYVLT4_L7	/archive/carpenterlab/pire/raw_sequence_archive/spratelloides_delicatulus/20260917_Sde-lcwgs	wahab	lcwgs		SdA0607710EWGSZ_WKDL260014935-1A_253MYVLT4_L7_1.fq.gz	SdA0607710EWGSZ_WKDL260014935-1A_253MYVLT4_L7_2.fq.gz		FALSE			
Sde-AMat_075-Ex1	SdA0607510CWGSZ_WKDL260014935-1A_253MYVLT4_L6	/archive/carpenterlab/pire/raw_sequence_archive/spratelloides_delicatulus/20260917_Sde-lcwgs	wahab	lcwgs		SdA0607510CWGSZ_WKDL260014935-1A_253MYVLT4_L6_1.fq.gz	SdA0607510CWGSZ_WKDL260014935-1A_253MYVLT4_L6_2.fq.gz		FALSE			
Sde-AMat_075-Ex1	SdA0607510CWGSZ_WKDL260014935-1A_253MYVLT4_L7	/archive/carpenterlab/pire/raw_sequence_archive/spratelloides_delicatulus/20260917_Sde-lcwgs	wahab	lcwgs		SdA0607510CWGSZ_WKDL260014935-1A_253MYVLT4_L7_1.fq.gz	SdA0607510CWGSZ_WKDL260014935-1A_253MYVLT4_L7_2.fq.gz		FALSE			
Sde-AMat_070-Ex1	SdA0607009FWGSZ_WKDL260014935-1A_253MYVLT4_L6	/archive/carpenterlab/pire/raw_sequence_archive/spratelloides_delicatulus/20260917_Sde-lcwgs	wahab	lcwgs		SdA0607009FWGSZ_WKDL260014935-1A_253MYVLT4_L6_1.fq.gz	SdA0607009FWGSZ_WKDL260014935-1A_253MYVLT4_L6_2.fq.gz		FALSE			
Sde-AMat_070-Ex1	SdA0607009FWGSZ_WKDL260014935-1A_253MYVLT4_L7	/archive/carpenterlab/pire/raw_sequence_archive/spratelloides_delicatulus/20260917_Sde-lcwgs	wahab	lcwgs		SdA0607009FWGSZ_WKDL260014935-1A_253MYVLT4_L7_1.fq.gz	SdA0607009FWGSZ_WKDL260014935-1A_253MYVLT4_L7_2.fq.gz		FALSE			
Sde-ATum_001-Ex1	SdA0800105DWGSZ_WKDL260014935-1A_253MYVLT4_L6	/archive/carpenterlab/pire/raw_sequence_archive/spratelloides_delicatulus/20260917_Sde-lcwgs	wahab	lcwgs		SdA0800105DWGSZ_WKDL260014935-1A_253MYVLT4_L6_1.fq.gz	SdA0800105DWGSZ_WKDL260014935-1A_253MYVLT4_L6_2.fq.gz		FALSE			
Sde-ATum_001-Ex1	SdA0800105DWGSZ_WKDL260014935-1A_253MYVLT4_L7	/archive/carpenterlab/pire/raw_sequence_archive/spratelloides_delicatulus/20260917_Sde-lcwgs	wahab	lcwgs		SdA0800105DWGSZ_WKDL260014935-1A_253MYVLT4_L7_1.fq.gz	SdA0800105DWGSZ_WKDL260014935-1A_253MYVLT4_L7_2.fq.gz		FALSE			
Sde-ATum_002-Ex1	SdA0800205EWGSZ_WKDL260014935-1A_253MYVLT4_L6	/archive/carpenterlab/pire/raw_sequence_archive/spratelloides_delicatulus/20260917_Sde-lcwgs	wahab	lcwgs		SdA0800205EWGSZ_WKDL260014935-1A_253MYVLT4_L6_1.fq.gz	SdA0800205EWGSZ_WKDL260014935-1A_253MYVLT4_L6_2.fq.gz		FALSE			
Sde-ATum_002-Ex1	SdA0800205EWGSZ_WKDL260014935-1A_253MYVLT4_L7	/archive/carpenterlab/pire/raw_sequence_archive/spratelloides_delicatulus/20260917_Sde-lcwgs	wahab	lcwgs		SdA0800205EWGSZ_WKDL260014935-1A_253MYVLT4_L7_1.fq.gz	SdA0800205EWGSZ_WKDL260014935-1A_253MYVLT4_L7_2.fq.gz		FALSE			
Sde-ATum_003-Ex1	SdA0800305FWGSZ_WKDL260014935-1A_253MYVLT4_L6	/archive/carpenterlab/pire/raw_sequence_archive/spratelloides_delicatulus/20260917_Sde-lcwgs	wahab	lcwgs		SdA0800305FWGSZ_WKDL260014935-1A_253MYVLT4_L6_1.fq.gz	SdA0800305FWGSZ_WKDL260014935-1A_253MYVLT4_L6_2.fq.gz		FALSE			
Sde-ATum_003-Ex1	SdA0800305FWGSZ_WKDL260014935-1A_253MYVLT4_L7	/archive/carpenterlab/pire/raw_sequence_archive/spratelloides_delicatulus/20260917_Sde-lcwgs	wahab	lcwgs		SdA0800305FWGSZ_WKDL260014935-1A_253MYVLT4_L7_1.fq.gz	SdA0800305FWGSZ_WKDL260014935-1A_253MYVLT4_L7_2.fq.gz		FALSE			
Sde-ATum_004-Ex1	SdA0800405GWGSZ_WKDL260014935-1A_253MYVLT4_L6	/archive/carpenterlab/pire/raw_sequence_archive/spratelloides_delicatulus/20260917_Sde-lcwgs	wahab	lcwgs		SdA0800405GWGSZ_WKDL260014935-1A_253MYVLT4_L6_1.fq.gz	SdA0800405GWGSZ_WKDL260014935-1A_253MYVLT4_L6_2.fq.gz		FALSE			
Sde-ATum_004-Ex1	SdA0800405GWGSZ_WKDL260014935-1A_253MYVLT4_L7	/archive/carpenterlab/pire/raw_sequence_archive/spratelloides_delicatulus/20260917_Sde-lcwgs	wahab	lcwgs		SdA0800405GWGSZ_WKDL260014935-1A_253MYVLT4_L7_1.fq.gz	SdA0800405GWGSZ_WKDL260014935-1A_253MYVLT4_L7_2.fq.gz		FALSE			
Sde-ATum_005-Ex1	SdA0800505HWGSZ_WKDL260014935-1A_253MYVLT4_L6	/archive/carpenterlab/pire/raw_sequence_archive/spratelloides_delicatulus/20260917_Sde-lcwgs	wahab	lcwgs		SdA0800505HWGSZ_WKDL260014935-1A_253MYVLT4_L6_1.fq.gz	SdA0800505HWGSZ_WKDL260014935-1A_253MYVLT4_L6_2.fq.gz		FALSE			
Sde-ATum_005-Ex1	SdA0800505HWGSZ_WKDL260014935-1A_253MYVLT4_L7	/archive/carpenterlab/pire/raw_sequence_archive/spratelloides_delicatulus/20260917_Sde-lcwgs	wahab	lcwgs		SdA0800505HWGSZ_WKDL260014935-1A_253MYVLT4_L7_1.fq.gz	SdA0800505HWGSZ_WKDL260014935-1A_253MYVLT4_L7_2.fq.gz		FALSE			
Sde-ATum_006-Ex1	SdA0800606AWGSZ_WKDL260014935-1A_253MYVLT4_L6	/archive/carpenterlab/pire/raw_sequence_archive/spratelloides_delicatulus/20260917_Sde-lcwgs	wahab	lcwgs		SdA0800606AWGSZ_WKDL260014935-1A_253MYVLT4_L6_1.fq.gz	SdA0800606AWGSZ_WKDL260014935-1A_253MYVLT4_L6_2.fq.gz		FALSE			
Sde-ATum_006-Ex1	SdA0800606AWGSZ_WKDL260014935-1A_253MYVLT4_L7	/archive/carpenterlab/pire/raw_sequence_archive/spratelloides_delicatulus/20260917_Sde-lcwgs	wahab	lcwgs		SdA0800606AWGSZ_WKDL260014935-1A_253MYVLT4_L7_1.fq.gz	SdA0800606AWGSZ_WKDL260014935-1A_253MYVLT4_L7_2.fq.gz		FALSE			
Sde-ATum_007-Ex1	SdA0800706BWGSZ_WKDL260014935-1A_253MYVLT4_L6	/archive/carpenterlab/pire/raw_sequence_archive/spratelloides_delicatulus/20260917_Sde-lcwgs	wahab	lcwgs		SdA0800706BWGSZ_WKDL260014935-1A_253MYVLT4_L6_1.fq.gz	SdA0800706BWGSZ_WKDL260014935-1A_253MYVLT4_L6_2.fq.gz		FALSE			
Sde-ATum_007-Ex1	SdA0800706BWGSZ_WKDL260014935-1A_253MYVLT4_L7	/archive/carpenterlab/pire/raw_sequence_archive/spratelloides_delicatulus/20260917_Sde-lcwgs	wahab	lcwgs		SdA0800706BWGSZ_WKDL260014935-1A_253MYVLT4_L7_1.fq.gz	SdA0800706BWGSZ_WKDL260014935-1A_253MYVLT4_L7_2.fq.gz		FALSE			
Sde-ATum_008-Ex1	SdA0800806CWGSZ_WKDL260014935-1A_253MYVLT4_L6	/archive/carpenterlab/pire/raw_sequence_archive/spratelloides_delicatulus/20260917_Sde-lcwgs	wahab	lcwgs		SdA0800806CWGSZ_WKDL260014935-1A_253MYVLT4_L6_1.fq.gz	SdA0800806CWGSZ_WKDL260014935-1A_253MYVLT4_L6_2.fq.gz		FALSE			
Sde-ATum_008-Ex1	SdA0800806CWGSZ_WKDL260014935-1A_253MYVLT4_L7	/archive/carpenterlab/pire/raw_sequence_archive/spratelloides_delicatulus/20260917_Sde-lcwgs	wahab	lcwgs		SdA0800806CWGSZ_WKDL260014935-1A_253MYVLT4_L7_1.fq.gz	SdA0800806CWGSZ_WKDL260014935-1A_253MYVLT4_L7_2.fq.gz		FALSE			
Sde-ATum_009-Ex1	SdA0800906DWGSZ_WKDL260014935-1A_253MYVLT4_L6	/archive/carpenterlab/pire/raw_sequence_archive/spratelloides_delicatulus/20260917_Sde-lcwgs	wahab	lcwgs		SdA0800906DWGSZ_WKDL260014935-1A_253MYVLT4_L6_1.fq.gz	SdA0800906DWGSZ_WKDL260014935-1A_253MYVLT4_L6_2.fq.gz		FALSE			
Sde-ATum_009-Ex1	SdA0800906DWGSZ_WKDL260014935-1A_253MYVLT4_L7	/archive/carpenterlab/pire/raw_sequence_archive/spratelloides_delicatulus/20260917_Sde-lcwgs	wahab	lcwgs		SdA0800906DWGSZ_WKDL260014935-1A_253MYVLT4_L7_1.fq.gz	SdA0800906DWGSZ_WKDL260014935-1A_253MYVLT4_L7_2.fq.gz		FALSE			
Sde-ATum_010-Ex1	SdA0801006EWGSZ_WKDL260014935-1A_253MYVLT4_L6	/archive/carpenterlab/pire/raw_sequence_archive/spratelloides_delicatulus/20260917_Sde-lcwgs	wahab	lcwgs		SdA0801006EWGSZ_WKDL260014935-1A_253MYVLT4_L6_1.fq.gz	SdA0801006EWGSZ_WKDL260014935-1A_253MYVLT4_L6_2.fq.gz		FALSE			
Sde-ATum_010-Ex1	SdA0801006EWGSZ_WKDL260014935-1A_253MYVLT4_L7	/archive/carpenterlab/pire/raw_sequence_archive/spratelloides_delicatulus/20260917_Sde-lcwgs	wahab	lcwgs		SdA0801006EWGSZ_WKDL260014935-1A_253MYVLT4_L7_1.fq.gz	SdA0801006EWGSZ_WKDL260014935-1A_253MYVLT4_L7_2.fq.gz		FALSE			
Sde-ATum_011-Ex1	SdA0801106FWGSZ_WKDL260014935-1A_253MYVLT4_L6	/archive/carpenterlab/pire/raw_sequence_archive/spratelloides_delicatulus/20260917_Sde-lcwgs	wahab	lcwgs		SdA0801106FWGSZ_WKDL260014935-1A_253MYVLT4_L6_1.fq.gz	SdA0801106FWGSZ_WKDL260014935-1A_253MYVLT4_L6_2.fq.gz		FALSE			
Sde-ATum_011-Ex1	SdA0801106FWGSZ_WKDL260014935-1A_253MYVLT4_L7	/archive/carpenterlab/pire/raw_sequence_archive/spratelloides_delicatulus/20260917_Sde-lcwgs	wahab	lcwgs		SdA0801106FWGSZ_WKDL260014935-1A_253MYVLT4_L7_1.fq.gz	SdA0801106FWGSZ_WKDL260014935-1A_253MYVLT4_L7_2.fq.gz		FALSE			
Sde-ATum_012-Ex1	SdA0801206GWGSZ_WKDL260014935-1A_253MYVLT4_L6	/archive/carpenterlab/pire/raw_sequence_archive/spratelloides_delicatulus/20260917_Sde-lcwgs	wahab	lcwgs		SdA0801206GWGSZ_WKDL260014935-1A_253MYVLT4_L6_1.fq.gz	SdA0801206GWGSZ_WKDL260014935-1A_253MYVLT4_L6_2.fq.gz		FALSE			
Sde-ATum_012-Ex1	SdA0801206GWGSZ_WKDL260014935-1A_253MYVLT4_L7	/archive/carpenterlab/pire/raw_sequence_archive/spratelloides_delicatulus/20260917_Sde-lcwgs	wahab	lcwgs		SdA0801206GWGSZ_WKDL260014935-1A_253MYVLT4_L7_1.fq.gz	SdA0801206GWGSZ_WKDL260014935-1A_253MYVLT4_L7_2.fq.gz		FALSE			
Sde-ATum_013-Ex1	SdA0801306HWGSZ_WKDL260014935-1A_253MYVLT4_L6	/archive/carpenterlab/pire/raw_sequence_archive/spratelloides_delicatulus/20260917_Sde-lcwgs	wahab	lcwgs		SdA0801306HWGSZ_WKDL260014935-1A_253MYVLT4_L6_1.fq.gz	SdA0801306HWGSZ_WKDL260014935-1A_253MYVLT4_L6_2.fq.gz		FALSE			
Sde-ATum_013-Ex1	SdA0801306HWGSZ_WKDL260014935-1A_253MYVLT4_L7	/archive/carpenterlab/pire/raw_sequence_archive/spratelloides_delicatulus/20260917_Sde-lcwgs	wahab	lcwgs		SdA0801306HWGSZ_WKDL260014935-1A_253MYVLT4_L7_1.fq.gz	SdA0801306HWGSZ_WKDL260014935-1A_253MYVLT4_L7_2.fq.gz		FALSE			
Sde-ATum_014-Ex1	SdA0801407AWGSZ_WKDL260014935-1A_253MYVLT4_L6	/archive/carpenterlab/pire/raw_sequence_archive/spratelloides_delicatulus/20260917_Sde-lcwgs	wahab	lcwgs		SdA0801407AWGSZ_WKDL260014935-1A_253MYVLT4_L6_1.fq.gz	SdA0801407AWGSZ_WKDL260014935-1A_253MYVLT4_L6_2.fq.gz		FALSE			
Sde-ATum_014-Ex1	SdA0801407AWGSZ_WKDL260014935-1A_253MYVLT4_L7	/archive/carpenterlab/pire/raw_sequence_archive/spratelloides_delicatulus/20260917_Sde-lcwgs	wahab	lcwgs		SdA0801407AWGSZ_WKDL260014935-1A_253MYVLT4_L7_1.fq.gz	SdA0801407AWGSZ_WKDL260014935-1A_253MYVLT4_L7_2.fq.gz		FALSE			
Sde-ATum_015-Ex1	SdA0801507BWGSZ_WKDL260014935-1A_253MYVLT4_L6	/archive/carpenterlab/pire/raw_sequence_archive/spratelloides_delicatulus/20260917_Sde-lcwgs	wahab	lcwgs		SdA0801507BWGSZ_WKDL260014935-1A_253MYVLT4_L6_1.fq.gz	SdA0801507BWGSZ_WKDL260014935-1A_253MYVLT4_L6_2.fq.gz		FALSE			
Sde-ATum_015-Ex1	SdA0801507BWGSZ_WKDL260014935-1A_253MYVLT4_L7	/archive/carpenterlab/pire/raw_sequence_archive/spratelloides_delicatulus/20260917_Sde-lcwgs	wahab	lcwgs		SdA0801507BWGSZ_WKDL260014935-1A_253MYVLT4_L7_1.fq.gz	SdA0801507BWGSZ_WKDL260014935-1A_253MYVLT4_L7_2.fq.gz		FALSE			
Sde-ATum_016-Ex1	SdA0801607CWGSZ_WKDL260014935-1A_253MYVLT4_L6	/archive/carpenterlab/pire/raw_sequence_archive/spratelloides_delicatulus/20260917_Sde-lcwgs	wahab	lcwgs		SdA0801607CWGSZ_WKDL260014935-1A_253MYVLT4_L6_1.fq.gz	SdA0801607CWGSZ_WKDL260014935-1A_253MYVLT4_L6_2.fq.gz		FALSE			
Sde-ATum_016-Ex1	SdA0801607CWGSZ_WKDL260014935-1A_253MYVLT4_L7	/archive/carpenterlab/pire/raw_sequence_archive/spratelloides_delicatulus/20260917_Sde-lcwgs	wahab	lcwgs		SdA0801607CWGSZ_WKDL260014935-1A_253MYVLT4_L7_1.fq.gz	SdA0801607CWGSZ_WKDL260014935-1A_253MYVLT4_L7_2.fq.gz		FALSE			
Sde-ATum_017-Ex1	SdA0801707DWGSZ_WKDL260014935-1A_253MYVLT4_L6	/archive/carpenterlab/pire/raw_sequence_archive/spratelloides_delicatulus/20260917_Sde-lcwgs	wahab	lcwgs		SdA0801707DWGSZ_WKDL260014935-1A_253MYVLT4_L6_1.fq.gz	SdA0801707DWGSZ_WKDL260014935-1A_253MYVLT4_L6_2.fq.gz		FALSE			
Sde-ATum_017-Ex1	SdA0801707DWGSZ_WKDL260014935-1A_253MYVLT4_L7	/archive/carpenterlab/pire/raw_sequence_archive/spratelloides_delicatulus/20260917_Sde-lcwgs	wahab	lcwgs		SdA0801707DWGSZ_WKDL260014935-1A_253MYVLT4_L7_1.fq.gz	SdA0801707DWGSZ_WKDL260014935-1A_253MYVLT4_L7_2.fq.gz		FALSE			
Sde-ATum_018-Ex1	SdA0801807EWGSZ_WKDL260014935-1A_253MYVLT4_L6	/archive/carpenterlab/pire/raw_sequence_archive/spratelloides_delicatulus/20260917_Sde-lcwgs	wahab	lcwgs		SdA0801807EWGSZ_WKDL260014935-1A_253MYVLT4_L6_1.fq.gz	SdA0801807EWGSZ_WKDL260014935-1A_253MYVLT4_L6_2.fq.gz		FALSE			
Sde-ATum_018-Ex1	SdA0801807EWGSZ_WKDL260014935-1A_253MYVLT4_L7	/archive/carpenterlab/pire/raw_sequence_archive/spratelloides_delicatulus/20260917_Sde-lcwgs	wahab	lcwgs		SdA0801807EWGSZ_WKDL260014935-1A_253MYVLT4_L7_1.fq.gz	SdA0801807EWGSZ_WKDL260014935-1A_253MYVLT4_L7_2.fq.gz		FALSE			
Sde-ATum_019-Ex1	SdA0801907FWGSZ_WKDL260014935-1A_253MYVLT4_L6	/archive/carpenterlab/pire/raw_sequence_archive/spratelloides_delicatulus/20260917_Sde-lcwgs	wahab	lcwgs		SdA0801907FWGSZ_WKDL260014935-1A_253MYVLT4_L6_1.fq.gz	SdA0801907FWGSZ_WKDL260014935-1A_253MYVLT4_L6_2.fq.gz		FALSE			
Sde-ATum_019-Ex1	SdA0801907FWGSZ_WKDL260014935-1A_253MYVLT4_L7	/archive/carpenterlab/pire/raw_sequence_archive/spratelloides_delicatulus/20260917_Sde-lcwgs	wahab	lcwgs		SdA0801907FWGSZ_WKDL260014935-1A_253MYVLT4_L7_1.fq.gz	SdA0801907FWGSZ_WKDL260014935-1A_253MYVLT4_L7_2.fq.gz		FALSE			
Sde-ATum_020-Ex1	SdA0802007GWGSZ_WKDL260014935-1A_253MYVLT4_L6	/archive/carpenterlab/pire/raw_sequence_archive/spratelloides_delicatulus/20260917_Sde-lcwgs	wahab	lcwgs		SdA0802007GWGSZ_WKDL260014935-1A_253MYVLT4_L6_1.fq.gz	SdA0802007GWGSZ_WKDL260014935-1A_253MYVLT4_L6_2.fq.gz		FALSE			
Sde-ATum_020-Ex1	SdA0802007GWGSZ_WKDL260014935-1A_253MYVLT4_L7	/archive/carpenterlab/pire/raw_sequence_archive/spratelloides_delicatulus/20260917_Sde-lcwgs	wahab	lcwgs		SdA0802007GWGSZ_WKDL260014935-1A_253MYVLT4_L7_1.fq.gz	SdA0802007GWGSZ_WKDL260014935-1A_253MYVLT4_L7_2.fq.gz		FALSE			
Sde-ATum_021-Ex1	SdA0802107HWGSZ_WKDL260014935-1A_253MYVLT4_L6	/archive/carpenterlab/pire/raw_sequence_archive/spratelloides_delicatulus/20260917_Sde-lcwgs	wahab	lcwgs		SdA0802107HWGSZ_WKDL260014935-1A_253MYVLT4_L6_1.fq.gz	SdA0802107HWGSZ_WKDL260014935-1A_253MYVLT4_L6_2.fq.gz		FALSE			
Sde-ATum_021-Ex1	SdA0802107HWGSZ_WKDL260014935-1A_253MYVLT4_L7	/archive/carpenterlab/pire/raw_sequence_archive/spratelloides_delicatulus/20260917_Sde-lcwgs	wahab	lcwgs		SdA0802107HWGSZ_WKDL260014935-1A_253MYVLT4_L7_1.fq.gz	SdA0802107HWGSZ_WKDL260014935-1A_253MYVLT4_L7_2.fq.gz		FALSE			
Sde-ATum_022-Ex1	SdA0802208AWGSZ_WKDL260014935-1A_253MYVLT4_L6	/archive/carpenterlab/pire/raw_sequence_archive/spratelloides_delicatulus/20260917_Sde-lcwgs	wahab	lcwgs		SdA0802208AWGSZ_WKDL260014935-1A_253MYVLT4_L6_1.fq.gz	SdA0802208AWGSZ_WKDL260014935-1A_253MYVLT4_L6_2.fq.gz		FALSE			
Sde-ATum_022-Ex1	SdA0802208AWGSZ_WKDL260014935-1A_253MYVLT4_L7	/archive/carpenterlab/pire/raw_sequence_archive/spratelloides_delicatulus/20260917_Sde-lcwgs	wahab	lcwgs		SdA0802208AWGSZ_WKDL260014935-1A_253MYVLT4_L7_1.fq.gz	SdA0802208AWGSZ_WKDL260014935-1A_253MYVLT4_L7_2.fq.gz		FALSE			
Sde-ATum_023-Ex1	SdA0802308BWGSZ_WKDL260014935-1A_253MYVLT4_L6	/archive/carpenterlab/pire/raw_sequence_archive/spratelloides_delicatulus/20260917_Sde-lcwgs	wahab	lcwgs		SdA0802308BWGSZ_WKDL260014935-1A_253MYVLT4_L6_1.fq.gz	SdA0802308BWGSZ_WKDL260014935-1A_253MYVLT4_L6_2.fq.gz		FALSE			
Sde-ATum_023-Ex1	SdA0802308BWGSZ_WKDL260014935-1A_253MYVLT4_L7	/archive/carpenterlab/pire/raw_sequence_archive/spratelloides_delicatulus/20260917_Sde-lcwgs	wahab	lcwgs		SdA0802308BWGSZ_WKDL260014935-1A_253MYVLT4_L7_1.fq.gz	SdA0802308BWGSZ_WKDL260014935-1A_253MYVLT4_L7_2.fq.gz		FALSE			
Sde-ATum_024-Ex1	SdA0802408CWGSZ_WKDL260014935-1A_253MYVLT4_L6	/archive/carpenterlab/pire/raw_sequence_archive/spratelloides_delicatulus/20260917_Sde-lcwgs	wahab	lcwgs		SdA0802408CWGSZ_WKDL260014935-1A_253MYVLT4_L6_1.fq.gz	SdA0802408CWGSZ_WKDL260014935-1A_253MYVLT4_L6_2.fq.gz		FALSE			
Sde-ATum_024-Ex1	SdA0802408CWGSZ_WKDL260014935-1A_253MYVLT4_L7	/archive/carpenterlab/pire/raw_sequence_archive/spratelloides_delicatulus/20260917_Sde-lcwgs	wahab	lcwgs		SdA0802408CWGSZ_WKDL260014935-1A_253MYVLT4_L7_1.fq.gz	SdA0802408CWGSZ_WKDL260014935-1A_253MYVLT4_L7_2.fq.gz		FALSE			
Sde-ATum_025-Ex1	SdA0802508DWGSZ_WKDL260014935-1A_253MYVLT4_L6	/archive/carpenterlab/pire/raw_sequence_archive/spratelloides_delicatulus/20260917_Sde-lcwgs	wahab	lcwgs		SdA0802508DWGSZ_WKDL260014935-1A_253MYVLT4_L6_1.fq.gz	SdA0802508DWGSZ_WKDL260014935-1A_253MYVLT4_L6_2.fq.gz		FALSE			
Sde-ATum_025-Ex1	SdA0802508DWGSZ_WKDL260014935-1A_253MYVLT4_L7	/archive/carpenterlab/pire/raw_sequence_archive/spratelloides_delicatulus/20260917_Sde-lcwgs	wahab	lcwgs		SdA0802508DWGSZ_WKDL260014935-1A_253MYVLT4_L7_1.fq.gz	SdA0802508DWGSZ_WKDL260014935-1A_253MYVLT4_L7_2.fq.gz		FALSE			
Sde-ATum_026-Ex1	SdA0802608EWGSZ_WKDL260014935-1A_253MYVLT4_L6	/archive/carpenterlab/pire/raw_sequence_archive/spratelloides_delicatulus/20260917_Sde-lcwgs	wahab	lcwgs		SdA0802608EWGSZ_WKDL260014935-1A_253MYVLT4_L6_1.fq.gz	SdA0802608EWGSZ_WKDL260014935-1A_253MYVLT4_L6_2.fq.gz		FALSE			
Sde-ATum_026-Ex1	SdA0802608EWGSZ_WKDL260014935-1A_253MYVLT4_L7	/archive/carpenterlab/pire/raw_sequence_archive/spratelloides_delicatulus/20260917_Sde-lcwgs	wahab	lcwgs		SdA0802608EWGSZ_WKDL260014935-1A_253MYVLT4_L7_1.fq.gz	SdA0802608EWGSZ_WKDL260014935-1A_253MYVLT4_L7_2.fq.gz		FALSE			
Sde-ATum_027-Ex1	SdA0802708FWGSZ_WKDL260014935-1A_253MYVLT4_L6	/archive/carpenterlab/pire/raw_sequence_archive/spratelloides_delicatulus/20260917_Sde-lcwgs	wahab	lcwgs		SdA0802708FWGSZ_WKDL260014935-1A_253MYVLT4_L6_1.fq.gz	SdA0802708FWGSZ_WKDL260014935-1A_253MYVLT4_L6_2.fq.gz		FALSE			
Sde-ATum_027-Ex1	SdA0802708FWGSZ_WKDL260014935-1A_253MYVLT4_L7	/archive/carpenterlab/pire/raw_sequence_archive/spratelloides_delicatulus/20260917_Sde-lcwgs	wahab	lcwgs		SdA0802708FWGSZ_WKDL260014935-1A_253MYVLT4_L7_1.fq.gz	SdA0802708FWGSZ_WKDL260014935-1A_253MYVLT4_L7_2.fq.gz		FALSE			
Sde-ATum_028-Ex1	SdA0802808GWGSZ_WKDL260014935-1A_253MYVLT4_L6	/archive/carpenterlab/pire/raw_sequence_archive/spratelloides_delicatulus/20260917_Sde-lcwgs	wahab	lcwgs		SdA0802808GWGSZ_WKDL260014935-1A_253MYVLT4_L6_1.fq.gz	SdA0802808GWGSZ_WKDL260014935-1A_253MYVLT4_L6_2.fq.gz		FALSE			
Sde-ATum_028-Ex1	SdA0802808GWGSZ_WKDL260014935-1A_253MYVLT4_L7	/archive/carpenterlab/pire/raw_sequence_archive/spratelloides_delicatulus/20260917_Sde-lcwgs	wahab	lcwgs		SdA0802808GWGSZ_WKDL260014935-1A_253MYVLT4_L7_1.fq.gz	SdA0802808GWGSZ_WKDL260014935-1A_253MYVLT4_L7_2.fq.gz		FALSE			
Sde-ATum_029-Ex1	SdA0802908HWGSZ_WKDL260014935-1A_253MYVLT4_L6	/archive/carpenterlab/pire/raw_sequence_archive/spratelloides_delicatulus/20260917_Sde-lcwgs	wahab	lcwgs		SdA0802908HWGSZ_WKDL260014935-1A_253MYVLT4_L6_1.fq.gz	SdA0802908HWGSZ_WKDL260014935-1A_253MYVLT4_L6_2.fq.gz		FALSE			
Sde-ATum_029-Ex1	SdA0802908HWGSZ_WKDL260014935-1A_253MYVLT4_L7	/archive/carpenterlab/pire/raw_sequence_archive/spratelloides_delicatulus/20260917_Sde-lcwgs	wahab	lcwgs		SdA0802908HWGSZ_WKDL260014935-1A_253MYVLT4_L7_1.fq.gz	SdA0802908HWGSZ_WKDL260014935-1A_253MYVLT4_L7_2.fq.gz		FALSE			
Sde-ATum_030-Ex1	SdA0803009AWGSZ_WKDL260014935-1A_253MYVLT4_L6	/archive/carpenterlab/pire/raw_sequence_archive/spratelloides_delicatulus/20260917_Sde-lcwgs	wahab	lcwgs		SdA0803009AWGSZ_WKDL260014935-1A_253MYVLT4_L6_1.fq.gz	SdA0803009AWGSZ_WKDL260014935-1A_253MYVLT4_L6_2.fq.gz		FALSE			
Sde-ATum_030-Ex1	SdA0803009AWGSZ_WKDL260014935-1A_253MYVLT4_L7	/archive/carpenterlab/pire/raw_sequence_archive/spratelloides_delicatulus/20260917_Sde-lcwgs	wahab	lcwgs		SdA0803009AWGSZ_WKDL260014935-1A_253MYVLT4_L7_1.fq.gz	SdA0803009AWGSZ_WKDL260014935-1A_253MYVLT4_L7_2.fq.gz		FALSE			
Sde-ATum_031-Ex1	SdA0803109BWGSZ_WKDL260014935-1A_253MYVLT4_L6	/archive/carpenterlab/pire/raw_sequence_archive/spratelloides_delicatulus/20260917_Sde-lcwgs	wahab	lcwgs		SdA0803109BWGSZ_WKDL260014935-1A_253MYVLT4_L6_1.fq.gz	SdA0803109BWGSZ_WKDL260014935-1A_253MYVLT4_L6_2.fq.gz		FALSE			
Sde-ATum_031-Ex1	SdA0803109BWGSZ_WKDL260014935-1A_253MYVLT4_L7	/archive/carpenterlab/pire/raw_sequence_archive/spratelloides_delicatulus/20260917_Sde-lcwgs	wahab	lcwgs		SdA0803109BWGSZ_WKDL260014935-1A_253MYVLT4_L7_1.fq.gz	SdA0803109BWGSZ_WKDL260014935-1A_253MYVLT4_L7_2.fq.gz		FALSE			
Sde-ATum_032-Ex1	SdA0803209CWGSZ_WKDL260014935-1A_253MYVLT4_L6	/archive/carpenterlab/pire/raw_sequence_archive/spratelloides_delicatulus/20260917_Sde-lcwgs	wahab	lcwgs		SdA0803209CWGSZ_WKDL260014935-1A_253MYVLT4_L6_1.fq.gz	SdA0803209CWGSZ_WKDL260014935-1A_253MYVLT4_L6_2.fq.gz		FALSE			
Sde-ATum_032-Ex1	SdA0803209CWGSZ_WKDL260014935-1A_253MYVLT4_L7	/archive/carpenterlab/pire/raw_sequence_archive/spratelloides_delicatulus/20260917_Sde-lcwgs	wahab	lcwgs		SdA0803209CWGSZ_WKDL260014935-1A_253MYVLT4_L7_1.fq.gz	SdA0803209CWGSZ_WKDL260014935-1A_253MYVLT4_L7_2.fq.gz		FALSE			
Sde-ATum_033-Ex1	SdA0803309DWGSZ_WKDL260014935-1A_253MYVLT4_L6	/archive/carpenterlab/pire/raw_sequence_archive/spratelloides_delicatulus/20260917_Sde-lcwgs	wahab	lcwgs		SdA0803309DWGSZ_WKDL260014935-1A_253MYVLT4_L6_1.fq.gz	SdA0803309DWGSZ_WKDL260014935-1A_253MYVLT4_L6_2.fq.gz		FALSE			
Sde-ATum_033-Ex1	SdA0803309DWGSZ_WKDL260014935-1A_253MYVLT4_L7	/archive/carpenterlab/pire/raw_sequence_archive/spratelloides_delicatulus/20260917_Sde-lcwgs	wahab	lcwgs		SdA0803309DWGSZ_WKDL260014935-1A_253MYVLT4_L7_1.fq.gz	SdA0803309DWGSZ_WKDL260014935-1A_253MYVLT4_L7_2.fq.gz		FALSE			
Sde-ATum_034-Ex1	SdA0803409EWGSZ_WKDL260014935-1A_253MYVLT4_L6	/archive/carpenterlab/pire/raw_sequence_archive/spratelloides_delicatulus/20260917_Sde-lcwgs	wahab	lcwgs		SdA0803409EWGSZ_WKDL260014935-1A_253MYVLT4_L6_1.fq.gz	SdA0803409EWGSZ_WKDL260014935-1A_253MYVLT4_L6_2.fq.gz		FALSE			
Sde-ATum_034-Ex1	SdA0803409EWGSZ_WKDL260014935-1A_253MYVLT4_L7	/archive/carpenterlab/pire/raw_sequence_archive/spratelloides_delicatulus/20260917_Sde-lcwgs	wahab	lcwgs		SdA0803409EWGSZ_WKDL260014935-1A_253MYVLT4_L7_1.fq.gz	SdA0803409EWGSZ_WKDL260014935-1A_253MYVLT4_L7_2.fq.gz		FALSE			
Sde-ATum_035-Ex1	SdA0803509FWGSZ_WKDL260014935-1A_253MYVLT4_L6	/archive/carpenterlab/pire/raw_sequence_archive/spratelloides_delicatulus/20260917_Sde-lcwgs	wahab	lcwgs		SdA0803509FWGSZ_WKDL260014935-1A_253MYVLT4_L6_1.fq.gz	SdA0803509FWGSZ_WKDL260014935-1A_253MYVLT4_L6_2.fq.gz		FALSE			
Sde-ATum_035-Ex1	SdA0803509FWGSZ_WKDL260014935-1A_253MYVLT4_L7	/archive/carpenterlab/pire/raw_sequence_archive/spratelloides_delicatulus/20260917_Sde-lcwgs	wahab	lcwgs		SdA0803509FWGSZ_WKDL260014935-1A_253MYVLT4_L7_1.fq.gz	SdA0803509FWGSZ_WKDL260014935-1A_253MYVLT4_L7_2.fq.gz		FALSE			
Sde-ATum_036-Ex1	SdA0803609GWGSZ_WKDL260014935-1A_253MYVLT4_L6	/archive/carpenterlab/pire/raw_sequence_archive/spratelloides_delicatulus/20260917_Sde-lcwgs	wahab	lcwgs		SdA0803609GWGSZ_WKDL260014935-1A_253MYVLT4_L6_1.fq.gz	SdA0803609GWGSZ_WKDL260014935-1A_253MYVLT4_L6_2.fq.gz		FALSE			
Sde-ATum_036-Ex1	SdA0803609GWGSZ_WKDL260014935-1A_253MYVLT4_L7	/archive/carpenterlab/pire/raw_sequence_archive/spratelloides_delicatulus/20260917_Sde-lcwgs	wahab	lcwgs		SdA0803609GWGSZ_WKDL260014935-1A_253MYVLT4_L7_1.fq.gz	SdA0803609GWGSZ_WKDL260014935-1A_253MYVLT4_L7_2.fq.gz		FALSE			
Sde-ATum_037-Ex1	SdA0803709HWGSZ_WKDL260014935-1A_253MYVLT4_L6	/archive/carpenterlab/pire/raw_sequence_archive/spratelloides_delicatulus/20260917_Sde-lcwgs	wahab	lcwgs		SdA0803709HWGSZ_WKDL260014935-1A_253MYVLT4_L6_1.fq.gz	SdA0803709HWGSZ_WKDL260014935-1A_253MYVLT4_L6_2.fq.gz		FALSE			
Sde-ATum_037-Ex1	SdA0803709HWGSZ_WKDL260014935-1A_253MYVLT4_L7	/archive/carpenterlab/pire/raw_sequence_archive/spratelloides_delicatulus/20260917_Sde-lcwgs	wahab	lcwgs		SdA0803709HWGSZ_WKDL260014935-1A_253MYVLT4_L7_1.fq.gz	SdA0803709HWGSZ_WKDL260014935-1A_253MYVLT4_L7_2.fq.gz		FALSE			
Sde-ATum_038-Ex1	SdA0803810AWGSZ_WKDL260014935-1A_253MYVLT4_L6	/archive/carpenterlab/pire/raw_sequence_archive/spratelloides_delicatulus/20260917_Sde-lcwgs	wahab	lcwgs		SdA0803810AWGSZ_WKDL260014935-1A_253MYVLT4_L6_1.fq.gz	SdA0803810AWGSZ_WKDL260014935-1A_253MYVLT4_L6_2.fq.gz		FALSE			
Sde-ATum_038-Ex1	SdA0803810AWGSZ_WKDL260014935-1A_253MYVLT4_L7	/archive/carpenterlab/pire/raw_sequence_archive/spratelloides_delicatulus/20260917_Sde-lcwgs	wahab	lcwgs		SdA0803810AWGSZ_WKDL260014935-1A_253MYVLT4_L7_1.fq.gz	SdA0803810AWGSZ_WKDL260014935-1A_253MYVLT4_L7_2.fq.gz		FALSE			
Sde-ATum_039-Ex1	SdA0803910BWGSZ_WKDL260014935-1A_253MYVLT4_L6	/archive/carpenterlab/pire/raw_sequence_archive/spratelloides_delicatulus/20260917_Sde-lcwgs	wahab	lcwgs		SdA0803910BWGSZ_WKDL260014935-1A_253MYVLT4_L6_1.fq.gz	SdA0803910BWGSZ_WKDL260014935-1A_253MYVLT4_L6_2.fq.gz		FALSE			
Sde-ATum_039-Ex1	SdA0803910BWGSZ_WKDL260014935-1A_253MYVLT4_L7	/archive/carpenterlab/pire/raw_sequence_archive/spratelloides_delicatulus/20260917_Sde-lcwgs	wahab	lcwgs		SdA0803910BWGSZ_WKDL260014935-1A_253MYVLT4_L7_1.fq.gz	SdA0803910BWGSZ_WKDL260014935-1A_253MYVLT4_L7_2.fq.gz		FALSE			
Sde-ATum_040-Ex1	SdA0804010CWGSZ_WKDL260014935-1A_253MYVLT4_L6	/archive/carpenterlab/pire/raw_sequence_archive/spratelloides_delicatulus/20260917_Sde-lcwgs	wahab	lcwgs		SdA0804010CWGSZ_WKDL260014935-1A_253MYVLT4_L6_1.fq.gz	SdA0804010CWGSZ_WKDL260014935-1A_253MYVLT4_L6_2.fq.gz		FALSE			
Sde-ATum_040-Ex1	SdA0804010CWGSZ_WKDL260014935-1A_253MYVLT4_L7	/archive/carpenterlab/pire/raw_sequence_archive/spratelloides_delicatulus/20260917_Sde-lcwgs	wahab	lcwgs		SdA0804010CWGSZ_WKDL260014935-1A_253MYVLT4_L7_1.fq.gz	SdA0804010CWGSZ_WKDL260014935-1A_253MYVLT4_L7_2.fq.gz		FALSE			
Sde-ATum_041-Ex1	SdA0804110DWGSZ_WKDL260014935-1A_253MYVLT4_L6	/archive/carpenterlab/pire/raw_sequence_archive/spratelloides_delicatulus/20260917_Sde-lcwgs	wahab	lcwgs		SdA0804110DWGSZ_WKDL260014935-1A_253MYVLT4_L6_1.fq.gz	SdA0804110DWGSZ_WKDL260014935-1A_253MYVLT4_L6_2.fq.gz		FALSE			
Sde-ATum_041-Ex1	SdA0804110DWGSZ_WKDL260014935-1A_253MYVLT4_L7	/archive/carpenterlab/pire/raw_sequence_archive/spratelloides_delicatulus/20260917_Sde-lcwgs	wahab	lcwgs		SdA0804110DWGSZ_WKDL260014935-1A_253MYVLT4_L7_1.fq.gz	SdA0804110DWGSZ_WKDL260014935-1A_253MYVLT4_L7_2.fq.gz		FALSE			
Sde-ATum_042-Ex1	SdA0804210EWGSZ_WKDL260014935-1A_253MYVLT4_L6	/archive/carpenterlab/pire/raw_sequence_archive/spratelloides_delicatulus/20260917_Sde-lcwgs	wahab	lcwgs		SdA0804210EWGSZ_WKDL260014935-1A_253MYVLT4_L6_1.fq.gz	SdA0804210EWGSZ_WKDL260014935-1A_253MYVLT4_L6_2.fq.gz		FALSE			
Sde-ATum_042-Ex1	SdA0804210EWGSZ_WKDL260014935-1A_253MYVLT4_L7	/archive/carpenterlab/pire/raw_sequence_archive/spratelloides_delicatulus/20260917_Sde-lcwgs	wahab	lcwgs		SdA0804210EWGSZ_WKDL260014935-1A_253MYVLT4_L7_1.fq.gz	SdA0804210EWGSZ_WKDL260014935-1A_253MYVLT4_L7_2.fq.gz		FALSE			
Sde-ATum_043-Ex1	SdA0804310FWGSZ_WKDL260014935-1A_253MYVLT4_L6	/archive/carpenterlab/pire/raw_sequence_archive/spratelloides_delicatulus/20260917_Sde-lcwgs	wahab	lcwgs		SdA0804310FWGSZ_WKDL260014935-1A_253MYVLT4_L6_1.fq.gz	SdA0804310FWGSZ_WKDL260014935-1A_253MYVLT4_L6_2.fq.gz		FALSE			
Sde-ATum_043-Ex1	SdA0804310FWGSZ_WKDL260014935-1A_253MYVLT4_L7	/archive/carpenterlab/pire/raw_sequence_archive/spratelloides_delicatulus/20260917_Sde-lcwgs	wahab	lcwgs		SdA0804310FWGSZ_WKDL260014935-1A_253MYVLT4_L7_1.fq.gz	SdA0804310FWGSZ_WKDL260014935-1A_253MYVLT4_L7_2.fq.gz		FALSE			
Sde-ATum_044-Ex1	SdA0804410GWGSZ_WKDL260014935-1A_253MYVLT4_L6	/archive/carpenterlab/pire/raw_sequence_archive/spratelloides_delicatulus/20260917_Sde-lcwgs	wahab	lcwgs		SdA0804410GWGSZ_WKDL260014935-1A_253MYVLT4_L6_1.fq.gz	SdA0804410GWGSZ_WKDL260014935-1A_253MYVLT4_L6_2.fq.gz		FALSE			
Sde-ATum_044-Ex1	SdA0804410GWGSZ_WKDL260014935-1A_253MYVLT4_L7	/archive/carpenterlab/pire/raw_sequence_archive/spratelloides_delicatulus/20260917_Sde-lcwgs	wahab	lcwgs		SdA0804410GWGSZ_WKDL260014935-1A_253MYVLT4_L7_1.fq.gz	SdA0804410GWGSZ_WKDL260014935-1A_253MYVLT4_L7_2.fq.gz		FALSE			
Sde-ATum_045-Ex1	SdA0804510HWGSZ_WKDL260014935-1A_253MYVLT4_L6	/archive/carpenterlab/pire/raw_sequence_archive/spratelloides_delicatulus/20260917_Sde-lcwgs	wahab	lcwgs		SdA0804510HWGSZ_WKDL260014935-1A_253MYVLT4_L6_1.fq.gz	SdA0804510HWGSZ_WKDL260014935-1A_253MYVLT4_L6_2.fq.gz		FALSE			
Sde-ATum_045-Ex1	SdA0804510HWGSZ_WKDL260014935-1A_253MYVLT4_L7	/archive/carpenterlab/pire/raw_sequence_archive/spratelloides_delicatulus/20260917_Sde-lcwgs	wahab	lcwgs		SdA0804510HWGSZ_WKDL260014935-1A_253MYVLT4_L7_1.fq.gz	SdA0804510HWGSZ_WKDL260014935-1A_253MYVLT4_L7_2.fq.gz		FALSE			
Sde-ATum_046-Ex1	SdA0804611AWGSZ_WKDL260014935-1A_253MYVLT4_L6	/archive/carpenterlab/pire/raw_sequence_archive/spratelloides_delicatulus/20260917_Sde-lcwgs	wahab	lcwgs		SdA0804611AWGSZ_WKDL260014935-1A_253MYVLT4_L6_1.fq.gz	SdA0804611AWGSZ_WKDL260014935-1A_253MYVLT4_L6_2.fq.gz		FALSE			
Sde-ATum_046-Ex1	SdA0804611AWGSZ_WKDL260014935-1A_253MYVLT4_L7	/archive/carpenterlab/pire/raw_sequence_archive/spratelloides_delicatulus/20260917_Sde-lcwgs	wahab	lcwgs		SdA0804611AWGSZ_WKDL260014935-1A_253MYVLT4_L7_1.fq.gz	SdA0804611AWGSZ_WKDL260014935-1A_253MYVLT4_L7_2.fq.gz		FALSE			
Sde-ATum_047-Ex1	SdA0804711BWGSZ_WKDL260014935-1A_253MYVLT4_L6	/archive/carpenterlab/pire/raw_sequence_archive/spratelloides_delicatulus/20260917_Sde-lcwgs	wahab	lcwgs		SdA0804711BWGSZ_WKDL260014935-1A_253MYVLT4_L6_1.fq.gz	SdA0804711BWGSZ_WKDL260014935-1A_253MYVLT4_L6_2.fq.gz		FALSE			
Sde-ATum_047-Ex1	SdA0804711BWGSZ_WKDL260014935-1A_253MYVLT4_L7	/archive/carpenterlab/pire/raw_sequence_archive/spratelloides_delicatulus/20260917_Sde-lcwgs	wahab	lcwgs		SdA0804711BWGSZ_WKDL260014935-1A_253MYVLT4_L7_1.fq.gz	SdA0804711BWGSZ_WKDL260014935-1A_253MYVLT4_L7_2.fq.gz		FALSE			
Sde-ATum_048-Ex1	SdA0804811CWGSZ_WKDL260014935-1A_253MYVLT4_L6	/archive/carpenterlab/pire/raw_sequence_archive/spratelloides_delicatulus/20260917_Sde-lcwgs	wahab	lcwgs		SdA0804811CWGSZ_WKDL260014935-1A_253MYVLT4_L6_1.fq.gz	SdA0804811CWGSZ_WKDL260014935-1A_253MYVLT4_L6_2.fq.gz		FALSE			
Sde-ATum_048-Ex1	SdA0804811CWGSZ_WKDL260014935-1A_253MYVLT4_L7	/archive/carpenterlab/pire/raw_sequence_archive/spratelloides_delicatulus/20260917_Sde-lcwgs	wahab	lcwgs		SdA0804811CWGSZ_WKDL260014935-1A_253MYVLT4_L7_1.fq.gz	SdA0804811CWGSZ_WKDL260014935-1A_253MYVLT4_L7_2.fq.gz		FALSE			
Sde-ABol_007-Ex1	SdA1100701GWGSZ_WKDL260014935-1A_253MYVLT4_L6	/archive/carpenterlab/pire/raw_sequence_archive/spratelloides_delicatulus/20260917_Sde-lcwgs	wahab	lcwgs		SdA1100701GWGSZ_WKDL260014935-1A_253MYVLT4_L6_1.fq.gz	SdA1100701GWGSZ_WKDL260014935-1A_253MYVLT4_L6_2.fq.gz		FALSE			
Sde-ABol_007-Ex1	SdA1100701GWGSZ_WKDL260014935-1A_253MYVLT4_L7	/archive/carpenterlab/pire/raw_sequence_archive/spratelloides_delicatulus/20260917_Sde-lcwgs	wahab	lcwgs		SdA1100701GWGSZ_WKDL260014935-1A_253MYVLT4_L7_1.fq.gz	SdA1100701GWGSZ_WKDL260014935-1A_253MYVLT4_L7_2.fq.gz		FALSE			
Sde-ABol_009-Ex1	SdA1100902AWGSZ_WKDL260014935-1A_253MYVLT4_L6	/archive/carpenterlab/pire/raw_sequence_archive/spratelloides_delicatulus/20260917_Sde-lcwgs	wahab	lcwgs		SdA1100902AWGSZ_WKDL260014935-1A_253MYVLT4_L6_1.fq.gz	SdA1100902AWGSZ_WKDL260014935-1A_253MYVLT4_L6_2.fq.gz		FALSE			
Sde-ABol_009-Ex1	SdA1100902AWGSZ_WKDL260014935-1A_253MYVLT4_L7	/archive/carpenterlab/pire/raw_sequence_archive/spratelloides_delicatulus/20260917_Sde-lcwgs	wahab	lcwgs		SdA1100902AWGSZ_WKDL260014935-1A_253MYVLT4_L7_1.fq.gz	SdA1100902AWGSZ_WKDL260014935-1A_253MYVLT4_L7_2.fq.gz		FALSE			
Sde-ABol_010-Ex1	SdA1101002BWGSZ_WKDL260014935-1A_253MYVLT4_L6	/archive/carpenterlab/pire/raw_sequence_archive/spratelloides_delicatulus/20260917_Sde-lcwgs	wahab	lcwgs		SdA1101002BWGSZ_WKDL260014935-1A_253MYVLT4_L6_1.fq.gz	SdA1101002BWGSZ_WKDL260014935-1A_253MYVLT4_L6_2.fq.gz		FALSE			
Sde-ABol_010-Ex1	SdA1101002BWGSZ_WKDL260014935-1A_253MYVLT4_L7	/archive/carpenterlab/pire/raw_sequence_archive/spratelloides_delicatulus/20260917_Sde-lcwgs	wahab	lcwgs		SdA1101002BWGSZ_WKDL260014935-1A_253MYVLT4_L7_1.fq.gz	SdA1101002BWGSZ_WKDL260014935-1A_253MYVLT4_L7_2.fq.gz		FALSE			
Sde-ABol_011-Ex1	SdA1101102CWGSZ_WKDL260014935-1A_253MYVLT4_L6	/archive/carpenterlab/pire/raw_sequence_archive/spratelloides_delicatulus/20260917_Sde-lcwgs	wahab	lcwgs		SdA1101102CWGSZ_WKDL260014935-1A_253MYVLT4_L6_1.fq.gz	SdA1101102CWGSZ_WKDL260014935-1A_253MYVLT4_L6_2.fq.gz		FALSE			
Sde-ABol_011-Ex1	SdA1101102CWGSZ_WKDL260014935-1A_253MYVLT4_L7	/archive/carpenterlab/pire/raw_sequence_archive/spratelloides_delicatulus/20260917_Sde-lcwgs	wahab	lcwgs		SdA1101102CWGSZ_WKDL260014935-1A_253MYVLT4_L7_1.fq.gz	SdA1101102CWGSZ_WKDL260014935-1A_253MYVLT4_L7_2.fq.gz		FALSE			
Sde-ABol_018-Ex1	SdA1101803BWGSZ_WKDL260014935-1A_253MYVLT4_L6	/archive/carpenterlab/pire/raw_sequence_archive/spratelloides_delicatulus/20260917_Sde-lcwgs	wahab	lcwgs		SdA1101803BWGSZ_WKDL260014935-1A_253MYVLT4_L6_1.fq.gz	SdA1101803BWGSZ_WKDL260014935-1A_253MYVLT4_L6_2.fq.gz		FALSE			
Sde-ABol_018-Ex1	SdA1101803BWGSZ_WKDL260014935-1A_253MYVLT4_L7	/archive/carpenterlab/pire/raw_sequence_archive/spratelloides_delicatulus/20260917_Sde-lcwgs	wahab	lcwgs		SdA1101803BWGSZ_WKDL260014935-1A_253MYVLT4_L7_1.fq.gz	SdA1101803BWGSZ_WKDL260014935-1A_253MYVLT4_L7_2.fq.gz		FALSE			
Sde-ABol_019-Ex1	SdA1101903CWGSZ_WKDL260014935-1A_253MYVLT4_L6	/archive/carpenterlab/pire/raw_sequence_archive/spratelloides_delicatulus/20260917_Sde-lcwgs	wahab	lcwgs		SdA1101903CWGSZ_WKDL260014935-1A_253MYVLT4_L6_1.fq.gz	SdA1101903CWGSZ_WKDL260014935-1A_253MYVLT4_L6_2.fq.gz		FALSE			
Sde-ABol_019-Ex1	SdA1101903CWGSZ_WKDL260014935-1A_253MYVLT4_L7	/archive/carpenterlab/pire/raw_sequence_archive/spratelloides_delicatulus/20260917_Sde-lcwgs	wahab	lcwgs		SdA1101903CWGSZ_WKDL260014935-1A_253MYVLT4_L7_1.fq.gz	SdA1101903CWGSZ_WKDL260014935-1A_253MYVLT4_L7_2.fq.gz		FALSE			
Sde-ABol_021-Ex1	SdA1102103EWGSZ_WKDL260014935-1A_253MYVLT4_L6	/archive/carpenterlab/pire/raw_sequence_archive/spratelloides_delicatulus/20260917_Sde-lcwgs	wahab	lcwgs		SdA1102103EWGSZ_WKDL260014935-1A_253MYVLT4_L6_1.fq.gz	SdA1102103EWGSZ_WKDL260014935-1A_253MYVLT4_L6_2.fq.gz		FALSE			
Sde-ABol_021-Ex1	SdA1102103EWGSZ_WKDL260014935-1A_253MYVLT4_L7	/archive/carpenterlab/pire/raw_sequence_archive/spratelloides_delicatulus/20260917_Sde-lcwgs	wahab	lcwgs		SdA1102103EWGSZ_WKDL260014935-1A_253MYVLT4_L7_1.fq.gz	SdA1102103EWGSZ_WKDL260014935-1A_253MYVLT4_L7_2.fq.gz		FALSE			
Sde-ABol_026-Ex1	SdA1102604BWGSZ_WKDL260014935-1A_253MYVLT4_L6	/archive/carpenterlab/pire/raw_sequence_archive/spratelloides_delicatulus/20260917_Sde-lcwgs	wahab	lcwgs		SdA1102604BWGSZ_WKDL260014935-1A_253MYVLT4_L6_1.fq.gz	SdA1102604BWGSZ_WKDL260014935-1A_253MYVLT4_L6_2.fq.gz		FALSE			
Sde-ABol_026-Ex1	SdA1102604BWGSZ_WKDL260014935-1A_253MYVLT4_L7	/archive/carpenterlab/pire/raw_sequence_archive/spratelloides_delicatulus/20260917_Sde-lcwgs	wahab	lcwgs		SdA1102604BWGSZ_WKDL260014935-1A_253MYVLT4_L7_1.fq.gz	SdA1102604BWGSZ_WKDL260014935-1A_253MYVLT4_L7_2.fq.gz		FALSE			
Sde-ABol_027-Ex1	SdA1102704CWGSZ_WKDL260014935-1A_253MYVLT4_L6	/archive/carpenterlab/pire/raw_sequence_archive/spratelloides_delicatulus/20260917_Sde-lcwgs	wahab	lcwgs		SdA1102704CWGSZ_WKDL260014935-1A_253MYVLT4_L6_1.fq.gz	SdA1102704CWGSZ_WKDL260014935-1A_253MYVLT4_L6_2.fq.gz		FALSE			
Sde-ABol_027-Ex1	SdA1102704CWGSZ_WKDL260014935-1A_253MYVLT4_L7	/archive/carpenterlab/pire/raw_sequence_archive/spratelloides_delicatulus/20260917_Sde-lcwgs	wahab	lcwgs		SdA1102704CWGSZ_WKDL260014935-1A_253MYVLT4_L7_1.fq.gz	SdA1102704CWGSZ_WKDL260014935-1A_253MYVLT4_L7_2.fq.gz		FALSE			
Sde-ABol_028-Ex1	SdA1102804DWGSZ_WKDL260014935-1A_253MYVLT4_L6	/archive/carpenterlab/pire/raw_sequence_archive/spratelloides_delicatulus/20260917_Sde-lcwgs	wahab	lcwgs		SdA1102804DWGSZ_WKDL260014935-1A_253MYVLT4_L6_1.fq.gz	SdA1102804DWGSZ_WKDL260014935-1A_253MYVLT4_L6_2.fq.gz		FALSE			
Sde-ABol_028-Ex1	SdA1102804DWGSZ_WKDL260014935-1A_253MYVLT4_L7	/archive/carpenterlab/pire/raw_sequence_archive/spratelloides_delicatulus/20260917_Sde-lcwgs	wahab	lcwgs		SdA1102804DWGSZ_WKDL260014935-1A_253MYVLT4_L7_1.fq.gz	SdA1102804DWGSZ_WKDL260014935-1A_253MYVLT4_L7_2.fq.gz		FALSE			
Sde-ABol_029-Ex1	SdA1102904EWGSZ_WKDL260014935-1A_253MYVLT4_L6	/archive/carpenterlab/pire/raw_sequence_archive/spratelloides_delicatulus/20260917_Sde-lcwgs	wahab	lcwgs		SdA1102904EWGSZ_WKDL260014935-1A_253MYVLT4_L6_1.fq.gz	SdA1102904EWGSZ_WKDL260014935-1A_253MYVLT4_L6_2.fq.gz		FALSE			
Sde-ABol_029-Ex1	SdA1102904EWGSZ_WKDL260014935-1A_253MYVLT4_L7	/archive/carpenterlab/pire/raw_sequence_archive/spratelloides_delicatulus/20260917_Sde-lcwgs	wahab	lcwgs		SdA1102904EWGSZ_WKDL260014935-1A_253MYVLT4_L7_1.fq.gz	SdA1102904EWGSZ_WKDL260014935-1A_253MYVLT4_L7_2.fq.gz		FALSE			
Sde-ABol_030-Ex1	SdA1103004FWGSZ_WKDL260014935-1A_253MYVLT4_L6	/archive/carpenterlab/pire/raw_sequence_archive/spratelloides_delicatulus/20260917_Sde-lcwgs	wahab	lcwgs		SdA1103004FWGSZ_WKDL260014935-1A_253MYVLT4_L6_1.fq.gz	SdA1103004FWGSZ_WKDL260014935-1A_253MYVLT4_L6_2.fq.gz		FALSE			
Sde-ABol_030-Ex1	SdA1103004FWGSZ_WKDL260014935-1A_253MYVLT4_L7	/archive/carpenterlab/pire/raw_sequence_archive/spratelloides_delicatulus/20260917_Sde-lcwgs	wahab	lcwgs		SdA1103004FWGSZ_WKDL260014935-1A_253MYVLT4_L7_1.fq.gz	SdA1103004FWGSZ_WKDL260014935-1A_253MYVLT4_L7_2.fq.gz		FALSE			
Sde-ABol_033-Ex1	SdA1103305AWGSZ_WKDL260014935-1A_253MYVLT4_L6	/archive/carpenterlab/pire/raw_sequence_archive/spratelloides_delicatulus/20260917_Sde-lcwgs	wahab	lcwgs		SdA1103305AWGSZ_WKDL260014935-1A_253MYVLT4_L6_1.fq.gz	SdA1103305AWGSZ_WKDL260014935-1A_253MYVLT4_L6_2.fq.gz		FALSE			
Sde-ABol_033-Ex1	SdA1103305AWGSZ_WKDL260014935-1A_253MYVLT4_L7	/archive/carpenterlab/pire/raw_sequence_archive/spratelloides_delicatulus/20260917_Sde-lcwgs	wahab	lcwgs		SdA1103305AWGSZ_WKDL260014935-1A_253MYVLT4_L7_1.fq.gz	SdA1103305AWGSZ_WKDL260014935-1A_253MYVLT4_L7_2.fq.gz		FALSE			
Sde-ABol_034-Ex1	SdA1103405BWGSZ_WKDL260014935-1A_253MYVLT4_L6	/archive/carpenterlab/pire/raw_sequence_archive/spratelloides_delicatulus/20260917_Sde-lcwgs	wahab	lcwgs		SdA1103405BWGSZ_WKDL260014935-1A_253MYVLT4_L6_1.fq.gz	SdA1103405BWGSZ_WKDL260014935-1A_253MYVLT4_L6_2.fq.gz		FALSE			
Sde-ABol_034-Ex1	SdA1103405BWGSZ_WKDL260014935-1A_253MYVLT4_L7	/archive/carpenterlab/pire/raw_sequence_archive/spratelloides_delicatulus/20260917_Sde-lcwgs	wahab	lcwgs		SdA1103405BWGSZ_WKDL260014935-1A_253MYVLT4_L7_1.fq.gz	SdA1103405BWGSZ_WKDL260014935-1A_253MYVLT4_L7_2.fq.gz		FALSE			
Sde-ABol_035-Ex1	SdA1103505CWGSZ_WKDL260014935-1A_253MYVLT4_L6	/archive/carpenterlab/pire/raw_sequence_archive/spratelloides_delicatulus/20260917_Sde-lcwgs	wahab	lcwgs		SdA1103505CWGSZ_WKDL260014935-1A_253MYVLT4_L6_1.fq.gz	SdA1103505CWGSZ_WKDL260014935-1A_253MYVLT4_L6_2.fq.gz		FALSE			
Sde-ABol_035-Ex1	SdA1103505CWGSZ_WKDL260014935-1A_253MYVLT4_L7	/archive/carpenterlab/pire/raw_sequence_archive/spratelloides_delicatulus/20260917_Sde-lcwgs	wahab	lcwgs		SdA1103505CWGSZ_WKDL260014935-1A_253MYVLT4_L7_1.fq.gz	SdA1103505CWGSZ_WKDL260014935-1A_253MYVLT4_L7_2.fq.gz		FALSE			
Sde-ABol_037-Ex1	SdA1103705EWGSZ_WKDL260014935-1A_253MYVLT4_L6	/archive/carpenterlab/pire/raw_sequence_archive/spratelloides_delicatulus/20260917_Sde-lcwgs	wahab	lcwgs		SdA1103705EWGSZ_WKDL260014935-1A_253MYVLT4_L6_1.fq.gz	SdA1103705EWGSZ_WKDL260014935-1A_253MYVLT4_L6_2.fq.gz		FALSE			
Sde-ABol_037-Ex1	SdA1103705EWGSZ_WKDL260014935-1A_253MYVLT4_L7	/archive/carpenterlab/pire/raw_sequence_archive/spratelloides_delicatulus/20260917_Sde-lcwgs	wahab	lcwgs		SdA1103705EWGSZ_WKDL260014935-1A_253MYVLT4_L7_1.fq.gz	SdA1103705EWGSZ_WKDL260014935-1A_253MYVLT4_L7_2.fq.gz		FALSE			
Sde-ABol_038-Ex1	SdA1103805FWGSZ_WKDL260014935-1A_253MYVLT4_L6	/archive/carpenterlab/pire/raw_sequence_archive/spratelloides_delicatulus/20260917_Sde-lcwgs	wahab	lcwgs		SdA1103805FWGSZ_WKDL260014935-1A_253MYVLT4_L6_1.fq.gz	SdA1103805FWGSZ_WKDL260014935-1A_253MYVLT4_L6_2.fq.gz		FALSE			
Sde-ABol_038-Ex1	SdA1103805FWGSZ_WKDL260014935-1A_253MYVLT4_L7	/archive/carpenterlab/pire/raw_sequence_archive/spratelloides_delicatulus/20260917_Sde-lcwgs	wahab	lcwgs		SdA1103805FWGSZ_WKDL260014935-1A_253MYVLT4_L7_1.fq.gz	SdA1103805FWGSZ_WKDL260014935-1A_253MYVLT4_L7_2.fq.gz		FALSE			
Sde-ABol_042-Ex1	SdA1104206BWGSZ_WKDL260014935-1A_253MYVLT4_L6	/archive/carpenterlab/pire/raw_sequence_archive/spratelloides_delicatulus/20260917_Sde-lcwgs	wahab	lcwgs		SdA1104206BWGSZ_WKDL260014935-1A_253MYVLT4_L6_1.fq.gz	SdA1104206BWGSZ_WKDL260014935-1A_253MYVLT4_L6_2.fq.gz		FALSE			
Sde-ABol_042-Ex1	SdA1104206BWGSZ_WKDL260014935-1A_253MYVLT4_L7	/archive/carpenterlab/pire/raw_sequence_archive/spratelloides_delicatulus/20260917_Sde-lcwgs	wahab	lcwgs		SdA1104206BWGSZ_WKDL260014935-1A_253MYVLT4_L7_1.fq.gz	SdA1104206BWGSZ_WKDL260014935-1A_253MYVLT4_L7_2.fq.gz		FALSE			
Sde-ABol_045-Ex1	SdA1104506EWGSZ_WKDL260014935-1A_253MYVLT4_L6	/archive/carpenterlab/pire/raw_sequence_archive/spratelloides_delicatulus/20260917_Sde-lcwgs	wahab	lcwgs		SdA1104506EWGSZ_WKDL260014935-1A_253MYVLT4_L6_1.fq.gz	SdA1104506EWGSZ_WKDL260014935-1A_253MYVLT4_L6_2.fq.gz		FALSE			
Sde-ABol_045-Ex1	SdA1104506EWGSZ_WKDL260014935-1A_253MYVLT4_L7	/archive/carpenterlab/pire/raw_sequence_archive/spratelloides_delicatulus/20260917_Sde-lcwgs	wahab	lcwgs		SdA1104506EWGSZ_WKDL260014935-1A_253MYVLT4_L7_1.fq.gz	SdA1104506EWGSZ_WKDL260014935-1A_253MYVLT4_L7_2.fq.gz		FALSE			
Sde-ABol_050-Ex1	SdA1105007BWGSZ_WKDL260014935-1A_253MYVLT4_L6	/archive/carpenterlab/pire/raw_sequence_archive/spratelloides_delicatulus/20260917_Sde-lcwgs	wahab	lcwgs		SdA1105007BWGSZ_WKDL260014935-1A_253MYVLT4_L6_1.fq.gz	SdA1105007BWGSZ_WKDL260014935-1A_253MYVLT4_L6_2.fq.gz		FALSE			
Sde-ABol_050-Ex1	SdA1105007BWGSZ_WKDL260014935-1A_253MYVLT4_L7	/archive/carpenterlab/pire/raw_sequence_archive/spratelloides_delicatulus/20260917_Sde-lcwgs	wahab	lcwgs		SdA1105007BWGSZ_WKDL260014935-1A_253MYVLT4_L7_1.fq.gz	SdA1105007BWGSZ_WKDL260014935-1A_253MYVLT4_L7_2.fq.gz		FALSE			
Sde-ABol_056-Ex1	SdA1105607HWGSZ_WKDL260014935-1A_253MYVLT4_L6	/archive/carpenterlab/pire/raw_sequence_archive/spratelloides_delicatulus/20260917_Sde-lcwgs	wahab	lcwgs		SdA1105607HWGSZ_WKDL260014935-1A_253MYVLT4_L6_1.fq.gz	SdA1105607HWGSZ_WKDL260014935-1A_253MYVLT4_L6_2.fq.gz		FALSE			
Sde-ABol_056-Ex1	SdA1105607HWGSZ_WKDL260014935-1A_253MYVLT4_L7	/archive/carpenterlab/pire/raw_sequence_archive/spratelloides_delicatulus/20260917_Sde-lcwgs	wahab	lcwgs		SdA1105607HWGSZ_WKDL260014935-1A_253MYVLT4_L7_1.fq.gz	SdA1105607HWGSZ_WKDL260014935-1A_253MYVLT4_L7_2.fq.gz		FALSE			
Sde-ABol_057-Ex1	SdA1105708AWGSZ_WKDL260014935-1A_253MYVLT4_L6	/archive/carpenterlab/pire/raw_sequence_archive/spratelloides_delicatulus/20260917_Sde-lcwgs	wahab	lcwgs		SdA1105708AWGSZ_WKDL260014935-1A_253MYVLT4_L6_1.fq.gz	SdA1105708AWGSZ_WKDL260014935-1A_253MYVLT4_L6_2.fq.gz		FALSE			
Sde-ABol_057-Ex1	SdA1105708AWGSZ_WKDL260014935-1A_253MYVLT4_L7	/archive/carpenterlab/pire/raw_sequence_archive/spratelloides_delicatulus/20260917_Sde-lcwgs	wahab	lcwgs		SdA1105708AWGSZ_WKDL260014935-1A_253MYVLT4_L7_1.fq.gz	SdA1105708AWGSZ_WKDL260014935-1A_253MYVLT4_L7_2.fq.gz		FALSE			
Sde-ABol_058-Ex1	SdA1105808BWGSZ_WKDL260014935-1A_253MYVLT4_L6	/archive/carpenterlab/pire/raw_sequence_archive/spratelloides_delicatulus/20260917_Sde-lcwgs	wahab	lcwgs		SdA1105808BWGSZ_WKDL260014935-1A_253MYVLT4_L6_1.fq.gz	SdA1105808BWGSZ_WKDL260014935-1A_253MYVLT4_L6_2.fq.gz		FALSE			
Sde-ABol_058-Ex1	SdA1105808BWGSZ_WKDL260014935-1A_253MYVLT4_L7	/archive/carpenterlab/pire/raw_sequence_archive/spratelloides_delicatulus/20260917_Sde-lcwgs	wahab	lcwgs		SdA1105808BWGSZ_WKDL260014935-1A_253MYVLT4_L7_1.fq.gz	SdA1105808BWGSZ_WKDL260014935-1A_253MYVLT4_L7_2.fq.gz		FALSE			
Sde-ABol_060-Ex1	SdA1106008DWGSZ_WKDL260014935-1A_253MYVLT4_L6	/archive/carpenterlab/pire/raw_sequence_archive/spratelloides_delicatulus/20260917_Sde-lcwgs	wahab	lcwgs		SdA1106008DWGSZ_WKDL260014935-1A_253MYVLT4_L6_1.fq.gz	SdA1106008DWGSZ_WKDL260014935-1A_253MYVLT4_L6_2.fq.gz		FALSE			
Sde-ABol_060-Ex1	SdA1106008DWGSZ_WKDL260014935-1A_253MYVLT4_L7	/archive/carpenterlab/pire/raw_sequence_archive/spratelloides_delicatulus/20260917_Sde-lcwgs	wahab	lcwgs		SdA1106008DWGSZ_WKDL260014935-1A_253MYVLT4_L7_1.fq.gz	SdA1106008DWGSZ_WKDL260014935-1A_253MYVLT4_L7_2.fq.gz		FALSE			
Sde-ABol_061-Ex1	SdA1106108EWGSZ_WKDL260014935-1A_253MYVLT4_L6	/archive/carpenterlab/pire/raw_sequence_archive/spratelloides_delicatulus/20260917_Sde-lcwgs	wahab	lcwgs		SdA1106108EWGSZ_WKDL260014935-1A_253MYVLT4_L6_1.fq.gz	SdA1106108EWGSZ_WKDL260014935-1A_253MYVLT4_L6_2.fq.gz		FALSE			
Sde-ABol_061-Ex1	SdA1106108EWGSZ_WKDL260014935-1A_253MYVLT4_L7	/archive/carpenterlab/pire/raw_sequence_archive/spratelloides_delicatulus/20260917_Sde-lcwgs	wahab	lcwgs		SdA1106108EWGSZ_WKDL260014935-1A_253MYVLT4_L7_1.fq.gz	SdA1106108EWGSZ_WKDL260014935-1A_253MYVLT4_L7_2.fq.gz		FALSE			
Sde-ABol_062-Ex1	SdA1106208FWGSZ_WKDL260014935-1A_253MYVLT4_L6	/archive/carpenterlab/pire/raw_sequence_archive/spratelloides_delicatulus/20260917_Sde-lcwgs	wahab	lcwgs		SdA1106208FWGSZ_WKDL260014935-1A_253MYVLT4_L6_1.fq.gz	SdA1106208FWGSZ_WKDL260014935-1A_253MYVLT4_L6_2.fq.gz		FALSE			
Sde-ABol_062-Ex1	SdA1106208FWGSZ_WKDL260014935-1A_253MYVLT4_L7	/archive/carpenterlab/pire/raw_sequence_archive/spratelloides_delicatulus/20260917_Sde-lcwgs	wahab	lcwgs		SdA1106208FWGSZ_WKDL260014935-1A_253MYVLT4_L7_1.fq.gz	SdA1106208FWGSZ_WKDL260014935-1A_253MYVLT4_L7_2.fq.gz		FALSE			
Sde-ABol_064-Ex1	SdA1106408HWGSZ_WKDL260014935-1A_253MYVLT4_L6	/archive/carpenterlab/pire/raw_sequence_archive/spratelloides_delicatulus/20260917_Sde-lcwgs	wahab	lcwgs		SdA1106408HWGSZ_WKDL260014935-1A_253MYVLT4_L6_1.fq.gz	SdA1106408HWGSZ_WKDL260014935-1A_253MYVLT4_L6_2.fq.gz		FALSE			
Sde-ABol_064-Ex1	SdA1106408HWGSZ_WKDL260014935-1A_253MYVLT4_L7	/archive/carpenterlab/pire/raw_sequence_archive/spratelloides_delicatulus/20260917_Sde-lcwgs	wahab	lcwgs		SdA1106408HWGSZ_WKDL260014935-1A_253MYVLT4_L7_1.fq.gz	SdA1106408HWGSZ_WKDL260014935-1A_253MYVLT4_L7_2.fq.gz		FALSE			
Sde-ABol_066-Ex1	SdA1106609BWGSZ_WKDL260014935-1A_253MYVLT4_L6	/archive/carpenterlab/pire/raw_sequence_archive/spratelloides_delicatulus/20260917_Sde-lcwgs	wahab	lcwgs		SdA1106609BWGSZ_WKDL260014935-1A_253MYVLT4_L6_1.fq.gz	SdA1106609BWGSZ_WKDL260014935-1A_253MYVLT4_L6_2.fq.gz		FALSE			
Sde-ABol_066-Ex1	SdA1106609BWGSZ_WKDL260014935-1A_253MYVLT4_L7	/archive/carpenterlab/pire/raw_sequence_archive/spratelloides_delicatulus/20260917_Sde-lcwgs	wahab	lcwgs		SdA1106609BWGSZ_WKDL260014935-1A_253MYVLT4_L7_1.fq.gz	SdA1106609BWGSZ_WKDL260014935-1A_253MYVLT4_L7_2.fq.gz		FALSE			
Sde-ABol_067-Ex1	SdA1106709CWGSZ_WKDL260014935-1A_253MYVLT4_L6	/archive/carpenterlab/pire/raw_sequence_archive/spratelloides_delicatulus/20260917_Sde-lcwgs	wahab	lcwgs		SdA1106709CWGSZ_WKDL260014935-1A_253MYVLT4_L6_1.fq.gz	SdA1106709CWGSZ_WKDL260014935-1A_253MYVLT4_L6_2.fq.gz		FALSE			
Sde-ABol_067-Ex1	SdA1106709CWGSZ_WKDL260014935-1A_253MYVLT4_L7	/archive/carpenterlab/pire/raw_sequence_archive/spratelloides_delicatulus/20260917_Sde-lcwgs	wahab	lcwgs		SdA1106709CWGSZ_WKDL260014935-1A_253MYVLT4_L7_1.fq.gz	SdA1106709CWGSZ_WKDL260014935-1A_253MYVLT4_L7_2.fq.gz		FALSE			
Sde-ABol_068-Ex1	SdA1106809DWGSZ_WKDL260014935-1A_253MYVLT4_L6	/archive/carpenterlab/pire/raw_sequence_archive/spratelloides_delicatulus/20260917_Sde-lcwgs	wahab	lcwgs		SdA1106809DWGSZ_WKDL260014935-1A_253MYVLT4_L6_1.fq.gz	SdA1106809DWGSZ_WKDL260014935-1A_253MYVLT4_L6_2.fq.gz		FALSE			
Sde-ABol_068-Ex1	SdA1106809DWGSZ_WKDL260014935-1A_253MYVLT4_L7	/archive/carpenterlab/pire/raw_sequence_archive/spratelloides_delicatulus/20260917_Sde-lcwgs	wahab	lcwgs		SdA1106809DWGSZ_WKDL260014935-1A_253MYVLT4_L7_1.fq.gz	SdA1106809DWGSZ_WKDL260014935-1A_253MYVLT4_L7_2.fq.gz		FALSE			
Sde-ABol_070-Ex1	SdA1107009FWGSZ_WKDL260014935-1A_253MYVLT4_L6	/archive/carpenterlab/pire/raw_sequence_archive/spratelloides_delicatulus/20260917_Sde-lcwgs	wahab	lcwgs		SdA1107009FWGSZ_WKDL260014935-1A_253MYVLT4_L6_1.fq.gz	SdA1107009FWGSZ_WKDL260014935-1A_253MYVLT4_L6_2.fq.gz		FALSE			
Sde-ABol_070-Ex1	SdA1107009FWGSZ_WKDL260014935-1A_253MYVLT4_L7	/archive/carpenterlab/pire/raw_sequence_archive/spratelloides_delicatulus/20260917_Sde-lcwgs	wahab	lcwgs		SdA1107009FWGSZ_WKDL260014935-1A_253MYVLT4_L7_1.fq.gz	SdA1107009FWGSZ_WKDL260014935-1A_253MYVLT4_L7_2.fq.gz		FALSE			
Sde-ABol_078-Ex1	SdA1107810FWGSZ_WKDL260014935-1A_253MYVLT4_L6	/archive/carpenterlab/pire/raw_sequence_archive/spratelloides_delicatulus/20260917_Sde-lcwgs	wahab	lcwgs		SdA1107810FWGSZ_WKDL260014935-1A_253MYVLT4_L6_1.fq.gz	SdA1107810FWGSZ_WKDL260014935-1A_253MYVLT4_L6_2.fq.gz		FALSE			
Sde-ABol_078-Ex1	SdA1107810FWGSZ_WKDL260014935-1A_253MYVLT4_L7	/archive/carpenterlab/pire/raw_sequence_archive/spratelloides_delicatulus/20260917_Sde-lcwgs	wahab	lcwgs		SdA1107810FWGSZ_WKDL260014935-1A_253MYVLT4_L7_1.fq.gz	SdA1107810FWGSZ_WKDL260014935-1A_253MYVLT4_L7_2.fq.gz		FALSE			
Sde-ABol_080-Ex1	SdA1108010HWGSZ_WKDL260014935-1A_253MYVLT4_L6	/archive/carpenterlab/pire/raw_sequence_archive/spratelloides_delicatulus/20260917_Sde-lcwgs	wahab	lcwgs		SdA1108010HWGSZ_WKDL260014935-1A_253MYVLT4_L6_1.fq.gz	SdA1108010HWGSZ_WKDL260014935-1A_253MYVLT4_L6_2.fq.gz		FALSE			
Sde-ABol_080-Ex1	SdA1108010HWGSZ_WKDL260014935-1A_253MYVLT4_L7	/archive/carpenterlab/pire/raw_sequence_archive/spratelloides_delicatulus/20260917_Sde-lcwgs	wahab	lcwgs		SdA1108010HWGSZ_WKDL260014935-1A_253MYVLT4_L7_1.fq.gz	SdA1108010HWGSZ_WKDL260014935-1A_253MYVLT4_L7_2.fq.gz		FALSE			
Sde-ABol_081-Ex1	SdA1108111AWGSZ_WKDL260014935-1A_253MYVLT4_L6	/archive/carpenterlab/pire/raw_sequence_archive/spratelloides_delicatulus/20260917_Sde-lcwgs	wahab	lcwgs		SdA1108111AWGSZ_WKDL260014935-1A_253MYVLT4_L6_1.fq.gz	SdA1108111AWGSZ_WKDL260014935-1A_253MYVLT4_L6_2.fq.gz		FALSE			
Sde-ABol_081-Ex1	SdA1108111AWGSZ_WKDL260014935-1A_253MYVLT4_L7	/archive/carpenterlab/pire/raw_sequence_archive/spratelloides_delicatulus/20260917_Sde-lcwgs	wahab	lcwgs		SdA1108111AWGSZ_WKDL260014935-1A_253MYVLT4_L7_1.fq.gz	SdA1108111AWGSZ_WKDL260014935-1A_253MYVLT4_L7_2.fq.gz		FALSE			
Sde-ABol_085-Ex1	SdA1108511EWGSZ_WKDL260014935-1A_253MYVLT4_L6	/archive/carpenterlab/pire/raw_sequence_archive/spratelloides_delicatulus/20260917_Sde-lcwgs	wahab	lcwgs		SdA1108511EWGSZ_WKDL260014935-1A_253MYVLT4_L6_1.fq.gz	SdA1108511EWGSZ_WKDL260014935-1A_253MYVLT4_L6_2.fq.gz		FALSE			
Sde-ABol_085-Ex1	SdA1108511EWGSZ_WKDL260014935-1A_253MYVLT4_L7	/archive/carpenterlab/pire/raw_sequence_archive/spratelloides_delicatulus/20260917_Sde-lcwgs	wahab	lcwgs		SdA1108511EWGSZ_WKDL260014935-1A_253MYVLT4_L7_1.fq.gz	SdA1108511EWGSZ_WKDL260014935-1A_253MYVLT4_L7_2.fq.gz		FALSE			
Sde-ABol_088-Ex1	SdA1108811HWGSZ_WKDL260014935-1A_253MYVLT4_L6	/archive/carpenterlab/pire/raw_sequence_archive/spratelloides_delicatulus/20260917_Sde-lcwgs	wahab	lcwgs		SdA1108811HWGSZ_WKDL260014935-1A_253MYVLT4_L6_1.fq.gz	SdA1108811HWGSZ_WKDL260014935-1A_253MYVLT4_L6_2.fq.gz		FALSE			
Sde-ABol_088-Ex1	SdA1108811HWGSZ_WKDL260014935-1A_253MYVLT4_L7	/archive/carpenterlab/pire/raw_sequence_archive/spratelloides_delicatulus/20260917_Sde-lcwgs	wahab	lcwgs		SdA1108811HWGSZ_WKDL260014935-1A_253MYVLT4_L7_1.fq.gz	SdA1108811HWGSZ_WKDL260014935-1A_253MYVLT4_L7_2.fq.gz		FALSE			
Sde-ABol_091-Ex1	SdA1109112CWGSZ_WKDL260014935-1A_253MYVLT4_L6	/archive/carpenterlab/pire/raw_sequence_archive/spratelloides_delicatulus/20260917_Sde-lcwgs	wahab	lcwgs		SdA1109112CWGSZ_WKDL260014935-1A_253MYVLT4_L6_1.fq.gz	SdA1109112CWGSZ_WKDL260014935-1A_253MYVLT4_L6_2.fq.gz		FALSE			
Sde-ABol_091-Ex1	SdA1109112CWGSZ_WKDL260014935-1A_253MYVLT4_L7	/archive/carpenterlab/pire/raw_sequence_archive/spratelloides_delicatulus/20260917_Sde-lcwgs	wahab	lcwgs		SdA1109112CWGSZ_WKDL260014935-1A_253MYVLT4_L7_1.fq.gz	SdA1109112CWGSZ_WKDL260014935-1A_253MYVLT4_L7_2.fq.gz		FALSE			
Sde-ABol_093-Ex1	SdA1109312EWGSZ_WKDL260014935-1A_253MYVLT4_L6	/archive/carpenterlab/pire/raw_sequence_archive/spratelloides_delicatulus/20260917_Sde-lcwgs	wahab	lcwgs		SdA1109312EWGSZ_WKDL260014935-1A_253MYVLT4_L6_1.fq.gz	SdA1109312EWGSZ_WKDL260014935-1A_253MYVLT4_L6_2.fq.gz		FALSE			
Sde-ABol_093-Ex1	SdA1109312EWGSZ_WKDL260014935-1A_253MYVLT4_L7	/archive/carpenterlab/pire/raw_sequence_archive/spratelloides_delicatulus/20260917_Sde-lcwgs	wahab	lcwgs		SdA1109312EWGSZ_WKDL260014935-1A_253MYVLT4_L7_1.fq.gz	SdA1109312EWGSZ_WKDL260014935-1A_253MYVLT4_L7_2.fq.gz		FALSE			
Sde-AIna_001-Ex1	SdA1200105AWGSZ_WKDL260014935-1A_253MYVLT4_L6	/archive/carpenterlab/pire/raw_sequence_archive/spratelloides_delicatulus/20260917_Sde-lcwgs	wahab	lcwgs		SdA1200105AWGSZ_WKDL260014935-1A_253MYVLT4_L6_1.fq.gz	SdA1200105AWGSZ_WKDL260014935-1A_253MYVLT4_L6_2.fq.gz		FALSE			
Sde-AIna_001-Ex1	SdA1200105AWGSZ_WKDL260014935-1A_253MYVLT4_L7	/archive/carpenterlab/pire/raw_sequence_archive/spratelloides_delicatulus/20260917_Sde-lcwgs	wahab	lcwgs		SdA1200105AWGSZ_WKDL260014935-1A_253MYVLT4_L7_1.fq.gz	SdA1200105AWGSZ_WKDL260014935-1A_253MYVLT4_L7_2.fq.gz		FALSE			
Sde-AIna_002-Ex1	SdA1200205BWGSZ_WKDL260014935-1A_253MYVLT4_L6	/archive/carpenterlab/pire/raw_sequence_archive/spratelloides_delicatulus/20260917_Sde-lcwgs	wahab	lcwgs		SdA1200205BWGSZ_WKDL260014935-1A_253MYVLT4_L6_1.fq.gz	SdA1200205BWGSZ_WKDL260014935-1A_253MYVLT4_L6_2.fq.gz		FALSE			
Sde-AIna_002-Ex1	SdA1200205BWGSZ_WKDL260014935-1A_253MYVLT4_L7	/archive/carpenterlab/pire/raw_sequence_archive/spratelloides_delicatulus/20260917_Sde-lcwgs	wahab	lcwgs		SdA1200205BWGSZ_WKDL260014935-1A_253MYVLT4_L7_1.fq.gz	SdA1200205BWGSZ_WKDL260014935-1A_253MYVLT4_L7_2.fq.gz		FALSE			
Sde-AIna_003-Ex1	SdA1200305CWGSZ_WKDL260014935-1A_253MYVLT4_L6	/archive/carpenterlab/pire/raw_sequence_archive/spratelloides_delicatulus/20260917_Sde-lcwgs	wahab	lcwgs		SdA1200305CWGSZ_WKDL260014935-1A_253MYVLT4_L6_1.fq.gz	SdA1200305CWGSZ_WKDL260014935-1A_253MYVLT4_L6_2.fq.gz		FALSE			
Sde-AIna_003-Ex1	SdA1200305CWGSZ_WKDL260014935-1A_253MYVLT4_L7	/archive/carpenterlab/pire/raw_sequence_archive/spratelloides_delicatulus/20260917_Sde-lcwgs	wahab	lcwgs		SdA1200305CWGSZ_WKDL260014935-1A_253MYVLT4_L7_1.fq.gz	SdA1200305CWGSZ_WKDL260014935-1A_253MYVLT4_L7_2.fq.gz		FALSE			
Sde-AIna_004-Ex1	SdA1200405DWGSZ_WKDL260014935-1A_253MYVLT4_L6	/archive/carpenterlab/pire/raw_sequence_archive/spratelloides_delicatulus/20260917_Sde-lcwgs	wahab	lcwgs		SdA1200405DWGSZ_WKDL260014935-1A_253MYVLT4_L6_1.fq.gz	SdA1200405DWGSZ_WKDL260014935-1A_253MYVLT4_L6_2.fq.gz		FALSE			
Sde-AIna_004-Ex1	SdA1200405DWGSZ_WKDL260014935-1A_253MYVLT4_L7	/archive/carpenterlab/pire/raw_sequence_archive/spratelloides_delicatulus/20260917_Sde-lcwgs	wahab	lcwgs		SdA1200405DWGSZ_WKDL260014935-1A_253MYVLT4_L7_1.fq.gz	SdA1200405DWGSZ_WKDL260014935-1A_253MYVLT4_L7_2.fq.gz		FALSE			
Sde-AIna_005-Ex1	SdA1200501AWGSZ_WKDL260014935-1A_253MYVLT4_L6	/archive/carpenterlab/pire/raw_sequence_archive/spratelloides_delicatulus/20260917_Sde-lcwgs	wahab	lcwgs		SdA1200501AWGSZ_WKDL260014935-1A_253MYVLT4_L6_1.fq.gz	SdA1200501AWGSZ_WKDL260014935-1A_253MYVLT4_L6_2.fq.gz		FALSE			
Sde-AIna_005-Ex1	SdA1200501AWGSZ_WKDL260014935-1A_253MYVLT4_L7	/archive/carpenterlab/pire/raw_sequence_archive/spratelloides_delicatulus/20260917_Sde-lcwgs	wahab	lcwgs		SdA1200501AWGSZ_WKDL260014935-1A_253MYVLT4_L7_1.fq.gz	SdA1200501AWGSZ_WKDL260014935-1A_253MYVLT4_L7_2.fq.gz		FALSE			
Sde-AIna_006-Ex1	SdA1200605EWGSZ_WKDL260014935-1A_253MYVLT4_L6	/archive/carpenterlab/pire/raw_sequence_archive/spratelloides_delicatulus/20260917_Sde-lcwgs	wahab	lcwgs		SdA1200605EWGSZ_WKDL260014935-1A_253MYVLT4_L6_1.fq.gz	SdA1200605EWGSZ_WKDL260014935-1A_253MYVLT4_L6_2.fq.gz		FALSE			
Sde-AIna_006-Ex1	SdA1200605EWGSZ_WKDL260014935-1A_253MYVLT4_L7	/archive/carpenterlab/pire/raw_sequence_archive/spratelloides_delicatulus/20260917_Sde-lcwgs	wahab	lcwgs		SdA1200605EWGSZ_WKDL260014935-1A_253MYVLT4_L7_1.fq.gz	SdA1200605EWGSZ_WKDL260014935-1A_253MYVLT4_L7_2.fq.gz		FALSE			
Sde-AIna_007-Ex1	SdA1200701BWGSZ_WKDL260014935-1A_253MYVLT4_L6	/archive/carpenterlab/pire/raw_sequence_archive/spratelloides_delicatulus/20260917_Sde-lcwgs	wahab	lcwgs		SdA1200701BWGSZ_WKDL260014935-1A_253MYVLT4_L6_1.fq.gz	SdA1200701BWGSZ_WKDL260014935-1A_253MYVLT4_L6_2.fq.gz		FALSE			
Sde-AIna_007-Ex1	SdA1200701BWGSZ_WKDL260014935-1A_253MYVLT4_L7	/archive/carpenterlab/pire/raw_sequence_archive/spratelloides_delicatulus/20260917_Sde-lcwgs	wahab	lcwgs		SdA1200701BWGSZ_WKDL260014935-1A_253MYVLT4_L7_1.fq.gz	SdA1200701BWGSZ_WKDL260014935-1A_253MYVLT4_L7_2.fq.gz		FALSE			
Sde-AIna_008-Ex1	SdA1200805FWGSZ_WKDL260014935-1A_253MYVLT4_L6	/archive/carpenterlab/pire/raw_sequence_archive/spratelloides_delicatulus/20260917_Sde-lcwgs	wahab	lcwgs		SdA1200805FWGSZ_WKDL260014935-1A_253MYVLT4_L6_1.fq.gz	SdA1200805FWGSZ_WKDL260014935-1A_253MYVLT4_L6_2.fq.gz		FALSE			
Sde-AIna_008-Ex1	SdA1200805FWGSZ_WKDL260014935-1A_253MYVLT4_L7	/archive/carpenterlab/pire/raw_sequence_archive/spratelloides_delicatulus/20260917_Sde-lcwgs	wahab	lcwgs		SdA1200805FWGSZ_WKDL260014935-1A_253MYVLT4_L7_1.fq.gz	SdA1200805FWGSZ_WKDL260014935-1A_253MYVLT4_L7_2.fq.gz		FALSE			
Sde-AIna_009-Ex1	SdA1200905GWGSZ_WKDL260014935-1A_253MYVLT4_L6	/archive/carpenterlab/pire/raw_sequence_archive/spratelloides_delicatulus/20260917_Sde-lcwgs	wahab	lcwgs		SdA1200905GWGSZ_WKDL260014935-1A_253MYVLT4_L6_1.fq.gz	SdA1200905GWGSZ_WKDL260014935-1A_253MYVLT4_L6_2.fq.gz		FALSE			
Sde-AIna_009-Ex1	SdA1200905GWGSZ_WKDL260014935-1A_253MYVLT4_L7	/archive/carpenterlab/pire/raw_sequence_archive/spratelloides_delicatulus/20260917_Sde-lcwgs	wahab	lcwgs		SdA1200905GWGSZ_WKDL260014935-1A_253MYVLT4_L7_1.fq.gz	SdA1200905GWGSZ_WKDL260014935-1A_253MYVLT4_L7_2.fq.gz		FALSE			
Sde-AIna_010-Ex1	SdA1201005HWGSZ_WKDL260014935-1A_253MYVLT4_L6	/archive/carpenterlab/pire/raw_sequence_archive/spratelloides_delicatulus/20260917_Sde-lcwgs	wahab	lcwgs		SdA1201005HWGSZ_WKDL260014935-1A_253MYVLT4_L6_1.fq.gz	SdA1201005HWGSZ_WKDL260014935-1A_253MYVLT4_L6_2.fq.gz		FALSE			
Sde-AIna_010-Ex1	SdA1201005HWGSZ_WKDL260014935-1A_253MYVLT4_L7	/archive/carpenterlab/pire/raw_sequence_archive/spratelloides_delicatulus/20260917_Sde-lcwgs	wahab	lcwgs		SdA1201005HWGSZ_WKDL260014935-1A_253MYVLT4_L7_1.fq.gz	SdA1201005HWGSZ_WKDL260014935-1A_253MYVLT4_L7_2.fq.gz		FALSE			
Sde-AIna_011-Ex1	SdA1201106AWGSZ_WKDL260014935-1A_253MYVLT4_L6	/archive/carpenterlab/pire/raw_sequence_archive/spratelloides_delicatulus/20260917_Sde-lcwgs	wahab	lcwgs		SdA1201106AWGSZ_WKDL260014935-1A_253MYVLT4_L6_1.fq.gz	SdA1201106AWGSZ_WKDL260014935-1A_253MYVLT4_L6_2.fq.gz		FALSE			
Sde-AIna_011-Ex1	SdA1201106AWGSZ_WKDL260014935-1A_253MYVLT4_L7	/archive/carpenterlab/pire/raw_sequence_archive/spratelloides_delicatulus/20260917_Sde-lcwgs	wahab	lcwgs		SdA1201106AWGSZ_WKDL260014935-1A_253MYVLT4_L7_1.fq.gz	SdA1201106AWGSZ_WKDL260014935-1A_253MYVLT4_L7_2.fq.gz		FALSE			
Sde-AIna_012-Ex1	SdA1201206BWGSZ_WKDL260014935-1A_253MYVLT4_L6	/archive/carpenterlab/pire/raw_sequence_archive/spratelloides_delicatulus/20260917_Sde-lcwgs	wahab	lcwgs		SdA1201206BWGSZ_WKDL260014935-1A_253MYVLT4_L6_1.fq.gz	SdA1201206BWGSZ_WKDL260014935-1A_253MYVLT4_L6_2.fq.gz		FALSE			
Sde-AIna_012-Ex1	SdA1201206BWGSZ_WKDL260014935-1A_253MYVLT4_L7	/archive/carpenterlab/pire/raw_sequence_archive/spratelloides_delicatulus/20260917_Sde-lcwgs	wahab	lcwgs		SdA1201206BWGSZ_WKDL260014935-1A_253MYVLT4_L7_1.fq.gz	SdA1201206BWGSZ_WKDL260014935-1A_253MYVLT4_L7_2.fq.gz		FALSE			
Sde-AIna_013-Ex1	SdA1201306CWGSZ_WKDL260014935-1A_253MYVLT4_L6	/archive/carpenterlab/pire/raw_sequence_archive/spratelloides_delicatulus/20260917_Sde-lcwgs	wahab	lcwgs		SdA1201306CWGSZ_WKDL260014935-1A_253MYVLT4_L6_1.fq.gz	SdA1201306CWGSZ_WKDL260014935-1A_253MYVLT4_L6_2.fq.gz		FALSE			
Sde-AIna_013-Ex1	SdA1201306CWGSZ_WKDL260014935-1A_253MYVLT4_L7	/archive/carpenterlab/pire/raw_sequence_archive/spratelloides_delicatulus/20260917_Sde-lcwgs	wahab	lcwgs		SdA1201306CWGSZ_WKDL260014935-1A_253MYVLT4_L7_1.fq.gz	SdA1201306CWGSZ_WKDL260014935-1A_253MYVLT4_L7_2.fq.gz		FALSE			
Sde-AIna_014-Ex1	SdA1201406DWGSZ_WKDL260014935-1A_253MYVLT4_L6	/archive/carpenterlab/pire/raw_sequence_archive/spratelloides_delicatulus/20260917_Sde-lcwgs	wahab	lcwgs		SdA1201406DWGSZ_WKDL260014935-1A_253MYVLT4_L6_1.fq.gz	SdA1201406DWGSZ_WKDL260014935-1A_253MYVLT4_L6_2.fq.gz		FALSE			
Sde-AIna_014-Ex1	SdA1201406DWGSZ_WKDL260014935-1A_253MYVLT4_L7	/archive/carpenterlab/pire/raw_sequence_archive/spratelloides_delicatulus/20260917_Sde-lcwgs	wahab	lcwgs		SdA1201406DWGSZ_WKDL260014935-1A_253MYVLT4_L7_1.fq.gz	SdA1201406DWGSZ_WKDL260014935-1A_253MYVLT4_L7_2.fq.gz		FALSE			
Sde-AIna_015-Ex1	SdA1201501CWGSZ_WKDL260014935-1A_253MYVLT4_L6	/archive/carpenterlab/pire/raw_sequence_archive/spratelloides_delicatulus/20260917_Sde-lcwgs	wahab	lcwgs		SdA1201501CWGSZ_WKDL260014935-1A_253MYVLT4_L6_1.fq.gz	SdA1201501CWGSZ_WKDL260014935-1A_253MYVLT4_L6_2.fq.gz		FALSE			
Sde-AIna_015-Ex1	SdA1201501CWGSZ_WKDL260014935-1A_253MYVLT4_L7	/archive/carpenterlab/pire/raw_sequence_archive/spratelloides_delicatulus/20260917_Sde-lcwgs	wahab	lcwgs		SdA1201501CWGSZ_WKDL260014935-1A_253MYVLT4_L7_1.fq.gz	SdA1201501CWGSZ_WKDL260014935-1A_253MYVLT4_L7_2.fq.gz		FALSE			
Sde-AIna_016-Ex1	SdA1201601DWGSZ_WKDL260014935-1A_253MYVLT4_L6	/archive/carpenterlab/pire/raw_sequence_archive/spratelloides_delicatulus/20260917_Sde-lcwgs	wahab	lcwgs		SdA1201601DWGSZ_WKDL260014935-1A_253MYVLT4_L6_1.fq.gz	SdA1201601DWGSZ_WKDL260014935-1A_253MYVLT4_L6_2.fq.gz		FALSE			
Sde-AIna_016-Ex1	SdA1201601DWGSZ_WKDL260014935-1A_253MYVLT4_L7	/archive/carpenterlab/pire/raw_sequence_archive/spratelloides_delicatulus/20260917_Sde-lcwgs	wahab	lcwgs		SdA1201601DWGSZ_WKDL260014935-1A_253MYVLT4_L7_1.fq.gz	SdA1201601DWGSZ_WKDL260014935-1A_253MYVLT4_L7_2.fq.gz		FALSE			
Sde-AIna_017-Ex1	SdA1201701EWGSZ_WKDL260014935-1A_253MYVLT4_L6	/archive/carpenterlab/pire/raw_sequence_archive/spratelloides_delicatulus/20260917_Sde-lcwgs	wahab	lcwgs		SdA1201701EWGSZ_WKDL260014935-1A_253MYVLT4_L6_1.fq.gz	SdA1201701EWGSZ_WKDL260014935-1A_253MYVLT4_L6_2.fq.gz		FALSE			
Sde-AIna_017-Ex1	SdA1201701EWGSZ_WKDL260014935-1A_253MYVLT4_L7	/archive/carpenterlab/pire/raw_sequence_archive/spratelloides_delicatulus/20260917_Sde-lcwgs	wahab	lcwgs		SdA1201701EWGSZ_WKDL260014935-1A_253MYVLT4_L7_1.fq.gz	SdA1201701EWGSZ_WKDL260014935-1A_253MYVLT4_L7_2.fq.gz		FALSE			
Sde-AIna_018-Ex1	SdA1201806EWGSZ_WKDL260014935-1A_253MYVLT4_L6	/archive/carpenterlab/pire/raw_sequence_archive/spratelloides_delicatulus/20260917_Sde-lcwgs	wahab	lcwgs		SdA1201806EWGSZ_WKDL260014935-1A_253MYVLT4_L6_1.fq.gz	SdA1201806EWGSZ_WKDL260014935-1A_253MYVLT4_L6_2.fq.gz		FALSE			
Sde-AIna_018-Ex1	SdA1201806EWGSZ_WKDL260014935-1A_253MYVLT4_L7	/archive/carpenterlab/pire/raw_sequence_archive/spratelloides_delicatulus/20260917_Sde-lcwgs	wahab	lcwgs		SdA1201806EWGSZ_WKDL260014935-1A_253MYVLT4_L7_1.fq.gz	SdA1201806EWGSZ_WKDL260014935-1A_253MYVLT4_L7_2.fq.gz		FALSE			
Sde-AIna_019-Ex1	SdA1201906FWGSZ_WKDL260014935-1A_253MYVLT4_L6	/archive/carpenterlab/pire/raw_sequence_archive/spratelloides_delicatulus/20260917_Sde-lcwgs	wahab	lcwgs		SdA1201906FWGSZ_WKDL260014935-1A_253MYVLT4_L6_1.fq.gz	SdA1201906FWGSZ_WKDL260014935-1A_253MYVLT4_L6_2.fq.gz		FALSE			
Sde-AIna_019-Ex1	SdA1201906FWGSZ_WKDL260014935-1A_253MYVLT4_L7	/archive/carpenterlab/pire/raw_sequence_archive/spratelloides_delicatulus/20260917_Sde-lcwgs	wahab	lcwgs		SdA1201906FWGSZ_WKDL260014935-1A_253MYVLT4_L7_1.fq.gz	SdA1201906FWGSZ_WKDL260014935-1A_253MYVLT4_L7_2.fq.gz		FALSE			
Sde-AIna_020-Ex1	SdA1202006GWGSZ_WKDL260014935-1A_253MYVLT4_L6	/archive/carpenterlab/pire/raw_sequence_archive/spratelloides_delicatulus/20260917_Sde-lcwgs	wahab	lcwgs		SdA1202006GWGSZ_WKDL260014935-1A_253MYVLT4_L6_1.fq.gz	SdA1202006GWGSZ_WKDL260014935-1A_253MYVLT4_L6_2.fq.gz		FALSE			
Sde-AIna_020-Ex1	SdA1202006GWGSZ_WKDL260014935-1A_253MYVLT4_L7	/archive/carpenterlab/pire/raw_sequence_archive/spratelloides_delicatulus/20260917_Sde-lcwgs	wahab	lcwgs		SdA1202006GWGSZ_WKDL260014935-1A_253MYVLT4_L7_1.fq.gz	SdA1202006GWGSZ_WKDL260014935-1A_253MYVLT4_L7_2.fq.gz		FALSE			
Sde-AIna_021-Ex1	SdA1202106HWGSZ_WKDL260014935-1A_253MYVLT4_L6	/archive/carpenterlab/pire/raw_sequence_archive/spratelloides_delicatulus/20260917_Sde-lcwgs	wahab	lcwgs		SdA1202106HWGSZ_WKDL260014935-1A_253MYVLT4_L6_1.fq.gz	SdA1202106HWGSZ_WKDL260014935-1A_253MYVLT4_L6_2.fq.gz		FALSE			
Sde-AIna_021-Ex1	SdA1202106HWGSZ_WKDL260014935-1A_253MYVLT4_L7	/archive/carpenterlab/pire/raw_sequence_archive/spratelloides_delicatulus/20260917_Sde-lcwgs	wahab	lcwgs		SdA1202106HWGSZ_WKDL260014935-1A_253MYVLT4_L7_1.fq.gz	SdA1202106HWGSZ_WKDL260014935-1A_253MYVLT4_L7_2.fq.gz		FALSE			
Sde-AIna_022-Ex1	SdA1202207AWGSZ_WKDL260014935-1A_253MYVLT4_L6	/archive/carpenterlab/pire/raw_sequence_archive/spratelloides_delicatulus/20260917_Sde-lcwgs	wahab	lcwgs		SdA1202207AWGSZ_WKDL260014935-1A_253MYVLT4_L6_1.fq.gz	SdA1202207AWGSZ_WKDL260014935-1A_253MYVLT4_L6_2.fq.gz		FALSE			
Sde-AIna_022-Ex1	SdA1202207AWGSZ_WKDL260014935-1A_253MYVLT4_L7	/archive/carpenterlab/pire/raw_sequence_archive/spratelloides_delicatulus/20260917_Sde-lcwgs	wahab	lcwgs		SdA1202207AWGSZ_WKDL260014935-1A_253MYVLT4_L7_1.fq.gz	SdA1202207AWGSZ_WKDL260014935-1A_253MYVLT4_L7_2.fq.gz		FALSE			
Sde-AIna_023-Ex1	SdA1202307BWGSZ_WKDL260014935-1A_253MYVLT4_L6	/archive/carpenterlab/pire/raw_sequence_archive/spratelloides_delicatulus/20260917_Sde-lcwgs	wahab	lcwgs		SdA1202307BWGSZ_WKDL260014935-1A_253MYVLT4_L6_1.fq.gz	SdA1202307BWGSZ_WKDL260014935-1A_253MYVLT4_L6_2.fq.gz		FALSE			
Sde-AIna_023-Ex1	SdA1202307BWGSZ_WKDL260014935-1A_253MYVLT4_L7	/archive/carpenterlab/pire/raw_sequence_archive/spratelloides_delicatulus/20260917_Sde-lcwgs	wahab	lcwgs		SdA1202307BWGSZ_WKDL260014935-1A_253MYVLT4_L7_1.fq.gz	SdA1202307BWGSZ_WKDL260014935-1A_253MYVLT4_L7_2.fq.gz		FALSE			
Sde-AIna_024-Ex1	SdA1202407CWGSZ_WKDL260014935-1A_253MYVLT4_L6	/archive/carpenterlab/pire/raw_sequence_archive/spratelloides_delicatulus/20260917_Sde-lcwgs	wahab	lcwgs		SdA1202407CWGSZ_WKDL260014935-1A_253MYVLT4_L6_1.fq.gz	SdA1202407CWGSZ_WKDL260014935-1A_253MYVLT4_L6_2.fq.gz		FALSE			
Sde-AIna_024-Ex1	SdA1202407CWGSZ_WKDL260014935-1A_253MYVLT4_L7	/archive/carpenterlab/pire/raw_sequence_archive/spratelloides_delicatulus/20260917_Sde-lcwgs	wahab	lcwgs		SdA1202407CWGSZ_WKDL260014935-1A_253MYVLT4_L7_1.fq.gz	SdA1202407CWGSZ_WKDL260014935-1A_253MYVLT4_L7_2.fq.gz		FALSE			
Sde-AIna_025-Ex1	SdA1202507DWGSZ_WKDL260014935-1A_253MYVLT4_L6	/archive/carpenterlab/pire/raw_sequence_archive/spratelloides_delicatulus/20260917_Sde-lcwgs	wahab	lcwgs		SdA1202507DWGSZ_WKDL260014935-1A_253MYVLT4_L6_1.fq.gz	SdA1202507DWGSZ_WKDL260014935-1A_253MYVLT4_L6_2.fq.gz		FALSE			
Sde-AIna_025-Ex1	SdA1202507DWGSZ_WKDL260014935-1A_253MYVLT4_L7	/archive/carpenterlab/pire/raw_sequence_archive/spratelloides_delicatulus/20260917_Sde-lcwgs	wahab	lcwgs		SdA1202507DWGSZ_WKDL260014935-1A_253MYVLT4_L7_1.fq.gz	SdA1202507DWGSZ_WKDL260014935-1A_253MYVLT4_L7_2.fq.gz		FALSE			
Sde-AIna_026-Ex1	SdA1202607EWGSZ_WKDL260014935-1A_253MYVLT4_L6	/archive/carpenterlab/pire/raw_sequence_archive/spratelloides_delicatulus/20260917_Sde-lcwgs	wahab	lcwgs		SdA1202607EWGSZ_WKDL260014935-1A_253MYVLT4_L6_1.fq.gz	SdA1202607EWGSZ_WKDL260014935-1A_253MYVLT4_L6_2.fq.gz		FALSE			
Sde-AIna_026-Ex1	SdA1202607EWGSZ_WKDL260014935-1A_253MYVLT4_L7	/archive/carpenterlab/pire/raw_sequence_archive/spratelloides_delicatulus/20260917_Sde-lcwgs	wahab	lcwgs		SdA1202607EWGSZ_WKDL260014935-1A_253MYVLT4_L7_1.fq.gz	SdA1202607EWGSZ_WKDL260014935-1A_253MYVLT4_L7_2.fq.gz		FALSE			
Sde-AIna_027-Ex1	SdA1202707FWGSZ_WKDL260014935-1A_253MYVLT4_L6	/archive/carpenterlab/pire/raw_sequence_archive/spratelloides_delicatulus/20260917_Sde-lcwgs	wahab	lcwgs		SdA1202707FWGSZ_WKDL260014935-1A_253MYVLT4_L6_1.fq.gz	SdA1202707FWGSZ_WKDL260014935-1A_253MYVLT4_L6_2.fq.gz		FALSE			
Sde-AIna_027-Ex1	SdA1202707FWGSZ_WKDL260014935-1A_253MYVLT4_L7	/archive/carpenterlab/pire/raw_sequence_archive/spratelloides_delicatulus/20260917_Sde-lcwgs	wahab	lcwgs		SdA1202707FWGSZ_WKDL260014935-1A_253MYVLT4_L7_1.fq.gz	SdA1202707FWGSZ_WKDL260014935-1A_253MYVLT4_L7_2.fq.gz		FALSE			
Sde-AIna_028-Ex1	SdA1202807GWGSZ_WKDL260014935-1A_253MYVLT4_L6	/archive/carpenterlab/pire/raw_sequence_archive/spratelloides_delicatulus/20260917_Sde-lcwgs	wahab	lcwgs		SdA1202807GWGSZ_WKDL260014935-1A_253MYVLT4_L6_1.fq.gz	SdA1202807GWGSZ_WKDL260014935-1A_253MYVLT4_L6_2.fq.gz		FALSE			
Sde-AIna_028-Ex1	SdA1202807GWGSZ_WKDL260014935-1A_253MYVLT4_L7	/archive/carpenterlab/pire/raw_sequence_archive/spratelloides_delicatulus/20260917_Sde-lcwgs	wahab	lcwgs		SdA1202807GWGSZ_WKDL260014935-1A_253MYVLT4_L7_1.fq.gz	SdA1202807GWGSZ_WKDL260014935-1A_253MYVLT4_L7_2.fq.gz		FALSE			
Sde-AIna_029-Ex1	SdA1202907HWGSZ_WKDL260014935-1A_253MYVLT4_L6	/archive/carpenterlab/pire/raw_sequence_archive/spratelloides_delicatulus/20260917_Sde-lcwgs	wahab	lcwgs		SdA1202907HWGSZ_WKDL260014935-1A_253MYVLT4_L6_1.fq.gz	SdA1202907HWGSZ_WKDL260014935-1A_253MYVLT4_L6_2.fq.gz		FALSE			
Sde-AIna_029-Ex1	SdA1202907HWGSZ_WKDL260014935-1A_253MYVLT4_L7	/archive/carpenterlab/pire/raw_sequence_archive/spratelloides_delicatulus/20260917_Sde-lcwgs	wahab	lcwgs		SdA1202907HWGSZ_WKDL260014935-1A_253MYVLT4_L7_1.fq.gz	SdA1202907HWGSZ_WKDL260014935-1A_253MYVLT4_L7_2.fq.gz		FALSE			
Sde-AIna_030-Ex1	SdA1203008AWGSZ_WKDL260014935-1A_253MYVLT4_L6	/archive/carpenterlab/pire/raw_sequence_archive/spratelloides_delicatulus/20260917_Sde-lcwgs	wahab	lcwgs		SdA1203008AWGSZ_WKDL260014935-1A_253MYVLT4_L6_1.fq.gz	SdA1203008AWGSZ_WKDL260014935-1A_253MYVLT4_L6_2.fq.gz		FALSE			
Sde-AIna_030-Ex1	SdA1203008AWGSZ_WKDL260014935-1A_253MYVLT4_L7	/archive/carpenterlab/pire/raw_sequence_archive/spratelloides_delicatulus/20260917_Sde-lcwgs	wahab	lcwgs		SdA1203008AWGSZ_WKDL260014935-1A_253MYVLT4_L7_1.fq.gz	SdA1203008AWGSZ_WKDL260014935-1A_253MYVLT4_L7_2.fq.gz		FALSE			
Sde-AIna_031-Ex1	SdA1203108BWGSZ_WKDL260014935-1A_253MYVLT4_L6	/archive/carpenterlab/pire/raw_sequence_archive/spratelloides_delicatulus/20260917_Sde-lcwgs	wahab	lcwgs		SdA1203108BWGSZ_WKDL260014935-1A_253MYVLT4_L6_1.fq.gz	SdA1203108BWGSZ_WKDL260014935-1A_253MYVLT4_L6_2.fq.gz		FALSE			
Sde-AIna_031-Ex1	SdA1203108BWGSZ_WKDL260014935-1A_253MYVLT4_L7	/archive/carpenterlab/pire/raw_sequence_archive/spratelloides_delicatulus/20260917_Sde-lcwgs	wahab	lcwgs		SdA1203108BWGSZ_WKDL260014935-1A_253MYVLT4_L7_1.fq.gz	SdA1203108BWGSZ_WKDL260014935-1A_253MYVLT4_L7_2.fq.gz		FALSE			
Sde-AIna_032-Ex1	SdA1203208CWGSZ_WKDL260014935-1A_253MYVLT4_L6	/archive/carpenterlab/pire/raw_sequence_archive/spratelloides_delicatulus/20260917_Sde-lcwgs	wahab	lcwgs		SdA1203208CWGSZ_WKDL260014935-1A_253MYVLT4_L6_1.fq.gz	SdA1203208CWGSZ_WKDL260014935-1A_253MYVLT4_L6_2.fq.gz		FALSE			
Sde-AIna_032-Ex1	SdA1203208CWGSZ_WKDL260014935-1A_253MYVLT4_L7	/archive/carpenterlab/pire/raw_sequence_archive/spratelloides_delicatulus/20260917_Sde-lcwgs	wahab	lcwgs		SdA1203208CWGSZ_WKDL260014935-1A_253MYVLT4_L7_1.fq.gz	SdA1203208CWGSZ_WKDL260014935-1A_253MYVLT4_L7_2.fq.gz		FALSE			
Sde-AIna_033-Ex1	SdA1203308DWGSZ_WKDL260014935-1A_253MYVLT4_L6	/archive/carpenterlab/pire/raw_sequence_archive/spratelloides_delicatulus/20260917_Sde-lcwgs	wahab	lcwgs		SdA1203308DWGSZ_WKDL260014935-1A_253MYVLT4_L6_1.fq.gz	SdA1203308DWGSZ_WKDL260014935-1A_253MYVLT4_L6_2.fq.gz		FALSE			
Sde-AIna_033-Ex1	SdA1203308DWGSZ_WKDL260014935-1A_253MYVLT4_L7	/archive/carpenterlab/pire/raw_sequence_archive/spratelloides_delicatulus/20260917_Sde-lcwgs	wahab	lcwgs		SdA1203308DWGSZ_WKDL260014935-1A_253MYVLT4_L7_1.fq.gz	SdA1203308DWGSZ_WKDL260014935-1A_253MYVLT4_L7_2.fq.gz		FALSE			
Sde-AIna_034-Ex1	SdA1203408EWGSZ_WKDL260014935-1A_253MYVLT4_L6	/archive/carpenterlab/pire/raw_sequence_archive/spratelloides_delicatulus/20260917_Sde-lcwgs	wahab	lcwgs		SdA1203408EWGSZ_WKDL260014935-1A_253MYVLT4_L6_1.fq.gz	SdA1203408EWGSZ_WKDL260014935-1A_253MYVLT4_L6_2.fq.gz		FALSE			
Sde-AIna_034-Ex1	SdA1203408EWGSZ_WKDL260014935-1A_253MYVLT4_L7	/archive/carpenterlab/pire/raw_sequence_archive/spratelloides_delicatulus/20260917_Sde-lcwgs	wahab	lcwgs		SdA1203408EWGSZ_WKDL260014935-1A_253MYVLT4_L7_1.fq.gz	SdA1203408EWGSZ_WKDL260014935-1A_253MYVLT4_L7_2.fq.gz		FALSE			
Sde-AIna_035-Ex1	SdA1203508FWGSZ_WKDL260014935-1A_253MYVLT4_L6	/archive/carpenterlab/pire/raw_sequence_archive/spratelloides_delicatulus/20260917_Sde-lcwgs	wahab	lcwgs		SdA1203508FWGSZ_WKDL260014935-1A_253MYVLT4_L6_1.fq.gz	SdA1203508FWGSZ_WKDL260014935-1A_253MYVLT4_L6_2.fq.gz		FALSE			
Sde-AIna_035-Ex1	SdA1203508FWGSZ_WKDL260014935-1A_253MYVLT4_L7	/archive/carpenterlab/pire/raw_sequence_archive/spratelloides_delicatulus/20260917_Sde-lcwgs	wahab	lcwgs		SdA1203508FWGSZ_WKDL260014935-1A_253MYVLT4_L7_1.fq.gz	SdA1203508FWGSZ_WKDL260014935-1A_253MYVLT4_L7_2.fq.gz		FALSE			
Sde-AIna_036-Ex1	SdA1203601FWGSZ_WKDL260014935-1A_253MYVLT4_L6	/archive/carpenterlab/pire/raw_sequence_archive/spratelloides_delicatulus/20260917_Sde-lcwgs	wahab	lcwgs		SdA1203601FWGSZ_WKDL260014935-1A_253MYVLT4_L6_1.fq.gz	SdA1203601FWGSZ_WKDL260014935-1A_253MYVLT4_L6_2.fq.gz		FALSE			
Sde-AIna_036-Ex1	SdA1203601FWGSZ_WKDL260014935-1A_253MYVLT4_L7	/archive/carpenterlab/pire/raw_sequence_archive/spratelloides_delicatulus/20260917_Sde-lcwgs	wahab	lcwgs		SdA1203601FWGSZ_WKDL260014935-1A_253MYVLT4_L7_1.fq.gz	SdA1203601FWGSZ_WKDL260014935-1A_253MYVLT4_L7_2.fq.gz		FALSE			
Sde-AIna_037-Ex1	SdA1203701GWGSZ_WKDL260014935-1A_253MYVLT4_L6	/archive/carpenterlab/pire/raw_sequence_archive/spratelloides_delicatulus/20260917_Sde-lcwgs	wahab	lcwgs		SdA1203701GWGSZ_WKDL260014935-1A_253MYVLT4_L6_1.fq.gz	SdA1203701GWGSZ_WKDL260014935-1A_253MYVLT4_L6_2.fq.gz		FALSE			
Sde-AIna_037-Ex1	SdA1203701GWGSZ_WKDL260014935-1A_253MYVLT4_L7	/archive/carpenterlab/pire/raw_sequence_archive/spratelloides_delicatulus/20260917_Sde-lcwgs	wahab	lcwgs		SdA1203701GWGSZ_WKDL260014935-1A_253MYVLT4_L7_1.fq.gz	SdA1203701GWGSZ_WKDL260014935-1A_253MYVLT4_L7_2.fq.gz		FALSE			
Sde-AIna_038-Ex1	SdA1203801HWGSZ_WKDL260014935-1A_253MYVLT4_L6	/archive/carpenterlab/pire/raw_sequence_archive/spratelloides_delicatulus/20260917_Sde-lcwgs	wahab	lcwgs		SdA1203801HWGSZ_WKDL260014935-1A_253MYVLT4_L6_1.fq.gz	SdA1203801HWGSZ_WKDL260014935-1A_253MYVLT4_L6_2.fq.gz		FALSE			
Sde-AIna_038-Ex1	SdA1203801HWGSZ_WKDL260014935-1A_253MYVLT4_L7	/archive/carpenterlab/pire/raw_sequence_archive/spratelloides_delicatulus/20260917_Sde-lcwgs	wahab	lcwgs		SdA1203801HWGSZ_WKDL260014935-1A_253MYVLT4_L7_1.fq.gz	SdA1203801HWGSZ_WKDL260014935-1A_253MYVLT4_L7_2.fq.gz		FALSE			
Sde-AIna_039-Ex1	SdA1203902AWGSZ_WKDL260014935-1A_253MYVLT4_L6	/archive/carpenterlab/pire/raw_sequence_archive/spratelloides_delicatulus/20260917_Sde-lcwgs	wahab	lcwgs		SdA1203902AWGSZ_WKDL260014935-1A_253MYVLT4_L6_1.fq.gz	SdA1203902AWGSZ_WKDL260014935-1A_253MYVLT4_L6_2.fq.gz		FALSE			
Sde-AIna_039-Ex1	SdA1203902AWGSZ_WKDL260014935-1A_253MYVLT4_L7	/archive/carpenterlab/pire/raw_sequence_archive/spratelloides_delicatulus/20260917_Sde-lcwgs	wahab	lcwgs		SdA1203902AWGSZ_WKDL260014935-1A_253MYVLT4_L7_1.fq.gz	SdA1203902AWGSZ_WKDL260014935-1A_253MYVLT4_L7_2.fq.gz		FALSE			
Sde-AIna_040-Ex1	SdA1204002BWGSZ_WKDL260014935-1A_253MYVLT4_L6	/archive/carpenterlab/pire/raw_sequence_archive/spratelloides_delicatulus/20260917_Sde-lcwgs	wahab	lcwgs		SdA1204002BWGSZ_WKDL260014935-1A_253MYVLT4_L6_1.fq.gz	SdA1204002BWGSZ_WKDL260014935-1A_253MYVLT4_L6_2.fq.gz		FALSE			
Sde-AIna_040-Ex1	SdA1204002BWGSZ_WKDL260014935-1A_253MYVLT4_L7	/archive/carpenterlab/pire/raw_sequence_archive/spratelloides_delicatulus/20260917_Sde-lcwgs	wahab	lcwgs		SdA1204002BWGSZ_WKDL260014935-1A_253MYVLT4_L7_1.fq.gz	SdA1204002BWGSZ_WKDL260014935-1A_253MYVLT4_L7_2.fq.gz		FALSE			
Sde-AIna_041-Ex1	SdA1204102CWGSZ_WKDL260014935-1A_253MYVLT4_L6	/archive/carpenterlab/pire/raw_sequence_archive/spratelloides_delicatulus/20260917_Sde-lcwgs	wahab	lcwgs		SdA1204102CWGSZ_WKDL260014935-1A_253MYVLT4_L6_1.fq.gz	SdA1204102CWGSZ_WKDL260014935-1A_253MYVLT4_L6_2.fq.gz		FALSE			
Sde-AIna_041-Ex1	SdA1204102CWGSZ_WKDL260014935-1A_253MYVLT4_L7	/archive/carpenterlab/pire/raw_sequence_archive/spratelloides_delicatulus/20260917_Sde-lcwgs	wahab	lcwgs		SdA1204102CWGSZ_WKDL260014935-1A_253MYVLT4_L7_1.fq.gz	SdA1204102CWGSZ_WKDL260014935-1A_253MYVLT4_L7_2.fq.gz		FALSE			
Sde-AIna_042-Ex1	SdA1204202DWGSZ_WKDL260014935-1A_253MYVLT4_L6	/archive/carpenterlab/pire/raw_sequence_archive/spratelloides_delicatulus/20260917_Sde-lcwgs	wahab	lcwgs		SdA1204202DWGSZ_WKDL260014935-1A_253MYVLT4_L6_1.fq.gz	SdA1204202DWGSZ_WKDL260014935-1A_253MYVLT4_L6_2.fq.gz		FALSE			
Sde-AIna_042-Ex1	SdA1204202DWGSZ_WKDL260014935-1A_253MYVLT4_L7	/archive/carpenterlab/pire/raw_sequence_archive/spratelloides_delicatulus/20260917_Sde-lcwgs	wahab	lcwgs		SdA1204202DWGSZ_WKDL260014935-1A_253MYVLT4_L7_1.fq.gz	SdA1204202DWGSZ_WKDL260014935-1A_253MYVLT4_L7_2.fq.gz		FALSE			
Sde-AIna_043-Ex1	SdA1204302EWGSZ_WKDL260014935-1A_253MYVLT4_L6	/archive/carpenterlab/pire/raw_sequence_archive/spratelloides_delicatulus/20260917_Sde-lcwgs	wahab	lcwgs		SdA1204302EWGSZ_WKDL260014935-1A_253MYVLT4_L6_1.fq.gz	SdA1204302EWGSZ_WKDL260014935-1A_253MYVLT4_L6_2.fq.gz		FALSE			
Sde-AIna_043-Ex1	SdA1204302EWGSZ_WKDL260014935-1A_253MYVLT4_L7	/archive/carpenterlab/pire/raw_sequence_archive/spratelloides_delicatulus/20260917_Sde-lcwgs	wahab	lcwgs		SdA1204302EWGSZ_WKDL260014935-1A_253MYVLT4_L7_1.fq.gz	SdA1204302EWGSZ_WKDL260014935-1A_253MYVLT4_L7_2.fq.gz		FALSE			
Sde-AIna_044-Ex1	SdA1204402FWGSZ_WKDL260014935-1A_253MYVLT4_L6	/archive/carpenterlab/pire/raw_sequence_archive/spratelloides_delicatulus/20260917_Sde-lcwgs	wahab	lcwgs		SdA1204402FWGSZ_WKDL260014935-1A_253MYVLT4_L6_1.fq.gz	SdA1204402FWGSZ_WKDL260014935-1A_253MYVLT4_L6_2.fq.gz		FALSE			
Sde-AIna_044-Ex1	SdA1204402FWGSZ_WKDL260014935-1A_253MYVLT4_L7	/archive/carpenterlab/pire/raw_sequence_archive/spratelloides_delicatulus/20260917_Sde-lcwgs	wahab	lcwgs		SdA1204402FWGSZ_WKDL260014935-1A_253MYVLT4_L7_1.fq.gz	SdA1204402FWGSZ_WKDL260014935-1A_253MYVLT4_L7_2.fq.gz		FALSE			
Sde-AIna_045-Ex1	SdA1204502GWGSZ_WKDL260014935-1A_253MYVLT4_L6	/archive/carpenterlab/pire/raw_sequence_archive/spratelloides_delicatulus/20260917_Sde-lcwgs	wahab	lcwgs		SdA1204502GWGSZ_WKDL260014935-1A_253MYVLT4_L6_1.fq.gz	SdA1204502GWGSZ_WKDL260014935-1A_253MYVLT4_L6_2.fq.gz		FALSE			
Sde-AIna_045-Ex1	SdA1204502GWGSZ_WKDL260014935-1A_253MYVLT4_L7	/archive/carpenterlab/pire/raw_sequence_archive/spratelloides_delicatulus/20260917_Sde-lcwgs	wahab	lcwgs		SdA1204502GWGSZ_WKDL260014935-1A_253MYVLT4_L7_1.fq.gz	SdA1204502GWGSZ_WKDL260014935-1A_253MYVLT4_L7_2.fq.gz		FALSE			
Sde-AIna_046-Ex1	SdA1204602HWGSZ_WKDL260014935-1A_253MYVLT4_L6	/archive/carpenterlab/pire/raw_sequence_archive/spratelloides_delicatulus/20260917_Sde-lcwgs	wahab	lcwgs		SdA1204602HWGSZ_WKDL260014935-1A_253MYVLT4_L6_1.fq.gz	SdA1204602HWGSZ_WKDL260014935-1A_253MYVLT4_L6_2.fq.gz		FALSE			
Sde-AIna_046-Ex1	SdA1204602HWGSZ_WKDL260014935-1A_253MYVLT4_L7	/archive/carpenterlab/pire/raw_sequence_archive/spratelloides_delicatulus/20260917_Sde-lcwgs	wahab	lcwgs		SdA1204602HWGSZ_WKDL260014935-1A_253MYVLT4_L7_1.fq.gz	SdA1204602HWGSZ_WKDL260014935-1A_253MYVLT4_L7_2.fq.gz		FALSE			
Sde-AIna_047-Ex1	SdA1204703AWGSZ_WKDL260014935-1A_253MYVLT4_L6	/archive/carpenterlab/pire/raw_sequence_archive/spratelloides_delicatulus/20260917_Sde-lcwgs	wahab	lcwgs		SdA1204703AWGSZ_WKDL260014935-1A_253MYVLT4_L6_1.fq.gz	SdA1204703AWGSZ_WKDL260014935-1A_253MYVLT4_L6_2.fq.gz		FALSE			
Sde-AIna_047-Ex1	SdA1204703AWGSZ_WKDL260014935-1A_253MYVLT4_L7	/archive/carpenterlab/pire/raw_sequence_archive/spratelloides_delicatulus/20260917_Sde-lcwgs	wahab	lcwgs		SdA1204703AWGSZ_WKDL260014935-1A_253MYVLT4_L7_1.fq.gz	SdA1204703AWGSZ_WKDL260014935-1A_253MYVLT4_L7_2.fq.gz		FALSE			
Sde-AIna_048-Ex1	SdA1204803BWGSZ_WKDL260014935-1A_253MYVLT4_L6	/archive/carpenterlab/pire/raw_sequence_archive/spratelloides_delicatulus/20260917_Sde-lcwgs	wahab	lcwgs		SdA1204803BWGSZ_WKDL260014935-1A_253MYVLT4_L6_1.fq.gz	SdA1204803BWGSZ_WKDL260014935-1A_253MYVLT4_L6_2.fq.gz		FALSE			
Sde-AIna_048-Ex1	SdA1204803BWGSZ_WKDL260014935-1A_253MYVLT4_L7	/archive/carpenterlab/pire/raw_sequence_archive/spratelloides_delicatulus/20260917_Sde-lcwgs	wahab	lcwgs		SdA1204803BWGSZ_WKDL260014935-1A_253MYVLT4_L7_1.fq.gz	SdA1204803BWGSZ_WKDL260014935-1A_253MYVLT4_L7_2.fq.gz		FALSE			
Sde-AIna_049-Ex1	SdA1204908GWGSZ_WKDL260014935-1A_253MYVLT4_L6	/archive/carpenterlab/pire/raw_sequence_archive/spratelloides_delicatulus/20260917_Sde-lcwgs	wahab	lcwgs		SdA1204908GWGSZ_WKDL260014935-1A_253MYVLT4_L6_1.fq.gz	SdA1204908GWGSZ_WKDL260014935-1A_253MYVLT4_L6_2.fq.gz		FALSE			
Sde-AIna_049-Ex1	SdA1204908GWGSZ_WKDL260014935-1A_253MYVLT4_L7	/archive/carpenterlab/pire/raw_sequence_archive/spratelloides_delicatulus/20260917_Sde-lcwgs	wahab	lcwgs		SdA1204908GWGSZ_WKDL260014935-1A_253MYVLT4_L7_1.fq.gz	SdA1204908GWGSZ_WKDL260014935-1A_253MYVLT4_L7_2.fq.gz		FALSE			
Sde-AIna_050-Ex1	SdA1205003CWGSZ_WKDL260014935-1A_253MYVLT4_L6	/archive/carpenterlab/pire/raw_sequence_archive/spratelloides_delicatulus/20260917_Sde-lcwgs	wahab	lcwgs		SdA1205003CWGSZ_WKDL260014935-1A_253MYVLT4_L6_1.fq.gz	SdA1205003CWGSZ_WKDL260014935-1A_253MYVLT4_L6_2.fq.gz		FALSE			
Sde-AIna_050-Ex1	SdA1205003CWGSZ_WKDL260014935-1A_253MYVLT4_L7	/archive/carpenterlab/pire/raw_sequence_archive/spratelloides_delicatulus/20260917_Sde-lcwgs	wahab	lcwgs		SdA1205003CWGSZ_WKDL260014935-1A_253MYVLT4_L7_1.fq.gz	SdA1205003CWGSZ_WKDL260014935-1A_253MYVLT4_L7_2.fq.gz		FALSE			
Sde-AIna_051-Ex1	SdA1205103DWGSZ_WKDL260014935-1A_253MYVLT4_L6	/archive/carpenterlab/pire/raw_sequence_archive/spratelloides_delicatulus/20260917_Sde-lcwgs	wahab	lcwgs		SdA1205103DWGSZ_WKDL260014935-1A_253MYVLT4_L6_1.fq.gz	SdA1205103DWGSZ_WKDL260014935-1A_253MYVLT4_L6_2.fq.gz		FALSE			
Sde-AIna_051-Ex1	SdA1205103DWGSZ_WKDL260014935-1A_253MYVLT4_L7	/archive/carpenterlab/pire/raw_sequence_archive/spratelloides_delicatulus/20260917_Sde-lcwgs	wahab	lcwgs		SdA1205103DWGSZ_WKDL260014935-1A_253MYVLT4_L7_1.fq.gz	SdA1205103DWGSZ_WKDL260014935-1A_253MYVLT4_L7_2.fq.gz		FALSE			
Sde-AIna_052-Ex1	SdA1205203EWGSZ_WKDL260014935-1A_253MYVLT4_L6	/archive/carpenterlab/pire/raw_sequence_archive/spratelloides_delicatulus/20260917_Sde-lcwgs	wahab	lcwgs		SdA1205203EWGSZ_WKDL260014935-1A_253MYVLT4_L6_1.fq.gz	SdA1205203EWGSZ_WKDL260014935-1A_253MYVLT4_L6_2.fq.gz		FALSE			
Sde-AIna_052-Ex1	SdA1205203EWGSZ_WKDL260014935-1A_253MYVLT4_L7	/archive/carpenterlab/pire/raw_sequence_archive/spratelloides_delicatulus/20260917_Sde-lcwgs	wahab	lcwgs		SdA1205203EWGSZ_WKDL260014935-1A_253MYVLT4_L7_1.fq.gz	SdA1205203EWGSZ_WKDL260014935-1A_253MYVLT4_L7_2.fq.gz		FALSE			
Sde-AIna_053-Ex1	SdA1205308HWGSZ_WKDL260014935-1A_253MYVLT4_L6	/archive/carpenterlab/pire/raw_sequence_archive/spratelloides_delicatulus/20260917_Sde-lcwgs	wahab	lcwgs		SdA1205308HWGSZ_WKDL260014935-1A_253MYVLT4_L6_1.fq.gz	SdA1205308HWGSZ_WKDL260014935-1A_253MYVLT4_L6_2.fq.gz		FALSE			
Sde-AIna_053-Ex1	SdA1205308HWGSZ_WKDL260014935-1A_253MYVLT4_L7	/archive/carpenterlab/pire/raw_sequence_archive/spratelloides_delicatulus/20260917_Sde-lcwgs	wahab	lcwgs		SdA1205308HWGSZ_WKDL260014935-1A_253MYVLT4_L7_1.fq.gz	SdA1205308HWGSZ_WKDL260014935-1A_253MYVLT4_L7_2.fq.gz		FALSE			
Sde-AIna_054-Ex1	SdA1205403FWGSZ_WKDL260014935-1A_253MYVLT4_L6	/archive/carpenterlab/pire/raw_sequence_archive/spratelloides_delicatulus/20260917_Sde-lcwgs	wahab	lcwgs		SdA1205403FWGSZ_WKDL260014935-1A_253MYVLT4_L6_1.fq.gz	SdA1205403FWGSZ_WKDL260014935-1A_253MYVLT4_L6_2.fq.gz		FALSE			
Sde-AIna_054-Ex1	SdA1205403FWGSZ_WKDL260014935-1A_253MYVLT4_L7	/archive/carpenterlab/pire/raw_sequence_archive/spratelloides_delicatulus/20260917_Sde-lcwgs	wahab	lcwgs		SdA1205403FWGSZ_WKDL260014935-1A_253MYVLT4_L7_1.fq.gz	SdA1205403FWGSZ_WKDL260014935-1A_253MYVLT4_L7_2.fq.gz		FALSE			
Sde-AIna_055-Ex1	SdA1205503GWGSZ_WKDL260014935-1A_253MYVLT4_L6	/archive/carpenterlab/pire/raw_sequence_archive/spratelloides_delicatulus/20260917_Sde-lcwgs	wahab	lcwgs		SdA1205503GWGSZ_WKDL260014935-1A_253MYVLT4_L6_1.fq.gz	SdA1205503GWGSZ_WKDL260014935-1A_253MYVLT4_L6_2.fq.gz		FALSE			
Sde-AIna_055-Ex1	SdA1205503GWGSZ_WKDL260014935-1A_253MYVLT4_L7	/archive/carpenterlab/pire/raw_sequence_archive/spratelloides_delicatulus/20260917_Sde-lcwgs	wahab	lcwgs		SdA1205503GWGSZ_WKDL260014935-1A_253MYVLT4_L7_1.fq.gz	SdA1205503GWGSZ_WKDL260014935-1A_253MYVLT4_L7_2.fq.gz		FALSE			
Sde-AIna_056-Ex1	SdA1205603HWGSZ_WKDL260014935-1A_253MYVLT4_L6	/archive/carpenterlab/pire/raw_sequence_archive/spratelloides_delicatulus/20260917_Sde-lcwgs	wahab	lcwgs		SdA1205603HWGSZ_WKDL260014935-1A_253MYVLT4_L6_1.fq.gz	SdA1205603HWGSZ_WKDL260014935-1A_253MYVLT4_L6_2.fq.gz		FALSE			
Sde-AIna_056-Ex1	SdA1205603HWGSZ_WKDL260014935-1A_253MYVLT4_L7	/archive/carpenterlab/pire/raw_sequence_archive/spratelloides_delicatulus/20260917_Sde-lcwgs	wahab	lcwgs		SdA1205603HWGSZ_WKDL260014935-1A_253MYVLT4_L7_1.fq.gz	SdA1205603HWGSZ_WKDL260014935-1A_253MYVLT4_L7_2.fq.gz		FALSE			
Sde-AIna_057-Ex1	SdA1205704AWGSZ_WKDL260014935-1A_253MYVLT4_L6	/archive/carpenterlab/pire/raw_sequence_archive/spratelloides_delicatulus/20260917_Sde-lcwgs	wahab	lcwgs		SdA1205704AWGSZ_WKDL260014935-1A_253MYVLT4_L6_1.fq.gz	SdA1205704AWGSZ_WKDL260014935-1A_253MYVLT4_L6_2.fq.gz		FALSE			
Sde-AIna_057-Ex1	SdA1205704AWGSZ_WKDL260014935-1A_253MYVLT4_L7	/archive/carpenterlab/pire/raw_sequence_archive/spratelloides_delicatulus/20260917_Sde-lcwgs	wahab	lcwgs		SdA1205704AWGSZ_WKDL260014935-1A_253MYVLT4_L7_1.fq.gz	SdA1205704AWGSZ_WKDL260014935-1A_253MYVLT4_L7_2.fq.gz		FALSE			
Sde-AIna_058-Ex1	SdA1205804BWGSZ_WKDL260014935-1A_253MYVLT4_L6	/archive/carpenterlab/pire/raw_sequence_archive/spratelloides_delicatulus/20260917_Sde-lcwgs	wahab	lcwgs		SdA1205804BWGSZ_WKDL260014935-1A_253MYVLT4_L6_1.fq.gz	SdA1205804BWGSZ_WKDL260014935-1A_253MYVLT4_L6_2.fq.gz		FALSE			
Sde-AIna_058-Ex1	SdA1205804BWGSZ_WKDL260014935-1A_253MYVLT4_L7	/archive/carpenterlab/pire/raw_sequence_archive/spratelloides_delicatulus/20260917_Sde-lcwgs	wahab	lcwgs		SdA1205804BWGSZ_WKDL260014935-1A_253MYVLT4_L7_1.fq.gz	SdA1205804BWGSZ_WKDL260014935-1A_253MYVLT4_L7_2.fq.gz		FALSE			
Sde-AIna_059-Ex1	SdA1205904CWGSZ_WKDL260014935-1A_253MYVLT4_L6	/archive/carpenterlab/pire/raw_sequence_archive/spratelloides_delicatulus/20260917_Sde-lcwgs	wahab	lcwgs		SdA1205904CWGSZ_WKDL260014935-1A_253MYVLT4_L6_1.fq.gz	SdA1205904CWGSZ_WKDL260014935-1A_253MYVLT4_L6_2.fq.gz		FALSE			
Sde-AIna_059-Ex1	SdA1205904CWGSZ_WKDL260014935-1A_253MYVLT4_L7	/archive/carpenterlab/pire/raw_sequence_archive/spratelloides_delicatulus/20260917_Sde-lcwgs	wahab	lcwgs		SdA1205904CWGSZ_WKDL260014935-1A_253MYVLT4_L7_1.fq.gz	SdA1205904CWGSZ_WKDL260014935-1A_253MYVLT4_L7_2.fq.gz		FALSE			
Sde-AIna_060-Ex1	SdA1206004DWGSZ_WKDL260014935-1A_253MYVLT4_L6	/archive/carpenterlab/pire/raw_sequence_archive/spratelloides_delicatulus/20260917_Sde-lcwgs	wahab	lcwgs		SdA1206004DWGSZ_WKDL260014935-1A_253MYVLT4_L6_1.fq.gz	SdA1206004DWGSZ_WKDL260014935-1A_253MYVLT4_L6_2.fq.gz		FALSE			
Sde-AIna_060-Ex1	SdA1206004DWGSZ_WKDL260014935-1A_253MYVLT4_L7	/archive/carpenterlab/pire/raw_sequence_archive/spratelloides_delicatulus/20260917_Sde-lcwgs	wahab	lcwgs		SdA1206004DWGSZ_WKDL260014935-1A_253MYVLT4_L7_1.fq.gz	SdA1206004DWGSZ_WKDL260014935-1A_253MYVLT4_L7_2.fq.gz		FALSE			
Sde-AIna_061-Ex1	SdA1206104EWGSZ_WKDL260014935-1A_253MYVLT4_L6	/archive/carpenterlab/pire/raw_sequence_archive/spratelloides_delicatulus/20260917_Sde-lcwgs	wahab	lcwgs		SdA1206104EWGSZ_WKDL260014935-1A_253MYVLT4_L6_1.fq.gz	SdA1206104EWGSZ_WKDL260014935-1A_253MYVLT4_L6_2.fq.gz		FALSE			
Sde-AIna_061-Ex1	SdA1206104EWGSZ_WKDL260014935-1A_253MYVLT4_L7	/archive/carpenterlab/pire/raw_sequence_archive/spratelloides_delicatulus/20260917_Sde-lcwgs	wahab	lcwgs		SdA1206104EWGSZ_WKDL260014935-1A_253MYVLT4_L7_1.fq.gz	SdA1206104EWGSZ_WKDL260014935-1A_253MYVLT4_L7_2.fq.gz		FALSE			
Sde-AIna_062-Ex1	SdA1206204FWGSZ_WKDL260014935-1A_253MYVLT4_L6	/archive/carpenterlab/pire/raw_sequence_archive/spratelloides_delicatulus/20260917_Sde-lcwgs	wahab	lcwgs		SdA1206204FWGSZ_WKDL260014935-1A_253MYVLT4_L6_1.fq.gz	SdA1206204FWGSZ_WKDL260014935-1A_253MYVLT4_L6_2.fq.gz		FALSE			
Sde-AIna_062-Ex1	SdA1206204FWGSZ_WKDL260014935-1A_253MYVLT4_L7	/archive/carpenterlab/pire/raw_sequence_archive/spratelloides_delicatulus/20260917_Sde-lcwgs	wahab	lcwgs		SdA1206204FWGSZ_WKDL260014935-1A_253MYVLT4_L7_1.fq.gz	SdA1206204FWGSZ_WKDL260014935-1A_253MYVLT4_L7_2.fq.gz		FALSE			
Sde-AIna_063-Ex1	SdA1206304GWGSZ_WKDL260014935-1A_253MYVLT4_L6	/archive/carpenterlab/pire/raw_sequence_archive/spratelloides_delicatulus/20260917_Sde-lcwgs	wahab	lcwgs		SdA1206304GWGSZ_WKDL260014935-1A_253MYVLT4_L6_1.fq.gz	SdA1206304GWGSZ_WKDL260014935-1A_253MYVLT4_L6_2.fq.gz		FALSE			
Sde-AIna_063-Ex1	SdA1206304GWGSZ_WKDL260014935-1A_253MYVLT4_L7	/archive/carpenterlab/pire/raw_sequence_archive/spratelloides_delicatulus/20260917_Sde-lcwgs	wahab	lcwgs		SdA1206304GWGSZ_WKDL260014935-1A_253MYVLT4_L7_1.fq.gz	SdA1206304GWGSZ_WKDL260014935-1A_253MYVLT4_L7_2.fq.gz		FALSE			
Sde-AIna_064-Ex1	SdA1206404HWGSZ_WKDL260014935-1A_253MYVLT4_L6	/archive/carpenterlab/pire/raw_sequence_archive/spratelloides_delicatulus/20260917_Sde-lcwgs	wahab	lcwgs		SdA1206404HWGSZ_WKDL260014935-1A_253MYVLT4_L6_1.fq.gz	SdA1206404HWGSZ_WKDL260014935-1A_253MYVLT4_L6_2.fq.gz		FALSE			
Sde-AIna_064-Ex1	SdA1206404HWGSZ_WKDL260014935-1A_253MYVLT4_L7	/archive/carpenterlab/pire/raw_sequence_archive/spratelloides_delicatulus/20260917_Sde-lcwgs	wahab	lcwgs		SdA1206404HWGSZ_WKDL260014935-1A_253MYVLT4_L7_1.fq.gz	SdA1206404HWGSZ_WKDL260014935-1A_253MYVLT4_L7_2.fq.gz		FALSE			
Sde-CLim_007-Ex1	SdC1200707CWGSZ_WKDL260014935-1A_253MYVLT4_L6	/archive/carpenterlab/pire/raw_sequence_archive/spratelloides_delicatulus/20260917_Sde-lcwgs	wahab	lcwgs		SdC1200707CWGSZ_WKDL260014935-1A_253MYVLT4_L6_1.fq.gz	SdC1200707CWGSZ_WKDL260014935-1A_253MYVLT4_L6_2.fq.gz		FALSE			
Sde-CLim_007-Ex1	SdC1200707CWGSZ_WKDL260014935-1A_253MYVLT4_L7	/archive/carpenterlab/pire/raw_sequence_archive/spratelloides_delicatulus/20260917_Sde-lcwgs	wahab	lcwgs		SdC1200707CWGSZ_WKDL260014935-1A_253MYVLT4_L7_1.fq.gz	SdC1200707CWGSZ_WKDL260014935-1A_253MYVLT4_L7_2.fq.gz		FALSE			
Sde-CLim_014-Ex1	SdC1201407AWGSZ_WKDL260014935-1A_253MYVLT4_L6	/archive/carpenterlab/pire/raw_sequence_archive/spratelloides_delicatulus/20260917_Sde-lcwgs	wahab	lcwgs		SdC1201407AWGSZ_WKDL260014935-1A_253MYVLT4_L6_1.fq.gz	SdC1201407AWGSZ_WKDL260014935-1A_253MYVLT4_L6_2.fq.gz		FALSE			
Sde-CLim_014-Ex1	SdC1201407AWGSZ_WKDL260014935-1A_253MYVLT4_L7	/archive/carpenterlab/pire/raw_sequence_archive/spratelloides_delicatulus/20260917_Sde-lcwgs	wahab	lcwgs		SdC1201407AWGSZ_WKDL260014935-1A_253MYVLT4_L7_1.fq.gz	SdC1201407AWGSZ_WKDL260014935-1A_253MYVLT4_L7_2.fq.gz		FALSE			
Sde-CPla_017-Ex1	SdC1201703EWGSZ_WKDL260014935-1A_253MYVLT4_L6	/archive/carpenterlab/pire/raw_sequence_archive/spratelloides_delicatulus/20260917_Sde-lcwgs	wahab	lcwgs		SdC1201703EWGSZ_WKDL260014935-1A_253MYVLT4_L6_1.fq.gz	SdC1201703EWGSZ_WKDL260014935-1A_253MYVLT4_L6_2.fq.gz		FALSE			
Sde-CPla_017-Ex1	SdC1201703EWGSZ_WKDL260014935-1A_253MYVLT4_L7	/archive/carpenterlab/pire/raw_sequence_archive/spratelloides_delicatulus/20260917_Sde-lcwgs	wahab	lcwgs		SdC1201703EWGSZ_WKDL260014935-1A_253MYVLT4_L7_1.fq.gz	SdC1201703EWGSZ_WKDL260014935-1A_253MYVLT4_L7_2.fq.gz		FALSE			
Sde-CLim_020-Ex1	SdC1202006GWGSZ_WKDL260014935-1A_253MYVLT4_L6	/archive/carpenterlab/pire/raw_sequence_archive/spratelloides_delicatulus/20260917_Sde-lcwgs	wahab	lcwgs		SdC1202006GWGSZ_WKDL260014935-1A_253MYVLT4_L6_1.fq.gz	SdC1202006GWGSZ_WKDL260014935-1A_253MYVLT4_L6_2.fq.gz		FALSE			
Sde-CLim_020-Ex1	SdC1202006GWGSZ_WKDL260014935-1A_253MYVLT4_L7	/archive/carpenterlab/pire/raw_sequence_archive/spratelloides_delicatulus/20260917_Sde-lcwgs	wahab	lcwgs		SdC1202006GWGSZ_WKDL260014935-1A_253MYVLT4_L7_1.fq.gz	SdC1202006GWGSZ_WKDL260014935-1A_253MYVLT4_L7_2.fq.gz		FALSE			
Sde-CPla_023-Ex1	SdC1202305BWGSZ_WKDL260014935-1A_253MYVLT4_L6	/archive/carpenterlab/pire/raw_sequence_archive/spratelloides_delicatulus/20260917_Sde-lcwgs	wahab	lcwgs		SdC1202305BWGSZ_WKDL260014935-1A_253MYVLT4_L6_1.fq.gz	SdC1202305BWGSZ_WKDL260014935-1A_253MYVLT4_L6_2.fq.gz		FALSE			
Sde-CPla_023-Ex1	SdC1202305BWGSZ_WKDL260014935-1A_253MYVLT4_L7	/archive/carpenterlab/pire/raw_sequence_archive/spratelloides_delicatulus/20260917_Sde-lcwgs	wahab	lcwgs		SdC1202305BWGSZ_WKDL260014935-1A_253MYVLT4_L7_1.fq.gz	SdC1202305BWGSZ_WKDL260014935-1A_253MYVLT4_L7_2.fq.gz		FALSE			
Sde-CPla_036-Ex1	SdC1203604DWGSZ_WKDL260014935-1A_253MYVLT4_L6	/archive/carpenterlab/pire/raw_sequence_archive/spratelloides_delicatulus/20260917_Sde-lcwgs	wahab	lcwgs		SdC1203604DWGSZ_WKDL260014935-1A_253MYVLT4_L6_1.fq.gz	SdC1203604DWGSZ_WKDL260014935-1A_253MYVLT4_L6_2.fq.gz		FALSE			
Sde-CPla_036-Ex1	SdC1203604DWGSZ_WKDL260014935-1A_253MYVLT4_L7	/archive/carpenterlab/pire/raw_sequence_archive/spratelloides_delicatulus/20260917_Sde-lcwgs	wahab	lcwgs		SdC1203604DWGSZ_WKDL260014935-1A_253MYVLT4_L7_1.fq.gz	SdC1203604DWGSZ_WKDL260014935-1A_253MYVLT4_L7_2.fq.gz		FALSE			
Sde-CLim_037-Ex1	SdC1203704GWGSZ_WKDL260014935-1A_253MYVLT4_L6	/archive/carpenterlab/pire/raw_sequence_archive/spratelloides_delicatulus/20260917_Sde-lcwgs	wahab	lcwgs		SdC1203704GWGSZ_WKDL260014935-1A_253MYVLT4_L6_1.fq.gz	SdC1203704GWGSZ_WKDL260014935-1A_253MYVLT4_L6_2.fq.gz		FALSE			
Sde-CLim_037-Ex1	SdC1203704GWGSZ_WKDL260014935-1A_253MYVLT4_L7	/archive/carpenterlab/pire/raw_sequence_archive/spratelloides_delicatulus/20260917_Sde-lcwgs	wahab	lcwgs		SdC1203704GWGSZ_WKDL260014935-1A_253MYVLT4_L7_1.fq.gz	SdC1203704GWGSZ_WKDL260014935-1A_253MYVLT4_L7_2.fq.gz		FALSE			
Sde-CPla_040-Ex1	SdC1204005FWGSZ_WKDL260014935-1A_253MYVLT4_L6	/archive/carpenterlab/pire/raw_sequence_archive/spratelloides_delicatulus/20260917_Sde-lcwgs	wahab	lcwgs		SdC1204005FWGSZ_WKDL260014935-1A_253MYVLT4_L6_1.fq.gz	SdC1204005FWGSZ_WKDL260014935-1A_253MYVLT4_L6_2.fq.gz		FALSE			
Sde-CPla_040-Ex1	SdC1204005FWGSZ_WKDL260014935-1A_253MYVLT4_L7	/archive/carpenterlab/pire/raw_sequence_archive/spratelloides_delicatulus/20260917_Sde-lcwgs	wahab	lcwgs		SdC1204005FWGSZ_WKDL260014935-1A_253MYVLT4_L7_1.fq.gz	SdC1204005FWGSZ_WKDL260014935-1A_253MYVLT4_L7_2.fq.gz		FALSE			
Sde-CLim_045-Ex1	SdC1204504HWGSZ_WKDL260014935-1A_253MYVLT4_L6	/archive/carpenterlab/pire/raw_sequence_archive/spratelloides_delicatulus/20260917_Sde-lcwgs	wahab	lcwgs		SdC1204504HWGSZ_WKDL260014935-1A_253MYVLT4_L6_1.fq.gz	SdC1204504HWGSZ_WKDL260014935-1A_253MYVLT4_L6_2.fq.gz		FALSE			
Sde-CLim_045-Ex1	SdC1204504HWGSZ_WKDL260014935-1A_253MYVLT4_L7	/archive/carpenterlab/pire/raw_sequence_archive/spratelloides_delicatulus/20260917_Sde-lcwgs	wahab	lcwgs		SdC1204504HWGSZ_WKDL260014935-1A_253MYVLT4_L7_1.fq.gz	SdC1204504HWGSZ_WKDL260014935-1A_253MYVLT4_L7_2.fq.gz		FALSE			
Sde-CPla_047-Ex1	SdC1204706CWGSZ_WKDL260014935-1A_253MYVLT4_L6	/archive/carpenterlab/pire/raw_sequence_archive/spratelloides_delicatulus/20260917_Sde-lcwgs	wahab	lcwgs		SdC1204706CWGSZ_WKDL260014935-1A_253MYVLT4_L6_1.fq.gz	SdC1204706CWGSZ_WKDL260014935-1A_253MYVLT4_L6_2.fq.gz		FALSE			
Sde-CPla_047-Ex1	SdC1204706CWGSZ_WKDL260014935-1A_253MYVLT4_L7	/archive/carpenterlab/pire/raw_sequence_archive/spratelloides_delicatulus/20260917_Sde-lcwgs	wahab	lcwgs		SdC1204706CWGSZ_WKDL260014935-1A_253MYVLT4_L7_1.fq.gz	SdC1204706CWGSZ_WKDL260014935-1A_253MYVLT4_L7_2.fq.gz		FALSE			
Sde-CLim_050-Ex1	SdC1205003GWGSZ_WKDL260014935-1A_253MYVLT4_L6	/archive/carpenterlab/pire/raw_sequence_archive/spratelloides_delicatulus/20260917_Sde-lcwgs	wahab	lcwgs		SdC1205003GWGSZ_WKDL260014935-1A_253MYVLT4_L6_1.fq.gz	SdC1205003GWGSZ_WKDL260014935-1A_253MYVLT4_L6_2.fq.gz		FALSE			
Sde-CLim_050-Ex1	SdC1205003GWGSZ_WKDL260014935-1A_253MYVLT4_L7	/archive/carpenterlab/pire/raw_sequence_archive/spratelloides_delicatulus/20260917_Sde-lcwgs	wahab	lcwgs		SdC1205003GWGSZ_WKDL260014935-1A_253MYVLT4_L7_1.fq.gz	SdC1205003GWGSZ_WKDL260014935-1A_253MYVLT4_L7_2.fq.gz		FALSE			
Sde-CLim_056-Ex1	SdC1205607DWGSZ_WKDL260014935-1A_253MYVLT4_L6	/archive/carpenterlab/pire/raw_sequence_archive/spratelloides_delicatulus/20260917_Sde-lcwgs	wahab	lcwgs		SdC1205607DWGSZ_WKDL260014935-1A_253MYVLT4_L6_1.fq.gz	SdC1205607DWGSZ_WKDL260014935-1A_253MYVLT4_L6_2.fq.gz		FALSE			
Sde-CLim_056-Ex1	SdC1205607DWGSZ_WKDL260014935-1A_253MYVLT4_L7	/archive/carpenterlab/pire/raw_sequence_archive/spratelloides_delicatulus/20260917_Sde-lcwgs	wahab	lcwgs		SdC1205607DWGSZ_WKDL260014935-1A_253MYVLT4_L7_1.fq.gz	SdC1205607DWGSZ_WKDL260014935-1A_253MYVLT4_L7_2.fq.gz		FALSE			
Sde-CPla_067-Ex1	SdC1206703BWGSZ_WKDL260014935-1A_253MYVLT4_L6	/archive/carpenterlab/pire/raw_sequence_archive/spratelloides_delicatulus/20260917_Sde-lcwgs	wahab	lcwgs		SdC1206703BWGSZ_WKDL260014935-1A_253MYVLT4_L6_1.fq.gz	SdC1206703BWGSZ_WKDL260014935-1A_253MYVLT4_L6_2.fq.gz		FALSE			
Sde-CPla_067-Ex1	SdC1206703BWGSZ_WKDL260014935-1A_253MYVLT4_L7	/archive/carpenterlab/pire/raw_sequence_archive/spratelloides_delicatulus/20260917_Sde-lcwgs	wahab	lcwgs		SdC1206703BWGSZ_WKDL260014935-1A_253MYVLT4_L7_1.fq.gz	SdC1206703BWGSZ_WKDL260014935-1A_253MYVLT4_L7_2.fq.gz		FALSE			
Sde-CLim_082-Ex1	SdC1208207BWGSZ_WKDL260014935-1A_253MYVLT4_L6	/archive/carpenterlab/pire/raw_sequence_archive/spratelloides_delicatulus/20260917_Sde-lcwgs	wahab	lcwgs		SdC1208207BWGSZ_WKDL260014935-1A_253MYVLT4_L6_1.fq.gz	SdC1208207BWGSZ_WKDL260014935-1A_253MYVLT4_L6_2.fq.gz		FALSE			
Sde-CLim_082-Ex1	SdC1208207BWGSZ_WKDL260014935-1A_253MYVLT4_L7	/archive/carpenterlab/pire/raw_sequence_archive/spratelloides_delicatulus/20260917_Sde-lcwgs	wahab	lcwgs		SdC1208207BWGSZ_WKDL260014935-1A_253MYVLT4_L7_1.fq.gz	SdC1208207BWGSZ_WKDL260014935-1A_253MYVLT4_L7_2.fq.gz		FALSE			
Sde-CLim_085-Ex1	SdC1208505DWGSZ_WKDL260014935-1A_253MYVLT4_L6	/archive/carpenterlab/pire/raw_sequence_archive/spratelloides_delicatulus/20260917_Sde-lcwgs	wahab	lcwgs		SdC1208505DWGSZ_WKDL260014935-1A_253MYVLT4_L6_1.fq.gz	SdC1208505DWGSZ_WKDL260014935-1A_253MYVLT4_L6_2.fq.gz		FALSE			
Sde-CLim_085-Ex1	SdC1208505DWGSZ_WKDL260014935-1A_253MYVLT4_L7	/archive/carpenterlab/pire/raw_sequence_archive/spratelloides_delicatulus/20260917_Sde-lcwgs	wahab	lcwgs		SdC1208505DWGSZ_WKDL260014935-1A_253MYVLT4_L7_1.fq.gz	SdC1208505DWGSZ_WKDL260014935-1A_253MYVLT4_L7_2.fq.gz		FALSE			
Sde-CPla_086-Ex1	SdC1208606BWGSZ_WKDL260014935-1A_253MYVLT4_L6	/archive/carpenterlab/pire/raw_sequence_archive/spratelloides_delicatulus/20260917_Sde-lcwgs	wahab	lcwgs		SdC1208606BWGSZ_WKDL260014935-1A_253MYVLT4_L6_1.fq.gz	SdC1208606BWGSZ_WKDL260014935-1A_253MYVLT4_L6_2.fq.gz		FALSE			
Sde-CPla_086-Ex1	SdC1208606BWGSZ_WKDL260014935-1A_253MYVLT4_L7	/archive/carpenterlab/pire/raw_sequence_archive/spratelloides_delicatulus/20260917_Sde-lcwgs	wahab	lcwgs		SdC1208606BWGSZ_WKDL260014935-1A_253MYVLT4_L7_1.fq.gz	SdC1208606BWGSZ_WKDL260014935-1A_253MYVLT4_L7_2.fq.gz		FALSE			
Sde-CLim_088-Ex1	SdC1208804EWGSZ_WKDL260014935-1A_253MYVLT4_L6	/archive/carpenterlab/pire/raw_sequence_archive/spratelloides_delicatulus/20260917_Sde-lcwgs	wahab	lcwgs		SdC1208804EWGSZ_WKDL260014935-1A_253MYVLT4_L6_1.fq.gz	SdC1208804EWGSZ_WKDL260014935-1A_253MYVLT4_L6_2.fq.gz		FALSE			
Sde-CLim_088-Ex1	SdC1208804EWGSZ_WKDL260014935-1A_253MYVLT4_L7	/archive/carpenterlab/pire/raw_sequence_archive/spratelloides_delicatulus/20260917_Sde-lcwgs	wahab	lcwgs		SdC1208804EWGSZ_WKDL260014935-1A_253MYVLT4_L7_1.fq.gz	SdC1208804EWGSZ_WKDL260014935-1A_253MYVLT4_L7_2.fq.gz		FALSE			
Sde-CPla_088-Ex1	SdC1208806DWGSZ_WKDL260014935-1A_253MYVLT4_L6	/archive/carpenterlab/pire/raw_sequence_archive/spratelloides_delicatulus/20260917_Sde-lcwgs	wahab	lcwgs		SdC1208806DWGSZ_WKDL260014935-1A_253MYVLT4_L6_1.fq.gz	SdC1208806DWGSZ_WKDL260014935-1A_253MYVLT4_L6_2.fq.gz		FALSE			
Sde-CPla_088-Ex1	SdC1208806DWGSZ_WKDL260014935-1A_253MYVLT4_L7	/archive/carpenterlab/pire/raw_sequence_archive/spratelloides_delicatulus/20260917_Sde-lcwgs	wahab	lcwgs		SdC1208806DWGSZ_WKDL260014935-1A_253MYVLT4_L7_1.fq.gz	SdC1208806DWGSZ_WKDL260014935-1A_253MYVLT4_L7_2.fq.gz		FALSE			
Sde-CPla_090-Ex1	SdC1209006AWGSZ_WKDL260014935-1A_253MYVLT4_L6	/archive/carpenterlab/pire/raw_sequence_archive/spratelloides_delicatulus/20260917_Sde-lcwgs	wahab	lcwgs		SdC1209006AWGSZ_WKDL260014935-1A_253MYVLT4_L6_1.fq.gz	SdC1209006AWGSZ_WKDL260014935-1A_253MYVLT4_L6_2.fq.gz		FALSE			
Sde-CPla_090-Ex1	SdC1209006AWGSZ_WKDL260014935-1A_253MYVLT4_L7	/archive/carpenterlab/pire/raw_sequence_archive/spratelloides_delicatulus/20260917_Sde-lcwgs	wahab	lcwgs		SdC1209006AWGSZ_WKDL260014935-1A_253MYVLT4_L7_1.fq.gz	SdC1209006AWGSZ_WKDL260014935-1A_253MYVLT4_L7_2.fq.gz		FALSE			
Sde-CPla_091-Ex1	SdC1209103DWGSZ_WKDL260014935-1A_253MYVLT4_L6	/archive/carpenterlab/pire/raw_sequence_archive/spratelloides_delicatulus/20260917_Sde-lcwgs	wahab	lcwgs		SdC1209103DWGSZ_WKDL260014935-1A_253MYVLT4_L6_1.fq.gz	SdC1209103DWGSZ_WKDL260014935-1A_253MYVLT4_L6_2.fq.gz		FALSE			
Sde-CPla_091-Ex1	SdC1209103DWGSZ_WKDL260014935-1A_253MYVLT4_L7	/archive/carpenterlab/pire/raw_sequence_archive/spratelloides_delicatulus/20260917_Sde-lcwgs	wahab	lcwgs		SdC1209103DWGSZ_WKDL260014935-1A_253MYVLT4_L7_1.fq.gz	SdC1209103DWGSZ_WKDL260014935-1A_253MYVLT4_L7_2.fq.gz		FALSE			
Sde-CLim_091-Ex1	SdC1209105HWGSZ_WKDL260014935-1A_253MYVLT4_L6	/archive/carpenterlab/pire/raw_sequence_archive/spratelloides_delicatulus/20260917_Sde-lcwgs	wahab	lcwgs		SdC1209105HWGSZ_WKDL260014935-1A_253MYVLT4_L6_1.fq.gz	SdC1209105HWGSZ_WKDL260014935-1A_253MYVLT4_L6_2.fq.gz		FALSE			
Sde-CLim_091-Ex1	SdC1209105HWGSZ_WKDL260014935-1A_253MYVLT4_L7	/archive/carpenterlab/pire/raw_sequence_archive/spratelloides_delicatulus/20260917_Sde-lcwgs	wahab	lcwgs		SdC1209105HWGSZ_WKDL260014935-1A_253MYVLT4_L7_1.fq.gz	SdC1209105HWGSZ_WKDL260014935-1A_253MYVLT4_L7_2.fq.gz		FALSE			
Sde-CPla_093-Ex1	SdC1209305EWGSZ_WKDL260014935-1A_253MYVLT4_L6	/archive/carpenterlab/pire/raw_sequence_archive/spratelloides_delicatulus/20260917_Sde-lcwgs	wahab	lcwgs		SdC1209305EWGSZ_WKDL260014935-1A_253MYVLT4_L6_1.fq.gz	SdC1209305EWGSZ_WKDL260014935-1A_253MYVLT4_L6_2.fq.gz		FALSE			
Sde-CPla_093-Ex1	SdC1209305EWGSZ_WKDL260014935-1A_253MYVLT4_L7	/archive/carpenterlab/pire/raw_sequence_archive/spratelloides_delicatulus/20260917_Sde-lcwgs	wahab	lcwgs		SdC1209305EWGSZ_WKDL260014935-1A_253MYVLT4_L7_1.fq.gz	SdC1209305EWGSZ_WKDL260014935-1A_253MYVLT4_L7_2.fq.gz		FALSE			
Sde-CLim_096-Ex1	SdC1209604CWGSZ_WKDL260014935-1A_253MYVLT4_L6	/archive/carpenterlab/pire/raw_sequence_archive/spratelloides_delicatulus/20260917_Sde-lcwgs	wahab	lcwgs		SdC1209604CWGSZ_WKDL260014935-1A_253MYVLT4_L6_1.fq.gz	SdC1209604CWGSZ_WKDL260014935-1A_253MYVLT4_L6_2.fq.gz		FALSE			
Sde-CLim_096-Ex1	SdC1209604CWGSZ_WKDL260014935-1A_253MYVLT4_L7	/archive/carpenterlab/pire/raw_sequence_archive/spratelloides_delicatulus/20260917_Sde-lcwgs	wahab	lcwgs		SdC1209604CWGSZ_WKDL260014935-1A_253MYVLT4_L7_1.fq.gz	SdC1209604CWGSZ_WKDL260014935-1A_253MYVLT4_L7_2.fq.gz		FALSE			
Sde-CPla_103-Ex1	SdC1210306EWGSZ_WKDL260014935-1A_253MYVLT4_L6	/archive/carpenterlab/pire/raw_sequence_archive/spratelloides_delicatulus/20260917_Sde-lcwgs	wahab	lcwgs		SdC1210306EWGSZ_WKDL260014935-1A_253MYVLT4_L6_1.fq.gz	SdC1210306EWGSZ_WKDL260014935-1A_253MYVLT4_L6_2.fq.gz		FALSE			
Sde-CPla_103-Ex1	SdC1210306EWGSZ_WKDL260014935-1A_253MYVLT4_L7	/archive/carpenterlab/pire/raw_sequence_archive/spratelloides_delicatulus/20260917_Sde-lcwgs	wahab	lcwgs		SdC1210306EWGSZ_WKDL260014935-1A_253MYVLT4_L7_1.fq.gz	SdC1210306EWGSZ_WKDL260014935-1A_253MYVLT4_L7_2.fq.gz		FALSE			
