gcl_sequence_id	pire_sequence_id	extraction_id
AbA0600404H	Abu-APnd_004-Ex1-4H-lcwgs-1-2	Abu-APnd_004-Ex1
AbA0600104E	Abu-APnd_001-Ex1-4E-lcwgs-1-2	Abu-APnd_001-Ex1
AbA0601005F	Abu-APnd_010-Ex1-5F-lcwgs-1-2	Abu-APnd_010-Ex1
AbA0601205H	Abu-APnd_012-Ex1-5H-lcwgs-1-2	Abu-APnd_012-Ex1
AbA0601506C	Abu-APnd_015-Ex1-6C-lcwgs-1-2	Abu-APnd_015-Ex1
AbA0601606D	Abu-APnd_016-Ex1-6D-lcwgs-1-2	Abu-APnd_016-Ex1
AbA0602006H	Abu-APnd_020-Ex1-6H-lcwgs-1-2	Abu-APnd_020-Ex1
AbA0602607F	Abu-APnd_026-Ex1-7F-lcwgs-1-2	Abu-APnd_026-Ex1
AbA0602807H	Abu-APnd_028-Ex1-7H-lcwgs-1-2	Abu-APnd_028-Ex1
AbA0603307A	Abu-APnd_033-Ex1-7A-lcwgs-1-2	Abu-APnd_033-Ex1
AbA0603108C	Abu-APnd_031-Ex1-8C-lcwgs-1-2	Abu-APnd_031-Ex1
AbA0604109E	Abu-APnd_041-Ex1-9E-lcwgs-1-2	Abu-APnd_041-Ex1
AbA0604009D	Abu-APnd_040-Ex1-9D-lcwgs-1-2	Abu-APnd_040-Ex1
AbA0603909C	Abu-APnd_039-Ex1-9C-lcwgs-1-2	Abu-APnd_039-Ex1
AbA0604309G	Abu-APnd_043-Ex1-9G-lcwgs-1-2	Abu-APnd_043-Ex1
AbA0605110G	Abu-APnd_051-Ex1-10G-lcwgs-1-2	Abu-APnd_051-Ex1
AbA0605210H	Abu-APnd_052-Ex1-10H-lcwgs-1-2	Abu-APnd_052-Ex1
AbA0605010F	Abu-APnd_050-Ex1-10F-lcwgs-1-2	Abu-APnd_050-Ex1
AbA0604910E	Abu-APnd_049-Ex1-10E-lcwgs-1-2	Abu-APnd_049-Ex1
AbA0604510A	Abu-APnd_045-Ex1-10A-lcwgs-1-2	Abu-APnd_045-Ex1
AbA0605311A	Abu-APnd_053-Ex1-11A-lcwgs-1-2	Abu-APnd_053-Ex1
AbA0605411B	Abu-APnd_054-Ex1-11B-lcwgs-1-2	Abu-APnd_054-Ex1
AbC0202001H	Abu-CPnd_020-Ex1-1H-lcwgs-1-2	Abu-CPnd_020-Ex1
AbC0201501C	Abu-CPnd_015-Ex1-1C-lcwgs-1-2	Abu-CPnd_015-Ex1
AbC0201101G	Abu-CPnd_011-Ex1-1G-lcwgs-1-2	Abu-CPnd_011-Ex1
AbC0209601D	Abu-CPnd_096-Ex1-1D-lcwgs-1-2	Abu-CPnd_096-Ex1
AbC0208602A	Abu-CPnd_086-Ex1-2A-lcwgs-1-2	Abu-CPnd_086-Ex1
AbC0206702H	Abu-CPnd_067-Ex1-2H-lcwgs-1-2	Abu-CPnd_067-Ex1
AbC0201302D	Abu-CPnd_013-Ex1-2D-lcwgs-1-2	Abu-CPnd_013-Ex1
AbC0208002E	Abu-CPnd_080-Ex1-2E-lcwgs-1-2	Abu-CPnd_080-Ex1
AbC0207202G	Abu-CPnd_072-Ex1-2G-lcwgs-1-2	Abu-CPnd_072-Ex1
AbC0203703A	Abu-CPnd_037-Ex1-3A-lcwgs-1-2	Abu-CPnd_037-Ex1
AbC0205003H	Abu-CPnd_050-Ex1-3H-lcwgs-1-2	Abu-CPnd_050-Ex1
AbC0206603G	Abu-CPnd_066-Ex1-3G-lcwgs-1-2	Abu-CPnd_066-Ex1
AbC0207503F	Abu-CPnd_075-Ex1-3F-lcwgs-1-2	Abu-CPnd_075-Ex1
AbC0208503E	Abu-CPnd_085-Ex1-3E-lcwgs-1-2	Abu-CPnd_085-Ex1
AbC0206503C	Abu-CPnd_065-Ex1-3C-lcwgs-1-2	Abu-CPnd_065-Ex1
AbC0208703D	Abu-CPnd_087-Ex1-3D-lcwgs-1-2	Abu-CPnd_087-Ex1
AbC0208104B	Abu-CPnd_081-Ex1-4B-lcwgs-1-2	Abu-CPnd_081-Ex1
AbC0201204H	Abu-CPnd_012-Ex1-4H-lcwgs-1-2	Abu-CPnd_012-Ex1
AbC0200704G	Abu-CPnd_007-Ex1-4G-lcwgs-1-2	Abu-CPnd_007-Ex1
AbC0206104E	Abu-CPnd_061-Ex1-4E-lcwgs-1-2	Abu-CPnd_061-Ex1
AbC0204404D	Abu-CPnd_044-Ex1-4D-lcwgs-1-2	Abu-CPnd_044-Ex1
AbC0201405E	Abu-CPnd_014-Ex1-5E-lcwgs-1-2	Abu-CPnd_014-Ex1
AbC0200105F	Abu-CPnd_001-Ex1-5F-lcwgs-1-2	Abu-CPnd_001-Ex1
AbC0203605B	Abu-CPnd_036-Ex1-5B-lcwgs-1-2	Abu-CPnd_036-Ex1
AbC0205205H	Abu-CPnd_052-Ex1-5H-lcwgs-1-2	Abu-CPnd_052-Ex1
AbC0205305G	Abu-CPnd_053-Ex1-5G-lcwgs-1-2	Abu-CPnd_053-Ex1
AbC0205606D	Abu-CPnd_056-Ex1-6D-lcwgs-1-2	Abu-CPnd_056-Ex1
AbC0201006E	Abu-CPnd_010-Ex1-6E-lcwgs-1-2	Abu-CPnd_010-Ex1
AbC0204806G	Abu-CPnd_048-Ex1-6G-lcwgs-1-2	Abu-CPnd_048-Ex1
AbC0205906C	Abu-CPnd_059-Ex1-6C-lcwgs-1-2	Abu-CPnd_059-Ex1
AbC0207406B	Abu-CPnd_074-Ex1-6B-lcwgs-1-2	Abu-CPnd_074-Ex1
AbC0206306F	Abu-CPnd_063-Ex1-6F-lcwgs-1-2	Abu-CPnd_063-Ex1
AbC0207007A	Abu-CPnd_070-Ex1-7A-lcwgs-1-2	Abu-CPnd_070-Ex1
AbC0203807B	Abu-CPnd_038-Ex1-7B-lcwgs-1-2	Abu-CPnd_038-Ex1
AbC0205407G	Abu-CPnd_054-Ex1-7G-lcwgs-1-2	Abu-CPnd_054-Ex1
AbC0200407F	Abu-CPnd_004-Ex1-7F-lcwgs-1-2	Abu-CPnd_004-Ex1
AbC0200807C	Abu-CPnd_008-Ex1-7C-lcwgs-1-2	Abu-CPnd_008-Ex1
AbC0200507H	Abu-CPnd_005-Ex1-7H-lcwgs-1-2	Abu-CPnd_005-Ex1
AbC0206008C	Abu-CPnd_060-Ex1-8C-lcwgs-1-2	Abu-CPnd_060-Ex1
AbC0200908D	Abu-CPnd_009-Ex1-8D-lcwgs-1-2	Abu-CPnd_009-Ex1
AbC0203308G	Abu-CPnd_033-Ex1-8G-lcwgs-1-2	Abu-CPnd_033-Ex1
AbC0205108H	Abu-CPnd_051-Ex1-8H-lcwgs-1-2	Abu-CPnd_051-Ex1
AbC0206808B	Abu-CPnd_068-Ex1-8B-lcwgs-1-2	Abu-CPnd_068-Ex1
AbA0600204F	Abu-APnd_002-Ex1-4F-lcwgs-1-2	Abu-APnd_002-Ex1
AbA0600905E	Abu-APnd_009-Ex1-5E-lcwgs-1-2	Abu-APnd_009-Ex1
AbA0600505A	Abu-APnd_005-Ex1-5A-lcwgs-1-2	Abu-APnd_005-Ex1
AbA0600605B	Abu-APnd_006-Ex1-5B-lcwgs-1-2	Abu-APnd_006-Ex1
AbA0601105G	Abu-APnd_011-Ex1-5G-lcwgs-1-2	Abu-APnd_011-Ex1
AbA0601806F	Abu-APnd_018-Ex1-6F-lcwgs-1-2	Abu-APnd_018-Ex1
AbA0601906G	Abu-APnd_019-Ex1-6G-lcwgs-1-2	Abu-APnd_019-Ex1
AbA0601306A	Abu-APnd_013-Ex1-6A-lcwgs-1-2	Abu-APnd_013-Ex1
AbA0602507E	Abu-APnd_025-Ex1-7E-lcwgs-1-2	Abu-APnd_025-Ex1
AbA0603607D	Abu-APnd_036-Ex1-7D-lcwgs-1-2	Abu-APnd_036-Ex1
AbA0603407B	Abu-APnd_034-Ex1-7B-lcwgs-1-2	Abu-APnd_034-Ex1
AbA0602707G	Abu-APnd_027-Ex1-7G-lcwgs-1-2	Abu-APnd_027-Ex1
AbA0602108E	Abu-APnd_021-Ex1-8E-lcwgs-1-2	Abu-APnd_021-Ex1
AbA0602908A	Abu-APnd_029-Ex1-8A-lcwgs-1-2	Abu-APnd_029-Ex1
AbA0603208D	Abu-APnd_032-Ex1-8D-lcwgs-1-2	Abu-APnd_032-Ex1
AbA0602308G	Abu-APnd_023-Ex1-8G-lcwgs-1-2	Abu-APnd_023-Ex1
AbA0603709A	Abu-APnd_037-Ex1-9A-lcwgs-1-2	Abu-APnd_037-Ex1
AbA0604209F	Abu-APnd_042-Ex1-9F-lcwgs-1-2	Abu-APnd_042-Ex1
AbA0604810D	Abu-APnd_048-Ex1-10D-lcwgs-1-2	Abu-APnd_048-Ex1
AbA0604710C	Abu-APnd_047-Ex1-10C-lcwgs-1-2	Abu-APnd_047-Ex1
AbC0200605A	Abu-CPnd_006-Ex1-5A-lcwgs-1-2	Abu-CPnd_006-Ex1
AbC0203505D	Abu-CPnd_035-Ex1-5D-lcwgs-1-2	Abu-CPnd_035-Ex1
AbC0204606H	Abu-CPnd_046-Ex1-6H-lcwgs-1-2	Abu-CPnd_046-Ex1
AbC0203907D	Abu-CPnd_039-Ex1-7D-lcwgs-1-2	Abu-CPnd_039-Ex1
AbC0204907E	Abu-CPnd_049-Ex1-7E-lcwgs-1-2	Abu-CPnd_049-Ex1
AbA0600304G	Abu-APnd_003-Ex1-4G-lcwgs-1-2	Abu-APnd_003-Ex1
AbA0601706E	Abu-APnd_017-Ex1-6E-lcwgs-1-2	Abu-APnd_017-Ex1
AbA0601406B	Abu-APnd_014-Ex1-6B-lcwgs-1-2	Abu-APnd_014-Ex1
AbA0602208F	Abu-APnd_022-Ex1-8F-lcwgs-1-2	Abu-APnd_022-Ex1
AbA0602408H	Abu-APnd_024-Ex1-8H-lcwgs-1-2	Abu-APnd_024-Ex1
AbA0603008B	Abu-APnd_030-Ex1-8B-lcwgs-1-2	Abu-APnd_030-Ex1
AbA0600104E	Abu-APnd_001-Ex1-4E-lcwgs-1-T	Abu-APnd_001-Ex1
AbA0600204F	Abu-APnd_002-Ex1-4F-lcwgs-1-T	Abu-APnd_002-Ex1
AbA0600304G	Abu-APnd_003-Ex1-4G-lcwgs-1-T	Abu-APnd_003-Ex1
AbA0600404H	Abu-APnd_004-Ex1-4H-lcwgs-1-T	Abu-APnd_004-Ex1
AbA0600505A	Abu-APnd_005-Ex1-5A-lcwgs-1-T	Abu-APnd_005-Ex1
AbA0600605B	Abu-APnd_006-Ex1-5B-lcwgs-1-T	Abu-APnd_006-Ex1
AbA0600705C	Abu-APnd_007-Ex1-5C-lcwgs-1-T	Abu-APnd_007-Ex1
AbA0600805D	Abu-APnd_008-Ex1-5D-lcwgs-1-T	Abu-APnd_008-Ex1
AbA0600905E	Abu-APnd_009-Ex1-5E-lcwgs-1-T	Abu-APnd_009-Ex1
AbA0601005F	Abu-APnd_010-Ex1-5F-lcwgs-1-T	Abu-APnd_010-Ex1
AbA0601105G	Abu-APnd_011-Ex1-5G-lcwgs-1-T	Abu-APnd_011-Ex1
AbA0601205H	Abu-APnd_012-Ex1-5H-lcwgs-1-T	Abu-APnd_012-Ex1
AbA0601306A	Abu-APnd_013-Ex1-6A-lcwgs-1-T	Abu-APnd_013-Ex1
AbA0601406B	Abu-APnd_014-Ex1-6B-lcwgs-1-T	Abu-APnd_014-Ex1
AbA0601506C	Abu-APnd_015-Ex1-6C-lcwgs-1-T	Abu-APnd_015-Ex1
AbA0601606D	Abu-APnd_016-Ex1-6D-lcwgs-1-T	Abu-APnd_016-Ex1
AbA0601706E	Abu-APnd_017-Ex1-6E-lcwgs-1-T	Abu-APnd_017-Ex1
AbA0601806F	Abu-APnd_018-Ex1-6F-lcwgs-1-T	Abu-APnd_018-Ex1
AbA0601906G	Abu-APnd_019-Ex1-6G-lcwgs-1-T	Abu-APnd_019-Ex1
AbA0602006H	Abu-APnd_020-Ex1-6H-lcwgs-1-T	Abu-APnd_020-Ex1
AbA0603307A	Abu-APnd_033-Ex1-7A-lcwgs-1-T	Abu-APnd_033-Ex1
AbA0603407B	Abu-APnd_034-Ex1-7B-lcwgs-1-T	Abu-APnd_034-Ex1
AbA0603507C	Abu-APnd_035-Ex1-7C-lcwgs-1-T	Abu-APnd_035-Ex1
AbA0603607D	Abu-APnd_036-Ex1-7D-lcwgs-1-T	Abu-APnd_036-Ex1
AbA0602507E	Abu-APnd_025-Ex1-7E-lcwgs-1-T	Abu-APnd_025-Ex1
AbA0602607F	Abu-APnd_026-Ex1-7F-lcwgs-1-T	Abu-APnd_026-Ex1
AbA0602707G	Abu-APnd_027-Ex1-7G-lcwgs-1-T	Abu-APnd_027-Ex1
AbA0602807H	Abu-APnd_028-Ex1-7H-lcwgs-1-T	Abu-APnd_028-Ex1
AbA0602908A	Abu-APnd_029-Ex1-8A-lcwgs-1-T	Abu-APnd_029-Ex1
AbA0603008B	Abu-APnd_030-Ex1-8B-lcwgs-1-T	Abu-APnd_030-Ex1
AbA0603108C	Abu-APnd_031-Ex1-8C-lcwgs-1-T	Abu-APnd_031-Ex1
AbA0603208D	Abu-APnd_032-Ex1-8D-lcwgs-1-T	Abu-APnd_032-Ex1
AbA0602108E	Abu-APnd_021-Ex1-8E-lcwgs-1-T	Abu-APnd_021-Ex1
AbA0602208F	Abu-APnd_022-Ex1-8F-lcwgs-1-T	Abu-APnd_022-Ex1
AbA0602308G	Abu-APnd_023-Ex1-8G-lcwgs-1-T	Abu-APnd_023-Ex1
AbA0602408H	Abu-APnd_024-Ex1-8H-lcwgs-1-T	Abu-APnd_024-Ex1
AbA0603709A	Abu-APnd_037-Ex1-9A-lcwgs-1-T	Abu-APnd_037-Ex1
AbA0603809B	Abu-APnd_038-Ex1-9B-lcwgs-1-T	Abu-APnd_038-Ex1
AbA0603909C	Abu-APnd_039-Ex1-9C-lcwgs-1-T	Abu-APnd_039-Ex1
AbA0604009D	Abu-APnd_040-Ex1-9D-lcwgs-1-T	Abu-APnd_040-Ex1
AbA0604109E	Abu-APnd_041-Ex1-9E-lcwgs-1-T	Abu-APnd_041-Ex1
AbA0604209F	Abu-APnd_042-Ex1-9F-lcwgs-1-T	Abu-APnd_042-Ex1
AbA0604309G	Abu-APnd_043-Ex1-9G-lcwgs-1-T	Abu-APnd_043-Ex1
AbA0604409H	Abu-APnd_044-Ex1-9H-lcwgs-1-T	Abu-APnd_044-Ex1
AbA0604510A	Abu-APnd_045-Ex1-10A-lcwgs-1-T	Abu-APnd_045-Ex1
AbA0604610B	Abu-APnd_046-Ex1-10B-lcwgs-1-T	Abu-APnd_046-Ex1
AbA0604710C	Abu-APnd_047-Ex1-10C-lcwgs-1-T	Abu-APnd_047-Ex1
AbA0604810D	Abu-APnd_048-Ex1-10D-lcwgs-1-T	Abu-APnd_048-Ex1
AbA0604910E	Abu-APnd_049-Ex1-10E-lcwgs-1-T	Abu-APnd_049-Ex1
AbA0605010F	Abu-APnd_050-Ex1-10F-lcwgs-1-T	Abu-APnd_050-Ex1
AbA0605110G	Abu-APnd_051-Ex1-10G-lcwgs-1-T	Abu-APnd_051-Ex1
AbA0605210H	Abu-APnd_052-Ex1-10H-lcwgs-1-T	Abu-APnd_052-Ex1
AbA0605311A	Abu-APnd_053-Ex1-11A-lcwgs-1-T	Abu-APnd_053-Ex1
AbA0605411B	Abu-APnd_054-Ex1-11B-lcwgs-1-T	Abu-APnd_054-Ex1
AbA0605511C	Abu-APnd_055-Ex1-11C-lcwgs-1-T	Abu-APnd_055-Ex1
AbC0208301A	Abu-CPnd_083-Exx1-1A-lcwgs-1-T	Abu-CPnd_083-Ex1
AbC0207601B	Abu-CPnd_076-Exx1-1B-lcwgs-1-T	Abu-CPnd_076-Ex1
AbC0201501C	Abu-CPnd_015-Exx1-1C-lcwgs-1-T	Abu-CPnd_015-Ex1
AbC0209601D	Abu-CPnd_096-Exx1-1D-lcwgs-1-T	Abu-CPnd_096-Ex1
AbC0209501E	Abu-CPnd_095-Exx1-1E-lcwgs-1-T	Abu-CPnd_095-Ex1
AbC0208401F	Abu-CPnd_084-Exx1-1F-lcwgs-1-T	Abu-CPnd_084-Ex1
AbC0201101G	Abu-CPnd_011-Exx1-1G-lcwgs-1-T	Abu-CPnd_011-Ex1
AbC0202001H	Abu-CPnd_020-Exx1-1H-lcwgs-1-T	Abu-CPnd_020-Ex1
AbC0208602A	Abu-CPnd_086-Exx1-2A-lcwgs-1-T	Abu-CPnd_086-Ex1
AbC0205702B	Abu-CPnd_057-Exx1-2B-lcwgs-1-T	Abu-CPnd_057-Ex1
AbC0209402C	Abu-CPnd_094-Exx1-2C-lcwgs-1-T	Abu-CPnd_094-Ex1
AbC0201302D	Abu-CPnd_013-Exx1-2D-lcwgs-1-T	Abu-CPnd_013-Ex1
AbC0208002E	Abu-CPnd_080-Exx1-2E-lcwgs-1-T	Abu-CPnd_080-Ex1
AbC0209202F	Abu-CPnd_092-Exx1-2F-lcwgs-1-T	Abu-CPnd_092-Ex1
AbC0207202G	Abu-CPnd_072-Exx1-2G-lcwgs-1-T	Abu-CPnd_072-Ex1
AbC0206702H	Abu-CPnd_067-Exx1-2H-lcwgs-1-T	Abu-CPnd_067-Ex1
AbC0203703A	Abu-CPnd_037-Exx1-3A-lcwgs-1-T	Abu-CPnd_037-Ex1
AbC0205803B	Abu-CPnd_058-Exx1-3B-lcwgs-1-T	Abu-CPnd_058-Ex1
AbC0206503C	Abu-CPnd_065-Exx1-3C-lcwgs-1-T	Abu-CPnd_065-Ex1
AbC0208703D	Abu-CPnd_087-Exx1-3D-lcwgs-1-T	Abu-CPnd_087-Ex1
AbC0208503E	Abu-CPnd_085-Exx1-3E-lcwgs-1-T	Abu-CPnd_085-Ex1
AbC0207503F	Abu-CPnd_075-Exx1-3F-lcwgs-1-T	Abu-CPnd_075-Ex1
AbC0206603G	Abu-CPnd_066-Exx1-3G-lcwgs-1-T	Abu-CPnd_066-Ex1
AbC0205003H	Abu-CPnd_050-Exx1-3H-lcwgs-1-T	Abu-CPnd_050-Ex1
AbC0204704A	Abu-CPnd_047-Exx1-4A-lcwgs-1-T	Abu-CPnd_047-Ex1
AbC0208104B	Abu-CPnd_081-Exx1-4B-lcwgs-1-T	Abu-CPnd_081-Ex1
AbC0205504C	Abu-CPnd_055-Exx1-4C-lcwgs-1-T	Abu-CPnd_055-Ex1
AbC0204404D	Abu-CPnd_044-Exx1-4D-lcwgs-1-T	Abu-CPnd_044-Ex1
AbC0206104E	Abu-CPnd_061-Exx1-4E-lcwgs-1-T	Abu-CPnd_061-Ex1
AbC0206904F	Abu-CPnd_069-Exx1-4F-lcwgs-1-T	Abu-CPnd_069-Ex1
AbC0200704G	Abu-CPnd_007-Exx1-4G-lcwgs-1-T	Abu-CPnd_007-Ex1
AbC0201204H	Abu-CPnd_012-Exx1-4H-lcwgs-1-T	Abu-CPnd_012-Ex1
AbC0200605A	Abu-CPnd_006-Exx1-5A-lcwgs-1-T	Abu-CPnd_006-Ex1
AbC0203605B	Abu-CPnd_036-Exx1-5B-lcwgs-1-T	Abu-CPnd_036-Ex1
AbC0206405C	Abu-CPnd_064-Exx1-5C-lcwgs-1-T	Abu-CPnd_064-Ex1
AbC0203505D	Abu-CPnd_035-Exx1-5D-lcwgs-1-T	Abu-CPnd_035-Ex1
AbC0201405E	Abu-CPnd_014-Exx1-5E-lcwgs-1-T	Abu-CPnd_014-Ex1
AbC0200105F	Abu-CPnd_001-Exx1-5F-lcwgs-1-T	Abu-CPnd_001-Ex1
AbC0205305G	Abu-CPnd_053-Exx1-5G-lcwgs-1-T	Abu-CPnd_053-Ex1
AbC0205205H	Abu-CPnd_052-Exx1-5H-lcwgs-1-T	Abu-CPnd_052-Ex1
AbC0207106A	Abu-CPnd_071-Exx1-6A-lcwgs-1-T	Abu-CPnd_071-Ex1
AbC0207406B	Abu-CPnd_074-Exx1-6B-lcwgs-1-T	Abu-CPnd_074-Ex1
AbC0205906C	Abu-CPnd_059-Exx1-6C-lcwgs-1-T	Abu-CPnd_059-Ex1
AbC0205606D	Abu-CPnd_056-Exx1-6D-lcwgs-1-T	Abu-CPnd_056-Ex1
AbC0201006E	Abu-CPnd_010-Exx1-6E-lcwgs-1-T	Abu-CPnd_010-Ex1
AbC0206306F	Abu-CPnd_063-Exx1-6F-lcwgs-1-T	Abu-CPnd_063-Ex1
AbC0204806G	Abu-CPnd_048-Exx1-6G-lcwgs-1-T	Abu-CPnd_048-Ex1
AbC0204606H	Abu-CPnd_046-Exx1-6H-lcwgs-1-T	Abu-CPnd_046-Ex1
AbC0207007A	Abu-CPnd_070-Exx1-7A-lcwgs-1-T	Abu-CPnd_070-Ex1
AbC0203807B	Abu-CPnd_038-Exx1-7B-lcwgs-1-T	Abu-CPnd_038-Ex1
AbC0200807C	Abu-CPnd_008-Exx1-7C-lcwgs-1-T	Abu-CPnd_008-Ex1
AbC0203907D	Abu-CPnd_039-Exx1-7D-lcwgs-1-T	Abu-CPnd_039-Ex1
AbC0204907E	Abu-CPnd_049-Exx1-7E-lcwgs-1-T	Abu-CPnd_049-Ex1
AbC0200407F	Abu-CPnd_004-Exx1-7F-lcwgs-1-T	Abu-CPnd_004-Ex1
AbC0205407G	Abu-CPnd_054-Exx1-7G-lcwgs-1-T	Abu-CPnd_054-Ex1
AbC0200507H	Abu-CPnd_005-Exx1-7H-lcwgs-1-T	Abu-CPnd_005-Ex1
AbC0209008A	Abu-CPnd_090-Exx1-8A-lcwgs-1-T	Abu-CPnd_090-Ex1
AbC0206808B	Abu-CPnd_068-Exx1-8B-lcwgs-1-T	Abu-CPnd_068-Ex1
AbC0206008C	Abu-CPnd_060-Exx1-8C-lcwgs-1-T	Abu-CPnd_060-Ex1
AbC0200908D	Abu-CPnd_009-Exx1-8D-lcwgs-1-T	Abu-CPnd_009-Ex1
AbC0206208E	Abu-CPnd_062-Exx1-8E-lcwgs-1-T	Abu-CPnd_062-Ex1
AbC0203208F	Abu-CPnd_032-Exx1-8F-lcwgs-1-T	Abu-CPnd_032-Ex1
AbC0203308G	Abu-CPnd_033-Exx1-8G-lcwgs-1-T	Abu-CPnd_033-Ex1
AbC0205108H	Abu-CPnd_051-Exx1-8H-lcwgs-1-T	Abu-CPnd_051-Ex1
AdA1501002B	Adu-ASub_010-Ex1-2B-lcwgs-1-2	Adu-ASub_010-Ex1
AdA1501102C	Adu-ASub_011-Ex1-2C-lcwgs-1-2	Adu-ASub_011-Ex1
AdA1501803B	Adu-ASub_018-Ex1-3B-lcwgs-1-2	Adu-ASub_018-Ex1
AdA1501903C	Adu-ASub_019-Ex1-3C-lcwgs-1-2	Adu-ASub_019-Ex1
AdA1502103E	Adu-ASub_021-Ex1-3E-lcwgs-1-2	Adu-ASub_021-Ex1
AdA1502303G	Adu-ASub_023-Ex1-3G-lcwgs-1-2	Adu-ASub_023-Ex1
AdA1502403H	Adu-ASub_024-Ex1-3H-lcwgs-1-2	Adu-ASub_024-Ex1
AdA1502504A	Adu-ASub_025-Ex1-4A-lcwgs-1-2	Adu-ASub_025-Ex1
AdA1502604B	Adu-ASub_026-Ex1-4B-lcwgs-1-2	Adu-ASub_026-Ex1
AdA1502704C	Adu-ASub_027-Ex1-4C-lcwgs-1-2	Adu-ASub_027-Ex1
AdA1502804D	Adu-ASub_028-Ex1-4D-lcwgs-1-2	Adu-ASub_028-Ex1
AdA1502904E	Adu-ASub_029-Ex1-4E-lcwgs-1-2	Adu-ASub_029-Ex1
AdA1503004F	Adu-ASub_030-Ex1-4F-lcwgs-1-2	Adu-ASub_030-Ex1
AdA1503104G	Adu-ASub_031-Ex1-4G-lcwgs-1-2	Adu-ASub_031-Ex1
AdA1503305A	Adu-ASub_033-Ex1-5A-lcwgs-1-2	Adu-ASub_033-Ex1
AdA1503405B	Adu-ASub_034-Ex1-5B-lcwgs-1-2	Adu-ASub_034-Ex1
AdA1503505C	Adu-ASub_035-Ex1-5C-lcwgs-1-2	Adu-ASub_035-Ex1
AdA1503605D	Adu-ASub_036-Ex1-5D-lcwgs-1-2	Adu-ASub_036-Ex1
AdA1503705E	Adu-ASub_037-Ex1-5E-lcwgs-1-2	Adu-ASub_037-Ex1
AdA1503805F	Adu-ASub_038-Ex1-5F-lcwgs-1-2	Adu-ASub_038-Ex1
AdA1504106A	Adu-ASub_041-Ex1-6A-lcwgs-1-2	Adu-ASub_041-Ex1
AdA1504206B	Adu-ASub_042-Ex1-6B-lcwgs-1-2	Adu-ASub_042-Ex1
AdA1504306C	Adu-ASub_043-Ex1-6C-lcwgs-1-2	Adu-ASub_043-Ex1
AdA1504406D	Adu-ASub_044-Ex1-6D-lcwgs-1-2	Adu-ASub_044-Ex1
AdA1504506E	Adu-ASub_045-Ex1-6E-lcwgs-1-2	Adu-ASub_045-Ex1
AdA0304606F1	Adu-ASub_046-Ex1-6F-lcwgs-1-2	Adu-ASub_046-Ex1
AdA0304706G1	Adu-ASub_047-Ex1-6G-lcwgs-1-2	Adu-ASub_047-Ex1
AdA0304806H1	Adu-ASub_048-Ex1-6H-lcwgs-1-2	Adu-ASub_048-Ex1
AdA0304907A1	Adu-ASub_049-Ex1-7A-lcwgs-1-2	Adu-ASub_049-Ex1
AdA0305007B1	Adu-ASub_050-Ex1-7B-lcwgs-1-2	Adu-ASub_050-Ex1
AdA0305107C1	Adu-ASub_051-Ex1-7C-lcwgs-1-2	Adu-ASub_051-Ex1
AdA0305207D	Adu-ASub_052-Ex1-7D-lcwgs-1-2	Adu-ASub_052-Ex1
AdA0305307E	Adu-ASub_053-Ex1-7E-lcwgs-1-2	Adu-ASub_053-Ex1
AdA0305407F	Adu-ASub_054-Ex1-7F-lcwgs-1-2	Adu-ASub_054-Ex1
AdA0305507G	Adu-ASub_055-Ex1-7G-lcwgs-1-2	Adu-ASub_055-Ex1
AdA0305607H	Adu-ASub_056-Ex1-7H-lcwgs-1-2	Adu-ASub_056-Ex1
AdA0305708A2	Adu-ASub_057-Ex1-8A-lcwgs-1-2	Adu-ASub_057-Ex1
AdA0305808B	Adu-ASub_058-Ex1-8B-lcwgs-1-2	Adu-ASub_058-Ex1
AdA0305908C	Adu-ASub_059-Ex1-8C-lcwgs-1-2	Adu-ASub_059-Ex1
AdA0306008D	Adu-ASub_060-Ex1-8D-lcwgs-1-2	Adu-ASub_060-Ex1
AdA0306108E	Adu-ASub_061-Ex1-8E-lcwgs-1-2	Adu-ASub_061-Ex1
AdA0306208F	Adu-ASub_062-Ex1-8F-lcwgs-1-2	Adu-ASub_062-Ex1
AdA0306308G	Adu-ASub_063-Ex1-8G-lcwgs-1-2	Adu-ASub_063-Ex1
AdA0306408H	Adu-ASub_064-Ex1-8H-lcwgs-1-2	Adu-ASub_064-Ex1
AdA0306509A	Adu-ASub_065-Ex1-9A-lcwgs-1-2	Adu-ASub_065-Ex1
AdA0306609B	Adu-ASub_066-Ex1-9B-lcwgs-1-2	Adu-ASub_066-Ex1
AdA0306709C	Adu-ASub_067-Ex1-9C-lcwgs-1-2	Adu-ASub_067-Ex1
AdA0306809D	Adu-ASub_068-Ex1-9D-lcwgs-1-2	Adu-ASub_068-Ex1
AdC0603801A	Adu-CSub_038-Ex1-1A-lcwgs-1-2	Adu-CSub_038-Ex1
AdC0605101B	Adu-CSub_051-Ex1-1B-lcwgs-1-2	Adu-CSub_051-Ex1
AdC0600501D	Adu-CSub_005-Ex1-1D-lcwgs-1-2	Adu-CSub_005-Ex1
AdC0601801E	Adu-CSub_018-Ex1-1E-lcwgs-1-2	Adu-CSub_018-Ex1
AdC0604601F	Adu-CSub_046-Ex1-1F-lcwgs-1-2	Adu-CSub_046-Ex1
AdC0603401G	Adu-CSub_034-Ex1-1G-lcwgs-1-2	Adu-CSub_034-Ex1
AdC0602001H	Adu-CSub_020-Ex1-1H-lcwgs-1-2	Adu-CSub_020-Ex1
AdC0605202A	Adu-CSub_052-Ex1-2A-lcwgs-1-2	Adu-CSub_052-Ex1
AdC0600802B	Adu-CSub_008-Ex1-2B-lcwgs-1-2	Adu-CSub_008-Ex1
AdC0600702C	Adu-CSub_007-Ex1-2C-lcwgs-1-2	Adu-CSub_007-Ex1
AdC0605902D	Adu-CSub_059-Ex1-2D-lcwgs-1-2	Adu-CSub_059-Ex1
AdC0607402E	Adu-CSub_074-Ex1-2E-lcwgs-1-2	Adu-CSub_074-Ex1
AdC0604902H	Adu-CSub_049-Ex1-2H-lcwgs-1-2	Adu-CSub_049-Ex1
AdC0601503D	Adu-CSub_015-Ex1-3D-lcwgs-1-2	Adu-CSub_015-Ex1
AdC0602203G	Adu-CSub_022-Ex1-3G-lcwgs-1-2	Adu-CSub_022-Ex1
AdC0609103H	Adu-CSub_091-Ex1-3H-lcwgs-1-2	Adu-CSub_091-Ex1
AdC0601104B	Adu-CSub_011-Ex1-4B-lcwgs-1-2	Adu-CSub_011-Ex1
AdC0608504C	Adu-CSub_085-Ex1-4C-lcwgs-1-2	Adu-CSub_085-Ex1
AdC0602304D	Adu-CSub_023-Ex1-4D-lcwgs-1-2	Adu-CSub_023-Ex1
AdC0605004F	Adu-CSub_050-Ex1-4F-lcwgs-1-2	Adu-CSub_050-Ex1
AdC0604104G	Adu-CSub_041-Ex1-4G-lcwgs-1-2	Adu-CSub_041-Ex1
AdC0607305A	Adu-CSub_073-Ex1-5A-lcwgs-1-2	Adu-CSub_073-Ex1
AdC0601705B	Adu-CSub_017-Ex1-5B-lcwgs-1-2	Adu-CSub_017-Ex1
AdC0602605C	Adu-CSub_026-Ex1-5C-lcwgs-1-2	Adu-CSub_026-Ex1
AdC0606005D	Adu-CSub_060-Ex1-5D-lcwgs-1-2	Adu-CSub_060-Ex1
AdC0609505G	Adu-CSub_095-Ex1-5G-lcwgs-1-2	Adu-CSub_095-Ex1
AdC0604506A	Adu-CSub_045-Ex1-6A-lcwgs-1-2	Adu-CSub_045-Ex1
AdC0601006B	Adu-CSub_010-Ex1-6B-lcwgs-1-2	Adu-CSub_010-Ex1
AdC0602706C	Adu-CSub_027-Ex1-6C-lcwgs-1-2	Adu-CSub_027-Ex1
AdC0607206D	Adu-CSub_072-Ex1-6D-lcwgs-1-2	Adu-CSub_072-Ex1
AdC0602406E	Adu-CSub_024-Ex1-6E-lcwgs-1-2	Adu-CSub_024-Ex1
AdC0607506F	Adu-CSub_075-Ex1-6F-lcwgs-1-2	Adu-CSub_075-Ex1
AdC0604206G	Adu-CSub_042-Ex1-6G-lcwgs-1-2	Adu-CSub_042-Ex1
AdC0600406H	Adu-CSub_004-Ex1-6H-lcwgs-1-2	Adu-CSub_004-Ex1
AdC0601307A	Adu-CSub_013-Ex1-7A-lcwgs-1-2	Adu-CSub_013-Ex1
AdC0608907B	Adu-CSub_089-Ex1-7B-lcwgs-1-2	Adu-CSub_089-Ex1
AdC0602507C	Adu-CSub_025-Ex1-7C-lcwgs-1-2	Adu-CSub_025-Ex1
AdC0608307D	Adu-CSub_083-Ex1-7D-lcwgs-1-2	Adu-CSub_083-Ex1
AdC0605307E	Adu-CSub_053-Ex1-7E-lcwgs-1-2	Adu-CSub_053-Ex1
AdC0603107F	Adu-CSub_031-Ex1-7F-lcwgs-1-2	Adu-CSub_031-Ex1
AdC0606807G	Adu-CSub_068-Ex1-7G-lcwgs-1-2	Adu-CSub_068-Ex1
AdC0600107H	Adu-CSub_001-Ex1-7H-lcwgs-1-2	Adu-CSub_001-Ex1
AdC0602908B	Adu-CSub_029-Ex1-8B-lcwgs-1-2	Adu-CSub_029-Ex1
AdC0608808C	Adu-CSub_088-Ex1-8C-lcwgs-1-2	Adu-CSub_088-Ex1
AdC0606708E	Adu-CSub_067-Ex1-8E-lcwgs-1-2	Adu-CSub_067-Ex1
AdC0608408F	Adu-CSub_084-Ex1-8F-lcwgs-1-2	Adu-CSub_084-Ex1
AdC0609008G	Adu-CSub_090-Ex1-8G-lcwgs-1-2	Adu-CSub_090-Ex1
AdC0607108H	Adu-CSub_071-Ex1-8H-lcwgs-1-2	Adu-CSub_071-Ex1
AdA1501002B	Adu-ASub_010-Ex1-2B-lcwgs-1-3	Adu-ASub_010-Ex1
AdA1501102C	Adu-ASub_011-Ex1-2C-lcwgs-1-3	Adu-ASub_011-Ex1
AdA1501803B	Adu-ASub_018-Ex1-3B-lcwgs-1-3	Adu-ASub_018-Ex1
AdA1501903C	Adu-ASub_019-Ex1-3C-lcwgs-1-3	Adu-ASub_019-Ex1
AdA1502103E	Adu-ASub_021-Ex1-3E-lcwgs-1-3	Adu-ASub_021-Ex1
AdA1502303G	Adu-ASub_023-Ex1-3G-lcwgs-1-3	Adu-ASub_023-Ex1
AdA1502403H	Adu-ASub_024-Ex1-3H-lcwgs-1-3	Adu-ASub_024-Ex1
AdA1502504A	Adu-ASub_025-Ex1-4A-lcwgs-1-3	Adu-ASub_025-Ex1
AdA1502604B	Adu-ASub_026-Ex1-4B-lcwgs-1-3	Adu-ASub_026-Ex1
AdA1502704C	Adu-ASub_027-Ex1-4C-lcwgs-1-3	Adu-ASub_027-Ex1
AdA1502804D	Adu-ASub_028-Ex1-4D-lcwgs-1-3	Adu-ASub_028-Ex1
AdA1502904E	Adu-ASub_029-Ex1-4E-lcwgs-1-3	Adu-ASub_029-Ex1
AdA1503004F	Adu-ASub_030-Ex1-4F-lcwgs-1-3	Adu-ASub_030-Ex1
AdA1503104G	Adu-ASub_031-Ex1-4G-lcwgs-1-3	Adu-ASub_031-Ex1
AdA1503305A	Adu-ASub_033-Ex1-5A-lcwgs-1-3	Adu-ASub_033-Ex1
AdA1503405B	Adu-ASub_034-Ex1-5B-lcwgs-1-3	Adu-ASub_034-Ex1
AdA1503505C	Adu-ASub_035-Ex1-5C-lcwgs-1-3	Adu-ASub_035-Ex1
AdA1503605D	Adu-ASub_036-Ex1-5D-lcwgs-1-3	Adu-ASub_036-Ex1
AdA1503705E	Adu-ASub_037-Ex1-5E-lcwgs-1-3	Adu-ASub_037-Ex1
AdA1503805F	Adu-ASub_038-Ex1-5F-lcwgs-1-3	Adu-ASub_038-Ex1
AdA1504106A	Adu-ASub_041-Ex1-6A-lcwgs-1-3	Adu-ASub_041-Ex1
AdA1504206B	Adu-ASub_042-Ex1-6B-lcwgs-1-3	Adu-ASub_042-Ex1
AdA1504306C	Adu-ASub_043-Ex1-6C-lcwgs-1-3	Adu-ASub_043-Ex1
AdA1504406D	Adu-ASub_044-Ex1-6D-lcwgs-1-3	Adu-ASub_044-Ex1
AdA1504506E	Adu-ASub_045-Ex1-6E-lcwgs-1-3	Adu-ASub_045-Ex1
AdA0304606F1	Adu-ASub_046-Ex1-6F-lcwgs-1-3	Adu-ASub_046-Ex1
AdA0304706G1	Adu-ASub_047-Ex1-6G-lcwgs-1-3	Adu-ASub_047-Ex1
AdA0304806H1	Adu-ASub_048-Ex1-6H-lcwgs-1-3	Adu-ASub_048-Ex1
AdA0304907A1	Adu-ASub_049-Ex1-7A-lcwgs-1-3	Adu-ASub_049-Ex1
AdA0305007B1	Adu-ASub_050-Ex1-7B-lcwgs-1-3	Adu-ASub_050-Ex1
AdA0305107C1	Adu-ASub_051-Ex1-7C-lcwgs-1-3	Adu-ASub_051-Ex1
AdA0305207D	Adu-ASub_052-Ex1-7D-lcwgs-1-3	Adu-ASub_052-Ex1
AdA0305307E	Adu-ASub_053-Ex1-7E-lcwgs-1-3	Adu-ASub_053-Ex1
AdA0305407F	Adu-ASub_054-Ex1-7F-lcwgs-1-3	Adu-ASub_054-Ex1
AdA0305507G	Adu-ASub_055-Ex1-7G-lcwgs-1-3	Adu-ASub_055-Ex1
AdA0305607H	Adu-ASub_056-Ex1-7H-lcwgs-1-3	Adu-ASub_056-Ex1
AdA0305708A2	Adu-ASub_057-Ex1-8A-lcwgs-1-3	Adu-ASub_057-Ex1
AdA0305808B	Adu-ASub_058-Ex1-8B-lcwgs-1-3	Adu-ASub_058-Ex1
AdA0305908C	Adu-ASub_059-Ex1-8C-lcwgs-1-3	Adu-ASub_059-Ex1
AdA0306008D	Adu-ASub_060-Ex1-8D-lcwgs-1-3	Adu-ASub_060-Ex1
AdA0306108E	Adu-ASub_061-Ex1-8E-lcwgs-1-3	Adu-ASub_061-Ex1
AdA0306208F	Adu-ASub_062-Ex1-8F-lcwgs-1-3	Adu-ASub_062-Ex1
AdA0306308G	Adu-ASub_063-Ex1-8G-lcwgs-1-3	Adu-ASub_063-Ex1
AdA0306408H	Adu-ASub_064-Ex1-8H-lcwgs-1-3	Adu-ASub_064-Ex1
AdA0306509A	Adu-ASub_065-Ex1-9A-lcwgs-1-3	Adu-ASub_065-Ex1
AdA0306609B	Adu-ASub_066-Ex1-9B-lcwgs-1-3	Adu-ASub_066-Ex1
AdA0306709C	Adu-ASub_067-Ex1-9C-lcwgs-1-3	Adu-ASub_067-Ex1
AdA0306809D	Adu-ASub_068-Ex1-9D-lcwgs-1-3	Adu-ASub_068-Ex1
AdC0603801A	Adu-CSub_038-Ex1-1A-lcwgs-1-3	Adu-CSub_038-Ex1
AdC0605101B	Adu-CSub_051-Ex1-1B-lcwgs-1-3	Adu-CSub_051-Ex1
AdC0600501D	Adu-CSub_005-Ex1-1D-lcwgs-1-3	Adu-CSub_005-Ex1
AdC0601801E	Adu-CSub_018-Ex1-1E-lcwgs-1-3	Adu-CSub_018-Ex1
AdC0604601F	Adu-CSub_046-Ex1-1F-lcwgs-1-3	Adu-CSub_046-Ex1
AdC0603401G	Adu-CSub_034-Ex1-1G-lcwgs-1-3	Adu-CSub_034-Ex1
AdC0602001H	Adu-CSub_020-Ex1-1H-lcwgs-1-3	Adu-CSub_020-Ex1
AdC0605202A	Adu-CSub_052-Ex1-2A-lcwgs-1-3	Adu-CSub_052-Ex1
AdC0600802B	Adu-CSub_008-Ex1-2B-lcwgs-1-3	Adu-CSub_008-Ex1
AdC0600702C	Adu-CSub_007-Ex1-2C-lcwgs-1-3	Adu-CSub_007-Ex1
AdC0605902D	Adu-CSub_059-Ex1-2D-lcwgs-1-3	Adu-CSub_059-Ex1
AdC0607402E	Adu-CSub_074-Ex1-2E-lcwgs-1-3	Adu-CSub_074-Ex1
AdC0604902H	Adu-CSub_049-Ex1-2H-lcwgs-1-3	Adu-CSub_049-Ex1
AdC0601503D	Adu-CSub_015-Ex1-3D-lcwgs-1-3	Adu-CSub_015-Ex1
AdC0602203G	Adu-CSub_022-Ex1-3G-lcwgs-1-3	Adu-CSub_022-Ex1
AdC0609103H	Adu-CSub_091-Ex1-3H-lcwgs-1-3	Adu-CSub_091-Ex1
AdC0601104B	Adu-CSub_011-Ex1-4B-lcwgs-1-3	Adu-CSub_011-Ex1
AdC0608504C	Adu-CSub_085-Ex1-4C-lcwgs-1-3	Adu-CSub_085-Ex1
AdC0602304D	Adu-CSub_023-Ex1-4D-lcwgs-1-3	Adu-CSub_023-Ex1
AdC0605004F	Adu-CSub_050-Ex1-4F-lcwgs-1-3	Adu-CSub_050-Ex1
AdC0604104G	Adu-CSub_041-Ex1-4G-lcwgs-1-3	Adu-CSub_041-Ex1
AdC0607305A	Adu-CSub_073-Ex1-5A-lcwgs-1-3	Adu-CSub_073-Ex1
AdC0601705B	Adu-CSub_017-Ex1-5B-lcwgs-1-3	Adu-CSub_017-Ex1
AdC0602605C	Adu-CSub_026-Ex1-5C-lcwgs-1-3	Adu-CSub_026-Ex1
AdC0606005D	Adu-CSub_060-Ex1-5D-lcwgs-1-3	Adu-CSub_060-Ex1
AdC0609505G	Adu-CSub_095-Ex1-5G-lcwgs-1-3	Adu-CSub_095-Ex1
AdC0604506A	Adu-CSub_045-Ex1-6A-lcwgs-1-3	Adu-CSub_045-Ex1
AdC0601006B	Adu-CSub_010-Ex1-6B-lcwgs-1-3	Adu-CSub_010-Ex1
AdC0602706C	Adu-CSub_027-Ex1-6C-lcwgs-1-3	Adu-CSub_027-Ex1
AdC0607206D	Adu-CSub_072-Ex1-6D-lcwgs-1-3	Adu-CSub_072-Ex1
AdC0602406E	Adu-CSub_024-Ex1-6E-lcwgs-1-3	Adu-CSub_024-Ex1
AdC0607506F	Adu-CSub_075-Ex1-6F-lcwgs-1-3	Adu-CSub_075-Ex1
AdC0604206G	Adu-CSub_042-Ex1-6G-lcwgs-1-3	Adu-CSub_042-Ex1
AdC0600406H	Adu-CSub_004-Ex1-6H-lcwgs-1-3	Adu-CSub_004-Ex1
AdC0601307A	Adu-CSub_013-Ex1-7A-lcwgs-1-3	Adu-CSub_013-Ex1
AdC0608907B	Adu-CSub_089-Ex1-7B-lcwgs-1-3	Adu-CSub_089-Ex1
AdC0602507C	Adu-CSub_025-Ex1-7C-lcwgs-1-3	Adu-CSub_025-Ex1
AdC0608307D	Adu-CSub_083-Ex1-7D-lcwgs-1-3	Adu-CSub_083-Ex1
AdC0605307E	Adu-CSub_053-Ex1-7E-lcwgs-1-3	Adu-CSub_053-Ex1
AdC0603107F	Adu-CSub_031-Ex1-7F-lcwgs-1-3	Adu-CSub_031-Ex1
AdC0606807G	Adu-CSub_068-Ex1-7G-lcwgs-1-3	Adu-CSub_068-Ex1
AdC0600107H	Adu-CSub_001-Ex1-7H-lcwgs-1-3	Adu-CSub_001-Ex1
AdC0602908B	Adu-CSub_029-Ex1-8B-lcwgs-1-3	Adu-CSub_029-Ex1
AdC0608808C	Adu-CSub_088-Ex1-8C-lcwgs-1-3	Adu-CSub_088-Ex1
AdC0606708E	Adu-CSub_067-Ex1-8E-lcwgs-1-3	Adu-CSub_067-Ex1
AdC0608408F	Adu-CSub_084-Ex1-8F-lcwgs-1-3	Adu-CSub_084-Ex1
AdC0609008G	Adu-CSub_090-Ex1-8G-lcwgs-1-3	Adu-CSub_090-Ex1
AdC0607108H	Adu-CSub_071-Ex1-8H-lcwgs-1-3	Adu-CSub_071-Ex1
AduATag001	Adu-ATag_001-Ex1-9E-lcwgs-1-2	Adu-ATag_001-Ex1
AduATag002	Adu-ATag_002-Ex1-9F-lcwgs-1-2	Adu-ATag_002-Ex1
AduATag003	Adu-ATag_003-Ex1-9G-lcwgs-1-2	Adu-ATag_003-Ex1
AduATag004	Adu-ATag_004-Ex1-9H-lcwgs-1-2	Adu-ATag_004-Ex1
AduATag005	Adu-ATag_005-Ex1-10A-lcwgs-1-2	Adu-ATag_005-Ex1
AduATag006	Adu-ATag_006-Ex1-10B-lcwgs-1-2	Adu-ATag_006-Ex1
AduATag007	Adu-ATag_007-Ex1-10C-lcwgs-1-2	Adu-ATag_007-Ex1
AduATag008	Adu-ATag_008-Ex1-10D-lcwgs-1-2	Adu-ATag_008-Ex1
AduATag009	Adu-ATag_009-Ex1-10E-lcwgs-1-2	Adu-ATag_009-Ex1
AduATag010	Adu-ATag_010-Ex1-10F-lcwgs-1-2	Adu-ATag_010-Ex1
AduATag011	Adu-ATag_011-Ex1-10G-lcwgs-1-2	Adu-ATag_011-Ex1
AduATag012	Adu-ATag_012-Ex1-10H-lcwgs-1-2	Adu-ATag_012-Ex1
AduATag013	Adu-ATag_013-Ex1-11A-lcwgs-1-2	Adu-ATag_013-Ex1
AduATag014	Adu-ATag_014-Ex1-11B-lcwgs-1-2	Adu-ATag_014-Ex1
AduATag015	Adu-ATag_015-Ex1-11C-lcwgs-1-2	Adu-ATag_015-Ex1
AduATag016	Adu-ATag_016-Ex1-11D-lcwgs-1-2	Adu-ATag_016-Ex1
AduATag017	Adu-ATag_017-Ex1-11E-lcwgs-1-2	Adu-ATag_017-Ex1
AduATag018	Adu-ATag_018-Ex1-11F-lcwgs-1-2	Adu-ATag_018-Ex1
AduATag019	Adu-ATag_019-Ex1-11G-lcwgs-1-2	Adu-ATag_019-Ex1
AduATag020	Adu-ATag_020-Ex1-11H-lcwgs-1-2	Adu-ATag_020-Ex1
AduATag021	Adu-ATag_021-Ex1-12A-lcwgs-1-2	Adu-ATag_021-Ex1
AduATag022	Adu-ATag_022-Ex1-12B-lcwgs-1-2	Adu-ATag_022-Ex1
AduATag023	Adu-ATag_023-Ex1-12C-lcwgs-1-2	Adu-ATag_023-Ex1
AduATag024	Adu-ATag_024-Ex1-12D-lcwgs-1-2	Adu-ATag_024-Ex1
AduATag025	Adu-ATag_025-Ex1-12E-lcwgs-1-2	Adu-ATag_025-Ex1
AduATag026	Adu-ATag_026-Ex1-12F-lcwgs-1-2	Adu-ATag_026-Ex1
AduATag027	Adu-ATag_027-Ex1-12G-lcwgs-1-2	Adu-ATag_027-Ex1
AduATag028	Adu-ATag_028-Ex1-12H-lcwgs-1-2	Adu-ATag_028-Ex1
AduATag029	Adu-ATag_029-Ex1-1A-lcwgs-1-2	Adu-ATag_029-Ex1
AduATag030	Adu-ATag_030-Ex1-1B-lcwgs-1-2	Adu-ATag_030-Ex1
AduATag031	Adu-ATag_031-Ex1-1C-lcwgs-1-2	Adu-ATag_031-Ex1
AduATag032	Adu-ATag_032-Ex1-1D-lcwgs-1-2	Adu-ATag_032-Ex1
AduATag033	Adu-ATag_033-Ex1-1E-lcwgs-1-2	Adu-ATag_033-Ex1
AduATag034	Adu-ATag_034-Ex1-1F-lcwgs-1-2	Adu-ATag_034-Ex1
AduATag035	Adu-ATag_035-Ex1-1G-lcwgs-1-2	Adu-ATag_035-Ex1
AduATag036	Adu-ATag_036-Ex1-1H-lcwgs-1-2	Adu-ATag_036-Ex1
AduATag037	Adu-ATag_037-Ex1-2A-lcwgs-1-2	Adu-ATag_037-Ex1
AduATag038	Adu-ATag_038-Ex1-2B-lcwgs-1-2	Adu-ATag_038-Ex1
AduATag039	Adu-ATag_039-Ex1-2C-lcwgs-1-2	Adu-ATag_039-Ex1
AduATag040	Adu-ATag_040-Ex1-2D-lcwgs-1-2	Adu-ATag_040-Ex1
AduCTag001	Adu-CTag_001-Ex1-9E-lcwgs-1-2	Adu-CTag_001-Ex1
AduCTag002	Adu-CTag_002-Ex1-1E-lcwgs-1-2	Adu-CTag_002-Ex1
AduCTag003	Adu-CTag_003-Ex1-9B-lcwgs-1-2	Adu-CTag_003-Ex1
AduCTag004	Adu-CTag_004-Ex1-9F-lcwgs-1-2	Adu-CTag_004-Ex1
AduCTag005	Adu-CTag_005-Ex1-10C-lcwgs-1-2	Adu-CTag_005-Ex1
AduCTag006	Adu-CTag_006-Ex1-1A-lcwgs-1-2	Adu-CTag_006-Ex1
AduCTag008	Adu-CTag_008-Ex1-2A-lcwgs-1-2	Adu-CTag_008-Ex1
AduCTag009	Adu-CTag_009-Ex1-2H-lcwgs-1-2	Adu-CTag_009-Ex1
AduCTag010	Adu-CTag_010-Ex1-4B-lcwgs-1-2	Adu-CTag_010-Ex1
AduCTag011	Adu-CTag_011-Ex1-9C-lcwgs-1-2	Adu-CTag_011-Ex1
AduCTag012	Adu-CTag_012-Ex1-4G-lcwgs-1-2	Adu-CTag_012-Ex1
AduCTag013	Adu-CTag_013-Ex1-9G-lcwgs-1-2	Adu-CTag_013-Ex1
AduCTag017	Adu-CTag_017-Ex1-11F-lcwgs-1-2	Adu-CTag_017-Ex1
AduCTag019	Adu-CTag_019-Ex1-11E-lcwgs-1-2	Adu-CTag_019-Ex1
AduCTag021	Adu-CTag_021-Ex1-10H-lcwgs-1-2	Adu-CTag_021-Ex1
AduCTag023	Adu-CTag_023-Ex1-11C-lcwgs-1-2	Adu-CTag_023-Ex1
AduCTag024	Adu-CTag_024-Ex1-12A-lcwgs-1-2	Adu-CTag_024-Ex1
AduCTag027	Adu-CTag_027-Ex1-10D-lcwgs-1-2	Adu-CTag_027-Ex1
AduCTag028	Adu-CTag_028-Ex1-11D-lcwgs-1-2	Adu-CTag_028-Ex1
AduCTag030	Adu-CTag_030-Ex1-10E-lcwgs-1-2	Adu-CTag_030-Ex1
AduCTag031	Adu-CTag_031-Ex1-2B-lcwgs-1-2	Adu-CTag_031-Ex1
AduCTag032	Adu-CTag_032-Ex1-9D-lcwgs-1-2	Adu-CTag_032-Ex1
AduCTag033	Adu-CTag_033-Ex1-3A-lcwgs-1-2	Adu-CTag_033-Ex1
AduCTag034	Adu-CTag_034-Ex1-10A-lcwgs-1-2	Adu-CTag_034-Ex1
AduCTag035	Adu-CTag_035-Ex1-12E-lcwgs-1-2	Adu-CTag_035-Ex1
AduCTag037	Adu-CTag_037-Ex1-10G-lcwgs-1-2	Adu-CTag_037-Ex1
AduCTag038	Adu-CTag_038-Ex1-12C-lcwgs-1-2	Adu-CTag_038-Ex1
AduCTag039	Adu-CTag_039-Ex1-9H-lcwgs-1-2	Adu-CTag_039-Ex1
AduCTag045	Adu-CTag_045-Ex1-3H-lcwgs-1-2	Adu-CTag_045-Ex1
AduCTag046	Adu-CTag_046-Ex1-4F-lcwgs-1-2	Adu-CTag_046-Ex1
AduCTag047	Adu-CTag_047-Ex1-3C-lcwgs-1-2	Adu-CTag_047-Ex1
AduCTag049	Adu-CTag_049-Ex1-12F-lcwgs-1-2	Adu-CTag_049-Ex1
AduCTag051	Adu-CTag_051-Ex1-4A-lcwgs-1-2	Adu-CTag_051-Ex1
AduCTag059	Adu-CTag_059-Ex1-2D-lcwgs-1-2	Adu-CTag_059-Ex1
AduCTag070	Adu-CTag_070-Ex1-3B-lcwgs-1-2	Adu-CTag_070-Ex1
AduCTag073	Adu-CTag_073-Ex1-12B-lcwgs-1-2	Adu-CTag_073-Ex1
AduCTag076	Adu-CTag_076-Ex1-4C-lcwgs-1-2	Adu-CTag_076-Ex1
AduCTag079	Adu-CTag_079-Ex1-3E-lcwgs-1-2	Adu-CTag_079-Ex1
AduCTag083	Adu-CTag_083-Ex1-4E-lcwgs-1-2	Adu-CTag_083-Ex1
AduCTag084	Adu-CTag_084-Ex1-1H-lcwgs-1-2	Adu-CTag_084-Ex1
AduCTag085	Adu-CTag_085-Ex1-12D-lcwgs-1-2	Adu-CTag_085-Ex1
AduCTag086	Adu-CTag_086-Ex1-10B-lcwgs-1-2	Adu-CTag_086-Ex1
AduCTag087	Adu-CTag_087-Ex1-1D-lcwgs-1-2	Adu-CTag_087-Ex1
AduCTag089	Adu-CTag_089-Ex1-11A-lcwgs-1-2	Adu-CTag_089-Ex1
AduCTag092	Adu-CTag_092-Ex1-4D-lcwgs-1-2	Adu-CTag_092-Ex1
AduCTag093	Adu-CTag_093-Ex1-10F-lcwgs-1-2	Adu-CTag_093-Ex1
AduCTag095	Adu-CTag_095-Ex1-3D-lcwgs-1-2	Adu-CTag_095-Ex1
AduCTag096	Adu-CTag_096-Ex1-12G-lcwgs-1-2	Adu-CTag_096-Ex1
AdA1600101A	Adu-AGui_001-Ex1-1A-lcwgs-1-1	Adu-AGui_001-Ex1
AdA1600202A	Adu-AGui_002-Ex1-2A-lcwgs-1-1	Adu-AGui_002-Ex1
AdA1600303A	Adu-AGui_003-Ex1-3A-lcwgs-1-1	Adu-AGui_003-Ex1
AdA1600404A	Adu-AGui_004-Ex1-4A-lcwgs-1-1	Adu-AGui_004-Ex1
AdA1600505A	Adu-AGui_005-Ex1-5A-lcwgs-1-1	Adu-AGui_005-Ex1
AdA1600606A	Adu-AGui_006-Ex1-6A-lcwgs-1-1	Adu-AGui_006-Ex1
AdA1600707A	Adu-AGui_007-Ex1-7A-lcwgs-1-1	Adu-AGui_007-Ex1
AdA1600808A	Adu-AGui_008-Ex1-8A-lcwgs-1-1	Adu-AGui_008-Ex1
AdA1600909A	Adu-AGui_009-Ex1-9A-lcwgs-1-1	Adu-AGui_009-Ex1
AdA1601010A	Adu-AGui_010-Ex1-10A-lcwgs-1-1	Adu-AGui_010-Ex1
AdA1601111A	Adu-AGui_011-Ex1-11A-lcwgs-1-1	Adu-AGui_011-Ex1
AdA1601212A	Adu-AGui_012-Ex1-12A-lcwgs-1-1	Adu-AGui_012-Ex1
AdA1601301B	Adu-AGui_013-Ex1-1B-lcwgs-1-1	Adu-AGui_013-Ex1
AdA1601402B	Adu-AGui_014-Ex1-2B-lcwgs-1-1	Adu-AGui_014-Ex1
AdA1601503B	Adu-AGui_015-Ex1-3B-lcwgs-1-1	Adu-AGui_015-Ex1
AdA1601604B	Adu-AGui_016-Ex1-4B-lcwgs-1-1	Adu-AGui_016-Ex1
AdA1601705B	Adu-AGui_017-Ex1-5B-lcwgs-1-1	Adu-AGui_017-Ex1
AdA1601806B	Adu-AGui_018-Ex1-6B-lcwgs-1-1	Adu-AGui_018-Ex1
AdA1601907B	Adu-AGui_019-Ex1-7B-lcwgs-1-1	Adu-AGui_019-Ex1
AdA1602008B	Adu-AGui_020-Ex1-8B-lcwgs-1-1	Adu-AGui_020-Ex1
AdA1602109B	Adu-AGui_021-Ex1-9B-lcwgs-1-1	Adu-AGui_021-Ex1
AdA1602210B	Adu-AGui_022-Ex1-10B-lcwgs-1-1	Adu-AGui_022-Ex1
AdA1602311B	Adu-AGui_023-Ex1-11B-lcwgs-1-1	Adu-AGui_023-Ex1
AdA1602412B	Adu-AGui_024-Ex1-12B-lcwgs-1-1	Adu-AGui_024-Ex1
AdA1602505C	Adu-AGui_025-Ex1-5C-lcwgs-1-1	Adu-AGui_025-Ex1
AdA1602606C	Adu-AGui_026-Ex1-6C-lcwgs-1-1	Adu-AGui_026-Ex1
AdA1602709C	Adu-AGui_027-Ex1-9C-lcwgs-1-1	Adu-AGui_027-Ex1
AdA1602810C	Adu-AGui_028-Ex1-10C-lcwgs-1-1	Adu-AGui_028-Ex1
AdA1602911C	Adu-AGui_029-Ex1-11C-lcwgs-1-1	Adu-AGui_029-Ex1
AdA1603012C	Adu-AGui_030-Ex1-12C-lcwgs-1-1	Adu-AGui_030-Ex1
AdA1603101C	Adu-AGui_031-Ex1-1C-lcwgs-1-1	Adu-AGui_031-Ex1
AdA1603202C	Adu-AGui_032-Ex1-2C-lcwgs-1-1	Adu-AGui_032-Ex1
AdA1603303C	Adu-AGui_033-Ex1-3C-lcwgs-1-1	Adu-AGui_033-Ex1
AdA1603404C	Adu-AGui_034-Ex1-4C-lcwgs-1-1	Adu-AGui_034-Ex1
AdA1603507C	Adu-AGui_035-Ex1-7C-lcwgs-1-1	Adu-AGui_035-Ex1
AdA1603608C	Adu-AGui_036-Ex1-8C-lcwgs-1-1	Adu-AGui_036-Ex1
AdA1603701D	Adu-AGui_037-Ex1-1D-lcwgs-1-1	Adu-AGui_037-Ex1
AdA1603802D	Adu-AGui_038-Ex1-2D-lcwgs-1-1	Adu-AGui_038-Ex1
AdA1603903D	Adu-AGui_039-Ex1-3D-lcwgs-1-1	Adu-AGui_039-Ex1
AdA1604004D	Adu-AGui_040-Ex1-4D-lcwgs-1-1	Adu-AGui_040-Ex1
AdA1604105D	Adu-AGui_041-Ex1-5D-lcwgs-1-1	Adu-AGui_041-Ex1
AdA1604206D	Adu-AGui_042-Ex1-6D-lcwgs-1-1	Adu-AGui_042-Ex1
AdA1604307D	Adu-AGui_043-Ex1-7D-lcwgs-1-1	Adu-AGui_043-Ex1
AdA1604408D	Adu-AGui_044-Ex1-8D-lcwgs-1-1	Adu-AGui_044-Ex1
AdA1604509D	Adu-AGui_045-Ex1-9D-lcwgs-1-1	Adu-AGui_045-Ex1
AdA1604610D	Adu-AGui_046-Ex1-10D-lcwgs-1-1	Adu-AGui_046-Ex1
AdA1604711D	Adu-AGui_047-Ex1-11D-lcwgs-1-1	Adu-AGui_047-Ex1
AdA1604812D	Adu-AGui_048-Ex1-12D-lcwgs-1-1	Adu-AGui_048-Ex1
AdA1604901E	Adu-AGui_049-Ex1-1E-lcwgs-1-1	Adu-AGui_049-Ex1
AdA1200110G	Adu-AHam_001-Ex1-a-10G-lcwgs-2-1	Adu-AHam_001-Ex1
AdA1200210H	Adu-AHam_002-Ex1-b-10H-lcwgs-2-1	Adu-AHam_002-Ex1
AdA1200311A	Adu-AHam_003-Ex1-a-11A-lcwgs-2-1	Adu-AHam_003-Ex1
AdA1200411B	Adu-AHam_004-Ex1-a-11B-lcwgs-2-1	Adu-AHam_004-Ex1
AdA1200511C	Adu-AHam_005-Ex1-b-11C-lcwgs-2-1	Adu-AHam_005-Ex1
AdA1200611D	Adu-AHam_006-Ex1-a-11D-lcwgs-2-1	Adu-AHam_006-Ex1
AdA1200711E	Adu-AHam_007-Ex1-a-11E-lcwgs-2-1	Adu-AHam_007-Ex1
AdA1200811F	Adu-AHam_008-Ex1-b-11F-lcwgs-2-1	Adu-AHam_008-Ex1
AdA1200911G	Adu-AHam_009-Ex1-a-11G-lcwgs-2-1	Adu-AHam_009-Ex1
AdA1201011H	Adu-AHam_010-Ex1-a-11H-lcwgs-2-1	Adu-AHam_010-Ex1
AdA1201112A	Adu-AHam_011-Ex1-a-12A-lcwgs-2-1	Adu-AHam_011-Ex1
AdA1201212B	Adu-AHam_012-Ex1-a-12B-lcwgs-2-1	Adu-AHam_012-Ex1
AdA1201312C	Adu-AHam_013-Ex1-a-12C-lcwgs-2-1	Adu-AHam_013-Ex1
AdA1201412D	Adu-AHam_014-Ex1-a-12D-lcwgs-2-1	Adu-AHam_014-Ex1
AdA1201512E	Adu-AHam_015-Ex1-a-12E-lcwgs-2-1	Adu-AHam_015-Ex1
AdA1201612F	Adu-AHam_016-Ex1-a-12F-lcwgs-2-1	Adu-AHam_016-Ex1
AdA1201712G	Adu-AHam_017-Ex1-a-12G-lcwgs-2-1	Adu-AHam_017-Ex1
AdA1201812H	Adu-AHam_018-Ex1-a-12H-lcwgs-2-1	Adu-AHam_018-Ex1
AdA1201903C	Adu-AHam_019-Ex1-a-3C-lcwgs-2-1	Adu-AHam_019-Ex1
AdA1202001B	Adu-AHam_020-Ex1-b-1B-lcwgs-1-1	Adu-AHam_020-Ex1
AdA1202101C	Adu-AHam_021-Ex1-a-1C-lcwgs-1-1	Adu-AHam_021-Ex1
AdA1202203F	Adu-AHam_022-Ex1-a-3F-lcwgs-2-1	Adu-AHam_022-Ex1
AdA1202403G	Adu-AHam_024-Ex1-a-3G-lcwgs-2-1	Adu-AHam_024-Ex1
AdA1202501G	Adu-AHam_025-Ex1-a-1G-lcwgs-1-1	Adu-AHam_025-Ex1
AdA1202601H	Adu-AHam_026-Ex1-b-1H-lcwgs-1-1	Adu-AHam_026-Ex1
AdA1202702A	Adu-AHam_027-Ex1-b-2A-lcwgs-1-1	Adu-AHam_027-Ex1
AdA1202802B	Adu-AHam_028-Ex1-b-2B-lcwgs-1-1	Adu-AHam_028-Ex1
AdA1202902C	Adu-AHam_029-Ex1-a-2C-lcwgs-1-1	Adu-AHam_029-Ex1
AdA1203002F	Adu-AHam_030-Ex1-b-2F-lcwgs-2-1	Adu-AHam_030-Ex1
AdA1203202F	Adu-AHam_032-Ex1-b-2F-lcwgs-1-1	Adu-AHam_032-Ex1
AdA1203302G	Adu-AHam_033-Ex1-b-2G-lcwgs-1-1	Adu-AHam_033-Ex1
AdA1203402H	Adu-AHam_034-Ex1-a-2H-lcwgs-1-1	Adu-AHam_034-Ex1
AdA1203503A	Adu-AHam_035-Ex1-a-3A-lcwgs-1-1	Adu-AHam_035-Ex1
AdA1203603B	Adu-AHam_036-Ex1-a-3B-lcwgs-1-1	Adu-AHam_036-Ex1
AdA1203703C	Adu-AHam_037-Ex1-a-3C-lcwgs-1-1	Adu-AHam_037-Ex1
AdA1203803D	Adu-AHam_038-Ex1-b-3D-lcwgs-1-1	Adu-AHam_038-Ex1
AdA1204003F	Adu-AHam_040-Ex1-b-3F-lcwgs-1-1	Adu-AHam_040-Ex1
AdA1204103G	Adu-AHam_041-Ex1-b-3G-lcwgs-1-1	Adu-AHam_041-Ex1
AdA1204203H	Adu-AHam_042-Ex1-a-3H-lcwgs-1-1	Adu-AHam_042-Ex1
AdA1204304A	Adu-AHam_043-Ex1-a-4A-lcwgs-1-1	Adu-AHam_043-Ex1
AdA1204404B	Adu-AHam_044-Ex1-b-4B-lcwgs-1-1	Adu-AHam_044-Ex1
AdA1204504C	Adu-AHam_045-Ex1-a-4C-lcwgs-1-1	Adu-AHam_045-Ex1
AdA1204604D	Adu-AHam_046-Ex1-b-4D-lcwgs-1-1	Adu-AHam_046-Ex1
AdA1204704E	Adu-AHam_047-Ex1-a-4E-lcwgs-1-1	Adu-AHam_047-Ex1
AdA1204804F	Adu-AHam_048-Ex1-a-4F-lcwgs-1-1	Adu-AHam_048-Ex1
AdA1304901A	Adu-AHam_049-Ex1-1A-lcwgs-1-1	Adu-AHam_049-Ex1
AdA1305001B	Adu-AHam_050-Ex1-1B-lcwgs-1-1	Adu-AHam_050-Ex1
AdA1305101C	Adu-AHam_051-Ex1-1C-lcwgs-1-1	Adu-AHam_051-Ex1
AdA1305201D	Adu-AHam_052-Ex1-1D-lcwgs-1-1	Adu-AHam_052-Ex1
AdA1305301E	Adu-AHam_053-Ex1-1E-lcwgs-1-1	Adu-AHam_053-Ex1
AdA1305401F	Adu-AHam_054-Ex1-1F-lcwgs-1-1	Adu-AHam_054-Ex1
AdA1305501G	Adu-AHam_055-Ex1-1G-lcwgs-1-1	Adu-AHam_055-Ex1
AdA1305601H	Adu-AHam_056-Ex1-1H-lcwgs-1-1	Adu-AHam_056-Ex1
AdA1305702A	Adu-AHam_057-Ex1-2A-lcwgs-1-1	Adu-AHam_057-Ex1
AdA1305802B	Adu-AHam_058-Ex1-2B-lcwgs-1-1	Adu-AHam_058-Ex1
AdA1305902C	Adu-AHam_059-Ex1-2C-lcwgs-1-1	Adu-AHam_059-Ex1
AdA1306002D	Adu-AHam_060-Ex1-2D-lcwgs-1-1	Adu-AHam_060-Ex1
AdA1306102E	Adu-AHam_061-Ex1-2E-lcwgs-1-1	Adu-AHam_061-Ex1
AdA1306202F	Adu-AHam_062-Ex1-2F-lcwgs-1-1	Adu-AHam_062-Ex1
AdA1306302G	Adu-AHam_063-Ex1-2G-lcwgs-1-1	Adu-AHam_063-Ex1
AdA1306402H	Adu-AHam_064-Ex1-2H-lcwgs-1-1	Adu-AHam_064-Ex1
AdA1306503A	Adu-AHam_065-Ex1-3A-lcwgs-1-1	Adu-AHam_065-Ex1
AdA1306603B	Adu-AHam_066-Ex1-3B-lcwgs-1-1	Adu-AHam_066-Ex1
AdA1306703C	Adu-AHam_067-Ex1-3C-lcwgs-1-1	Adu-AHam_067-Ex1
AdA1306803D	Adu-AHam_068-Ex1-3D-lcwgs-1-1	Adu-AHam_068-Ex1
AdA1306903E	Adu-AHam_069-Ex1-3E-lcwgs-1-1	Adu-AHam_069-Ex1
AdA1307003F	Adu-AHam_070-Ex1-3F-lcwgs-1-1	Adu-AHam_070-Ex1
AdA1307103G	Adu-AHam_071-Ex1-3G-lcwgs-1-1	Adu-AHam_071-Ex1
AdA1307203H	Adu-AHam_072-Ex1-3H-lcwgs-1-1	Adu-AHam_072-Ex1
AdA1307304A	Adu-AHam_073-Ex1-4A-lcwgs-1-1	Adu-AHam_073-Ex1
AdA1307404B	Adu-AHam_074-Ex1-4B-lcwgs-1-1	Adu-AHam_074-Ex1
AdA1307504C	Adu-AHam_075-Ex1-4C-lcwgs-1-1	Adu-AHam_075-Ex1
AdA1307604D	Adu-AHam_076-Ex1-4D-lcwgs-1-1	Adu-AHam_076-Ex1
AdA1307704E	Adu-AHam_077-Ex1-4E-lcwgs-1-1	Adu-AHam_077-Ex1
AdA1307804F	Adu-AHam_078-Ex1-4F-lcwgs-1-1	Adu-AHam_078-Ex1
AdA1307904G	Adu-AHam_079-Ex1-4G-lcwgs-1-1	Adu-AHam_079-Ex1
AdA1308004H	Adu-AHam_080-Ex1-4H-lcwgs-1-1	Adu-AHam_080-Ex1
AdA1308105A	Adu-AHam_081-Ex1-5A-lcwgs-1-1	Adu-AHam_081-Ex1
AdA1308205B	Adu-AHam_082-Ex1-5B-lcwgs-1-1	Adu-AHam_082-Ex1
AdA1308305C	Adu-AHam_083-Ex1-5C-lcwgs-1-1	Adu-AHam_083-Ex1
AdA1308405D	Adu-AHam_084-Ex1-5D-lcwgs-1-1	Adu-AHam_084-Ex1
AdA1308505E	Adu-AHam_085-Ex1-5E-lcwgs-1-1	Adu-AHam_085-Ex1
AdA1308605F	Adu-AHam_086-Ex1-5F-lcwgs-1-1	Adu-AHam_086-Ex1
AdA1308705G	Adu-AHam_087-Ex1-5G-lcwgs-1-1	Adu-AHam_087-Ex1
AdA1308805H	Adu-AHam_088-Ex1-5H-lcwgs-1-1	Adu-AHam_088-Ex1
AdA1308906A	Adu-AHam_089-Ex1-6A-lcwgs-1-1	Adu-AHam_089-Ex1
AdA1309006B	Adu-AHam_090-Ex1-6B-lcwgs-1-1	Adu-AHam_090-Ex1
AdA1309106C	Adu-AHam_091-Ex1-6C-lcwgs-1-1	Adu-AHam_091-Ex1
AdA1309206D	Adu-AHam_092-Ex1-6D-lcwgs-1-1	Adu-AHam_092-Ex1
AdA1309306E	Adu-AHam_093-Ex1-6E-lcwgs-1-1	Adu-AHam_093-Ex1
AdA1309406F	Adu-AHam_094-Ex1-6F-lcwgs-1-1	Adu-AHam_094-Ex1
AdA1309506G	Adu-AHam_095-Ex1-6G-lcwgs-1-1	Adu-AHam_095-Ex1
AdA1309606H	Adu-AHam_096-Ex1-6H-lcwgs-1-1	Adu-AHam_096-Ex1
AdA0100101H	Adu-AMat_001-Ex1-1H-lcwgs-1-1	Adu-AMat_001-Ex1
AdA0100201G	Adu-AMat_002-Ex1-1G-lcwgs-2-1	Adu-AMat_002-Ex1
AdA0100301F	Adu-AMat_003-Ex1-1F-lcwgs-2-1	Adu-AMat_003-Ex1
AdA1400408E	Adu-AMat_004-Ex1-8E-lcwgs-3-1	Adu-AMat_004-Ex1
AdA1400502E	Adu-AMat_005-Ex2-2E-lcwgs-3-1	Adu-AMat_005-Ex2
AdA1100609F	Adu-AMat_006 E1-Ex?-9F-lcwgs-2-1	Adu-AMat_006-Ex1
AdA1400702F	Adu-AMat_007-Ex2-2F-lcwgs-1-1	Adu-AMat_007-Ex2
AdA1100809H	Adu-AMat_008 E1-Ex?-9H-lcwgs-2-1	Adu-AMat_008-Ex1
AdA1100910A	Adu-AMat_009 E1-Ex?-10A-lcwgs-3-1	Adu-AMat_009-Ex1
AdA1101010C	Adu-AMat_010 E1-Ex?-10C-lcwgs-1-1	Adu-AMat_010-Ex1
AdA1101010C	Adu-AMat_010 E1-Ex?-10C-lcwgs-2-1	Adu-AMat_010-Ex1
AdA1101110D	Adu-AMat_011 E1-Ex?-10D-lcwgs-2-1	Adu-AMat_011-Ex1
AdA1101210E	Adu-AMat_012 E1-Ex?-10E-lcwgs-1-1	Adu-AMat_012-Ex1
AdA1101210E	Adu-AMat_012 E1-Ex?-10E-lcwgs-3-1	Adu-AMat_012-Ex1
AdA1401302G	Adu-AMat_013-Ex2-2G-lcwgs-1-1	Adu-AMat_013-Ex2
AdA1401508G	Adu-AMat_015-Ex2-8G-lcwgs-1-1	Adu-AMat_015-Ex2
AdA1401602H	Adu-AMat_016-Ex2-2H-lcwgs-1-1	Adu-AMat_016-Ex2
AdA1401703A	Adu-AMat_017-Ex2-3A-lcwgs-1-1	Adu-AMat_017-Ex2
AdA1401803B	Adu-AMat_018-Ex2-3B-lcwgs-1-1	Adu-AMat_018-Ex2
AdA1401903C	Adu-AMat_019-Ex2-3C-lcwgs-1-1	Adu-AMat_019-Ex2
AdA1402003D	Adu-AMat_020-Ex2-3D-lcwgs-1-1	Adu-AMat_020-Ex2
AdA1402103E	Adu-AMat_021-Ex2-3E-lcwgs-1-1	Adu-AMat_021-Ex2
AdA1402603F	Adu-AMat_026-Ex3-3F-lcwgs-3-1	Adu-AMat_026-Ex3
AdA0302904E	Adu-AMat_029-Ex1-4E-lcwgs-2-1	Adu-AMat_029-Ex1
AdA0303004F	Adu-AMat_030-Ex1-4F-lcwgs-1-1	Adu-AMat_030-Ex1
AdA0303104G	Adu-AMat_031-Ex1-4G-lcwgs-2-1	Adu-AMat_031-Ex1
AdA1403209A	Adu-AMat_032-Ex3-9A-lcwgs-3-1	Adu-AMat_032-Ex3
AdA0303305A	Adu-AMat_033-Ex1-5A-lcwgs-2-1	Adu-AMat_033-Ex1
AdA0303405B	Adu-AMat_034-Ex1-5B-lcwgs-1-1	Adu-AMat_034-Ex1
AdA0303505C	Adu-AMat_035-Ex1-5C-lcwgs-2-1	Adu-AMat_035-Ex1
AdA1403603H	Adu-AMat_036-Ex3-3H-lcwgs-3-1	Adu-AMat_036-Ex3
AdA1403709B	Adu-AMat_037-Ex3-9B-lcwgs-3-1	Adu-AMat_037-Ex3
AdA0303805F	Adu-AMat_038-Ex1-5F-lcwgs-2-1	Adu-AMat_038-Ex1
AdA0303905G	Adu-AMat_039-Ex1-5G-lcwgs-1-1	Adu-AMat_039-Ex1
AdA0304005H	Adu-AMat_040-Ex1-5H-lcwgs-2-1	Adu-AMat_040-Ex1
AdA0304106A	Adu-AMat_041-Ex1-6A-lcwgs-1-1	Adu-AMat_041-Ex1
AdA0304206B	Adu-AMat_042-Ex1-6B-lcwgs-2-1	Adu-AMat_042-Ex1
AdA1404309C	Adu-AMat_043-Ex3-9C-lcwgs-3-1	Adu-AMat_043-Ex3
AdA1404404A	Adu-AMat_044-Ex3-4A-lcwgs-3-1	Adu-AMat_044-Ex3
AdA1404509D	Adu-AMat_045-Ex3-9D-lcwgs-3-1	Adu-AMat_045-Ex3
AdA0304606F2	Adu-AMat_046-Ex1-6F-lcwgs-2-1	Adu-AMat_046-Ex1
AdA0304706G2	Adu-AMat_047-Ex1-6G-lcwgs-2-1	Adu-AMat_047-Ex1
AdA0304806H2	Adu-AMat_048-Ex1-6H-lcwgs-2-1	Adu-AMat_048-Ex1
AdA0304907A2	Adu-AMat_049-Ex1-7A-lcwgs-2-1	Adu-AMat_049-Ex1
AdA0305007B2	Adu-AMat_050-Ex1-7B-lcwgs-2-1	Adu-AMat_050-Ex1
AdA0305107C2	Adu-AMat_051-Ex1-7C-lcwgs-2-1	Adu-AMat_051-Ex1
AdA1405204B	Adu-AMat_052-Ex3-4B-lcwgs-3-1	Adu-AMat_052-Ex3
AdA1405304C	Adu-AMat_053-Ex2-4C-lcwgs-3-1	Adu-AMat_053-Ex2
AdA1405404D	Adu-AMat_054-Ex2-4D-lcwgs-3-1	Adu-AMat_054-Ex2
AdA1405504E	Adu-AMat_055-Ex2-4E-lcwgs-3-1	Adu-AMat_055-Ex2
AdA1405604F	Adu-AMat_056-Ex2-4F-lcwgs-3-1	Adu-AMat_056-Ex2
AdA0305708A	Adu-AMat_057-Ex1-8A-lcwgs-1-1	Adu-AMat_057-Ex1
AdA0305708A	Adu-AMat_057-Ex1-8A-lcwgs-2-1	Adu-AMat_057-Ex1
AdA1405704G	Adu-AMat_057-Ex2-4G-lcwgs-3-1	Adu-AMat_057-Ex2
AdA1405804H	Adu-AMat_058-Ex2-4H-lcwgs-3-1	Adu-AMat_058-Ex2
AdA1405905A	Adu-AMat_059-Ex2-5A-lcwgs-3-1	Adu-AMat_059-Ex2
AdA1406005B	Adu-AMat_060-Ex2-5B-lcwgs-3-1	Adu-AMat_060-Ex2
AdA1406105C	Adu-AMat_061-Ex2-5C-lcwgs-3-1	Adu-AMat_061-Ex2
AdA1406205D	Adu-AMat_062-Ex2-5D-lcwgs-3-1	Adu-AMat_062-Ex2
AdA1406309E	Adu-AMat_063-Ex2-9E-lcwgs-3-1	Adu-AMat_063-Ex2
AdA1406405E	Adu-AMat_064-Ex2-5E-lcwgs-1-1	Adu-AMat_064-Ex2
AdA1406505F	Adu-AMat_065-Ex2-5F-lcwgs-3-1	Adu-AMat_065-Ex2
AdA1406605G	Adu-AMat_066-Ex2-5G-lcwgs-3-1	Adu-AMat_066-Ex2
AdA1406705H	Adu-AMat_067-Ex2-5H-lcwgs-3-1	Adu-AMat_067-Ex2
AdA1406806A	Adu-AMat_068-Ex2-6A-lcwgs-3-1	Adu-AMat_068-Ex2
AdA1406906B	Adu-AMat_069-Ex2-6B-lcwgs-3-1	Adu-AMat_069-Ex2
AdA1407006C	Adu-AMat_070-Ex2-6C-lcwgs-3-1	Adu-AMat_070-Ex2
AdA1407106D	Adu-AMat_071-Ex2-6D-lcwgs-3-1	Adu-AMat_071-Ex2
AdA1407206E	Adu-AMat_072-Ex2-6E-lcwgs-2-1	Adu-AMat_072-Ex2
AdA1407306F	Adu-AMat_073-Ex2-6F-lcwgs-2-1	Adu-AMat_073-Ex2
AdA1407406G	Adu-AMat_074-Ex2-6G-lcwgs-3-1	Adu-AMat_074-Ex2
AdA1407506H	Adu-AMat_075-Ex2-6H-lcwgs-3-1	Adu-AMat_075-Ex2
AdA1407607A	Adu-AMat_076-Ex2-7A-lcwgs-2-1	Adu-AMat_076-Ex2
AdA1407707B	Adu-AMat_077-Ex2-7B-lcwgs-3-1	Adu-AMat_077-Ex2
AdA1407807C	Adu-AMat_078-Ex2-7C-lcwgs-3-1	Adu-AMat_078-Ex2
AdA1407907D	Adu-AMat_079-Ex2-7D-lcwgs-2-1	Adu-AMat_079-Ex2
AdA0108003G	Adu-AMat_080-Ex1-3G-lcwgs-1-1	Adu-AMat_080-Ex1
AdA1408007E	Adu-AMat_080-Ex2-7E-lcwgs-2-1	Adu-AMat_080-Ex2
AdA1408107F	Adu-AMat_081-Ex2-7F-lcwgs-2-1	Adu-AMat_081-Ex2
AdA0108203E	Adu-AMat_082-Ex1-3E-lcwgs-2-1	Adu-AMat_082-Ex1
AdA1408307G	Adu-AMat_083-Ex2-7G-lcwgs-3-1	Adu-AMat_083-Ex2
AdA1408407H	Adu-AMat_084-Ex2-7H-lcwgs-2-1	Adu-AMat_084-Ex2
AdA1408508A	Adu-AMat_085-Ex2-8A-lcwgs-2-1	Adu-AMat_085-Ex2
AdA1408608B	Adu-AMat_086-Ex2-8B-lcwgs-2-1	Adu-AMat_086-Ex2
AdA1408708C	Adu-AMat_087-Ex2-8C-lcwgs-2-1	Adu-AMat_087-Ex2
AdA1408809F	Adu-AMat_088-Ex2-9F-lcwgs-2-1	Adu-AMat_088-Ex2
AdA0108904B	Adu-AMat_089-Ex1-4B-lcwgs-1-1	Adu-AMat_089-Ex1
AdA0108904B	Adu-AMat_089-Ex1-4B-lcwgs-2-1	Adu-AMat_089-Ex1
AdA1409009G	Adu-AMat_090-Ex1-9G-lcwgs-2-1	Adu-AMat_090-Ex1
AdA1500101A	Adu-ASub_001-Ex1-1A-lcwgs-1-1	Adu-ASub_001-Ex1
AdA1500201B	Adu-ASub_002-Ex1-1B-lcwgs-1-1	Adu-ASub_002-Ex1
AdA1500301C	Adu-ASub_003-Ex1-1C-lcwgs-1-1	Adu-ASub_003-Ex1
AdA1500401D	Adu-ASub_004-Ex1-1D-lcwgs-1-1	Adu-ASub_004-Ex1
AdA1500501E	Adu-ASub_005-Ex1-1E-lcwgs-1-1	Adu-ASub_005-Ex1
AdA1500601F	Adu-ASub_006-Ex1-1F-lcwgs-1-1	Adu-ASub_006-Ex1
AdA1500701G	Adu-ASub_007-Ex1-1G-lcwgs-1-1	Adu-ASub_007-Ex1
AdA1500801H	Adu-ASub_008-Ex1-1H-lcwgs-1-1	Adu-ASub_008-Ex1
AdA1500902A	Adu-ASub_009-Ex1-2A-lcwgs-1-1	Adu-ASub_009-Ex1
AdA1501002B	Adu-ASub_010-Ex1-2B-lcwgs-1-1	Adu-ASub_010-Ex1
AdA1501102C	Adu-ASub_011-Ex1-2C-lcwgs-1-1	Adu-ASub_011-Ex1
AdA1501202D	Adu-ASub_012-Ex1-2D-lcwgs-1-1	Adu-ASub_012-Ex1
AdA1501302E	Adu-ASub_013-Ex1-2E-lcwgs-1-1	Adu-ASub_013-Ex1
AdA1501402F	Adu-ASub_014-Ex1-2F-lcwgs-1-1	Adu-ASub_014-Ex1
AdA1501502G	Adu-ASub_015-Ex1-2G-lcwgs-1-1	Adu-ASub_015-Ex1
AdA1501602H	Adu-ASub_016-Ex1-2H-lcwgs-1-1	Adu-ASub_016-Ex1
AdA1501703A	Adu-ASub_017-Ex1-3A-lcwgs-1-1	Adu-ASub_017-Ex1
AdA1501803B	Adu-ASub_018-Ex1-3B-lcwgs-1-1	Adu-ASub_018-Ex1
AdA1501903C	Adu-ASub_019-Ex1-3C-lcwgs-1-1	Adu-ASub_019-Ex1
AdA1502003D	Adu-ASub_020-Ex1-3D-lcwgs-1-1	Adu-ASub_020-Ex1
AdA1502103E	Adu-ASub_021-Ex1-3E-lcwgs-1-1	Adu-ASub_021-Ex1
AdA1502203F	Adu-ASub_022-Ex1-3F-lcwgs-1-1	Adu-ASub_022-Ex1
AdA1502303G	Adu-ASub_023-Ex1-3G-lcwgs-1-1	Adu-ASub_023-Ex1
AdA1502403H	Adu-ASub_024-Ex1-3H-lcwgs-1-1	Adu-ASub_024-Ex1
AdA1502504A	Adu-ASub_025-Ex1-4A-lcwgs-1-1	Adu-ASub_025-Ex1
AdA1502604B	Adu-ASub_026-Ex1-4B-lcwgs-1-1	Adu-ASub_026-Ex1
AdA1502704C	Adu-ASub_027-Ex1-4C-lcwgs-1-1	Adu-ASub_027-Ex1
AdA1502804D	Adu-ASub_028-Ex1-4D-lcwgs-1-1	Adu-ASub_028-Ex1
AdA1502904E	Adu-ASub_029-Ex1-4E-lcwgs-1-1	Adu-ASub_029-Ex1
AdA1503004F	Adu-ASub_030-Ex1-4F-lcwgs-1-1	Adu-ASub_030-Ex1
AdA1503104G	Adu-ASub_031-Ex1-4G-lcwgs-1-1	Adu-ASub_031-Ex1
AdA1503204H	Adu-ASub_032-Ex1-4H-lcwgs-1-1	Adu-ASub_032-Ex1
AdA1503305A	Adu-ASub_033-Ex1-5A-lcwgs-1-1	Adu-ASub_033-Ex1
AdA1503405B	Adu-ASub_034-Ex1-5B-lcwgs-1-1	Adu-ASub_034-Ex1
AdA1503505C	Adu-ASub_035-Ex1-5C-lcwgs-1-1	Adu-ASub_035-Ex1
AdA1503605D	Adu-ASub_036-Ex1-5D-lcwgs-1-1	Adu-ASub_036-Ex1
AdA1503705E	Adu-ASub_037-Ex1-5E-lcwgs-1-1	Adu-ASub_037-Ex1
AdA1503805F	Adu-ASub_038-Ex1-5F-lcwgs-1-1	Adu-ASub_038-Ex1
AdA1503905G	Adu-ASub_039-Ex1-5G-lcwgs-1-1	Adu-ASub_039-Ex1
AdA1504005H	Adu-ASub_040-Ex1-5H-lcwgs-1-1	Adu-ASub_040-Ex1
AdA1504106A	Adu-ASub_041-Ex1-6A-lcwgs-1-1	Adu-ASub_041-Ex1
AdA1504206B	Adu-ASub_042-Ex1-6B-lcwgs-1-1	Adu-ASub_042-Ex1
AdA1504306C	Adu-ASub_043-Ex1-6C-lcwgs-1-1	Adu-ASub_043-Ex1
AdA1504406D	Adu-ASub_044-Ex1-6D-lcwgs-1-1	Adu-ASub_044-Ex1
AdA1504506E	Adu-ASub_045-Ex1-6E-lcwgs-1-1	Adu-ASub_045-Ex1
AdA0304606F1	Adu-ASub_046-Ex1-6F-lcwgs-1-1	Adu-ASub_046-Ex1
AdA0304706G1	Adu-ASub_047-Ex1-6G-lcwgs-1-1	Adu-ASub_047-Ex1
AdA0304806H1	Adu-ASub_048-Ex1-6H-lcwgs-1-1	Adu-ASub_048-Ex1
AdA0304907A1	Adu-ASub_049-Ex1-7A-lcwgs-1-1	Adu-ASub_049-Ex1
AdA0305007B1	Adu-ASub_050-Ex1-7B-lcwgs-1-1	Adu-ASub_050-Ex1
AdA0305107C1	Adu-ASub_051-Ex1-7C-lcwgs-1-1	Adu-ASub_051-Ex1
AdA0305207D	Adu-ASub_052-Ex1-7D-lcwgs-1-1	Adu-ASub_052-Ex1
AdA0305307E	Adu-ASub_053-Ex1-7E-lcwgs-1-1	Adu-ASub_053-Ex1
AdA0305407F	Adu-ASub_054-Ex1-7F-lcwgs-1-1	Adu-ASub_054-Ex1
AdA0305507G	Adu-ASub_055-Ex1-7G-lcwgs-1-1	Adu-ASub_055-Ex1
AdA0305607H	Adu-ASub_056-Ex1-7H-lcwgs-1-1	Adu-ASub_056-Ex1
AdA0305708A2	Adu-ASub_057-Ex1-8A-lcwgs-1-1	Adu-ASub_057-Ex1
AdA0305808B	Adu-ASub_058-Ex1-8B-lcwgs-1-1	Adu-ASub_058-Ex1
AdA0305908C	Adu-ASub_059-Ex1-8C-lcwgs-1-1	Adu-ASub_059-Ex1
AdA0306008D	Adu-ASub_060-Ex1-8D-lcwgs-1-1	Adu-ASub_060-Ex1
AdA0306108E	Adu-ASub_061-Ex1-8E-lcwgs-1-1	Adu-ASub_061-Ex1
AdA0306208F	Adu-ASub_062-Ex1-8F-lcwgs-1-1	Adu-ASub_062-Ex1
AdA0306308G	Adu-ASub_063-Ex1-8G-lcwgs-1-1	Adu-ASub_063-Ex1
AdA0306408H	Adu-ASub_064-Ex1-8H-lcwgs-1-1	Adu-ASub_064-Ex1
AdA0306509A	Adu-ASub_065-Ex1-9A-lcwgs-1-1	Adu-ASub_065-Ex1
AdA0306609B	Adu-ASub_066-Ex1-9B-lcwgs-1-1	Adu-ASub_066-Ex1
AdA0306709C	Adu-ASub_067-Ex1-9C-lcwgs-1-1	Adu-ASub_067-Ex1
AdA0306809D	Adu-ASub_068-Ex1-9D-lcwgs-1-1	Adu-ASub_068-Ex1
AdA0300109E	Adu-ATag_001-Ex1-9E-lcwgs-1-1	Adu-ATag_001-Ex1
AdA0300209F	Adu-ATag_002-Ex1-9F-lcwgs-1-1	Adu-ATag_002-Ex1
AdA0300309G	Adu-ATag_003-Ex1-9G-lcwgs-1-1	Adu-ATag_003-Ex1
AdA0300409H	Adu-ATag_004-Ex1-9H-lcwgs-1-1	Adu-ATag_004-Ex1
AdA0300510A	Adu-ATag_005-Ex1-10A-lcwgs-1-1	Adu-ATag_005-Ex1
AdA0300610B	Adu-ATag_006-Ex1-10B-lcwgs-1-1	Adu-ATag_006-Ex1
AdA0300710C	Adu-ATag_007-Ex1-10C-lcwgs-1-1	Adu-ATag_007-Ex1
AdA0300810D	Adu-ATag_008-Ex1-10D-lcwgs-1-1	Adu-ATag_008-Ex1
AdA0300910E	Adu-ATag_009-Ex1-10E-lcwgs-1-1	Adu-ATag_009-Ex1
AdA0301010F	Adu-ATag_010-Ex1-10F-lcwgs-1-1	Adu-ATag_010-Ex1
AdA0301110G	Adu-ATag_011-Ex1-10G-lcwgs-1-1	Adu-ATag_011-Ex1
AdA0301210H	Adu-ATag_012-Ex1-10H-lcwgs-1-1	Adu-ATag_012-Ex1
AdA0301311A	Adu-ATag_013-Ex1-11A-lcwgs-1-1	Adu-ATag_013-Ex1
AdA0301411B	Adu-ATag_014-Ex1-11B-lcwgs-1-1	Adu-ATag_014-Ex1
AdA0301511C	Adu-ATag_015-Ex1-11C-lcwgs-1-1	Adu-ATag_015-Ex1
AdA0301611D	Adu-ATag_016-Ex1-11D-lcwgs-1-1	Adu-ATag_016-Ex1
AdA0301711E	Adu-ATag_017-Ex1-11E-lcwgs-1-1	Adu-ATag_017-Ex1
AdA0301811F	Adu-ATag_018-Ex1-11F-lcwgs-1-1	Adu-ATag_018-Ex1
AdA0301911G	Adu-ATag_019-Ex1-11G-lcwgs-1-1	Adu-ATag_019-Ex1
AdA0302011H	Adu-ATag_020-Ex1-11H-lcwgs-1-1	Adu-ATag_020-Ex1
AdA0302112A	Adu-ATag_021-Ex1-12A-lcwgs-1-1	Adu-ATag_021-Ex1
AdA0302212B	Adu-ATag_022-Ex1-12B-lcwgs-1-1	Adu-ATag_022-Ex1
AdA0302312C	Adu-ATag_023-Ex1-12C-lcwgs-1-1	Adu-ATag_023-Ex1
AdA0302412D	Adu-ATag_024-Ex1-12D-lcwgs-1-1	Adu-ATag_024-Ex1
AdA0302512E	Adu-ATag_025-Ex1-12E-lcwgs-1-1	Adu-ATag_025-Ex1
AdA0302612F	Adu-ATag_026-Ex1-12F-lcwgs-1-1	Adu-ATag_026-Ex1
AdA0302712G	Adu-ATag_027-Ex1-12G-lcwgs-1-1	Adu-ATag_027-Ex1
AdA0302812H	Adu-ATag_028-Ex1-12H-lcwgs-1-1	Adu-ATag_028-Ex1
AdA0302901A	Adu-ATag_029-Ex1-1A-lcwgs-1-1	Adu-ATag_029-Ex1
AdA0303001B	Adu-ATag_030-Ex1-1B-lcwgs-1-1	Adu-ATag_030-Ex1
AdA0303101C	Adu-ATag_031-Ex1-1C-lcwgs-1-1	Adu-ATag_031-Ex1
AdA0303201D	Adu-ATag_032-Ex1-1D-lcwgs-1-1	Adu-ATag_032-Ex1
AdA0303301E	Adu-ATag_033-Ex1-1E-lcwgs-1-1	Adu-ATag_033-Ex1
AdA0303401F	Adu-ATag_034-Ex1-1F-lcwgs-1-1	Adu-ATag_034-Ex1
AdA0303501G	Adu-ATag_035-Ex1-1G-lcwgs-1-1	Adu-ATag_035-Ex1
AdA0303601H	Adu-ATag_036-Ex1-1H-lcwgs-1-1	Adu-ATag_036-Ex1
AdA0303702A	Adu-ATag_037-Ex1-2A-lcwgs-1-1	Adu-ATag_037-Ex1
AdA0303802B	Adu-ATag_038-Ex1-2B-lcwgs-1-1	Adu-ATag_038-Ex1
AdA0303902C	Adu-ATag_039-Ex1-2C-lcwgs-1-1	Adu-ATag_039-Ex1
AdA0304002D	Adu-ATag_040-Ex1-2D-lcwgs-1-1	Adu-ATag_040-Ex1
AdA0500111E	Adu-ATaw_001-Ex1-11E-lcwgs-1-1	Adu-ATaw_001-Ex1
AdA0500210F	Adu-ATaw_002-Ex1-10F-lcwgs-1-1	Adu-ATaw_002-Ex1
AdA0500310B	Adu-ATaw_003-Ex1-10B-lcwgs-1-1	Adu-ATaw_003-Ex1
AdA0500412H	Adu-ATaw_004-Ex1-12H-lcwgs-1-1	Adu-ATaw_004-Ex1
AdA0600509H	Adu-ATaw_005-Ex1-9H-lcwgs-1-1	Adu-ATaw_005-Ex1
AdA0600610A	Adu-ATaw_006-Ex1-10A-lcwgs-1-1	Adu-ATaw_006-Ex1
AdA0600810C	Adu-ATaw_008-Ex1-10C-lcwgs-1-1	Adu-ATaw_008-Ex1
AdA16_00802E	Adu-ATaw_008-Ex2-2E-lcwgs-2-1	Adu-ATaw_008-Ex2
AdA0600910D	Adu-ATaw_009-Ex1-10D-lcwgs-1-1	Adu-ATaw_009-Ex1
AdA0601010E	Adu-ATaw_010-Ex1-10E-lcwgs-1-1	Adu-ATaw_010-Ex1
AdA0601210G	Adu-ATaw_012-Ex1-10G-lcwgs-1-1	Adu-ATaw_012-Ex1
AdA0601310H	Adu-ATaw_013-Ex1-10H-lcwgs-1-1	Adu-ATaw_013-Ex1
AdA16_01303E	Adu-ATaw_013-Ex2-3E-lcwgs-2-1	Adu-ATaw_013-Ex2
AdA0601411A	Adu-ATaw_014-Ex1-11A-lcwgs-1-1	Adu-ATaw_014-Ex1
AdA16_01404E	Adu-ATaw_014-Ex2-4E-lcwgs-2-1	Adu-ATaw_014-Ex2
AdA0601511B	Adu-ATaw_015-Ex1-11B-lcwgs-1-1	Adu-ATaw_015-Ex1
AdA16_01505E	Adu-ATaw_015-Ex2-5E-lcwgs-2-1	Adu-ATaw_015-Ex2
AdA0601611C	Adu-ATaw_016-Ex1-11C-lcwgs-1-1	Adu-ATaw_016-Ex1
AdA0601711D	Adu-ATaw_017-Ex1-11D-lcwgs-1-1	Adu-ATaw_017-Ex1
AdA0601911F	Adu-ATaw_019-Ex1-11F-lcwgs-1-1	Adu-ATaw_019-Ex1
AdA0602011G	Adu-ATaw_020-Ex1-11G-lcwgs-1-1	Adu-ATaw_020-Ex1
AdA0602111H	Adu-ATaw_021-Ex1-11H-lcwgs-1-1	Adu-ATaw_021-Ex1
AdA0602212A	Adu-ATaw_022-Ex1-12A-lcwgs-1-1	Adu-ATaw_022-Ex1
AdA0602412C	Adu-ATaw_024-Ex1-12C-lcwgs-1-1	Adu-ATaw_024-Ex1
AdA0602512D	Adu-ATaw_025-Ex1-12D-lcwgs-1-1	Adu-ATaw_025-Ex1
AdA0602612E	Adu-ATaw_026-Ex1-12E-lcwgs-1-1	Adu-ATaw_026-Ex1
AdA16_02906E	Adu-ATaw_029-Ex1-6E-lcwgs-1-1	Adu-ATaw_029-Ex1
AdA16_03007E	Adu-ATaw_030-Ex1-7E-lcwgs-1-1	Adu-ATaw_030-Ex1
AdA16_03108E	Adu-ATaw_031-Ex1-8E-lcwgs-1-1	Adu-ATaw_031-Ex1
AdA16_03209E	Adu-ATaw_032-Ex1-9E-lcwgs-1-1	Adu-ATaw_032-Ex1
AdA16_03310E	Adu-ATaw_033-Ex1-10E-lcwgs-1-1	Adu-ATaw_033-Ex1
AdA16_03411E	Adu-ATaw_034-Ex1-11E-lcwgs-1-1	Adu-ATaw_034-Ex1
AdA16_03512E	Adu-ATaw_035-Ex1-12E-lcwgs-1-1	Adu-ATaw_035-Ex1
AdA16_03601F	Adu-ATaw_036-Ex1-1F-lcwgs-1-1	Adu-ATaw_036-Ex1
AdA16_03702F	Adu-ATaw_037-Ex1-2F-lcwgs-1-1	Adu-ATaw_037-Ex1
AdA16_03803F	Adu-ATaw_038-Ex1-3F-lcwgs-1-1	Adu-ATaw_038-Ex1
AdA16_03904F	Adu-ATaw_039-Ex1-4F-lcwgs-1-1	Adu-ATaw_039-Ex1
AdA16_04005F	Adu-ATaw_040-Ex1-5F-lcwgs-1-1	Adu-ATaw_040-Ex1
AdA16_04106F	Adu-ATaw_041-Ex1-6F-lcwgs-1-1	Adu-ATaw_041-Ex1
AdA16_04207F	Adu-ATaw_042-Ex1-7F-lcwgs-1-1	Adu-ATaw_042-Ex1
AdA16_04308F	Adu-ATaw_043-Ex1-8F-lcwgs-1-1	Adu-ATaw_043-Ex1
AdA16_04409F	Adu-ATaw_044-Ex1-9F-lcwgs-1-1	Adu-ATaw_044-Ex1
AdA16_04510F	Adu-ATaw_045-Ex1-10F-lcwgs-1-1	Adu-ATaw_045-Ex1
AdA16_04611F	Adu-ATaw_046-Ex1-11F-lcwgs-1-1	Adu-ATaw_046-Ex1
AdA16_04712F	Adu-ATaw_047-Ex1-12F-lcwgs-1-1	Adu-ATaw_047-Ex1
AdA16_04801G	Adu-ATaw_048-Ex1-1G-lcwgs-1-1	Adu-ATaw_048-Ex1
AdA16_04902G	Adu-ATaw_049-Ex1-2G-lcwgs-1-1	Adu-ATaw_049-Ex1
AdA16_05003G	Adu-ATaw_050-Ex1-3G-lcwgs-1-1	Adu-ATaw_050-Ex1
AdA16_05104G	Adu-ATaw_051-Ex1-4G-lcwgs-1-1	Adu-ATaw_051-Ex1
AdA16_05205G	Adu-ATaw_052-Ex1-5G-lcwgs-1-1	Adu-ATaw_052-Ex1
AdA16_05306G	Adu-ATaw_053-Ex1-6G-lcwgs-1-1	Adu-ATaw_053-Ex1
AdA16_05407G	Adu-ATaw_054-Ex1-7G-lcwgs-1-1	Adu-ATaw_054-Ex1
AdA16_05508G	Adu-ATaw_055-Ex1-8G-lcwgs-1-1	Adu-ATaw_055-Ex1
AdA16_05609G	Adu-ATaw_056-Ex1-9G-lcwgs-1-1	Adu-ATaw_056-Ex1
AdA16_05710G	Adu-ATaw_057-Ex1-10G-lcwgs-1-1	Adu-ATaw_057-Ex1
AdA16_05811G	Adu-ATaw_058-Ex1-11G-lcwgs-1-1	Adu-ATaw_058-Ex1
AdA16_05912G	Adu-ATaw_059-Ex1-12G-lcwgs-1-1	Adu-ATaw_059-Ex1
AdA16_06001H	Adu-ATaw_060-Ex1-1H-lcwgs-1-1	Adu-ATaw_060-Ex1
AdA16_06102H	Adu-ATaw_061-Ex1-2H-lcwgs-1-1	Adu-ATaw_061-Ex1
AdA16_06203H	Adu-ATaw_062-Ex1-3H-lcwgs-1-1	Adu-ATaw_062-Ex1
AdA16_06304H	Adu-ATaw_063-Ex1-4H-lcwgs-1-1	Adu-ATaw_063-Ex1
AdA16_06405H	Adu-ATaw_064-Ex1-5H-lcwgs-1-1	Adu-ATaw_064-Ex1
AdA16_06506H	Adu-ATaw_065-Ex1-6H-lcwgs-1-1	Adu-ATaw_065-Ex1
AdA16_06607H	Adu-ATaw_066-Ex1-7H-lcwgs-1-1	Adu-ATaw_066-Ex1
AdA16_06708H	Adu-ATaw_067-Ex1-8H-lcwgs-1-1	Adu-ATaw_067-Ex1
AdA16_06809H	Adu-ATaw_068-Ex1-9H-lcwgs-1-1	Adu-ATaw_068-Ex1
AdA16_06910H	Adu-ATaw_069-Ex1-10H-lcwgs-1-1	Adu-ATaw_069-Ex1
AdA16_07011H	Adu-ATaw_070-Ex1-11H-lcwgs-1-1	Adu-ATaw_070-Ex1
AdA16_07112H	Adu-ATaw_071-Ex1-12H-lcwgs-1-1	Adu-ATaw_071-Ex1
AdC0202508E	Adu-CGal_025-Ex1-8E-lcwgs-1-1	Adu-CGal_025-Ex1
AdC0202608F	Adu-CGal_026-Ex1-8F-lcwgs-1-1	Adu-CGal_026-Ex1
AdC0202708G	Adu-CGal_027-Ex1-8G-lcwgs-1-1	Adu-CGal_027-Ex1
AdC0202808H	Adu-CGal_028-Ex1-8H-lcwgs-1-1	Adu-CGal_028-Ex1
AdC0203707A	Adu-CGal_037-Ex1-7A-lcwgs-1-1	Adu-CGal_037-Ex1
AdC0203807B	Adu-CGal_038-Ex1-7B-lcwgs-1-1	Adu-CGal_038-Ex1
AdC0203907C	Adu-CGal_039-Ex1-7C-lcwgs-1-1	Adu-CGal_039-Ex1
AdC0204007D	Adu-CGal_040-Ex1-7D-lcwgs-1-1	Adu-CGal_040-Ex1
AdC0204107E	Adu-CGal_041-Ex1-7E-lcwgs-1-1	Adu-CGal_041-Ex1
AdC0204207F	Adu-CGal_042-Ex1-7F-lcwgs-1-1	Adu-CGal_042-Ex1
AdC0204307G	Adu-CGal_043-Ex1-7G-lcwgs-1-1	Adu-CGal_043-Ex1
AdC0204407H	Adu-CGal_044-Ex1-7H-lcwgs-1-1	Adu-CGal_044-Ex1
AdC0204508A	Adu-CGal_045-Ex1-8A-lcwgs-1-1	Adu-CGal_045-Ex1
AdC0204608B	Adu-CGal_046-Ex1-8B-lcwgs-1-1	Adu-CGal_046-Ex1
AdC0204708C	Adu-CGal_047-Ex1-8C-lcwgs-1-1	Adu-CGal_047-Ex1
AdC0204808D	Adu-CGal_048-Ex1-8D-lcwgs-1-1	Adu-CGal_048-Ex1
AdC0204905E	Adu-CGal_049-Ex1-5E-lcwgs-1-1	Adu-CGal_049-Ex1
AdC0205005F	Adu-CGal_050-Ex1-5F-lcwgs-1-1	Adu-CGal_050-Ex1
AdC0205105G	Adu-CGal_051-Ex1-5G-lcwgs-1-1	Adu-CGal_051-Ex1
AdC0205205H	Adu-CGal_052-Ex1-5H-lcwgs-1-1	Adu-CGal_052-Ex1
AdC0205306A	Adu-CGal_053-Ex1-6A-lcwgs-1-1	Adu-CGal_053-Ex1
AdC0205406B	Adu-CGal_054-Ex1-6B-lcwgs-1-1	Adu-CGal_054-Ex1
AdC0205506C	Adu-CGal_055-Ex1-6C-lcwgs-1-1	Adu-CGal_055-Ex1
AdC0205606D	Adu-CGal_056-Ex1-6D-lcwgs-1-1	Adu-CGal_056-Ex1
AdC0205706E	Adu-CGal_057-Ex1-6E-lcwgs-1-1	Adu-CGal_057-Ex1
AdC0205806F	Adu-CGal_058-Ex1-6F-lcwgs-1-1	Adu-CGal_058-Ex1
AdC0205906G	Adu-CGal_059-Ex1-6G-lcwgs-1-1	Adu-CGal_059-Ex1
AdC0206006H	Adu-CGal_060-Ex1-6H-lcwgs-1-1	Adu-CGal_060-Ex1
AdC0206104A	Adu-CGal_061-Ex1-4A-lcwgs-1-1	Adu-CGal_061-Ex1
AdC0206204B	Adu-CGal_062-Ex1-4B-lcwgs-1-1	Adu-CGal_062-Ex1
AdC0206304C	Adu-CGal_063-Ex1-4C-lcwgs-1-1	Adu-CGal_063-Ex1
AdC0206404D	Adu-CGal_064-Ex1-4D-lcwgs-1-1	Adu-CGal_064-Ex1
AdC0206504E	Adu-CGal_065-Ex1-4E-lcwgs-1-1	Adu-CGal_065-Ex1
AdC0206604F	Adu-CGal_066-Ex1-4F-lcwgs-1-1	Adu-CGal_066-Ex1
AdC0206704G	Adu-CGal_067-Ex1-4G-lcwgs-1-1	Adu-CGal_067-Ex1
AdC0206804H	Adu-CGal_068-Ex1-4H-lcwgs-1-1	Adu-CGal_068-Ex1
AdC0206905A	Adu-CGal_069-Ex1-5A-lcwgs-1-1	Adu-CGal_069-Ex1
AdC0207005B	Adu-CGal_070-Ex1-5B-lcwgs-1-1	Adu-CGal_070-Ex1
AdC0207105C	Adu-CGal_071-Ex1-5C-lcwgs-1-1	Adu-CGal_071-Ex1
AdC0207205D	Adu-CGal_072-Ex1-5D-lcwgs-1-1	Adu-CGal_072-Ex1
AdC0207302E	Adu-CGal_073-Ex1-2E-lcwgs-1-1	Adu-CGal_073-Ex1
AdC0207402F	Adu-CGal_074-Ex1-2F-lcwgs-1-1	Adu-CGal_074-Ex1
AdC0207502G	Adu-CGal_075-Ex1-2G-lcwgs-1-1	Adu-CGal_075-Ex1
AdC0207602H	Adu-CGal_076-Ex1-2H-lcwgs-1-1	Adu-CGal_076-Ex1
AdC0207703A	Adu-CGal_077-Ex1-3A-lcwgs-1-1	Adu-CGal_077-Ex1
AdC0207803B	Adu-CGal_078-Ex1-3B-lcwgs-1-1	Adu-CGal_078-Ex1
AdC0207903C	Adu-CGal_079-Ex1-3C-lcwgs-1-1	Adu-CGal_079-Ex1
AdC0208003D	Adu-CGal_080-Ex1-3D-lcwgs-1-1	Adu-CGal_080-Ex1
AdC0208103E	Adu-CGal_081-Ex1-3E-lcwgs-1-1	Adu-CGal_081-Ex1
AdC0208203F	Adu-CGal_082-Ex1-3F-lcwgs-1-1	Adu-CGal_082-Ex1
AdC0208303G	Adu-CGal_083-Ex1-3G-lcwgs-1-1	Adu-CGal_083-Ex1
AdC0208403H	Adu-CGal_084-Ex1-3H-lcwgs-1-1	Adu-CGal_084-Ex1
AdC0208501A	Adu-CGal_085-Ex1-1A-lcwgs-1-1	Adu-CGal_085-Ex1
AdC0208601B	Adu-CGal_086-Ex1-1B-lcwgs-1-1	Adu-CGal_086-Ex1
AdC0208701C	Adu-CGal_087-Ex1-1C-lcwgs-1-1	Adu-CGal_087-Ex1
AdC0208801D	Adu-CGal_088-Ex1-1D-lcwgs-1-1	Adu-CGal_088-Ex1
AdC0208901E	Adu-CGal_089-Ex1-1E-lcwgs-1-1	Adu-CGal_089-Ex1
AdC0209001F	Adu-CGal_090-Ex1-1F-lcwgs-1-1	Adu-CGal_090-Ex1
AdC0209101G	Adu-CGal_091-Ex1-1G-lcwgs-1-1	Adu-CGal_091-Ex1
AdC0209201H	Adu-CGal_092-Ex1-1H-lcwgs-1-1	Adu-CGal_092-Ex1
AdC0209302A	Adu-CGal_093-Ex1-2A-lcwgs-1-1	Adu-CGal_093-Ex1
AdC0209402B	Adu-CGal_094-Ex1-2B-lcwgs-1-1	Adu-CGal_094-Ex1
AdC0209502C	Adu-CGal_095-Ex1-2C-lcwgs-1-1	Adu-CGal_095-Ex1
AdC0209602D	Adu-CGal_096-Ex1-2D-lcwgs-1-1	Adu-CGal_096-Ex1
AdC0800101A	Adu-CGui_001-Ex1-1A-lcwgs-1-1	Adu-CGui_001-Ex1
AdC0800207E	Adu-CGui_002-Ex1-7E-lcwgs-1-1	Adu-CGui_002-Ex1
AdC0800308F	Adu-CGui_003-Ex1-8F-lcwgs-1-1	Adu-CGui_003-Ex1
AdC0800401G	Adu-CGui_004-Ex1-1G-lcwgs-1-1	Adu-CGui_004-Ex1
AdC0800604C	Adu-CGui_006-Ex1-4C-lcwgs-1-1	Adu-CGui_006-Ex1
AdC0800701D	Adu-CGui_007-Ex1-1D-lcwgs-1-1	Adu-CGui_007-Ex1
AdC0800902G	Adu-CGui_009-Ex1-2G-lcwgs-1-1	Adu-CGui_009-Ex1
AdC0801001C	Adu-CGui_010-Ex1-1C-lcwgs-1-1	Adu-CGui_010-Ex1
AdC0801205D	Adu-CGui_012-Ex1-5D-lcwgs-1-1	Adu-CGui_012-Ex1
AdC0801502C	Adu-CGui_015-Ex1-2C-lcwgs-1-1	Adu-CGui_015-Ex1
AdC0801602D	Adu-CGui_016-Ex1-2D-lcwgs-1-1	Adu-CGui_016-Ex1
AdC0801708A	Adu-CGui_017-Ex1-8A-lcwgs-1-1	Adu-CGui_017-Ex1
AdC0801802F	Adu-CGui_018-Ex1-2F-lcwgs-1-1	Adu-CGui_018-Ex1
AdC0801904H	Adu-CGui_019-Ex1-4H-lcwgs-1-1	Adu-CGui_019-Ex1
AdC0802007B	Adu-CGui_020-Ex1-7B-lcwgs-1-1	Adu-CGui_020-Ex1
AdC0802104F	Adu-CGui_021-Ex1-4F-lcwgs-1-1	Adu-CGui_021-Ex1
AdC0802208C	Adu-CGui_022-Ex1-8C-lcwgs-1-1	Adu-CGui_022-Ex1
AdC0802406F	Adu-CGui_024-Ex1-6F-lcwgs-1-1	Adu-CGui_024-Ex1
AdC0802805B	Adu-CGui_028-Ex1-5B-lcwgs-1-1	Adu-CGui_028-Ex1
AdC0802904E	Adu-CGui_029-Ex1-4E-lcwgs-1-1	Adu-CGui_029-Ex1
AdC0803008B	Adu-CGui_030-Ex1-8B-lcwgs-1-1	Adu-CGui_030-Ex1
AdC0803106E	Adu-CGui_031-Ex1-6E-lcwgs-1-1	Adu-CGui_031-Ex1
AdC0803203G	Adu-CGui_032-Ex1-3G-lcwgs-1-1	Adu-CGui_032-Ex1
AdC0803704B	Adu-CGui_037-Ex1-4B-lcwgs-1-1	Adu-CGui_037-Ex1
AdC0803807C	Adu-CGui_038-Ex1-7C-lcwgs-1-1	Adu-CGui_038-Ex1
AdC0804001H	Adu-CGui_040-Ex1-1H-lcwgs-1-1	Adu-CGui_040-Ex1
AdC0804308E	Adu-CGui_043-Ex1-8E-lcwgs-1-1	Adu-CGui_043-Ex1
AdC0804505G	Adu-CGui_045-Ex1-5G-lcwgs-1-1	Adu-CGui_045-Ex1
AdC0804606A	Adu-CGui_046-Ex1-6A-lcwgs-1-1	Adu-CGui_046-Ex1
AdC0804703C	Adu-CGui_047-Ex1-3C-lcwgs-1-1	Adu-CGui_047-Ex1
AdC0804908G	Adu-CGui_049-Ex1-8G-lcwgs-1-1	Adu-CGui_049-Ex1
AdC0805007F	Adu-CGui_050-Ex1-7F-lcwgs-1-1	Adu-CGui_050-Ex1
AdC0805101F	Adu-CGui_051-Ex1-1F-lcwgs-1-1	Adu-CGui_051-Ex1
AdC0805202H	Adu-CGui_052-Ex1-2H-lcwgs-1-1	Adu-CGui_052-Ex1
AdC0805303F	Adu-CGui_053-Ex1-3F-lcwgs-1-1	Adu-CGui_053-Ex1
AdC0805501E	Adu-CGui_055-Ex1-1E-lcwgs-1-1	Adu-CGui_055-Ex1
AdC0805605F	Adu-CGui_056-Ex1-5F-lcwgs-1-1	Adu-CGui_056-Ex1
AdC0805702E	Adu-CGui_057-Ex1-2E-lcwgs-1-1	Adu-CGui_057-Ex1
AdC0805902B	Adu-CGui_059-Ex1-2B-lcwgs-1-1	Adu-CGui_059-Ex1
AdC0806003B	Adu-CGui_060-Ex1-3B-lcwgs-1-1	Adu-CGui_060-Ex1
AdC0806107D	Adu-CGui_061-Ex1-7D-lcwgs-1-1	Adu-CGui_061-Ex1
AdC0806202A	Adu-CGui_062-Ex1-2A-lcwgs-1-1	Adu-CGui_062-Ex1
AdC0806306C	Adu-CGui_063-Ex1-6C-lcwgs-1-1	Adu-CGui_063-Ex1
AdC0806405C	Adu-CGui_064-Ex1-5C-lcwgs-1-1	Adu-CGui_064-Ex1
AdC0806605A	Adu-CGui_066-Ex1-5A-lcwgs-1-1	Adu-CGui_066-Ex1
AdC0806703E	Adu-CGui_067-Ex1-3E-lcwgs-1-1	Adu-CGui_067-Ex1
AdC0806904A	Adu-CGui_069-Ex1-4A-lcwgs-1-1	Adu-CGui_069-Ex1
AdC0807005E	Adu-CGui_070-Ex1-5E-lcwgs-1-1	Adu-CGui_070-Ex1
AdC0807106G	Adu-CGui_071-Ex1-6G-lcwgs-1-1	Adu-CGui_071-Ex1
AdC0807208H	Adu-CGui_072-Ex1-8H-lcwgs-1-1	Adu-CGui_072-Ex1
AdC0807303A	Adu-CGui_073-Ex1-3A-lcwgs-1-1	Adu-CGui_073-Ex1
AdC0807407G	Adu-CGui_074-Ex1-7G-lcwgs-1-1	Adu-CGui_074-Ex1
AdC0807608D	Adu-CGui_076-Ex1-8D-lcwgs-1-1	Adu-CGui_076-Ex1
AdC0807706H	Adu-CGui_077-Ex1-6H-lcwgs-1-1	Adu-CGui_077-Ex1
AdC0808106B	Adu-CGui_081-Ex1-6B-lcwgs-1-1	Adu-CGui_081-Ex1
AdC0808207A	Adu-CGui_082-Ex1-7A-lcwgs-1-1	Adu-CGui_082-Ex1
AdC0808303H	Adu-CGui_083-Ex1-3H-lcwgs-1-1	Adu-CGui_083-Ex1
AdC0808503D	Adu-CGui_085-Ex1-3D-lcwgs-1-1	Adu-CGui_085-Ex1
AdC0808605H	Adu-CGui_086-Ex1-5H-lcwgs-1-1	Adu-CGui_086-Ex1
AdC0808807H	Adu-CGui_088-Ex1-7H-lcwgs-1-1	Adu-CGui_088-Ex1
AdC0809004D	Adu-CGui_090-Ex1-4D-lcwgs-1-1	Adu-CGui_090-Ex1
AdC0809101B	Adu-CGui_091-Ex1-1B-lcwgs-1-1	Adu-CGui_091-Ex1
AdC0809206D	Adu-CGui_092-Ex1-6D-lcwgs-1-1	Adu-CGui_092-Ex1
AdC0809604G	Adu-CGui_096-Ex1-4G-lcwgs-1-1	Adu-CGui_096-Ex1
Cont1	Adu-CHam_003-Ex1-2A-lcwgs-1-1	Adu-CHam_003-Ex1
AdC0500805B	Adu-CHam_008-Ex1-5B-lcwgs-1-1	Adu-CHam_008-Ex1
AdC0500906A	Adu-CHam_009-Ex1-6A-lcwgs-1-1	Adu-CHam_009-Ex1
AdC0501006H	Adu-CHam_010-Ex1-6H-lcwgs-1-1	Adu-CHam_010-Ex1
AdC0501401E	Adu-CHam_014-Ex1-1E-lcwgs-1-1	Adu-CHam_014-Ex1
AdC0501602E	Adu-CHam_016-Ex1-2E-lcwgs-1-1	Adu-CHam_016-Ex1
AdC0501803F	Adu-CHam_018-Ex1-3F-lcwgs-1-1	Adu-CHam_018-Ex1
AdC0502005C	Adu-CHam_020-Ex1-5C-lcwgs-1-1	Adu-CHam_020-Ex1
AdC0502106B	Adu-CHam_021-Ex1-6B-lcwgs-1-1	Adu-CHam_021-Ex1
AdC0502207A	Adu-CHam_022-Ex1-7A-lcwgs-1-1	Adu-CHam_022-Ex1
AdC0502408C	Adu-CHam_024-Ex1-8C-lcwgs-1-1	Adu-CHam_024-Ex1
AdC0503003G	Adu-CHam_030-Ex1-3G-lcwgs-1-1	Adu-CHam_030-Ex1
AdC0503507F	Adu-CHam_035-Ex1-7F-lcwgs-1-1	Adu-CHam_035-Ex1
AdC0503608D	Adu-CHam_036-Ex1-8D-lcwgs-1-1	Adu-CHam_036-Ex1
AdC0503701A	Adu-CHam_037-Ex1-1A-lcwgs-1-1	Adu-CHam_037-Ex1
AdC0504304F	Adu-CHam_043-Ex1-4F-lcwgs-1-1	Adu-CHam_043-Ex1
AdC0504506C	Adu-CHam_045-Ex1-6C-lcwgs-1-1	Adu-CHam_045-Ex1
AdC0504607B	Adu-CHam_046-Ex1-7B-lcwgs-1-1	Adu-CHam_046-Ex1
AdC0504707G	Adu-CHam_047-Ex1-7G-lcwgs-1-1	Adu-CHam_047-Ex1
AdC0504808E	Adu-CHam_048-Ex1-8E-lcwgs-1-1	Adu-CHam_048-Ex1
AdC0505001F	Adu-CHam_050-Ex1-1F-lcwgs-1-1	Adu-CHam_050-Ex1
AdC0505706D	Adu-CHam_057-Ex1-6D-lcwgs-1-1	Adu-CHam_057-Ex1
AdC0505807C	Adu-CHam_058-Ex1-7C-lcwgs-1-1	Adu-CHam_058-Ex1
AdC0506008F	Adu-CHam_060-Ex1-8F-lcwgs-1-1	Adu-CHam_060-Ex1
AdC0506101C	Adu-CHam_061-Ex1-1C-lcwgs-1-1	Adu-CHam_061-Ex1
AdC0506503C	Adu-CHam_065-Ex1-3C-lcwgs-1-1	Adu-CHam_065-Ex1
AdC0506604A	Adu-CHam_066-Ex1-4A-lcwgs-1-1	Adu-CHam_066-Ex1
AdC0506704G	Adu-CHam_067-Ex1-4G-lcwgs-1-1	Adu-CHam_067-Ex1
AdC0506805F	Adu-CHam_068-Ex1-5F-lcwgs-1-1	Adu-CHam_068-Ex1
AdC0506906E	Adu-CHam_069-Ex1-6E-lcwgs-1-1	Adu-CHam_069-Ex1
AdC0507401G	Adu-CHam_074-Ex1-1G-lcwgs-1-1	Adu-CHam_074-Ex1
AdC0507502C	Adu-CHam_075-Ex1-2C-lcwgs-1-1	Adu-CHam_075-Ex1
AdC0507602G	Adu-CHam_076-Ex1-2G-lcwgs-1-1	Adu-CHam_076-Ex1
AdC0507804B	Adu-CHam_078-Ex1-4B-lcwgs-1-1	Adu-CHam_078-Ex1
AdC0507904H	Adu-CHam_079-Ex1-4H-lcwgs-1-1	Adu-CHam_079-Ex1
AdC0508005G	Adu-CHam_080-Ex1-5G-lcwgs-1-1	Adu-CHam_080-Ex1
AdC0508106F	Adu-CHam_081-Ex1-6F-lcwgs-1-1	Adu-CHam_081-Ex1
AdC0508207D	Adu-CHam_082-Ex1-7D-lcwgs-1-1	Adu-CHam_082-Ex1
AdC0508308A	Adu-CHam_083-Ex1-8A-lcwgs-1-1	Adu-CHam_083-Ex1
AdC0508408G	Adu-CHam_084-Ex1-8G-lcwgs-1-1	Adu-CHam_084-Ex1
AdC0508501D	Adu-CHam_085-Ex1-1D-lcwgs-1-1	Adu-CHam_085-Ex1
AdC0508601H	Adu-CHam_086-Ex1-1H-lcwgs-1-1	Adu-CHam_086-Ex1
AdC0509004C	Adu-CHam_090-Ex1-4C-lcwgs-1-1	Adu-CHam_090-Ex1
AdC0509105A	Adu-CHam_091-Ex1-5A-lcwgs-1-1	Adu-CHam_091-Ex1
AdC0509306G	Adu-CHam_093-Ex1-6G-lcwgs-1-1	Adu-CHam_093-Ex1
AdC0509407E	Adu-CHam_094-Ex1-7E-lcwgs-1-1	Adu-CHam_094-Ex1
AdC0509508B	Adu-CHam_095-Ex1-8B-lcwgs-1-1	Adu-CHam_095-Ex1
AdC0509608H	Adu-CHam_096-Ex1-8H-lcwgs-1-1	Adu-CHam_096-Ex1
AdC0300101E	Adu-CMat_001-Ex?-1E-lcwgs-1-1	Adu-CMat_001-Ex1
AdC0300209H	Adu-CMat_002-Ex?-9H-lcwgs-2-1	Adu-CMat_002-Ex1
AdC0300412D	Adu-CMat_004-Ex?-12D-lcwgs-1-1	Adu-CMat_004-Ex1
Cont1	Adu-CMat_005-Ex?-8B-lcwgs-2-1	Adu-CMat_005-Ex1
AdC0300610A	Adu-CMat_006-Ex?-10A-lcwgs-1-1	Adu-CMat_006-Ex1
AdC0300701D	Adu-CMat_007-Ex?-1D-lcwgs-1-1	Adu-CMat_007-Ex1
AdC0300811H	Adu-CMat_008-Ex?-11H-lcwgs-1-1	Adu-CMat_008-Ex1
AdC0300901C	Adu-CMat_009-Ex?-1C-lcwgs-1-1	Adu-CMat_009-Ex1
AdC0301001B	Adu-CMat_010-Ex?-1B-lcwgs-1-1	Adu-CMat_010-Ex1
AdC0301111C	Adu-CMat_011-Ex?-11C-lcwgs-1-1	Adu-CMat_011-Ex1
AdC0301301A	Adu-CMat_013-Ex?-1A-lcwgs-1-1	Adu-CMat_013-Ex1
AdC0301411B	Adu-CMat_014-Ex?-11B-lcwgs-1-1	Adu-CMat_014-Ex1
AdC0301609G	Adu-CMat_016-Ex?-9G-lcwgs-1-1	Adu-CMat_016-Ex1
AdC0301710F	Adu-CMat_017-Ex?-10F-lcwgs-1-1	Adu-CMat_017-Ex1
AdC0301809H	Adu-CMat_018-Ex?-9H-lcwgs-1-1	Adu-CMat_018-Ex1
AdC0302010G	Adu-CMat_020-Ex?-10G-lcwgs-1-1	Adu-CMat_020-Ex1
AdC0302109F	Adu-CMat_021-Ex?-9F-lcwgs-1-1	Adu-CMat_021-Ex1
AdC0302210E	Adu-CMat_022-Ex?-10E-lcwgs-1-1	Adu-CMat_022-Ex1
AdC0302308A	Adu-CMat_023-Ex?-8A-lcwgs-2-1	Adu-CMat_023-Ex1
AdC0302410H	Adu-CMat_024-Ex?-10H-lcwgs-1-1	Adu-CMat_024-Ex1
AdC0302610B	Adu-CMat_026-Ex?-10B-lcwgs-1-1	Adu-CMat_026-Ex1
AdC0303011E	Adu-CMat_030-Ex?-11E-lcwgs-1-1	Adu-CMat_030-Ex1
AdC0303310D	Adu-CMat_033-Ex?-10D-lcwgs-1-1	Adu-CMat_033-Ex1
AdC0303409B	Adu-CMat_034-Ex?-9B-lcwgs-1-1	Adu-CMat_034-Ex1
AdC0303709D	Adu-CMat_037-Ex?-9D-lcwgs-2-1	Adu-CMat_037-Ex1
AdC0303809C	Adu-CMat_038-Ex?-9C-lcwgs-1-1	Adu-CMat_038-Ex1
AdC0303909A	Adu-CMat_039-Ex?-9A-lcwgs-1-1	Adu-CMat_039-Ex1
AdC0304309E	Adu-CMat_043-Ex?-9E-lcwgs-1-1	Adu-CMat_043-Ex1
AdC0304511F	Adu-CMat_045-Ex?-11F-lcwgs-1-1	Adu-CMat_045-Ex1
AdC0304609D	Adu-CMat_046-Ex?-9D-lcwgs-1-1	Adu-CMat_046-Ex1
AdC0304711A	Adu-CMat_047-Ex?-11A-lcwgs-1-1	Adu-CMat_047-Ex1
AdC0304908G	Adu-CMat_049-Ex?-8G-lcwgs-2-1	Adu-CMat_049-Ex1
AdC0305409A	Adu-CMat_054-Ex?-9A-lcwgs-2-1	Adu-CMat_054-Ex1
AdC0305508H	Adu-CMat_055-Ex?-8H-lcwgs-2-1	Adu-CMat_055-Ex1
AdC0306102B	Adu-CMat_061-Ex?-2B-lcwgs-1-1	Adu-CMat_061-Ex1
AdC0306601G	Adu-CMat_066-Ex?-1G-lcwgs-1-1	Adu-CMat_066-Ex1
AdC0307208C	Adu-CMat_072-Ex?-8C-lcwgs-2-1	Adu-CMat_072-Ex1
AdC0307601F	Adu-CMat_076-Ex?-1F-lcwgs-1-1	Adu-CMat_076-Ex1
AdC0307809C	Adu-CMat_078-Ex?-9C-lcwgs-2-1	Adu-CMat_078-Ex1
AdC0307908D	Adu-CMat_079-Ex?-8D-lcwgs-2-1	Adu-CMat_079-Ex1
AdC0308409B	Adu-CMat_084-Ex?-9B-lcwgs-2-1	Adu-CMat_084-Ex1
AdC0308708F	Adu-CMat_087-Ex?-8F-lcwgs-2-1	Adu-CMat_087-Ex1
AdC0309001H	Adu-CMat_090-Ex?-1H-lcwgs-1-1	Adu-CMat_090-Ex1
AdC0309409E	Adu-CMat_094-Ex?-9E-lcwgs-2-1	Adu-CMat_094-Ex1
AdC0309502H	Adu-CMat_095-Ex?-2H-lcwgs-1-1	Adu-CMat_095-Ex1
AdC0309608E	Adu-CMat_096-Ex?-8E-lcwgs-2-1	Adu-CMat_096-Ex1
AdC0309709G	Adu-CMat_097-Ex?-9G-lcwgs-2-1	Adu-CMat_097-Ex1
AdC0309909F	Adu-CMat_099-Ex?-9F-lcwgs-2-1	Adu-CMat_099-Ex1
AdC0600107H	Adu-CSub_001-Ex1-7H-lcwgs-1-1	Adu-CSub_001-Ex1
AdC0600406H	Adu-CSub_004-Ex1-6H-lcwgs-1-1	Adu-CSub_004-Ex1
AdC0600501D	Adu-CSub_005-Ex1-1D-lcwgs-1-1	Adu-CSub_005-Ex1
AdC0600702C	Adu-CSub_007-Ex1-2C-lcwgs-1-1	Adu-CSub_007-Ex1
AdC0600802B	Adu-CSub_008-Ex1-2B-lcwgs-1-1	Adu-CSub_008-Ex1
AdC0601006B	Adu-CSub_010-Ex1-6B-lcwgs-1-1	Adu-CSub_010-Ex1
AdC0601104B	Adu-CSub_011-Ex1-4B-lcwgs-1-1	Adu-CSub_011-Ex1
AdC0601307A	Adu-CSub_013-Ex1-7A-lcwgs-1-1	Adu-CSub_013-Ex1
AdC0601403F	Adu-CSub_014-Ex1-3F-lcwgs-1-1	Adu-CSub_014-Ex1
AdC0601503D	Adu-CSub_015-Ex1-3D-lcwgs-1-1	Adu-CSub_015-Ex1
AdC0601605F	Adu-CSub_016-Ex1-5F-lcwgs-1-1	Adu-CSub_016-Ex1
AdC0601705B	Adu-CSub_017-Ex1-5B-lcwgs-1-1	Adu-CSub_017-Ex1
AdC0601801E	Adu-CSub_018-Ex1-1E-lcwgs-1-1	Adu-CSub_018-Ex1
AdC0602001H	Adu-CSub_020-Ex1-1H-lcwgs-1-1	Adu-CSub_020-Ex1
AdC0602103C	Adu-CSub_021-Ex1-3C-lcwgs-1-1	Adu-CSub_021-Ex1
AdC0602203G	Adu-CSub_022-Ex1-3G-lcwgs-1-1	Adu-CSub_022-Ex1
AdC0602304D	Adu-CSub_023-Ex1-4D-lcwgs-1-1	Adu-CSub_023-Ex1
AdC0602406E	Adu-CSub_024-Ex1-6E-lcwgs-1-1	Adu-CSub_024-Ex1
AdC0602507C	Adu-CSub_025-Ex1-7C-lcwgs-1-1	Adu-CSub_025-Ex1
AdC0602605C	Adu-CSub_026-Ex1-5C-lcwgs-1-1	Adu-CSub_026-Ex1
AdC0602706C	Adu-CSub_027-Ex1-6C-lcwgs-1-1	Adu-CSub_027-Ex1
AdC0602802F	Adu-CSub_028-Ex1-2F-lcwgs-1-1	Adu-CSub_028-Ex1
AdC0602908B	Adu-CSub_029-Ex1-8B-lcwgs-1-1	Adu-CSub_029-Ex1
AdC0603107F	Adu-CSub_031-Ex1-7F-lcwgs-1-1	Adu-CSub_031-Ex1
AdC0603204A	Adu-CSub_032-Ex1-4A-lcwgs-1-1	Adu-CSub_032-Ex1
AdC0603304H	Adu-CSub_033-Ex1-4H-lcwgs-1-1	Adu-CSub_033-Ex1
AdC0603401G	Adu-CSub_034-Ex1-1G-lcwgs-1-1	Adu-CSub_034-Ex1
AdC0603502G	Adu-CSub_035-Ex1-2G-lcwgs-1-1	Adu-CSub_035-Ex1
AdC0603604E	Adu-CSub_036-Ex1-4E-lcwgs-1-1	Adu-CSub_036-Ex1
AdC0603801A	Adu-CSub_038-Ex1-1A-lcwgs-1-1	Adu-CSub_038-Ex1
AdC0604003B	Adu-CSub_040-Ex1-3B-lcwgs-1-1	Adu-CSub_040-Ex1
AdC0604104G	Adu-CSub_041-Ex1-4G-lcwgs-1-1	Adu-CSub_041-Ex1
AdC0604206G	Adu-CSub_042-Ex1-6G-lcwgs-1-1	Adu-CSub_042-Ex1
AdC0604305E	Adu-CSub_043-Ex1-5E-lcwgs-1-1	Adu-CSub_043-Ex1
AdC0604506A	Adu-CSub_045-Ex1-6A-lcwgs-1-1	Adu-CSub_045-Ex1
AdC0604601F	Adu-CSub_046-Ex1-1F-lcwgs-1-1	Adu-CSub_046-Ex1
AdC0604703A	Adu-CSub_047-Ex1-3A-lcwgs-1-1	Adu-CSub_047-Ex1
AdC0604902H	Adu-CSub_049-Ex1-2H-lcwgs-1-1	Adu-CSub_049-Ex1
AdC0605004F	Adu-CSub_050-Ex1-4F-lcwgs-1-1	Adu-CSub_050-Ex1
AdC0605101B	Adu-CSub_051-Ex1-1B-lcwgs-1-1	Adu-CSub_051-Ex1
AdC0605202A	Adu-CSub_052-Ex1-2A-lcwgs-1-1	Adu-CSub_052-Ex1
AdC0605307E	Adu-CSub_053-Ex1-7E-lcwgs-1-1	Adu-CSub_053-Ex1
AdC0605808D	Adu-CSub_058-Ex1-8D-lcwgs-1-1	Adu-CSub_058-Ex1
AdC0605902D	Adu-CSub_059-Ex1-2D-lcwgs-1-1	Adu-CSub_059-Ex1
AdC0606005D	Adu-CSub_060-Ex1-5D-lcwgs-1-1	Adu-CSub_060-Ex1
AdC0606708E	Adu-CSub_067-Ex1-8E-lcwgs-1-1	Adu-CSub_067-Ex1
AdC0606807G	Adu-CSub_068-Ex1-7G-lcwgs-1-1	Adu-CSub_068-Ex1
AdC0606905H	Adu-CSub_069-Ex1-5H-lcwgs-1-1	Adu-CSub_069-Ex1
AdC0607008A	Adu-CSub_070-Ex1-8A-lcwgs-1-1	Adu-CSub_070-Ex1
AdC0607108H	Adu-CSub_071-Ex1-8H-lcwgs-1-1	Adu-CSub_071-Ex1
AdC0607206D	Adu-CSub_072-Ex1-6D-lcwgs-1-1	Adu-CSub_072-Ex1
AdC0607305A	Adu-CSub_073-Ex1-5A-lcwgs-1-1	Adu-CSub_073-Ex1
AdC0607402E	Adu-CSub_074-Ex1-2E-lcwgs-1-1	Adu-CSub_074-Ex1
AdC0607506F	Adu-CSub_075-Ex1-6F-lcwgs-1-1	Adu-CSub_075-Ex1
AdC0608203E	Adu-CSub_082-Ex1-3E-lcwgs-1-1	Adu-CSub_082-Ex1
AdC0608307D	Adu-CSub_083-Ex1-7D-lcwgs-1-1	Adu-CSub_083-Ex1
AdC0608408F	Adu-CSub_084-Ex1-8F-lcwgs-1-1	Adu-CSub_084-Ex1
AdC0608504C	Adu-CSub_085-Ex1-4C-lcwgs-1-1	Adu-CSub_085-Ex1
AdC0608808C	Adu-CSub_088-Ex1-8C-lcwgs-1-1	Adu-CSub_088-Ex1
AdC0608907B	Adu-CSub_089-Ex1-7B-lcwgs-1-1	Adu-CSub_089-Ex1
AdC0609008G	Adu-CSub_090-Ex1-8G-lcwgs-1-1	Adu-CSub_090-Ex1
AdC0609103H	Adu-CSub_091-Ex1-3H-lcwgs-1-1	Adu-CSub_091-Ex1
AdC0609201C	Adu-CSub_092-Ex1-1C-lcwgs-1-1	Adu-CSub_092-Ex1
AdC0609505G	Adu-CSub_095-Ex1-5G-lcwgs-1-1	Adu-CSub_095-Ex1
AdC0900109E	Adu-CTag_001-Ex1-9E-lcwgs-1-1	Adu-CTag_001-Ex1
AdC0900201E	Adu-CTag_002-Ex1-1E-lcwgs-1-1	Adu-CTag_002-Ex1
AdC0900309B	Adu-CTag_003-Ex1-9B-lcwgs-1-1	Adu-CTag_003-Ex1
AdC0900409F	Adu-CTag_004-Ex1-9F-lcwgs-1-1	Adu-CTag_004-Ex1
AdC0900510C	Adu-CTag_005-Ex1-10C-lcwgs-1-1	Adu-CTag_005-Ex1
AdC0900601A	Adu-CTag_006-Ex1-1A-lcwgs-1-1	Adu-CTag_006-Ex1
AdC0900802A	Adu-CTag_008-Ex1-2A-lcwgs-1-1	Adu-CTag_008-Ex1
AdC0900902H	Adu-CTag_009-Ex1-2H-lcwgs-1-1	Adu-CTag_009-Ex1
AdC0901004B	Adu-CTag_010-Ex1-4B-lcwgs-1-1	Adu-CTag_010-Ex1
AdC0901109C	Adu-CTag_011-Ex1-9C-lcwgs-1-1	Adu-CTag_011-Ex1
AdC0901204G	Adu-CTag_012-Ex1-4G-lcwgs-1-1	Adu-CTag_012-Ex1
AdC0901309G	Adu-CTag_013-Ex1-9G-lcwgs-1-1	Adu-CTag_013-Ex1
AdC0901511B	Adu-CTag_015-Ex1-11B-lcwgs-1-1	Adu-CTag_015-Ex1
AdC0901711F	Adu-CTag_017-Ex1-11F-lcwgs-1-1	Adu-CTag_017-Ex1
AdC0901911E	Adu-CTag_019-Ex1-11E-lcwgs-1-1	Adu-CTag_019-Ex1
AdC0902012H	Adu-CTag_020-Ex1-12H-lcwgs-1-1	Adu-CTag_020-Ex1
AdC0902110H	Adu-CTag_021-Ex1-10H-lcwgs-1-1	Adu-CTag_021-Ex1
AdC0902202C	Adu-CTag_022-Ex1-2C-lcwgs-1-1	Adu-CTag_022-Ex1
AdC0902311C	Adu-CTag_023-Ex1-11C-lcwgs-1-1	Adu-CTag_023-Ex1
AdC0902412A	Adu-CTag_024-Ex1-12A-lcwgs-1-1	Adu-CTag_024-Ex1
AdC0902601B	Adu-CTag_026-Ex1-1B-lcwgs-1-1	Adu-CTag_026-Ex1
AdC0902710D	Adu-CTag_027-Ex1-10D-lcwgs-1-1	Adu-CTag_027-Ex1
AdC0902811D	Adu-CTag_028-Ex1-11D-lcwgs-1-1	Adu-CTag_028-Ex1
AdC0903010E	Adu-CTag_030-Ex1-10E-lcwgs-1-1	Adu-CTag_030-Ex1
AdC0903102B	Adu-CTag_031-Ex1-2B-lcwgs-1-1	Adu-CTag_031-Ex1
AdC0903209D	Adu-CTag_032-Ex1-9D-lcwgs-1-1	Adu-CTag_032-Ex1
AdC0903303A	Adu-CTag_033-Ex1-3A-lcwgs-1-1	Adu-CTag_033-Ex1
AdC0903410A	Adu-CTag_034-Ex1-10A-lcwgs-1-1	Adu-CTag_034-Ex1
AdC0903512E	Adu-CTag_035-Ex1-12E-lcwgs-1-1	Adu-CTag_035-Ex1
AdC0903601F	Adu-CTag_036-Ex1-1F-lcwgs-1-1	Adu-CTag_036-Ex1
AdC0903710G	Adu-CTag_037-Ex1-10G-lcwgs-1-1	Adu-CTag_037-Ex1
AdC0903812C	Adu-CTag_038-Ex1-12C-lcwgs-1-1	Adu-CTag_038-Ex1
AdC0903909H	Adu-CTag_039-Ex1-9H-lcwgs-1-1	Adu-CTag_039-Ex1
AdC0904001C	Adu-CTag_040-Ex1-1C-lcwgs-1-1	Adu-CTag_040-Ex1
AdC0904503H	Adu-CTag_045-Ex1-3H-lcwgs-1-1	Adu-CTag_045-Ex1
AdC0904604F	Adu-CTag_046-Ex1-4F-lcwgs-1-1	Adu-CTag_046-Ex1
AdC0904703C	Adu-CTag_047-Ex1-3C-lcwgs-1-1	Adu-CTag_047-Ex1
AdC0904811G	Adu-CTag_048-Ex1-11G-lcwgs-1-1	Adu-CTag_048-Ex1
AdC0904912F	Adu-CTag_049-Ex1-12F-lcwgs-1-1	Adu-CTag_049-Ex1
AdC0905104A	Adu-CTag_051-Ex1-4A-lcwgs-1-1	Adu-CTag_051-Ex1
AdC0905802G	Adu-CTag_058-Ex1-2G-lcwgs-1-1	Adu-CTag_058-Ex1
AdC0905902D	Adu-CTag_059-Ex1-2D-lcwgs-1-1	Adu-CTag_059-Ex1
AdC0906102E	Adu-CTag_061-Ex1-2E-lcwgs-1-1	Adu-CTag_061-Ex1
AdC0906704H	Adu-CTag_067-Ex1-4H-lcwgs-1-1	Adu-CTag_067-Ex1
AdC0907003B	Adu-CTag_070-Ex1-3B-lcwgs-1-1	Adu-CTag_070-Ex1
AdC0907312B	Adu-CTag_073-Ex1-12B-lcwgs-1-1	Adu-CTag_073-Ex1
AdC0907401G	Adu-CTag_074-Ex1-1G-lcwgs-1-1	Adu-CTag_074-Ex1
AdC0907511H	Adu-CTag_075-Ex1-11H-lcwgs-1-1	Adu-CTag_075-Ex1
AdC0907604C	Adu-CTag_076-Ex1-4C-lcwgs-1-1	Adu-CTag_076-Ex1
AdC0907903E	Adu-CTag_079-Ex1-3E-lcwgs-1-1	Adu-CTag_079-Ex1
AdC0908103G	Adu-CTag_081-Ex1-3G-lcwgs-1-1	Adu-CTag_081-Ex1
AdC0908202F	Adu-CTag_082-Ex1-2F-lcwgs-1-1	Adu-CTag_082-Ex1
AdC0908304E	Adu-CTag_083-Ex1-4E-lcwgs-1-1	Adu-CTag_083-Ex1
AdC0908401H	Adu-CTag_084-Ex1-1H-lcwgs-1-1	Adu-CTag_084-Ex1
AdC0908512D	Adu-CTag_085-Ex1-12D-lcwgs-1-1	Adu-CTag_085-Ex1
AdC0908610B	Adu-CTag_086-Ex1-10B-lcwgs-1-1	Adu-CTag_086-Ex1
AdC0908701D	Adu-CTag_087-Ex1-1D-lcwgs-1-1	Adu-CTag_087-Ex1
AdC0908809A	Adu-CTag_088-Ex1-9A-lcwgs-1-1	Adu-CTag_088-Ex1
AdC0908911A	Adu-CTag_089-Ex1-11A-lcwgs-1-1	Adu-CTag_089-Ex1
AdC0909204D	Adu-CTag_092-Ex1-4D-lcwgs-1-1	Adu-CTag_092-Ex1
AdC0909310F	Adu-CTag_093-Ex1-10F-lcwgs-1-1	Adu-CTag_093-Ex1
AdC0909403F	Adu-CTag_094-Ex1-3F-lcwgs-1-1	Adu-CTag_094-Ex1
AdC0909503D	Adu-CTag_095-Ex1-3D-lcwgs-1-1	Adu-CTag_095-Ex1
AdC0909612G	Adu-CTag_096-Ex1-12G-lcwgs-1-1	Adu-CTag_096-Ex1
AdC0700110G	Adu-CTaw_001-Ex1-10G-lcwgs-1-1	Adu-CTaw_001-Ex1
AdC0700211F	Adu-CTaw_002-Ex1-11F-lcwgs-1-1	Adu-CTaw_002-Ex1
AdC0700307C	Adu-CTaw_003-Ex1-7C-lcwgs-1-1	Adu-CTaw_003-Ex1
AdC0700405A	Adu-CTaw_004-Ex1-5A-lcwgs-1-1	Adu-CTaw_004-Ex1
AdC0700510H	Adu-CTaw_005-Ex1-10H-lcwgs-1-1	Adu-CTaw_005-Ex1
AdC0700609H	Adu-CTaw_006-Ex1-9H-lcwgs-1-1	Adu-CTaw_006-Ex1
AdC0700808F	Adu-CTaw_008-Ex1-8F-lcwgs-1-1	Adu-CTaw_008-Ex1
AdC0701009C	Adu-CTaw_010-Ex1-9C-lcwgs-1-1	Adu-CTaw_010-Ex1
AdC0701208E	Adu-CTaw_012-Ex1-8E-lcwgs-1-1	Adu-CTaw_012-Ex1
AdC0701311H	Adu-CTaw_013-Ex1-11H-lcwgs-1-1	Adu-CTaw_013-Ex1
AdC0701412H	Adu-CTaw_014-Ex1-12H-lcwgs-1-1	Adu-CTaw_014-Ex1
AdC0701510C	Adu-CTaw_015-Ex1-10C-lcwgs-1-1	Adu-CTaw_015-Ex1
AdC0701707D	Adu-CTaw_017-Ex1-7D-lcwgs-1-1	Adu-CTaw_017-Ex1
AdC0701807B	Adu-CTaw_018-Ex1-7B-lcwgs-1-1	Adu-CTaw_018-Ex1
AdC0701912G	Adu-CTaw_019-Ex1-12G-lcwgs-1-1	Adu-CTaw_019-Ex1
AdC0702007A	Adu-CTaw_020-Ex1-7A-lcwgs-1-1	Adu-CTaw_020-Ex1
AdC0702110B	Adu-CTaw_021-Ex1-10B-lcwgs-1-1	Adu-CTaw_021-Ex1
AdC0702212F	Adu-CTaw_022-Ex1-12F-lcwgs-1-1	Adu-CTaw_022-Ex1
AdC0702308G	Adu-CTaw_023-Ex1-8G-lcwgs-1-1	Adu-CTaw_023-Ex1
AdC0702412C	Adu-CTaw_024-Ex1-12C-lcwgs-1-1	Adu-CTaw_024-Ex1
AdC0702505E	Adu-CTaw_025-Ex1-5E-lcwgs-1-1	Adu-CTaw_025-Ex1
AdC0702711D	Adu-CTaw_027-Ex1-11D-lcwgs-1-1	Adu-CTaw_027-Ex1
AdC0702806G	Adu-CTaw_028-Ex1-6G-lcwgs-1-1	Adu-CTaw_028-Ex1
AdC0702906F	Adu-CTaw_029-Ex1-6F-lcwgs-1-1	Adu-CTaw_029-Ex1
AdC0703009B	Adu-CTaw_030-Ex1-9B-lcwgs-1-1	Adu-CTaw_030-Ex1
AdC0703208H	Adu-CTaw_032-Ex1-8H-lcwgs-1-1	Adu-CTaw_032-Ex1
AdC0703311A	Adu-CTaw_033-Ex1-11A-lcwgs-1-1	Adu-CTaw_033-Ex1
AdC0703407F	Adu-CTaw_034-Ex1-7F-lcwgs-1-1	Adu-CTaw_034-Ex1
AdC0703512A	Adu-CTaw_035-Ex1-12A-lcwgs-1-1	Adu-CTaw_035-Ex1
AdC0703609E	Adu-CTaw_036-Ex1-9E-lcwgs-1-1	Adu-CTaw_036-Ex1
AdC0703908C	Adu-CTaw_039-Ex1-8C-lcwgs-1-1	Adu-CTaw_039-Ex1
AdC0704106D	Adu-CTaw_041-Ex1-6D-lcwgs-1-1	Adu-CTaw_041-Ex1
AdC0704209A	Adu-CTaw_042-Ex1-9A-lcwgs-1-1	Adu-CTaw_042-Ex1
AdC0704708B	Adu-CTaw_047-Ex1-8B-lcwgs-1-1	Adu-CTaw_047-Ex1
AdC0705305C	Adu-CTaw_053-Ex1-5C-lcwgs-1-1	Adu-CTaw_053-Ex1
AdC0705412D	Adu-CTaw_054-Ex1-12D-lcwgs-1-1	Adu-CTaw_054-Ex1
AdC0705608D	Adu-CTaw_056-Ex1-8D-lcwgs-1-1	Adu-CTaw_056-Ex1
AdC0705711C	Adu-CTaw_057-Ex1-11C-lcwgs-1-1	Adu-CTaw_057-Ex1
AdC0705907G	Adu-CTaw_059-Ex1-7G-lcwgs-1-1	Adu-CTaw_059-Ex1
AdC0706007E	Adu-CTaw_060-Ex1-7E-lcwgs-1-1	Adu-CTaw_060-Ex1
AdC0706110D	Adu-CTaw_061-Ex1-10D-lcwgs-1-1	Adu-CTaw_061-Ex1
AdC0706406E	Adu-CTaw_064-Ex1-6E-lcwgs-1-1	Adu-CTaw_064-Ex1
AdC0706512E	Adu-CTaw_065-Ex1-12E-lcwgs-1-1	Adu-CTaw_065-Ex1
AdC0706607H	Adu-CTaw_066-Ex1-7H-lcwgs-1-1	Adu-CTaw_066-Ex1
AdC0706809F	Adu-CTaw_068-Ex1-9F-lcwgs-1-1	Adu-CTaw_068-Ex1
AdC0707006C	Adu-CTaw_070-Ex1-6C-lcwgs-1-1	Adu-CTaw_070-Ex1
AdC0707110E	Adu-CTaw_071-Ex1-10E-lcwgs-1-1	Adu-CTaw_071-Ex1
AdC0707206B	Adu-CTaw_072-Ex1-6B-lcwgs-1-1	Adu-CTaw_072-Ex1
AdC0707310F	Adu-CTaw_073-Ex1-10F-lcwgs-1-1	Adu-CTaw_073-Ex1
AdC0707406A	Adu-CTaw_074-Ex1-6A-lcwgs-1-1	Adu-CTaw_074-Ex1
AdC0707509G	Adu-CTaw_075-Ex1-9G-lcwgs-1-1	Adu-CTaw_075-Ex1
AdC0707605B	Adu-CTaw_076-Ex1-5B-lcwgs-1-1	Adu-CTaw_076-Ex1
AdC0707805H	Adu-CTaw_078-Ex1-5H-lcwgs-1-1	Adu-CTaw_078-Ex1
AdC0707912B	Adu-CTaw_079-Ex1-12B-lcwgs-1-1	Adu-CTaw_079-Ex1
AdC0708005D	Adu-CTaw_080-Ex1-5D-lcwgs-1-1	Adu-CTaw_080-Ex1
AdC0708109D	Adu-CTaw_081-Ex1-9D-lcwgs-1-1	Adu-CTaw_081-Ex1
AdC0708211B	Adu-CTaw_082-Ex1-11B-lcwgs-1-1	Adu-CTaw_082-Ex1
AdC0708306H	Adu-CTaw_083-Ex1-6H-lcwgs-1-1	Adu-CTaw_083-Ex1
AdC0708505F	Adu-CTaw_085-Ex1-5F-lcwgs-1-1	Adu-CTaw_085-Ex1
AdC0708705G	Adu-CTaw_087-Ex1-5G-lcwgs-1-1	Adu-CTaw_087-Ex1
AdC0709010A	Adu-CTaw_090-Ex1-10A-lcwgs-1-1	Adu-CTaw_090-Ex1
AdC0709211E	Adu-CTaw_092-Ex1-11E-lcwgs-1-1	Adu-CTaw_092-Ex1
AdC0709511G	Adu-CTaw_095-Ex1-11G-lcwgs-1-1	Adu-CTaw_095-Ex1
AdC0709608A	Adu-CTaw_096-Ex1-8A-lcwgs-1-1	Adu-CTaw_096-Ex1
AeA01001	Aen-AHam_001	Aen-AHam_001-Ex1
AeA01002	Aen-AHam_002	Aen-AHam_002-Ex1
AeA01003	Aen-AHam_003	Aen-AHam_003-Ex1
AeA01004	Aen-AHam_004	Aen-AHam_004-Ex1
AeA01005	Aen-AHam_005	Aen-AHam_005-Ex1
AeA01006	Aen-AHam_006	Aen-AHam_006-Ex1
AeA01007	Aen-AHam_007	Aen-AHam_007-Ex1
AeA01008	Aen-AHam_008	Aen-AHam_008-Ex1
AeA01009	Aen-AHam_009	Aen-AHam_009-Ex1
AeA01010	Aen-AHam_010	Aen-AHam_010-Ex1
AeA01011	Aen-AHam_011	Aen-AHam_011-Ex1
AeA01012	Aen-AHam_012	Aen-AHam_012-Ex1
AeA01013	Aen-AHam_013	Aen-AHam_013-Ex1
AeA01014	Aen-AHam_014	Aen-AHam_014-Ex1
AeA01015	Aen-AHam_015	Aen-AHam_015-Ex1
AeA01016	Aen-AHam_016	Aen-AHam_016-Ex1
AeA01017	Aen-AHam_017	Aen-AHam_017-Ex1
AeA01018	Aen-AHam_018	Aen-AHam_018-Ex1
AeA01019	Aen-AHam_019	Aen-AHam_019-Ex1
AeA01020	Aen-AHam_020	Aen-AHam_020-Ex1
AeA01021	Aen-AHam_021	Aen-AHam_021-Ex1
AeA01022	Aen-AHam_022	Aen-AHam_022-Ex1
AeA01023	Aen-AHam_023	Aen-AHam_023-Ex1
AeA01024	Aen-AHam_024	Aen-AHam_024-Ex1
AeA01025	Aen-AHam_025	Aen-AHam_025-Ex1
AeA01026	Aen-AHam_026	Aen-AHam_026-Ex1
AeA01027	Aen-AHam_027	Aen-AHam_027-Ex1
AeA01028	Aen-AHam_028	Aen-AHam_028-Ex1
AeA01029	Aen-AHam_029	Aen-AHam_029-Ex1
AeA01030	Aen-AHam_030	Aen-AHam_030-Ex1
AeA01031	Aen-AHam_031	Aen-AHam_031-Ex1
AeA01032	Aen-AHam_032	Aen-AHam_032-Ex1
AeA01033	Aen-AHam_033	Aen-AHam_033-Ex1
AeA01034	Aen-AHam_034	Aen-AHam_034-Ex1
AeA01035	Aen-AHam_035	Aen-AHam_035-Ex1
AeA01036	Aen-AHam_036	Aen-AHam_036-Ex1
AeA01037	Aen-AHam_037	Aen-AHam_037-Ex1
AeA01038	Aen-AHam_038	Aen-AHam_038-Ex1
AeA01039	Aen-AHam_039	Aen-AHam_039-Ex1
AeA01040	Aen-AHam_040	Aen-AHam_040-Ex1
AeA01041	Aen-AHam_041	Aen-AHam_041-Ex1
AeA01042	Aen-AHam_042	Aen-AHam_042-Ex1
AeA01043	Aen-AHam_043	Aen-AHam_043-Ex1
AeA01044	Aen-AHam_044	Aen-AHam_044-Ex1
AeA01045	Aen-AHam_045	Aen-AHam_045-Ex1
AeA01046	Aen-AHam_046	Aen-AHam_046-Ex1
AeA01047	Aen-AHam_047	Aen-AHam_047-Ex1
AeA01048	Aen-AHam_048	Aen-AHam_048-Ex1
AeA01049	Aen-AHam_049	Aen-AHam_049-Ex1
AeA01050	Aen-AHam_050	Aen-AHam_050-Ex1
AeA01051	Aen-AHam_051	Aen-AHam_051-Ex1
AeA01052	Aen-AHam_052	Aen-AHam_052-Ex1
AeA01053	Aen-AHam_053	Aen-AHam_053-Ex1
AeA01054	Aen-AHam_054	Aen-AHam_054-Ex1
AeA01055	Aen-AHam_055	Aen-AHam_055-Ex1
AeA01056	Aen-AHam_056	Aen-AHam_056-Ex1
AeA01057	Aen-AHam_057	Aen-AHam_057-Ex1
AeA01058	Aen-AHam_058	Aen-AHam_058-Ex1
AeA01059	Aen-AHam_059	Aen-AHam_059-Ex1
AeA01060	Aen-AHam_060	Aen-AHam_060-Ex1
AeC01001	Aen-Cbat_001	Aen-CBat_001-Ex1
AeC01013	Aen-Cbat_013	Aen-CBat_013-Ex1
AeC01025	Aen-Cbat_025	Aen-CBat_025-Ex1
AeC01037	Aen-Cbat_037	Aen-CBat_037-Ex1
AeC01049	Aen-Cbat_049	Aen-CBat_049-Ex1
AeC01061	Aen-Cbat_061	Aen-CBat_061-Ex1
AeC01073	Aen-Cbat_073	Aen-CBat_073-Ex1
AeC01085	Aen-Cbat_085	Aen-CBat_085-Ex1
AeC01002	Aen-Cbat_002	Aen-CBat_002-Ex1
AeC01014	Aen-Cbat_014	Aen-CBat_014-Ex1
AeC01026	Aen-Cbat_026	Aen-CBat_026-Ex1
AeC01038	Aen-Cbat_038	Aen-CBat_038-Ex1
AeC01050	Aen-Cbat_050	Aen-CBat_050-Ex1
AeC01062	Aen-Cbat_062	Aen-CBat_062-Ex1
AeC01074	Aen-Cbat_074	Aen-CBat_074-Ex1
AeC01086	Aen-Cbat_086	Aen-CBat_086-Ex1
AeC01003	Aen-Cbat_003	Aen-CBat_003-Ex1
AeC01015	Aen-Cbat_015	Aen-CBat_015-Ex1
AeC01027	Aen-Cbat_027	Aen-CBat_027-Ex1
AeC01039	Aen-Cbat_039	Aen-CBat_039-Ex1
AeC01051	Aen-Cbat_051	Aen-CBat_051-Ex1
AeC01063	Aen-Cbat_063	Aen-CBat_063-Ex1
AeC01075	Aen-Cbat_075	Aen-CBat_075-Ex1
AeC01087	Aen-Cbat_087	Aen-CBat_087-Ex1
AeC01004	Aen-Cbat_004	Aen-CBat_004-Ex1
AeC01016	Aen-Cbat_016	Aen-CBat_016-Ex1
AeC01028	Aen-Cbat_028	Aen-CBat_028-Ex1
AeC01040	Aen-Cbat_040	Aen-CBat_040-Ex1
AeC01052	Aen-Cbat_052	Aen-CBat_052-Ex1
AeC01064	Aen-Cbat_064	Aen-CBat_064-Ex1
AeC01076	Aen-Cbat_076	Aen-CBat_076-Ex1
AeC01088	Aen-Cbat_088	Aen-CBat_088-Ex1
AeC01005	Aen-Cbat_005	Aen-CBat_005-Ex1
AeC01017	Aen-Cbat_017	Aen-CBat_017-Ex1
AeC01029	Aen-Cbat_029	Aen-CBat_029-Ex1
AeC01041	Aen-Cbat_041	Aen-CBat_041-Ex1
AeC01053	Aen-Cbat_053	Aen-CBat_053-Ex1
AeC01065	Aen-Cbat_065	Aen-CBat_065-Ex1
AeC01077	Aen-Cbat_077	Aen-CBat_077-Ex1
AeC01089	Aen-Cbat_089	Aen-CBat_089-Ex1
AeC01006	Aen-Cbat_006	Aen-CBat_006-Ex1
AeC01018	Aen-Cbat_018	Aen-CBat_018-Ex1
AeC01030	Aen-Cbat_030	Aen-CBat_030-Ex1
AeC01042	Aen-Cbat_042	Aen-CBat_042-Ex1
AeC01054	Aen-Cbat_054	Aen-CBat_054-Ex1
AeC01066	Aen-Cbat_066	Aen-CBat_066-Ex1
AeC01078	Aen-Cbat_078	Aen-CBat_078-Ex1
AeC01090	Aen-Cbat_090	Aen-CBat_090-Ex1
AeC01007	Aen-Cbat_007	Aen-CBat_007-Ex1
AeC01019	Aen-Cbat_019	Aen-CBat_019-Ex1
AeC01031	Aen-Cbat_031	Aen-CBat_031-Ex1
AeC01043	Aen-Cbat_043	Aen-CBat_043-Ex1
AeC01055	Aen-Cbat_055	Aen-CBat_055-Ex1
AeC01067	Aen-Cbat_067	Aen-CBat_067-Ex1
AeC01079	Aen-Cbat_079	Aen-CBat_079-Ex1
AeC01091	Aen-Cbat_091	Aen-CBat_091-Ex1
AeC01008	Aen-Cbat_008	Aen-CBat_008-Ex1
AeC01020	Aen-Cbat_020	Aen-CBat_020-Ex1
AeC01032	Aen-Cbat_032	Aen-CBat_032-Ex1
AeC01044	Aen-Cbat_044	Aen-CBat_044-Ex1
AeC01056	Aen-Cbat_056	Aen-CBat_056-Ex1
AeC01068	Aen-Cbat_068	Aen-CBat_068-Ex1
AeC01080	Aen-Cbat_080	Aen-CBat_080-Ex1
AeC01092	Aen-Cbat_092	Aen-CBat_092-Ex1
AeC01009	Aen-Cbat_009	Aen-CBat_009-Ex1
AeC01021	Aen-Cbat_021	Aen-CBat_021-Ex1
AeC01033	Aen-Cbat_033	Aen-CBat_033-Ex1
AeC01045	Aen-Cbat_045	Aen-CBat_045-Ex1
AeC01057	Aen-Cbat_057	Aen-CBat_057-Ex1
AeC01069	Aen-Cbat_069	Aen-CBat_069-Ex1
AeC01081	Aen-Cbat_081	Aen-CBat_081-Ex1
AeC01010	Aen-Cbat_010	Aen-CBat_010-Ex1
AeC01022	Aen-Cbat_022	Aen-CBat_022-Ex1
AeC01034	Aen-Cbat_034	Aen-CBat_034-Ex1
AeC01046	Aen-Cbat_046	Aen-CBat_046-Ex1
AeC01058	Aen-Cbat_058	Aen-CBat_058-Ex1
AeC01070	Aen-Cbat_070	Aen-CBat_070-Ex1
AeC01082	Aen-Cbat_082	Aen-CBat_082-Ex1
AeC01094	Aen-Cbat_094	Aen-CBat_094-Ex1
AeC01011	Aen-Cbat_011	Aen-CBat_011-Ex1
AeC01023	Aen-Cbat_023	Aen-CBat_023-Ex1
AeC01035	Aen-Cbat_035	Aen-CBat_035-Ex1
AeC01047	Aen-Cbat_047	Aen-CBat_047-Ex1
AeC01059	Aen-Cbat_059	Aen-CBat_059-Ex1
AeC01071	Aen-Cbat_071	Aen-CBat_071-Ex1
AeC01083	Aen-Cbat_083	Aen-CBat_083-Ex1
AeC01095	Aen-Cbat_095	Aen-CBat_095-Ex1
AeC01012	Aen-Cbat_012	Aen-CBat_012-Ex1
AeC01024	Aen-Cbat_024	Aen-CBat_024-Ex1
AeC01036	Aen-Cbat_036	Aen-CBat_036-Ex1
AeC01048	Aen-Cbat_048	Aen-CBat_048-Ex1
AeC01060	Aen-Cbat_060	Aen-CBat_060-Ex1
AeC01072	Aen-Cbat_072	Aen-CBat_072-Ex1
AeC01084	Aen-Cbat_084	Aen-CBat_084-Ex1
AeC01096	Aen-Cbat_096	Aen-CBat_096-Ex1
CvA1001402F	Cvi-APal_014-Ex1-2F-lcwgs-1-2	Cvi-APal_014-Ex1
CvA1000401D	Cvi-APal_004-Ex1-1D-lcwgs-1-2	Cvi-APal_004-Ex1
CvA1003505B	Cvi-APal_035-Ex1-5B-lcwgs-1-2	Cvi-APal_035-Ex1
CvA1002403G	Cvi-APal_024-Ex1-3G-lcwgs-1-2	Cvi-APal_024-Ex1
CvA1002804C	Cvi-APal_028-Ex1-4C-lcwgs-1-2	Cvi-APal_028-Ex1
CvA1000501E	Cvi-APal_005-Ex1-1E-lcwgs-1-2	Cvi-APal_005-Ex1
CvA1002303F	Cvi-APal_023-Ex1-3F-lcwgs-1-2	Cvi-APal_023-Ex1
CvA1004005G	Cvi-APal_040-Ex1-5G-lcwgs-1-2	Cvi-APal_040-Ex1
CvA1001602H	Cvi-APal_016-Ex1-2H-lcwgs-1-2	Cvi-APal_016-Ex1
CvA1002704B	Cvi-APal_027-Ex1-4B-lcwgs-1-2	Cvi-APal_027-Ex1
CvA1001302E	Cvi-APal_013-Ex1-2E-lcwgs-1-2	Cvi-APal_013-Ex1
CvA1003104F	Cvi-APal_031-Ex1-4F-lcwgs-1-2	Cvi-APal_031-Ex1
CvA1001903B	Cvi-APal_019-Ex1-3B-lcwgs-1-2	Cvi-APal_019-Ex1
CvA1000301C	Cvi-APal_003-Ex1-1C-lcwgs-1-2	Cvi-APal_003-Ex1
CvA1001704D	Cvi-APal_017-Ex2-4D-lcwgs-1-2	Cvi-APal_017-Ex2
CvA1002203E	Cvi-APal_022-Ex1-3E-lcwgs-1-2	Cvi-APal_022-Ex1
CvA1002003C	Cvi-APal_020-Ex1-3C-lcwgs-1-2	Cvi-APal_020-Ex1
CvA1001202D	Cvi-APal_012-Ex1-2D-lcwgs-1-2	Cvi-APal_012-Ex1
CvA1000201B	Cvi-APal_002-Ex1-1B-lcwgs-1-2	Cvi-APal_002-Ex1
CvA1003304H	Cvi-APal_033-Ex1-4H-lcwgs-1-2	Cvi-APal_033-Ex1
CvA1002604A	Cvi-APal_026-Ex1-4A-lcwgs-1-2	Cvi-APal_026-Ex1
CvA1002103D	Cvi-APal_021-Ex1-3D-lcwgs-1-2	Cvi-APal_021-Ex1
CvA1003805E	Cvi-APal_038-Ex1-5E-lcwgs-1-2	Cvi-APal_038-Ex1
CvA1002905H	Cvi-APal_029-Ex1-5H-lcwgs-1-2	Cvi-APal_029-Ex1
CvA1003905F	Cvi-APal_039-Ex1-5F-lcwgs-1-2	Cvi-APal_039-Ex1
CvA1001803A	Cvi-APal_018-Ex1-3A-lcwgs-1-2	Cvi-APal_018-Ex1
CvA1001002B	Cvi-APal_010-Ex1-2B-lcwgs-1-2	Cvi-APal_010-Ex1
CvA1001502G	Cvi-APal_015-Ex1-2G-lcwgs-1-2	Cvi-APal_015-Ex1
CvA1000601F	Cvi-APal_006-Ex1-1F-lcwgs-1-2	Cvi-APal_006-Ex1
CvA1003004E	Cvi-APal_030-Ex1-4E-lcwgs-1-2	Cvi-APal_030-Ex1
CvA1000801H	Cvi-APal_008-Ex1-1H-lcwgs-1-2	Cvi-APal_008-Ex1
CvA1003705D	Cvi-APal_037-Ex1-5D-lcwgs-1-2	Cvi-APal_037-Ex1
CvA1003204G	Cvi-APal_032-Ex1-4G-lcwgs-1-2	Cvi-APal_032-Ex1
CvA1001102C	Cvi-APal_011-Ex1-2C-lcwgs-1-2	Cvi-APal_011-Ex1
CvA1003405A	Cvi-APal_034-Ex1-5A-lcwgs-1-2	Cvi-APal_034-Ex1
CvA1003605C	Cvi-APal_036-Ex1-5C-lcwgs-1-2	Cvi-APal_036-Ex1
CvA1000902A	Cvi-APal_009-Ex1-2A-lcwgs-1-2	Cvi-APal_009-Ex1
CvA1000701G	Cvi-APal_007-Ex1-1G-lcwgs-1-2	Cvi-APal_007-Ex1
CvA1002503H	Cvi-APal_025-Ex1-3H-lcwgs-1-2	Cvi-APal_025-Ex1
CvA1000101A	Cvi-APal_001-Ex1-1A-lcwgs-1-2	Cvi-APal_001-Ex1
CvC0102904A	Cvi-CPal_029-Ex1-4A-lcwgs-1-2	Cvi-CPal_029-Ex1
CvC0104906A	Cvi-CPal_049-Ex1-6A-lcwgs-1-2	Cvi-CPal_049-Ex1
CvC0104105A	Cvi-CPal_041-Ex1-5A-lcwgs-1-2	Cvi-CPal_041-Ex1
CvC0104505E	Cvi-CPal_045-Ex1-5E-lcwgs-1-2	Cvi-CPal_045-Ex1
CvC0105707A	Cvi-CPal_057-Ex1-7A-lcwgs-1-2	Cvi-CPal_057-Ex1
CvC0107201A	Cvi-CPal_072-Ex1-1A-lcwgs-1-2	Cvi-CPal_072-Ex1
CvC0103104C	Cvi-CPal_031-Ex1-4C-lcwgs-1-2	Cvi-CPal_031-Ex1
CvC0100101D	Cvi-CPal_001-Ex1-1D-lcwgs-1-2	Cvi-CPal_001-Ex1
CvC0106207F	Cvi-CPal_062-Ex1-7F-lcwgs-1-2	Cvi-CPal_062-Ex1
CvC0105006B	Cvi-CPal_050-Ex1-6B-lcwgs-1-2	Cvi-CPal_050-Ex1
CvC0106107E	Cvi-CPal_061-Ex1-7E-lcwgs-1-2	Cvi-CPal_061-Ex1
CvC0106007D	Cvi-CPal_060-Ex1-7D-lcwgs-1-2	Cvi-CPal_060-Ex1
CvC0106908E	Cvi-CPal_069-Ex1-8E-lcwgs-1-2	Cvi-CPal_069-Ex1
CvC0105606H	Cvi-CPal_056-Ex1-6H-lcwgs-1-2	Cvi-CPal_056-Ex1
CvC0105907C	Cvi-CPal_059-Ex1-7C-lcwgs-1-2	Cvi-CPal_059-Ex1
CvC0106508A	Cvi-CPal_065-Ex1-8A-lcwgs-1-2	Cvi-CPal_065-Ex1
CvC0109301C	Cvi-CPal_093-Ex1-1C-lcwgs-1-2	Cvi-CPal_093-Ex1
CvC0106307G	Cvi-CPal_063-Ex1-7G-lcwgs-1-2	Cvi-CPal_063-Ex1
CvC0105807B	Cvi-CPal_058-Ex1-7B-lcwgs-1-2	Cvi-CPal_058-Ex1
CvC0102203F	Cvi-CPal_022-Ex1-3F-lcwgs-1-2	Cvi-CPal_022-Ex1
CvC0105406F	Cvi-CPal_054-Ex1-6F-lcwgs-1-2	Cvi-CPal_054-Ex1
CvC0100902C	Cvi-CPal_009-Ex1-2C-lcwgs-1-2	Cvi-CPal_009-Ex1
CvC0103004B	Cvi-CPal_030-Ex1-4B-lcwgs-1-2	Cvi-CPal_030-Ex1
CvC0105106C	Cvi-CPal_051-Ex1-6C-lcwgs-1-2	Cvi-CPal_051-Ex1
CvC0108701B	Cvi-CPal_087-Ex1-1B-lcwgs-1-2	Cvi-CPal_087-Ex1
CvC0100201E	Cvi-CPal_002-Ex1-1E-lcwgs-1-2	Cvi-CPal_002-Ex1
CvC0101703A	Cvi-CPal_017-Ex1-3A-lcwgs-1-2	Cvi-CPal_017-Ex1
CvC0105206D	Cvi-CPal_052-Ex1-6D-lcwgs-1-2	Cvi-CPal_052-Ex1
CvC0101402F	Cvi-CPal_014-Ex1-2F-lcwgs-1-2	Cvi-CPal_014-Ex1
CvC0104405D	Cvi-CPal_044-Ex1-5D-lcwgs-1-2	Cvi-CPal_044-Ex1
CvC0106608B	Cvi-CPal_066-Ex1-8B-lcwgs-1-2	Cvi-CPal_066-Ex1
CvC0100501H	Cvi-CPal_005-Ex1-1H-lcwgs-1-2	Cvi-CPal_005-Ex1
CvC0103204D	Cvi-CPal_032-Ex1-4D-lcwgs-1-2	Cvi-CPal_032-Ex1
CvC0100802B	Cvi-CPal_008-Ex1-2B-lcwgs-1-2	Cvi-CPal_008-Ex1
CvC0104205B	Cvi-CPal_042-Ex1-5B-lcwgs-1-2	Cvi-CPal_042-Ex1
CvC0103304E	Cvi-CPal_033-Ex1-4E-lcwgs-1-2	Cvi-CPal_033-Ex1
CvC0104305C	Cvi-CPal_043-Ex1-5C-lcwgs-1-2	Cvi-CPal_043-Ex1
CvC0100602A	Cvi-CPal_006-Ex1-2A-lcwgs-1-2	Cvi-CPal_006-Ex1
CvC0105306E	Cvi-CPal_053-Ex1-6E-lcwgs-1-2	Cvi-CPal_053-Ex1
CvC0106708C	Cvi-CPal_067-Ex1-8C-lcwgs-1-2	Cvi-CPal_067-Ex1
CvC0102003D	Cvi-CPal_020-Ex1-3D-lcwgs-1-2	Cvi-CPal_020-Ex1
CvC0100301F	Cvi-CPal_003-Ex1-1F-lcwgs-1-2	Cvi-CPal_003-Ex1
CvC0100401G	Cvi-CPal_004-Ex1-1G-lcwgs-1-2	Cvi-CPal_004-Ex1
CvC0105506G	Cvi-CPal_055-Ex1-6G-lcwgs-1-2	Cvi-CPal_055-Ex1
CvC0107908H	Cvi-CPal_079-Ex1-8H-lcwgs-1-2	Cvi-CPal_079-Ex1
CvC0106407H	Cvi-CPal_064-Ex1-7H-lcwgs-1-2	Cvi-CPal_064-Ex1
CvC0101602H	Cvi-CPal_016-Ex1-2H-lcwgs-1-2	Cvi-CPal_016-Ex1
CvC0107008F	Cvi-CPal_070-Ex1-8F-lcwgs-1-2	Cvi-CPal_070-Ex1
CvC0107201A	Cvi-CPal_072-Ex1-1A-lcwgs-1-T	Cvi-CPal_072-Ex1
CvC0108701B	Cvi-CPal_087-Ex1-1B-lcwgs-1-T	Cvi-CPal_087-Ex1
CvC0109301C	Cvi-CPal_093-Ex1-1C-lcwgs-1-T	Cvi-CPal_093-Ex1
CvC0100101D	Cvi-CPal_001-Ex1-1D-lcwgs-1-T	Cvi-CPal_001-Ex1
CvC0100201E	Cvi-CPal_002-Ex1-1E-lcwgs-1-T	Cvi-CPal_002-Ex1
CvC0100301F	Cvi-CPal_003-Ex1-1F-lcwgs-1-T	Cvi-CPal_003-Ex1
CvC0100401G	Cvi-CPal_004-Ex1-1G-lcwgs-1-T	Cvi-CPal_004-Ex1
CvC0100501H	Cvi-CPal_005-Ex1-1H-lcwgs-1-T	Cvi-CPal_005-Ex1
CvC0100602A	Cvi-CPal_006-Ex1-2A-lcwgs-1-T	Cvi-CPal_006-Ex1
CvC0100802B	Cvi-CPal_008-Ex1-2B-lcwgs-1-T	Cvi-CPal_008-Ex1
CvC0100902C	Cvi-CPal_009-Ex1-2C-lcwgs-1-T	Cvi-CPal_009-Ex1
CvC0101102D	Cvi-CPal_011-Ex1-2D-lcwgs-1-T	Cvi-CPal_011-Ex1
CvC0101302E	Cvi-CPal_013-Ex1-2E-lcwgs-1-T	Cvi-CPal_013-Ex1
CvC0101402F	Cvi-CPal_014-Ex1-2F-lcwgs-1-T	Cvi-CPal_014-Ex1
CvC0101502G	Cvi-CPal_015-Ex1-2G-lcwgs-1-T	Cvi-CPal_015-Ex1
CvC0101602H	Cvi-CPal_016-Ex1-2H-lcwgs-1-T	Cvi-CPal_016-Ex1
CvC0101703A	Cvi-CPal_017-Ex1-3A-lcwgs-1-T	Cvi-CPal_017-Ex1
CvC0101803B	Cvi-CPal_018-Ex1-3B-lcwgs-1-T	Cvi-CPal_018-Ex1
CvC0101903C	Cvi-CPal_019-Ex1-3C-lcwgs-1-T	Cvi-CPal_019-Ex1
CvC0102003D	Cvi-CPal_020-Ex1-3D-lcwgs-1-T	Cvi-CPal_020-Ex1
CvC0102103E	Cvi-CPal_021-Ex1-3E-lcwgs-1-T	Cvi-CPal_021-Ex1
CvC0102203F	Cvi-CPal_022-Ex1-3F-lcwgs-1-T	Cvi-CPal_022-Ex1
CvC0102303G	Cvi-CPal_023-Ex1-3G-lcwgs-1-T	Cvi-CPal_023-Ex1
CvC0102403H	Cvi-CPal_024-Ex1-3H-lcwgs-1-T	Cvi-CPal_024-Ex1
CvC0102904A	Cvi-CPal_029-Ex1-4A-lcwgs-1-T	Cvi-CPal_029-Ex1
CvC0103004B	Cvi-CPal_030-Ex1-4B-lcwgs-1-T	Cvi-CPal_030-Ex1
CvC0103104C	Cvi-CPal_031-Ex1-4C-lcwgs-1-T	Cvi-CPal_031-Ex1
CvC0103204D	Cvi-CPal_032-Ex1-4D-lcwgs-1-T	Cvi-CPal_032-Ex1
CvC0103304E	Cvi-CPal_033-Ex1-4E-lcwgs-1-T	Cvi-CPal_033-Ex1
CvC0103404F	Cvi-CPal_034-Ex1-4F-lcwgs-1-T	Cvi-CPal_034-Ex1
CvC0103504G	Cvi-CPal_035-Ex1-4G-lcwgs-1-T	Cvi-CPal_035-Ex1
CvC0103604H	Cvi-CPal_036-Ex1-4H-lcwgs-1-T	Cvi-CPal_036-Ex1
CvC0104105A	Cvi-CPal_041-Ex1-5A-lcwgs-1-T	Cvi-CPal_041-Ex1
CvC0104205B	Cvi-CPal_042-Ex1-5B-lcwgs-1-T	Cvi-CPal_042-Ex1
CvC0104305C	Cvi-CPal_043-Ex1-5C-lcwgs-1-T	Cvi-CPal_043-Ex1
CvC0104405D	Cvi-CPal_044-Ex1-5D-lcwgs-1-T	Cvi-CPal_044-Ex1
CvC0104505E	Cvi-CPal_045-Ex1-5E-lcwgs-1-T	Cvi-CPal_045-Ex1
CvC0104605F	Cvi-CPal_046-Ex1-5F-lcwgs-1-T	Cvi-CPal_046-Ex1
CvC0104705G	Cvi-CPal_047-Ex1-5G-lcwgs-1-T	Cvi-CPal_047-Ex1
CvC0104805H	Cvi-CPal_048-Ex1-5H-lcwgs-1-T	Cvi-CPal_048-Ex1
CvC0104906A	Cvi-CPal_049-Ex1-6A-lcwgs-1-T	Cvi-CPal_049-Ex1
CvC0105006B	Cvi-CPal_050-Ex1-6B-lcwgs-1-T	Cvi-CPal_050-Ex1
CvC0105106C	Cvi-CPal_051-Ex1-6C-lcwgs-1-T	Cvi-CPal_051-Ex1
CvC0105206D	Cvi-CPal_052-Ex1-6D-lcwgs-1-T	Cvi-CPal_052-Ex1
CvC0105306E	Cvi-CPal_053-Ex1-6E-lcwgs-1-T	Cvi-CPal_053-Ex1
CvC0105406F	Cvi-CPal_054-Ex1-6F-lcwgs-1-T	Cvi-CPal_054-Ex1
CvC0105506G	Cvi-CPal_055-Ex1-6G-lcwgs-1-T	Cvi-CPal_055-Ex1
CvC0105606H	Cvi-CPal_056-Ex1-6H-lcwgs-1-T	Cvi-CPal_056-Ex1
CvC0105707A	Cvi-CPal_057-Ex1-7A-lcwgs-1-T	Cvi-CPal_057-Ex1
CvC0105807B	Cvi-CPal_058-Ex1-7B-lcwgs-1-T	Cvi-CPal_058-Ex1
CvC0105907C	Cvi-CPal_059-Ex1-7C-lcwgs-1-T	Cvi-CPal_059-Ex1
CvC0106007D	Cvi-CPal_060-Ex1-7D-lcwgs-1-T	Cvi-CPal_060-Ex1
CvC0106107E	Cvi-CPal_061-Ex1-7E-lcwgs-1-T	Cvi-CPal_061-Ex1
CvC0106207F	Cvi-CPal_062-Ex1-7F-lcwgs-1-T	Cvi-CPal_062-Ex1
CvC0106307G	Cvi-CPal_063-Ex1-7G-lcwgs-1-T	Cvi-CPal_063-Ex1
CvC0106407H	Cvi-CPal_064-Ex1-7H-lcwgs-1-T	Cvi-CPal_064-Ex1
CvC0106508A	Cvi-CPal_065-Ex1-8A-lcwgs-1-T	Cvi-CPal_065-Ex1
CvC0106608B	Cvi-CPal_066-Ex1-8B-lcwgs-1-T	Cvi-CPal_066-Ex1
CvC0106708C	Cvi-CPal_067-Ex1-8C-lcwgs-1-T	Cvi-CPal_067-Ex1
CvC0106808D	Cvi-CPal_068-Ex1-8D-lcwgs-1-T	Cvi-CPal_068-Ex1
CvC0106908E	Cvi-CPal_069-Ex1-8E-lcwgs-1-T	Cvi-CPal_069-Ex1
CvC0107008F	Cvi-CPal_070-Ex1-8F-lcwgs-1-T	Cvi-CPal_070-Ex1
CvC0107108G	Cvi-CPal_071-Ex1-8G-lcwgs-1-T	Cvi-CPal_071-Ex1
CvC0107908H	Cvi-CPal_079-Ex1-8H-lcwgs-1-T	Cvi-CPal_079-Ex1
CvA1000101A	Cvi-APal_001-Ex1-1A-lcwgs-1-T	Cvi-APal_001-Ex1
CvA1000201B	Cvi-APal_002-Ex1-1B-lcwgs-1-T	Cvi-APal_002-Ex1
CvA1000301C	Cvi-APal_003-Ex1-1C-lcwgs-1-T	Cvi-APal_003-Ex1
CvA1000401D	Cvi-APal_004-Ex1-1D-lcwgs-1-T	Cvi-APal_004-Ex1
CvA1000501E	Cvi-APal_005-Ex1-1E-lcwgs-1-T	Cvi-APal_005-Ex1
CvA1000601F	Cvi-APal_006-Ex1-1F-lcwgs-1-T	Cvi-APal_006-Ex1
CvA1000701G	Cvi-APal_007-Ex1-1G-lcwgs-1-T	Cvi-APal_007-Ex1
CvA1000801H	Cvi-APal_008-Ex1-1H-lcwgs-1-T	Cvi-APal_008-Ex1
CvA1000902A	Cvi-APal_009-Ex1-2A-lcwgs-1-T	Cvi-APal_009-Ex1
CvA1001002B	Cvi-APal_010-Ex1-2B-lcwgs-1-T	Cvi-APal_010-Ex1
CvA1001102C	Cvi-APal_011-Ex1-2C-lcwgs-1-T	Cvi-APal_011-Ex1
CvA1001202D	Cvi-APal_012-Ex1-2D-lcwgs-1-T	Cvi-APal_012-Ex1
CvA1001302E	Cvi-APal_013-Ex1-2E-lcwgs-1-T	Cvi-APal_013-Ex1
CvA1001402F	Cvi-APal_014-Ex1-2F-lcwgs-1-T	Cvi-APal_014-Ex1
CvA1001502G	Cvi-APal_015-Ex1-2G-lcwgs-1-T	Cvi-APal_015-Ex1
CvA1001602H	Cvi-APal_016-Ex1-2H-lcwgs-1-T	Cvi-APal_016-Ex1
CvA1001803A	Cvi-APal_018-Ex1-3A-lcwgs-1-T	Cvi-APal_018-Ex1
CvA1001903B	Cvi-APal_019-Ex1-3B-lcwgs-1-T	Cvi-APal_019-Ex1
CvA1002003C	Cvi-APal_020-Ex1-3C-lcwgs-1-T	Cvi-APal_020-Ex1
CvA1002103D	Cvi-APal_021-Ex1-3D-lcwgs-1-T	Cvi-APal_021-Ex1
CvA1002203E	Cvi-APal_022-Ex1-3E-lcwgs-1-T	Cvi-APal_022-Ex1
CvA1002303F	Cvi-APal_023-Ex1-3F-lcwgs-1-T	Cvi-APal_023-Ex1
CvA1002403G	Cvi-APal_024-Ex1-3G-lcwgs-1-T	Cvi-APal_024-Ex1
CvA1002503H	Cvi-APal_025-Ex1-3H-lcwgs-1-T	Cvi-APal_025-Ex1
CvA1002604A	Cvi-APal_026-Ex1-4A-lcwgs-1-T	Cvi-APal_026-Ex1
CvA1002704B	Cvi-APal_027-Ex1-4B-lcwgs-1-T	Cvi-APal_027-Ex1
CvA1002804C	Cvi-APal_028-Ex1-4C-lcwgs-1-T	Cvi-APal_028-Ex1
CvA1001704D	Cvi-APal_017-Ex2-4D-lcwgs-1-T	Cvi-APal_017-Ex2
CvA1003004E	Cvi-APal_030-Ex1-4E-lcwgs-1-T	Cvi-APal_030-Ex1
CvA1003104F	Cvi-APal_031-Ex1-4F-lcwgs-1-T	Cvi-APal_031-Ex1
CvA1003204G	Cvi-APal_032-Ex1-4G-lcwgs-1-T	Cvi-APal_032-Ex1
CvA1003304H	Cvi-APal_033-Ex1-4H-lcwgs-1-T	Cvi-APal_033-Ex1
CvA1003405A	Cvi-APal_034-Ex1-5A-lcwgs-1-T	Cvi-APal_034-Ex1
CvA1003505B	Cvi-APal_035-Ex1-5B-lcwgs-1-T	Cvi-APal_035-Ex1
CvA1003605C	Cvi-APal_036-Ex1-5C-lcwgs-1-T	Cvi-APal_036-Ex1
CvA1003705D	Cvi-APal_037-Ex1-5D-lcwgs-1-T	Cvi-APal_037-Ex1
CvA1003805E	Cvi-APal_038-Ex1-5E-lcwgs-1-T	Cvi-APal_038-Ex1
CvA1003905F	Cvi-APal_039-Ex1-5F-lcwgs-1-T	Cvi-APal_039-Ex1
CvA1004005G	Cvi-APal_040-Ex1-5G-lcwgs-1-T	Cvi-APal_040-Ex1
CvA1002905H	Cvi-APal_029-Ex1-5H-lcwgs-1-T	Cvi-APal_029-Ex1
ChA0600101A	Cha-APnd_001-Ex1-1A-lcwgs-1-2	Cha-APnd_001-Ex1
ChA0600201B	Cha-APnd_002-Ex1-1B-lcwgs-1-2	Cha-APnd_002-Ex1
ChA0600301C	Cha-APnd_003-Ex1-1C-lcwgs-1-2	Cha-APnd_003-Ex1
ChA0600401D	Cha-APnd_004-Ex1-1D-lcwgs-1-2	Cha-APnd_004-Ex1
ChA0600501E	Cha-APnd_005-Ex1-1E-lcwgs-1-2	Cha-APnd_005-Ex1
ChA0600601F	Cha-APnd_006-Ex1-1F-lcwgs-1-2	Cha-APnd_006-Ex1
ChA0600701G	Cha-APnd_007-Ex1-1G-lcwgs-1-2	Cha-APnd_007-Ex1
ChA0600801H	Cha-APnd_008-Ex1-1H-lcwgs-1-2	Cha-APnd_008-Ex1
ChA0600902A	Cha-APnd_009-Ex1-2A-lcwgs-1-2	Cha-APnd_009-Ex1
ChA0601002B	Cha-APnd_010-Ex1-2B-lcwgs-1-2	Cha-APnd_010-Ex1
ChA0601102C	Cha-APnd_011-Ex1-2C-lcwgs-1-2	Cha-APnd_011-Ex1
ChA0601202D	Cha-APnd_012-Ex1-2D-lcwgs-1-2	Cha-APnd_012-Ex1
ChA0601302E	Cha-APnd_013-Ex1-2E-lcwgs-1-2	Cha-APnd_013-Ex1
ChA0601402F	Cha-APnd_014-Ex1-2F-lcwgs-1-2	Cha-APnd_014-Ex1
ChA0601502G	Cha-APnd_015-Ex1-2G-lcwgs-1-2	Cha-APnd_015-Ex1
ChA0601602H	Cha-APnd_016-Ex1-2H-lcwgs-1-2	Cha-APnd_016-Ex1
ChA0601703A	Cha-APnd_017-Ex1-3A-lcwgs-1-2	Cha-APnd_017-Ex1
ChA0601803B	Cha-APnd_018-Ex1-3B-lcwgs-1-2	Cha-APnd_018-Ex1
ChA0601903C	Cha-APnd_019-Ex1-3C-lcwgs-1-2	Cha-APnd_019-Ex1
ChA0602003D	Cha-APnd_020-Ex1-3D-lcwgs-1-2	Cha-APnd_020-Ex1
ChA0602103E	Cha-APnd_021-Ex1-3E-lcwgs-1-2	Cha-APnd_021-Ex1
ChA0602203F	Cha-APnd_022-Ex1-3F-lcwgs-1-2	Cha-APnd_022-Ex1
ChA0602303G	Cha-APnd_023-Ex1-3G-lcwgs-1-2	Cha-APnd_023-Ex1
ChA0602403H	Cha-APnd_024-Ex1-3H-lcwgs-1-2	Cha-APnd_024-Ex1
ChA0602504A	Cha-APnd_025-Ex1-4A-lcwgs-1-2	Cha-APnd_025-Ex1
ChA0602604B	Cha-APnd_026-Ex1-4B-lcwgs-1-2	Cha-APnd_026-Ex1
ChA0602704C	Cha-APnd_027-Ex1-4C-lcwgs-1-2	Cha-APnd_027-Ex1
ChA0602804D	Cha-APnd_028-Ex1-4D-lcwgs-1-2	Cha-APnd_028-Ex1
ChA0602904E	Cha-APnd_029-Ex1-4E-lcwgs-1-2	Cha-APnd_029-Ex1
ChA0603004F	Cha-APnd_030-Ex1-4F-lcwgs-1-2	Cha-APnd_030-Ex1
ChA0603104G	Cha-APnd_031-Ex1-4G-lcwgs-1-2	Cha-APnd_031-Ex1
ChA0603204H	Cha-APnd_032-Ex1-4H-lcwgs-1-2	Cha-APnd_032-Ex1
ChA0603305A	Cha-APnd_033-Ex1-5A-lcwgs-1-2	Cha-APnd_033-Ex1
ChA0603405B	Cha-APnd_034-Ex1-5B-lcwgs-1-2	Cha-APnd_034-Ex1
ChA0603505C	Cha-APnd_035-Ex1-5C-lcwgs-1-2	Cha-APnd_035-Ex1
ChA0603605D	Cha-APnd_036-Ex1-5D-lcwgs-1-2	Cha-APnd_036-Ex1
ChA0603705E	Cha-APnd_037-Ex1-5E-lcwgs-1-2	Cha-APnd_037-Ex1
ChA0603805F	Cha-APnd_038-Ex1-5F-lcwgs-1-2	Cha-APnd_038-Ex1
ChA0603905G	Cha-APnd_039-Ex1-5G-lcwgs-1-2	Cha-APnd_039-Ex1
ChA0604005H	Cha-APnd_040-Ex1-5H-lcwgs-1-2	Cha-APnd_040-Ex1
ChC0101007D	Cha-CPnd_010-Ex1-7D-lcwgs-1-2	Cha-CPnd_010-Ex1
ChC0101308G	Cha-CPnd_013-Ex1-8G-lcwgs-1-2	Cha-CPnd_013-Ex1
ChC0101407F	Cha-CPnd_014-Ex1-7F-lcwgs-1-2	Cha-CPnd_014-Ex1
ChC0101708E	Cha-CPnd_017-Ex1-8E-lcwgs-1-2	Cha-CPnd_017-Ex1
ChC0101806C	Cha-CPnd_018-Ex1-6C-lcwgs-1-2	Cha-CPnd_018-Ex1
ChC0102105F	Cha-CPnd_021-Ex1-5F-lcwgs-1-2	Cha-CPnd_021-Ex1
ChC0102206H	Cha-CPnd_022-Ex1-6H-lcwgs-1-2	Cha-CPnd_022-Ex1
ChC0102404A	Cha-CPnd_024-Ex1-4A-lcwgs-1-2	Cha-CPnd_024-Ex1
ChC0102502H	Cha-CPnd_025-Ex1-2H-lcwgs-1-2	Cha-CPnd_025-Ex1
ChC0102608H	Cha-CPnd_026-Ex1-8H-lcwgs-1-2	Cha-CPnd_026-Ex1
ChC0102801B	Cha-CPnd_028-Ex1-1B-lcwgs-1-2	Cha-CPnd_028-Ex1
ChC0103003H	Cha-CPnd_030-Ex1-3H-lcwgs-1-2	Cha-CPnd_030-Ex1
ChC0103102E	Cha-CPnd_031-Ex1-2E-lcwgs-1-2	Cha-CPnd_031-Ex1
ChC0103207B	Cha-CPnd_032-Ex1-7B-lcwgs-1-2	Cha-CPnd_032-Ex1
ChC0103308F	Cha-CPnd_033-Ex1-8F-lcwgs-1-2	Cha-CPnd_033-Ex1
ChC0103406B	Cha-CPnd_034-Ex1-6B-lcwgs-1-2	Cha-CPnd_034-Ex1
ChC0103504B	Cha-CPnd_035-Ex1-4B-lcwgs-1-2	Cha-CPnd_035-Ex1
ChC0103604G	Cha-CPnd_036-Ex1-4G-lcwgs-1-2	Cha-CPnd_036-Ex1
ChC0103805B	Cha-CPnd_038-Ex1-5B-lcwgs-1-2	Cha-CPnd_038-Ex1
ChC0103903C	Cha-CPnd_039-Ex1-3C-lcwgs-1-2	Cha-CPnd_039-Ex1
ChC0104007G	Cha-CPnd_040-Ex1-7G-lcwgs-1-2	Cha-CPnd_040-Ex1
ChC0104205H	Cha-CPnd_042-Ex1-5H-lcwgs-1-2	Cha-CPnd_042-Ex1
ChC0104303G	Cha-CPnd_043-Ex1-3G-lcwgs-1-2	Cha-CPnd_043-Ex1
ChC0104404E	Cha-CPnd_044-Ex1-4E-lcwgs-1-2	Cha-CPnd_044-Ex1
ChC0104506F	Cha-CPnd_045-Ex1-6F-lcwgs-1-2	Cha-CPnd_045-Ex1
ChC0104805A	Cha-CPnd_048-Ex1-5A-lcwgs-1-2	Cha-CPnd_048-Ex1
ChC0105101C	Cha-CPnd_051-Ex1-1C-lcwgs-1-2	Cha-CPnd_051-Ex1
ChC0105303D	Cha-CPnd_053-Ex1-3D-lcwgs-1-2	Cha-CPnd_053-Ex1
ChC0105401H	Cha-CPnd_054-Ex1-1H-lcwgs-1-2	Cha-CPnd_054-Ex1
ChC0105908A	Cha-CPnd_059-Ex1-8A-lcwgs-1-2	Cha-CPnd_059-Ex1
ChC0106001F	Cha-CPnd_060-Ex1-1F-lcwgs-1-2	Cha-CPnd_060-Ex1
ChC0106105D	Cha-CPnd_061-Ex1-5D-lcwgs-1-2	Cha-CPnd_061-Ex1
ChC0106201E	Cha-CPnd_062-Ex1-1E-lcwgs-1-2	Cha-CPnd_062-Ex1
ChC0106407H	Cha-CPnd_064-Ex1-7H-lcwgs-1-2	Cha-CPnd_064-Ex1
ChC0106507A	Cha-CPnd_065-Ex1-7A-lcwgs-1-2	Cha-CPnd_065-Ex1
ChC0106603B	Cha-CPnd_066-Ex1-3B-lcwgs-1-2	Cha-CPnd_066-Ex1
ChC0106902G	Cha-CPnd_069-Ex1-2G-lcwgs-1-2	Cha-CPnd_069-Ex1
ChC0107203A	Cha-CPnd_072-Ex1-3A-lcwgs-1-2	Cha-CPnd_072-Ex1
ChC0107302F	Cha-CPnd_073-Ex1-2F-lcwgs-1-2	Cha-CPnd_073-Ex1
ChC0107604C	Cha-CPnd_076-Ex1-4C-lcwgs-1-2	Cha-CPnd_076-Ex1
ChC0107706G	Cha-CPnd_077-Ex1-6G-lcwgs-1-2	Cha-CPnd_077-Ex1
ChC0107804D	Cha-CPnd_078-Ex1-4D-lcwgs-1-2	Cha-CPnd_078-Ex1
ChC0107904H	Cha-CPnd_079-Ex1-4H-lcwgs-1-2	Cha-CPnd_079-Ex1
ChC0108108C	Cha-CPnd_081-Ex1-8C-lcwgs-1-2	Cha-CPnd_081-Ex1
ChC0108208B	Cha-CPnd_082-Ex1-8B-lcwgs-1-2	Cha-CPnd_082-Ex1
ChC0108404F	Cha-CPnd_084-Ex1-4F-lcwgs-1-2	Cha-CPnd_084-Ex1
ChC0108505C	Cha-CPnd_085-Ex1-5C-lcwgs-1-2	Cha-CPnd_085-Ex1
ChC0108605G	Cha-CPnd_086-Ex1-5G-lcwgs-1-2	Cha-CPnd_086-Ex1
ChA0600101A	Cha-APnd_001-Ex1-1A-lcwgs-1-1	Cha-APnd_001-Ex1
ChA0600201B	Cha-APnd_002-Ex1-1B-lcwgs-1-1	Cha-APnd_002-Ex1
ChA0600301C	Cha-APnd_003-Ex1-1C-lcwgs-1-1	Cha-APnd_003-Ex1
ChA0600401D	Cha-APnd_004-Ex1-1D-lcwgs-1-1	Cha-APnd_004-Ex1
ChA0600501E	Cha-APnd_005-Ex1-1E-lcwgs-1-1	Cha-APnd_005-Ex1
ChA0600601F	Cha-APnd_006-Ex1-1F-lcwgs-1-1	Cha-APnd_006-Ex1
ChA0600701G	Cha-APnd_007-Ex1-1G-lcwgs-1-1	Cha-APnd_007-Ex1
ChA0600801H	Cha-APnd_008-Ex1-1H-lcwgs-1-1	Cha-APnd_008-Ex1
ChA0600902A	Cha-APnd_009-Ex1-2A-lcwgs-1-1	Cha-APnd_009-Ex1
ChA0601002B	Cha-APnd_010-Ex1-2B-lcwgs-1-1	Cha-APnd_010-Ex1
ChA0601102C	Cha-APnd_011-Ex1-2C-lcwgs-1-1	Cha-APnd_011-Ex1
ChA0601202D	Cha-APnd_012-Ex1-2D-lcwgs-1-1	Cha-APnd_012-Ex1
ChA0601302E	Cha-APnd_013-Ex1-2E-lcwgs-1-1	Cha-APnd_013-Ex1
ChA0601402F	Cha-APnd_014-Ex1-2F-lcwgs-1-1	Cha-APnd_014-Ex1
ChA0601502G	Cha-APnd_015-Ex1-2G-lcwgs-1-1	Cha-APnd_015-Ex1
ChA0601602H	Cha-APnd_016-Ex1-2H-lcwgs-1-1	Cha-APnd_016-Ex1
ChA0601703A	Cha-APnd_017-Ex1-3A-lcwgs-1-1	Cha-APnd_017-Ex1
ChA0601803B	Cha-APnd_018-Ex1-3B-lcwgs-1-1	Cha-APnd_018-Ex1
ChA0601903C	Cha-APnd_019-Ex1-3C-lcwgs-1-1	Cha-APnd_019-Ex1
ChA0602003D	Cha-APnd_020-Ex1-3D-lcwgs-1-1	Cha-APnd_020-Ex1
ChA0602103E	Cha-APnd_021-Ex1-3E-lcwgs-1-1	Cha-APnd_021-Ex1
ChA0602203F	Cha-APnd_022-Ex1-3F-lcwgs-1-1	Cha-APnd_022-Ex1
ChA0602303G	Cha-APnd_023-Ex1-3G-lcwgs-1-1	Cha-APnd_023-Ex1
ChA0602403H	Cha-APnd_024-Ex1-3H-lcwgs-1-1	Cha-APnd_024-Ex1
ChA0602504A	Cha-APnd_025-Ex1-4A-lcwgs-1-1	Cha-APnd_025-Ex1
ChA0602604B	Cha-APnd_026-Ex1-4B-lcwgs-1-1	Cha-APnd_026-Ex1
ChA0602704C	Cha-APnd_027-Ex1-4C-lcwgs-1-1	Cha-APnd_027-Ex1
ChA0602804D	Cha-APnd_028-Ex1-4D-lcwgs-1-1	Cha-APnd_028-Ex1
ChA0602904E	Cha-APnd_029-Ex1-4E-lcwgs-1-1	Cha-APnd_029-Ex1
ChA0603004F	Cha-APnd_030-Ex1-4F-lcwgs-1-1	Cha-APnd_030-Ex1
ChA0603104G	Cha-APnd_031-Ex1-4G-lcwgs-1-1	Cha-APnd_031-Ex1
ChA0603204H	Cha-APnd_032-Ex1-4H-lcwgs-1-1	Cha-APnd_032-Ex1
ChA0603305A	Cha-APnd_033-Ex1-5A-lcwgs-1-1	Cha-APnd_033-Ex1
ChA0603405B	Cha-APnd_034-Ex1-5B-lcwgs-1-1	Cha-APnd_034-Ex1
ChA0603505C	Cha-APnd_035-Ex1-5C-lcwgs-1-1	Cha-APnd_035-Ex1
ChA0603605D	Cha-APnd_036-Ex1-5D-lcwgs-1-1	Cha-APnd_036-Ex1
ChA0603705E	Cha-APnd_037-Ex1-5E-lcwgs-1-1	Cha-APnd_037-Ex1
ChA0603805F	Cha-APnd_038-Ex1-5F-lcwgs-1-1	Cha-APnd_038-Ex1
ChA0603905G	Cha-APnd_039-Ex1-5G-lcwgs-1-1	Cha-APnd_039-Ex1
ChA0604005H	Cha-APnd_040-Ex1-5H-lcwgs-1-1	Cha-APnd_040-Ex1
ChC0104101A	Cha-CPnd_041-Ex1-1A-lcwgs-1-1	Cha-CPnd_041-Ex1
ChC0102801B	Cha-CPnd_028-Ex1-1B-lcwgs-1-1	Cha-CPnd_028-Ex1
ChC0105101C	Cha-CPnd_051-Ex1-1C-lcwgs-1-1	Cha-CPnd_051-Ex1
ChC0104701D	Cha-CPnd_047-Ex1-1D-lcwgs-1-1	Cha-CPnd_047-Ex1
ChC0106201E	Cha-CPnd_062-Ex1-1E-lcwgs-1-1	Cha-CPnd_062-Ex1
ChC0106001F	Cha-CPnd_060-Ex1-1F-lcwgs-1-1	Cha-CPnd_060-Ex1
ChC0102301G	Cha-CPnd_023-Ex1-1G-lcwgs-1-1	Cha-CPnd_023-Ex1
ChC0105401H	Cha-CPnd_054-Ex1-1H-lcwgs-1-1	Cha-CPnd_054-Ex1
ChC0106702A	Cha-CPnd_067-Ex1-2A-lcwgs-1-1	Cha-CPnd_067-Ex1
ChC0104902B	Cha-CPnd_049-Ex1-2B-lcwgs-1-1	Cha-CPnd_049-Ex1
ChC0103702C	Cha-CPnd_037-Ex1-2C-lcwgs-1-1	Cha-CPnd_037-Ex1
ChC0107402D	Cha-CPnd_074-Ex1-2D-lcwgs-1-1	Cha-CPnd_074-Ex1
ChC0103102E	Cha-CPnd_031-Ex1-2E-lcwgs-1-1	Cha-CPnd_031-Ex1
ChC0107302F	Cha-CPnd_073-Ex1-2F-lcwgs-1-1	Cha-CPnd_073-Ex1
ChC0106902G	Cha-CPnd_069-Ex1-2G-lcwgs-1-1	Cha-CPnd_069-Ex1
ChC0102502H	Cha-CPnd_025-Ex1-2H-lcwgs-1-1	Cha-CPnd_025-Ex1
ChC0107203A	Cha-CPnd_072-Ex1-3A-lcwgs-1-1	Cha-CPnd_072-Ex1
ChC0106603B	Cha-CPnd_066-Ex1-3B-lcwgs-1-1	Cha-CPnd_066-Ex1
ChC0103903C	Cha-CPnd_039-Ex1-3C-lcwgs-1-1	Cha-CPnd_039-Ex1
ChC0105303D	Cha-CPnd_053-Ex1-3D-lcwgs-1-1	Cha-CPnd_053-Ex1
ChC0105203E	Cha-CPnd_052-Ex1-3E-lcwgs-1-1	Cha-CPnd_052-Ex1
ChC0107003F	Cha-CPnd_070-Ex1-3F-lcwgs-1-1	Cha-CPnd_070-Ex1
ChC0104303G	Cha-CPnd_043-Ex1-3G-lcwgs-1-1	Cha-CPnd_043-Ex1
ChC0103003H	Cha-CPnd_030-Ex1-3H-lcwgs-1-1	Cha-CPnd_030-Ex1
ChC0102404A	Cha-CPnd_024-Ex1-4A-lcwgs-1-1	Cha-CPnd_024-Ex1
ChC0103504B	Cha-CPnd_035-Ex1-4B-lcwgs-1-1	Cha-CPnd_035-Ex1
ChC0107604C	Cha-CPnd_076-Ex1-4C-lcwgs-1-1	Cha-CPnd_076-Ex1
ChC0107804D	Cha-CPnd_078-Ex1-4D-lcwgs-1-1	Cha-CPnd_078-Ex1
ChC0104404E	Cha-CPnd_044-Ex1-4E-lcwgs-1-1	Cha-CPnd_044-Ex1
ChC0108404F	Cha-CPnd_084-Ex1-4F-lcwgs-1-1	Cha-CPnd_084-Ex1
ChC0103604G	Cha-CPnd_036-Ex1-4G-lcwgs-1-1	Cha-CPnd_036-Ex1
ChC0107904H	Cha-CPnd_079-Ex1-4H-lcwgs-1-1	Cha-CPnd_079-Ex1
ChC0104805A	Cha-CPnd_048-Ex1-5A-lcwgs-1-1	Cha-CPnd_048-Ex1
ChC0103805B	Cha-CPnd_038-Ex1-5B-lcwgs-1-1	Cha-CPnd_038-Ex1
ChC0108505C	Cha-CPnd_085-Ex1-5C-lcwgs-1-1	Cha-CPnd_085-Ex1
ChC0106105D	Cha-CPnd_061-Ex1-5D-lcwgs-1-1	Cha-CPnd_061-Ex1
ChC0102705E	Cha-CPnd_027-Ex1-5E-lcwgs-1-1	Cha-CPnd_027-Ex1
ChC0102105F	Cha-CPnd_021-Ex1-5F-lcwgs-1-1	Cha-CPnd_021-Ex1
ChC0108605G	Cha-CPnd_086-Ex1-5G-lcwgs-1-1	Cha-CPnd_086-Ex1
ChC0104205H	Cha-CPnd_042-Ex1-5H-lcwgs-1-1	Cha-CPnd_042-Ex1
ChC0108306A	Cha-CPnd_083-Ex1-6A-lcwgs-1-1	Cha-CPnd_083-Ex1
ChC0103406B	Cha-CPnd_034-Ex1-6B-lcwgs-1-1	Cha-CPnd_034-Ex1
ChC0101806C	Cha-CPnd_018-Ex1-6C-lcwgs-1-1	Cha-CPnd_018-Ex1
ChC0107106D	Cha-CPnd_071-Ex1-6D-lcwgs-1-1	Cha-CPnd_071-Ex1
ChC0101606E	Cha-CPnd_016-Ex1-6E-lcwgs-1-1	Cha-CPnd_016-Ex1
ChC0104506F	Cha-CPnd_045-Ex1-6F-lcwgs-1-1	Cha-CPnd_045-Ex1
ChC0107706G	Cha-CPnd_077-Ex1-6G-lcwgs-1-1	Cha-CPnd_077-Ex1
ChC0102206H	Cha-CPnd_022-Ex1-6H-lcwgs-1-1	Cha-CPnd_022-Ex1
ChC0106507A	Cha-CPnd_065-Ex1-7A-lcwgs-1-1	Cha-CPnd_065-Ex1
ChC0103207B	Cha-CPnd_032-Ex1-7B-lcwgs-1-1	Cha-CPnd_032-Ex1
ChC0101107C	Cha-CPnd_011-Ex1-7C-lcwgs-1-1	Cha-CPnd_011-Ex1
ChC0101007D	Cha-CPnd_010-Ex1-7D-lcwgs-1-1	Cha-CPnd_010-Ex1
ChC0101507E	Cha-CPnd_015-Ex1-7E-lcwgs-1-1	Cha-CPnd_015-Ex1
ChC0101407F	Cha-CPnd_014-Ex1-7F-lcwgs-1-1	Cha-CPnd_014-Ex1
ChC0104007G	Cha-CPnd_040-Ex1-7G-lcwgs-1-1	Cha-CPnd_040-Ex1
ChC0106407H	Cha-CPnd_064-Ex1-7H-lcwgs-1-1	Cha-CPnd_064-Ex1
ChC0105908A	Cha-CPnd_059-Ex1-8A-lcwgs-1-1	Cha-CPnd_059-Ex1
ChC0108208B	Cha-CPnd_082-Ex1-8B-lcwgs-1-1	Cha-CPnd_082-Ex1
ChC0108108C	Cha-CPnd_081-Ex1-8C-lcwgs-1-1	Cha-CPnd_081-Ex1
ChC0100908D	Cha-CPnd_009-Ex1-8D-lcwgs-1-1	Cha-CPnd_009-Ex1
ChC0101708E	Cha-CPnd_017-Ex1-8E-lcwgs-1-1	Cha-CPnd_017-Ex1
ChC0103308F	Cha-CPnd_033-Ex1-8F-lcwgs-1-1	Cha-CPnd_033-Ex1
ChC0101308G	Cha-CPnd_013-Ex1-8G-lcwgs-1-1	Cha-CPnd_013-Ex1
ChC0102608H	Cha-CPnd_026-Ex1-8H-lcwgs-1-1	Cha-CPnd_026-Ex1
Da0800101A	Dar-AJol_001-Ex1-1A-lcwgs-1-2	Dar-AJol_001-Ex1
Da0800201B	Dar-AJol_002-Ex1-1B-lcwgs-1-2	Dar-AJol_002-Ex1
Da0800301C	Dar-AJol_003-Ex1-1C-lcwgs-1-2	Dar-AJol_003-Ex1
Da0800401D	Dar-AJol_004-Ex1-1D-lcwgs-1-2	Dar-AJol_004-Ex1
Da0800501E	Dar-AJol_005-Ex1-1E-lcwgs-1-2	Dar-AJol_005-Ex1
Da0800601F	Dar-AJol_006-Ex1-1F-lcwgs-1-2	Dar-AJol_006-Ex1
Da0800701G	Dar-AJol_007-Ex1-1G-lcwgs-1-2	Dar-AJol_007-Ex1
Da0800801H	Dar-AJol_008-Ex1-1H-lcwgs-1-2	Dar-AJol_008-Ex1
Da0800902A	Dar-AJol_009-Ex1-2A-lcwgs-1-2	Dar-AJol_009-Ex1
Da0801002B	Dar-AJol_010-Ex1-2B-lcwgs-1-2	Dar-AJol_010-Ex1
Da0801102C	Dar-AJol_011-Ex1-2C-lcwgs-1-2	Dar-AJol_011-Ex1
Da0801202D	Dar-AJol_012-Ex1-2D-lcwgs-1-2	Dar-AJol_012-Ex1
Da0801302E	Dar-AJol_013-Ex1-2E-lcwgs-1-2	Dar-AJol_013-Ex1
Da0801402F	Dar-AJol_014-Ex1-2F-lcwgs-1-2	Dar-AJol_014-Ex1
Da0801502G	Dar-AJol_015-Ex1-2G-lcwgs-1-2	Dar-AJol_015-Ex1
Da0801602H	Dar-AJol_016-Ex1-2H-lcwgs-1-2	Dar-AJol_016-Ex1
Da0801703A	Dar-AJol_017-Ex1-3A-lcwgs-1-2	Dar-AJol_017-Ex1
Da0801803B	Dar-AJol_018-Ex1-3B-lcwgs-1-2	Dar-AJol_018-Ex1
Da0801903C	Dar-AJol_019-Ex1-3C-lcwgs-1-2	Dar-AJol_019-Ex1
Da0802003D	Dar-AJol_020-Ex1-3D-lcwgs-1-2	Dar-AJol_020-Ex1
Da0802103E	Dar-AJol_021-Ex1-3E-lcwgs-1-2	Dar-AJol_021-Ex1
Da0100903B	Dar-CJol_009-Ex1-3B-lcwgs-1-2	Dar-CJol_009-Ex1
Da0101203D	Dar-CJol_012-Ex1-3D-lcwgs-1-2	Dar-CJol_012-Ex1
Da0101901G	Dar-CJol_019-Ex1-1G-lcwgs-1-2	Dar-CJol_019-Ex1
Da0102004F	Dar-CJol_020-Ex1-4F-lcwgs-1-2	Dar-CJol_020-Ex1
Da0102106F	Dar-CJol_021-Ex1-6F-lcwgs-1-2	Dar-CJol_021-Ex1
Da0102207C	Dar-CJol_022-Ex1-7C-lcwgs-1-2	Dar-CJol_022-Ex1
Da0102503C	Dar-CJol_025-Ex1-3C-lcwgs-1-2	Dar-CJol_025-Ex1
Da0102802F	Dar-CJol_028-Ex1-2F-lcwgs-1-2	Dar-CJol_028-Ex1
Da0102905B	Dar-CJol_029-Ex1-5B-lcwgs-1-2	Dar-CJol_029-Ex1
Da0103008D	Dar-CJol_030-Ex1-8D-lcwgs-1-2	Dar-CJol_030-Ex1
Da0103104H	Dar-CJol_031-Ex1-4H-lcwgs-1-2	Dar-CJol_031-Ex1
Da0103203H	Dar-CJol_032-Ex1-3H-lcwgs-1-2	Dar-CJol_032-Ex1
Da0103702D	Dar-CJol_037-Ex1-2D-lcwgs-1-2	Dar-CJol_037-Ex1
Da0103806A	Dar-CJol_038-Ex1-6A-lcwgs-1-2	Dar-CJol_038-Ex1
Da0104101B	Dar-CJol_041-Ex1-1B-lcwgs-1-2	Dar-CJol_041-Ex1
Da0104304C	Dar-CJol_043-Ex1-4C-lcwgs-1-2	Dar-CJol_043-Ex1
Da0104505D	Dar-CJol_045-Ex1-5D-lcwgs-1-2	Dar-CJol_045-Ex1
Da0104602A	Dar-CJol_046-Ex1-2A-lcwgs-1-2	Dar-CJol_046-Ex1
Da0105101H	Dar-CJol_051-Ex1-1H-lcwgs-1-2	Dar-CJol_051-Ex1
Da0105203G	Dar-CJol_052-Ex1-3G-lcwgs-1-2	Dar-CJol_052-Ex1
Da0105302C	Dar-CJol_053-Ex1-2C-lcwgs-1-2	Dar-CJol_053-Ex1
Da0105402H	Dar-CJol_054-Ex1-2H-lcwgs-1-2	Dar-CJol_054-Ex1
Da0105506B	Dar-CJol_055-Ex1-6B-lcwgs-1-2	Dar-CJol_055-Ex1
Da0105608F	Dar-CJol_056-Ex1-8F-lcwgs-1-2	Dar-CJol_056-Ex1
Da0105801C	Dar-CJol_058-Ex1-1C-lcwgs-1-2	Dar-CJol_058-Ex1
Da0105906H	Dar-CJol_059-Ex1-6H-lcwgs-1-2	Dar-CJol_059-Ex1
Da0106001F	Dar-CJol_060-Ex1-1F-lcwgs-1-2	Dar-CJol_060-Ex1
Da0106102B	Dar-CJol_061-Ex1-2B-lcwgs-1-2	Dar-CJol_061-Ex1
Da0106207B	Dar-CJol_062-Ex1-7B-lcwgs-1-2	Dar-CJol_062-Ex1
Da0106502G	Dar-CJol_065-Ex1-2G-lcwgs-1-2	Dar-CJol_065-Ex1
Da0106605A	Dar-CJol_066-Ex1-5A-lcwgs-1-2	Dar-CJol_066-Ex1
Da0106904D	Dar-CJol_069-Ex1-4D-lcwgs-1-2	Dar-CJol_069-Ex1
Da0107005F	Dar-CJol_070-Ex1-5F-lcwgs-1-2	Dar-CJol_070-Ex1
Da0107107D	Dar-CJol_071-Ex1-7D-lcwgs-1-2	Dar-CJol_071-Ex1
Da0107303F	Dar-CJol_073-Ex1-3F-lcwgs-1-2	Dar-CJol_073-Ex1
Da0107407G	Dar-CJol_074-Ex1-7G-lcwgs-1-2	Dar-CJol_074-Ex1
Da0107605H	Dar-CJol_076-Ex1-5H-lcwgs-1-2	Dar-CJol_076-Ex1
Da0107707A	Dar-CJol_077-Ex1-7A-lcwgs-1-2	Dar-CJol_077-Ex1
Da0107806D	Dar-CJol_078-Ex1-6D-lcwgs-1-2	Dar-CJol_078-Ex1
Da0108004G	Dar-CJol_080-Ex1-4G-lcwgs-1-2	Dar-CJol_080-Ex1
Da0108107F	Dar-CJol_081-Ex1-7F-lcwgs-1-2	Dar-CJol_081-Ex1
Da0108404A	Dar-CJol_084-Ex1-4A-lcwgs-1-2	Dar-CJol_084-Ex1
Da0108503A	Dar-CJol_085-Ex1-3A-lcwgs-1-2	Dar-CJol_085-Ex1
Da0108704B	Dar-CJol_087-Ex1-4B-lcwgs-1-2	Dar-CJol_087-Ex1
Da0108801A	Dar-CJol_088-Ex1-1A-lcwgs-1-2	Dar-CJol_088-Ex1
Da0109006G	Dar-CJol_090-Ex1-6G-lcwgs-1-2	Dar-CJol_090-Ex1
Da0109205G	Dar-CJol_092-Ex1-5G-lcwgs-1-2	Dar-CJol_092-Ex1
Da0109401D	Dar-CJol_094-Ex1-1D-lcwgs-1-2	Dar-CJol_094-Ex1
Da0800101A	Dar-AJol_001-Ex1-1A-lcwgs-1-1	Dar-AJol_001-Ex1
Da0800201B	Dar-AJol_002-Ex1-1B-lcwgs-1-1	Dar-AJol_002-Ex1
Da0800301C	Dar-AJol_003-Ex1-1C-lcwgs-1-1	Dar-AJol_003-Ex1
Da0800401D	Dar-AJol_004-Ex1-1D-lcwgs-1-1	Dar-AJol_004-Ex1
Da0800501E	Dar-AJol_005-Ex1-1E-lcwgs-1-1	Dar-AJol_005-Ex1
Da0800601F	Dar-AJol_006-Ex1-1F-lcwgs-1-1	Dar-AJol_006-Ex1
Da0800701G	Dar-AJol_007-Ex1-1G-lcwgs-1-1	Dar-AJol_007-Ex1
Da0800801H	Dar-AJol_008-Ex1-1H-lcwgs-1-1	Dar-AJol_008-Ex1
Da0800902A	Dar-AJol_009-Ex1-2A-lcwgs-1-1	Dar-AJol_009-Ex1
Da0801002B	Dar-AJol_010-Ex1-2B-lcwgs-1-1	Dar-AJol_010-Ex1
Da0801102C	Dar-AJol_011-Ex1-2C-lcwgs-1-1	Dar-AJol_011-Ex1
Da0801202D	Dar-AJol_012-Ex1-2D-lcwgs-1-1	Dar-AJol_012-Ex1
Da0801302E	Dar-AJol_013-Ex1-2E-lcwgs-1-1	Dar-AJol_013-Ex1
Da0801402F	Dar-AJol_014-Ex1-2F-lcwgs-1-1	Dar-AJol_014-Ex1
Da0801502G	Dar-AJol_015-Ex1-2G-lcwgs-1-1	Dar-AJol_015-Ex1
Da0801602H	Dar-AJol_016-Ex1-2H-lcwgs-1-1	Dar-AJol_016-Ex1
Da0801703A	Dar-AJol_017-Ex1-3A-lcwgs-1-1	Dar-AJol_017-Ex1
Da0801803B	Dar-AJol_018-Ex1-3B-lcwgs-1-1	Dar-AJol_018-Ex1
Da0801903C	Dar-AJol_019-Ex1-3C-lcwgs-1-1	Dar-AJol_019-Ex1
Da0802003D	Dar-AJol_020-Ex1-3D-lcwgs-1-1	Dar-AJol_020-Ex1
Da0802103E	Dar-AJol_021-Ex1-3E-lcwgs-1-1	Dar-AJol_021-Ex1
Da0108801A	Dar-CJol_088-Ex1-1A-lcwgs-1-1	Dar-CJol_088-Ex1
Da0104101B	Dar-CJol_041-Ex1-1B-lcwgs-1-1	Dar-CJol_041-Ex1
Da0105801C	Dar-CJol_058-Ex1-1C-lcwgs-1-1	Dar-CJol_058-Ex1
Da0109401D	Dar-CJol_094-Ex1-1D-lcwgs-1-1	Dar-CJol_094-Ex1
Da0104001E	Dar-CJol_040-Ex1-1E-lcwgs-1-1	Dar-CJol_040-Ex1
Da0106001F	Dar-CJol_060-Ex1-1F-lcwgs-1-1	Dar-CJol_060-Ex1
Da0101901G	Dar-CJol_019-Ex1-1G-lcwgs-1-1	Dar-CJol_019-Ex1
Da0105101H	Dar-CJol_051-Ex1-1H-lcwgs-1-1	Dar-CJol_051-Ex1
Da0104602A	Dar-CJol_046-Ex1-2A-lcwgs-1-1	Dar-CJol_046-Ex1
Da0106102B	Dar-CJol_061-Ex1-2B-lcwgs-1-1	Dar-CJol_061-Ex1
Da0105302C	Dar-CJol_053-Ex1-2C-lcwgs-1-1	Dar-CJol_053-Ex1
Da0103702D	Dar-CJol_037-Ex1-2D-lcwgs-1-1	Dar-CJol_037-Ex1
Da0106702E	Dar-CJol_067-Ex1-2E-lcwgs-1-1	Dar-CJol_067-Ex1
Da0102802F	Dar-CJol_028-Ex1-2F-lcwgs-1-1	Dar-CJol_028-Ex1
Da0106502G	Dar-CJol_065-Ex1-2G-lcwgs-1-1	Dar-CJol_065-Ex1
Da0105402H	Dar-CJol_054-Ex1-2H-lcwgs-1-1	Dar-CJol_054-Ex1
Da0108503A	Dar-CJol_085-Ex1-3A-lcwgs-1-1	Dar-CJol_085-Ex1
Da0100903B	Dar-CJol_009-Ex1-3B-lcwgs-1-1	Dar-CJol_009-Ex1
Da0102503C	Dar-CJol_025-Ex1-3C-lcwgs-1-1	Dar-CJol_025-Ex1
Da0101203D	Dar-CJol_012-Ex1-3D-lcwgs-1-1	Dar-CJol_012-Ex1
Da0105003E	Dar-CJol_050-Ex1-3E-lcwgs-1-1	Dar-CJol_050-Ex1
Da0107303F	Dar-CJol_073-Ex1-3F-lcwgs-1-1	Dar-CJol_073-Ex1
Da0105203G	Dar-CJol_052-Ex1-3G-lcwgs-1-1	Dar-CJol_052-Ex1
Da0103203H	Dar-CJol_032-Ex1-3H-lcwgs-1-1	Dar-CJol_032-Ex1
Da0108404A	Dar-CJol_084-Ex1-4A-lcwgs-1-1	Dar-CJol_084-Ex1
Da0108704B	Dar-CJol_087-Ex1-4B-lcwgs-1-1	Dar-CJol_087-Ex1
Da0104304C	Dar-CJol_043-Ex1-4C-lcwgs-1-1	Dar-CJol_043-Ex1
Da0106904D	Dar-CJol_069-Ex1-4D-lcwgs-1-1	Dar-CJol_069-Ex1
Da0107504E	Dar-CJol_075-Ex1-4E-lcwgs-1-1	Dar-CJol_075-Ex1
Da0102004F	Dar-CJol_020-Ex1-4F-lcwgs-1-1	Dar-CJol_020-Ex1
Da0108004G	Dar-CJol_080-Ex1-4G-lcwgs-1-1	Dar-CJol_080-Ex1
Da0103104H	Dar-CJol_031-Ex1-4H-lcwgs-1-1	Dar-CJol_031-Ex1
Da0106605A	Dar-CJol_066-Ex1-5A-lcwgs-1-1	Dar-CJol_066-Ex1
Da0102905B	Dar-CJol_029-Ex1-5B-lcwgs-1-1	Dar-CJol_029-Ex1
Da0108205C	Dar-CJol_082-Ex1-5C-lcwgs-1-1	Dar-CJol_082-Ex1
Da0104505D	Dar-CJol_045-Ex1-5D-lcwgs-1-1	Dar-CJol_045-Ex1
Da0104405E	Dar-CJol_044-Ex1-5E-lcwgs-1-1	Dar-CJol_044-Ex1
Da0107005F	Dar-CJol_070-Ex1-5F-lcwgs-1-1	Dar-CJol_070-Ex1
Da0109205G	Dar-CJol_092-Ex1-5G-lcwgs-1-1	Dar-CJol_092-Ex1
Da0107605H	Dar-CJol_076-Ex1-5H-lcwgs-1-1	Dar-CJol_076-Ex1
Da0103806A	Dar-CJol_038-Ex1-6A-lcwgs-1-1	Dar-CJol_038-Ex1
Da0105506B	Dar-CJol_055-Ex1-6B-lcwgs-1-1	Dar-CJol_055-Ex1
Da0108306C	Dar-CJol_083-Ex1-6C-lcwgs-1-1	Dar-CJol_083-Ex1
Da0107806D	Dar-CJol_078-Ex1-6D-lcwgs-1-1	Dar-CJol_078-Ex1
Da0108606E	Dar-CJol_086-Ex1-6E-lcwgs-1-1	Dar-CJol_086-Ex1
Da0102106F	Dar-CJol_021-Ex1-6F-lcwgs-1-1	Dar-CJol_021-Ex1
Da0109006G	Dar-CJol_090-Ex1-6G-lcwgs-1-1	Dar-CJol_090-Ex1
Da0105906H	Dar-CJol_059-Ex1-6H-lcwgs-1-1	Dar-CJol_059-Ex1
Da0107707A	Dar-CJol_077-Ex1-7A-lcwgs-1-1	Dar-CJol_077-Ex1
Da0106207B	Dar-CJol_062-Ex1-7B-lcwgs-1-1	Dar-CJol_062-Ex1
Da0102207C	Dar-CJol_022-Ex1-7C-lcwgs-1-1	Dar-CJol_022-Ex1
Da0107107D	Dar-CJol_071-Ex1-7D-lcwgs-1-1	Dar-CJol_071-Ex1
Da0102407E	Dar-CJol_024-Ex1-7E-lcwgs-1-1	Dar-CJol_024-Ex1
Da0108107F	Dar-CJol_081-Ex1-7F-lcwgs-1-1	Dar-CJol_081-Ex1
Da0107407G	Dar-CJol_074-Ex1-7G-lcwgs-1-1	Dar-CJol_074-Ex1
Da0103907H	Dar-CJol_039-Ex1-7H-lcwgs-1-1	Dar-CJol_039-Ex1
Da0102608A	Dar-CJol_026-Ex1-8A-lcwgs-1-1	Dar-CJol_026-Ex1
Da0102308B	Dar-CJol_023-Ex1-8B-lcwgs-1-1	Dar-CJol_023-Ex1
Da0103608C	Dar-CJol_036-Ex1-8C-lcwgs-1-1	Dar-CJol_036-Ex1
Da0103008D	Dar-CJol_030-Ex1-8D-lcwgs-1-1	Dar-CJol_030-Ex1
Da0106808E	Dar-CJol_068-Ex1-8E-lcwgs-1-1	Dar-CJol_068-Ex1
Da0105608F	Dar-CJol_056-Ex1-8F-lcwgs-1-1	Dar-CJol_056-Ex1
Da0107208G	Dar-CJol_072-Ex1-8G-lcwgs-1-1	Dar-CJol_072-Ex1
Da0103508H	Dar-CJol_035-Ex1-8H-lcwgs-1-1	Dar-CJol_035-Ex1
HtA07003	Hte-AMvi_003-Ex1-cssl	Hte-AMvi_003-Ex1
HtA07004	Hte-AMvi_004-Ex1-cssl	Hte-AMvi_004-Ex1
HtA07006	Hte-AMvi_006-Ex1-cssl	Hte-AMvi_006-Ex1
HtA07007	Hte-AMvi_007-Ex1-cssl	Hte-AMvi_007-Ex1
HtA07008	Hte-AMvi_008-Ex1-cssl	Hte-AMvi_008-Ex1
HtA07009	Hte-AMvi_009-Ex1-cssl	Hte-AMvi_009-Ex1
HtA07010	Hte-AMvi_010-Ex1-cssl	Hte-AMvi_010-Ex1
HtA07011	Hte-AMvi_011-Ex1-cssl	Hte-AMvi_011-Ex1
HtA07012	Hte-AMvi_012-Ex1-cssl	Hte-AMvi_012-Ex1
HtA07013	Hte-AMvi_013-Ex1-cssl	Hte-AMvi_013-Ex1
HtA07014	Hte-AMvi_014-Ex1-cssl	Hte-AMvi_014-Ex1
HtA07016	Hte-AMvi_016-Ex1-cssl	Hte-AMvi_016-Ex1
HtA07017	Hte-AMvi_017-Ex1-cssl	Hte-AMvi_017-Ex1
HtA07019	Hte-AMvi_019-Ex1-cssl	Hte-AMvi_019-Ex1
HtA03022	Hte-AMvi_022-Ex1-cssl	Hte-AMvi_022-Ex1
HtA03023	Hte-AMvi_023-Ex1-cssl	Hte-AMvi_023-Ex1
HtA03024	Hte-AMvi_024-Ex1-cssl	Hte-AMvi_024-Ex1
HtA03026	Hte-AMvi_026-Ex1-cssl	Hte-AMvi_026-Ex1
HtA03027	Hte-AMvi_027-Ex1-cssl	Hte-AMvi_027-Ex1
HtA03028	Hte-AMvi_028-Ex1-cssl	Hte-AMvi_028-Ex1
HtA03029	Hte-AMvi_029-Ex1-cssl	Hte-AMvi_029-Ex1
HtA03030	Hte-AMvi_030-Ex1-cssl	Hte-AMvi_030-Ex1
HtA03031	Hte-AMvi_031-Ex1-cssl	Hte-AMvi_031-Ex1
HtA03032	Hte-AMvi_032-Ex1-cssl	Hte-AMvi_032-Ex1
HtA03033	Hte-AMvi_033-Ex1-cssl	Hte-AMvi_033-Ex1
HtA03034	Hte-AMvi_034-Ex1-cssl	Hte-AMvi_034-Ex1
HtA03035	Hte-AMvi_035-Ex1-cssl	Hte-AMvi_035-Ex1
HtA03036	Hte-AMvi_036-Ex1-cssl	Hte-AMvi_036-Ex1
HtA03037	Hte-AMvi_037-Ex1-cssl	Hte-AMvi_037-Ex1
HtA03038	Hte-AMvi_038-Ex1-cssl	Hte-AMvi_038-Ex1
HtA03039	Hte-AMvi_039-Ex1-cssl	Hte-AMvi_039-Ex1
HtA03040	Hte-AMvi_040-Ex1-cssl	Hte-AMvi_040-Ex1
HtA03041	Hte-AMvi_041-Ex1-cssl	Hte-AMvi_041-Ex1
HtA03043	Hte-AMvi_043-Ex1-cssl	Hte-AMvi_043-Ex1
HtA03044	Hte-AMvi_044-Ex1-cssl	Hte-AMvi_044-Ex1
HtA03045	Hte-AMvi_045-Ex1-cssl	Hte-AMvi_045-Ex1
HtA03046	Hte-AMvi_046-Ex1-cssl	Hte-AMvi_046-Ex1
HtA03047	Hte-AMvi_047-Ex1-cssl	Hte-AMvi_047-Ex1
HtA02001	Hte-ATic_001-Ex1-cssl	Hte-ATic_001-Ex1
HtA02002	Hte-ATic_002-Ex1-cssl	Hte-ATic_002-Ex1
HtA02003	Hte-ATic_003-Ex1-cssl	Hte-ATic_003-Ex1
HtA02004	Hte-ATic_004-Ex1-cssl	Hte-ATic_004-Ex1
HtA02005	Hte-ATic_005-Ex1-cssl	Hte-ATic_005-Ex1
HtA02006	Hte-ATic_006-Ex1-cssl	Hte-ATic_006-Ex1
HtA02007	Hte-ATic_007-Ex1-cssl	Hte-ATic_007-Ex1
HtA02008	Hte-ATic_008-Ex1-cssl	Hte-ATic_008-Ex1
HtA02010	Hte-ATic_010-Ex1-cssl	Hte-ATic_010-Ex1
HtA02011	Hte-ATic_011-Ex1-cssl	Hte-ATic_011-Ex1
HtA02012	Hte-ATic_012-Ex1-cssl	Hte-ATic_012-Ex1
HtA02013	Hte-ATic_013-Ex1-cssl	Hte-ATic_013-Ex1
HtA02014	Hte-ATic_014-Ex1-cssl	Hte-ATic_014-Ex1
HtA02015	Hte-ATic_015-Ex1-cssl	Hte-ATic_015-Ex1
HtA02017	Hte-ATic_017-Ex1-cssl	Hte-ATic_017-Ex1
HtA02019	Hte-ATic_019-Ex1-cssl	Hte-ATic_019-Ex1
HtA02020	Hte-ATic_020-Ex1-cssl	Hte-ATic_020-Ex1
HtA02021	Hte-ATic_021-Ex1-cssl	Hte-ATic_021-Ex1
HtA02022	Hte-ATic_022-Ex1-cssl	Hte-ATic_022-Ex1
HtA02023	Hte-ATic_023-Ex1-cssl	Hte-ATic_023-Ex1
HtA02024	Hte-ATic_024-Ex1-cssl	Hte-ATic_024-Ex1
HtA02025	Hte-ATic_025-Ex1-cssl	Hte-ATic_025-Ex1
HtA02026	Hte-ATic_026-Ex1-cssl	Hte-ATic_026-Ex1
HtA02027	Hte-ATic_027-Ex1-cssl	Hte-ATic_027-Ex1
HtA02029	Hte-ATic_029-Ex1-cssl	Hte-ATic_029-Ex1
HtA02030	Hte-ATic_030-Ex1-cssl	Hte-ATic_030-Ex1
HtA02031	Hte-ATic_031-Ex1-cssl	Hte-ATic_031-Ex1
HtA02032	Hte-ATic_032-Ex1-cssl	Hte-ATic_032-Ex1
HtA02033	Hte-ATic_033-Ex1-cssl	Hte-ATic_033-Ex1
HtA02034	Hte-ATic_034-Ex1-cssl	Hte-ATic_034-Ex1
HtA02035	Hte-ATic_035-Ex1-cssl	Hte-ATic_035-Ex1
HtA02036	Hte-ATic_036-Ex1-cssl	Hte-ATic_036-Ex1
HtA02037	Hte-ATic_037-Ex1-cssl	Hte-ATic_037-Ex1
HtA02038	Hte-ATic_038-Ex1-cssl	Hte-ATic_038-Ex1
HtA02039	Hte-ATic_039-Ex1-cssl	Hte-ATic_039-Ex1
HtA02041	Hte-ATic_041-Ex1-cssl	Hte-ATic_041-Ex1
HtA02044	Hte-ATic_044-Ex1-cssl	Hte-ATic_044-Ex1
HtA02045	Hte-ATic_045-Ex1-cssl	Hte-ATic_045-Ex1
HtA02046	Hte-ATic_046-Ex1-cssl	Hte-ATic_046-Ex1
HtA02047	Hte-ATic_047-Ex1-cssl	Hte-ATic_047-Ex1
HtA02048	Hte-ATic_048-Ex1-cssl	Hte-ATic_048-Ex1
HtA02049	Hte-ATic_049-Ex1-cssl	Hte-ATic_049-Ex1
HtA02050	Hte-ATic_050-Ex1-cssl	Hte-ATic_050-Ex1
HtA02051	Hte-ATic_051-Ex1-cssl	Hte-ATic_051-Ex1
HtA02054	Hte-ATic_054-Ex1-cssl	Hte-ATic_054-Ex1
HtA02055	Hte-ATic_055-Ex1-cssl	Hte-ATic_055-Ex1
HtA02056	Hte-ATic_056-Ex1-cssl	Hte-ATic_056-Ex1
HtA02057	Hte-ATic_057-Ex1-cssl	Hte-ATic_057-Ex1
HtA02058	Hte-ATic_058-Ex1-cssl	Hte-ATic_058-Ex1
HtA02059	Hte-ATic_059-Ex1-cssl	Hte-ATic_059-Ex1
HtA02060	Hte-ATic_060-Ex1-cssl	Hte-ATic_060-Ex1
HtA02061	Hte-ATic_061-Ex1-cssl	Hte-ATic_061-Ex1
HtA02062	Hte-ATic_062-Ex1-cssl	Hte-ATic_062-Ex1
HtA02063	Hte-ATic_063-Ex1-cssl	Hte-ATic_063-Ex1
HtA02067	Hte-ATic_067-Ex1-cssl	Hte-ATic_067-Ex1
HtA02068	Hte-ATic_068-Ex1-cssl	Hte-ATic_068-Ex1
HtA02069	Hte-ATic_069-Ex1-cssl	Hte-ATic_069-Ex1
HtA02070	Hte-ATic_070-Ex1-cssl	Hte-ATic_070-Ex1
HtA02071	Hte-ATic_071-Ex1-cssl	Hte-ATic_071-Ex1
HtA02072	Hte-ATic_072-Ex1-cssl	Hte-ATic_072-Ex1
HtA02073	Hte-ATic_073-Ex1-cssl	Hte-ATic_073-Ex1
HtA02074	Hte-ATic_074-Ex1-cssl	Hte-ATic_074-Ex1
HtA02075	Hte-ATic_075-Ex1-cssl	Hte-ATic_075-Ex1
HtA02076	Hte-ATic_076-Ex1-cssl	Hte-ATic_076-Ex1
HtA02077	Hte-ATic_077-Ex1-cssl	Hte-ATic_077-Ex1
HtA02078	Hte-ATic_078-Ex1-cssl	Hte-ATic_078-Ex1
HtA02079	Hte-ATic_079-Ex1-cssl	Hte-ATic_079-Ex1
HtA02080	Hte-ATic_080-Ex1-cssl	Hte-ATic_080-Ex1
HtA02081	Hte-ATic_081-Ex1-cssl	Hte-ATic_081-Ex1
HtA02082	Hte-ATic_082-Ex1-cssl	Hte-ATic_082-Ex1
HtA02083	Hte-ATic_083-Ex1-cssl	Hte-ATic_083-Ex1
HtA02084	Hte-ATic_084-Ex1-cssl	Hte-ATic_084-Ex1
HtA02085	Hte-ATic_085-Ex1-cssl	Hte-ATic_085-Ex1
HtA02086	Hte-ATic_086-Ex1-cssl	Hte-ATic_086-Ex1
HtA02087	Hte-ATic_087-Ex1-cssl	Hte-ATic_087-Ex1
HtA02088	Hte-ATic_088-Ex1-cssl	Hte-ATic_088-Ex1
HtA02089	Hte-ATic_089-Ex1-cssl	Hte-ATic_089-Ex1
HtA02091	Hte-ATic_091-Ex1-cssl	Hte-ATic_091-Ex1
HtA02092	Hte-ATic_092-Ex1-cssl	Hte-ATic_092-Ex1
HtA02093	Hte-ATic_093-Ex1-cssl	Hte-ATic_093-Ex1
HtA02094	Hte-ATic_094-Ex1-cssl	Hte-ATic_094-Ex1
HtA02095	Hte-ATic_095-Ex1-cssl	Hte-ATic_095-Ex1
HtA02096	Hte-ATic_096-Ex1-cssl	Hte-ATic_096-Ex1
HtC02005	Hte-CMvi_005-Ex1-cssl	Hte-CMvi_005-Ex1
HtC02006	Hte-CMvi_006-Ex1-cssl	Hte-CMvi_006-Ex1
HtC02008	Hte-CMvi_008-Ex1-cssl	Hte-CMvi_008-Ex1
HtC02009	Hte-CMvi_009-Ex1-cssl	Hte-CMvi_009-Ex1
HtC02010	Hte-CMvi_010-Ex1-cssl	Hte-CMvi_010-Ex1
HtC02011	Hte-CMvi_011-Ex1-cssl	Hte-CMvi_011-Ex1
HtC02017	Hte-CMvi_017-Ex1-cssl	Hte-CMvi_017-Ex1
HtC02018	Hte-CMvi_018-Ex1-cssl	Hte-CMvi_018-Ex1
HtC02019	Hte-CMvi_019-Ex1-cssl	Hte-CMvi_019-Ex1
HtC02020	Hte-CMvi_020-Ex1-cssl	Hte-CMvi_020-Ex1
HtC02022	Hte-CMvi_022-Ex1-cssl	Hte-CMvi_022-Ex1
HtC02029	Hte-CMvi_029-Ex1-cssl	Hte-CMvi_029-Ex1
HtC02030	Hte-CMvi_030-Ex1-cssl	Hte-CMvi_030-Ex1
HtC02031	Hte-CMvi_031-Ex1-cssl	Hte-CMvi_031-Ex1
HtC02032	Hte-CMvi_032-Ex1-cssl	Hte-CMvi_032-Ex1
HtC02033	Hte-CMvi_033-Ex1-cssl	Hte-CMvi_033-Ex1
HtC02036	Hte-CMvi_036-Ex1-cssl	Hte-CMvi_036-Ex1
HtC02040	Hte-CMvi_040-Ex1-cssl	Hte-CMvi_040-Ex1
HtC02043	Hte-CMvi_043-Ex1-cssl	Hte-CMvi_043-Ex1
HtC02045	Hte-CMvi_045-Ex1-cssl	Hte-CMvi_045-Ex1
HtC02046	Hte-CMvi_046-Ex1-cssl	Hte-CMvi_046-Ex1
HtC02047	Hte-CMvi_047-Ex1-cssl	Hte-CMvi_047-Ex1
HtC02048	Hte-CMvi_048-Ex1-cssl	Hte-CMvi_048-Ex1
HtC02049	Hte-CMvi_049-Ex1-cssl	Hte-CMvi_049-Ex1
HtC02051	Hte-CMvi_051-Ex1-cssl	Hte-CMvi_051-Ex1
HtC02055	Hte-CMvi_055-Ex1-cssl	Hte-CMvi_055-Ex1
HtC02057	Hte-CMvi_057-Ex1-cssl	Hte-CMvi_057-Ex1
HtC02058	Hte-CMvi_058-Ex1-cssl	Hte-CMvi_058-Ex1
HtC02059	Hte-CMvi_059-Ex1-cssl	Hte-CMvi_059-Ex1
HtC02065	Hte-CMvi_065-Ex1-cssl	Hte-CMvi_065-Ex1
HtC02066	Hte-CMvi_066-Ex1-cssl	Hte-CMvi_066-Ex1
HtC02067	Hte-CMvi_067-Ex1-cssl	Hte-CMvi_067-Ex1
HtC02068	Hte-CMvi_068-Ex1-cssl	Hte-CMvi_068-Ex1
HtC02069	Hte-CMvi_069-Ex1-cssl	Hte-CMvi_069-Ex1
HtC02070	Hte-CMvi_070-Ex1-cssl	Hte-CMvi_070-Ex1
HtC02071	Hte-CMvi_071-Ex1-cssl	Hte-CMvi_071-Ex1
HtC02075	Hte-CMvi_075-Ex1-cssl	Hte-CMvi_075-Ex1
HtC02076	Hte-CMvi_076-Ex1-cssl	Hte-CMvi_076-Ex1
HtC02077	Hte-CMvi_077-Ex1-cssl	Hte-CMvi_077-Ex1
HtC02080	Hte-CMvi_080-Ex1-cssl	Hte-CMvi_080-Ex1
HtC02081	Hte-CMvi_081-Ex1-cssl	Hte-CMvi_081-Ex1
HtC02082	Hte-CMvi_082-Ex1-cssl	Hte-CMvi_082-Ex1
HtC02087	Hte-CMvi_087-Ex1-cssl	Hte-CMvi_087-Ex1
HtC02088	Hte-CMvi_088-Ex1-cssl	Hte-CMvi_088-Ex1
HtC02092	Hte-CMvi_092-Ex1-cssl	Hte-CMvi_092-Ex1
HtC02093	Hte-CMvi_093-Ex1-cssl	Hte-CMvi_093-Ex1
HtC02094	Hte-CMvi_094-Ex1-cssl	Hte-CMvi_094-Ex1
HtC02096	Hte-CMvi_096-Ex1-cssl	Hte-CMvi_096-Ex1
HtC01003	Hte-CTic_003-Ex1-cssl	Hte-CTic_003-Ex1
HtC01004	Hte-CTic_004-Ex1-cssl	Hte-CTic_004-Ex1
HtC01005	Hte-CTic_005-Ex1-cssl	Hte-CTic_005-Ex1
HtC01006	Hte-CTic_006-Ex1-cssl	Hte-CTic_006-Ex1
HtC01007	Hte-CTic_007-Ex1-cssl	Hte-CTic_007-Ex1
HtC01008	Hte-CTic_008-Ex1-cssl	Hte-CTic_008-Ex1
HtC01015	Hte-CTic_015-Ex1-cssl	Hte-CTic_015-Ex1
HtC01016	Hte-CTic_016-Ex1-cssl	Hte-CTic_016-Ex1
HtC01017	Hte-CTic_017-Ex1-cssl	Hte-CTic_017-Ex1
HtC01018	Hte-CTic_018-Ex1-cssl	Hte-CTic_018-Ex1
HtC01019	Hte-CTic_019-Ex1-cssl	Hte-CTic_019-Ex1
HtC01020	Hte-CTic_020-Ex1-cssl	Hte-CTic_020-Ex1
HtC01026	Hte-CTic_026-Ex1-cssl	Hte-CTic_026-Ex1
HtC01027	Hte-CTic_027-Ex1-cssl	Hte-CTic_027-Ex1
HtC01028	Hte-CTic_028-Ex1-cssl	Hte-CTic_028-Ex1
HtC01029	Hte-CTic_029-Ex1-cssl	Hte-CTic_029-Ex1
HtC01032	Hte-CTic_032-Ex1-cssl	Hte-CTic_032-Ex1
HtC01038	Hte-CTic_038-Ex1-cssl	Hte-CTic_038-Ex1
HtC01039	Hte-CTic_039-Ex1-cssl	Hte-CTic_039-Ex1
HtC01040	Hte-CTic_040-Ex1-cssl	Hte-CTic_040-Ex1
HtC01042	Hte-CTic_042-Ex1-cssl	Hte-CTic_042-Ex1
HtC01043	Hte-CTic_043-Ex1-cssl	Hte-CTic_043-Ex1
HtC01044	Hte-CTic_044-Ex1-cssl	Hte-CTic_044-Ex1
HtC01050	Hte-CTic_050-Ex1-cssl	Hte-CTic_050-Ex1
HtC01051	Hte-CTic_051-Ex1-cssl	Hte-CTic_051-Ex1
HtC01052	Hte-CTic_052-Ex1-cssl	Hte-CTic_052-Ex1
HtC01053	Hte-CTic_053-Ex1-cssl	Hte-CTic_053-Ex1
HtC01054	Hte-CTic_054-Ex1-cssl	Hte-CTic_054-Ex1
HtC01055	Hte-CTic_055-Ex1-cssl	Hte-CTic_055-Ex1
HtC01056	Hte-CTic_056-Ex1-cssl	Hte-CTic_056-Ex1
HtC01062	Hte-CTic_062-Ex1-cssl	Hte-CTic_062-Ex1
HtC01063	Hte-CTic_063-Ex1-cssl	Hte-CTic_063-Ex1
HtC01064	Hte-CTic_064-Ex1-cssl	Hte-CTic_064-Ex1
HtC01065	Hte-CTic_065-Ex1-cssl	Hte-CTic_065-Ex1
HtC01066	Hte-CTic_066-Ex1-cssl	Hte-CTic_066-Ex1
HtC01067	Hte-CTic_067-Ex1-cssl	Hte-CTic_067-Ex1
HtC01074	Hte-CTic_074-Ex1-cssl	Hte-CTic_074-Ex1
HtC01075	Hte-CTic_075-Ex1-cssl	Hte-CTic_075-Ex1
HtC01077	Hte-CTic_077-Ex1-cssl	Hte-CTic_077-Ex1
HtC01078	Hte-CTic_078-Ex1-cssl	Hte-CTic_078-Ex1
HtC01079	Hte-CTic_079-Ex1-cssl	Hte-CTic_079-Ex1
HtC01085	Hte-CTic_085-Ex1-cssl	Hte-CTic_085-Ex1
HtC01086	Hte-CTic_086-Ex1-cssl	Hte-CTic_086-Ex1
HtC01087	Hte-CTic_087-Ex1-cssl	Hte-CTic_087-Ex1
HtC01088	Hte-CTic_088-Ex1-cssl	Hte-CTic_088-Ex1
HtC01089	Hte-CTic_089-Ex1-cssl	Hte-CTic_089-Ex1
HtC01090	Hte-CTic_090-Ex1-cssl	Hte-CTic_090-Ex1
HtC01092	Hte-CTic_092-Ex1-cssl	Hte-CTic_092-Ex1
HtA0500401D	Hte-ABur_004-Ex1-1D-lcwgs-1-2	Hte-ABur_004-Ex1
HtA0501102C	Hte-ABur_011-Ex1-2C-lcwgs-1-2	Hte-ABur_011-Ex1
HtA0501302E	Hte-ABur_013-Ex1-2E-lcwgs-1-2	Hte-ABur_013-Ex1
HtA0501703A	Hte-ABur_017-Ex1-3A-lcwgs-1-2	Hte-ABur_017-Ex1
HtA0501903C	Hte-ABur_019-Ex1-3C-lcwgs-1-2	Hte-ABur_019-Ex1
HtA0502003D	Hte-ABur_020-Ex1-3D-lcwgs-1-2	Hte-ABur_020-Ex1
HtA0502103E	Hte-ABur_021-Ex1-3E-lcwgs-1-2	Hte-ABur_021-Ex1
HtA0502303G	Hte-ABur_023-Ex1-3G-lcwgs-1-2	Hte-ABur_023-Ex1
HtA0502604B	Hte-ABur_026-Ex1-4B-lcwgs-1-2	Hte-ABur_026-Ex1
HtA0502704C	Hte-ABur_027-Ex1-4C-lcwgs-1-2	Hte-ABur_027-Ex1
HtA0502804D	Hte-ABur_028-Ex1-4D-lcwgs-1-2	Hte-ABur_028-Ex1
HtA0502904E	Hte-ABur_029-Ex1-4E-lcwgs-1-2	Hte-ABur_029-Ex1
HtA0503605D	Hte-ABur_036-Ex1-5D-lcwgs-1-2	Hte-ABur_036-Ex1
HtA0503705E	Hte-ABur_037-Ex1-5E-lcwgs-1-2	Hte-ABur_037-Ex1
HtA0503805F	Hte-ABur_038-Ex1-5F-lcwgs-1-2	Hte-ABur_038-Ex1
HtA0503905G	Hte-ABur_039-Ex1-5G-lcwgs-1-2	Hte-ABur_039-Ex1
HtA0504005H	Hte-ABur_040-Ex1-5H-lcwgs-1-2	Hte-ABur_040-Ex1
HtA0504206B	Hte-ABur_042-Ex1-6B-lcwgs-1-2	Hte-ABur_042-Ex1
HtA0504806H	Hte-ABur_048-Ex1-6H-lcwgs-1-2	Hte-ABur_048-Ex1
HtA0505007B	Hte-ABur_050-Ex1-7B-lcwgs-1-2	Hte-ABur_050-Ex1
HtA0505107C	Hte-ABur_051-Ex1-7C-lcwgs-1-2	Hte-ABur_051-Ex1
HtA0505207D	Hte-ABur_052-Ex1-7D-lcwgs-1-2	Hte-ABur_052-Ex1
HtA0505708A	Hte-ABur_057-Ex1-8A-lcwgs-1-2	Hte-ABur_057-Ex1
HtA0506208F	Hte-ABur_062-Ex1-8F-lcwgs-1-2	Hte-ABur_062-Ex1
HtA0506509A	Hte-ABur_065-Ex1-9A-lcwgs-1-2	Hte-ABur_065-Ex1
HtA0506609B	Hte-ABur_066-Ex1-9B-lcwgs-1-2	Hte-ABur_066-Ex1
HtA0506709C	Hte-ABur_067-Ex1-9C-lcwgs-1-2	Hte-ABur_067-Ex1
HtA0506909E	Hte-ABur_069-Ex1-9E-lcwgs-1-2	Hte-ABur_069-Ex1
HtA0507009F	Hte-ABur_070-Ex1-9F-lcwgs-1-2	Hte-ABur_070-Ex1
HtA0507109G	Hte-ABur_071-Ex1-9G-lcwgs-1-2	Hte-ABur_071-Ex1
HtA0507209H	Hte-ABur_072-Ex1-9H-lcwgs-1-2	Hte-ABur_072-Ex1
HtA0507310A	Hte-ABur_073-Ex1-10A-lcwgs-1-2	Hte-ABur_073-Ex1
HtA0507510C	Hte-ABur_075-Ex1-10C-lcwgs-1-2	Hte-ABur_075-Ex1
HtA0507710E	Hte-ABur_077-Ex1-10E-lcwgs-1-2	Hte-ABur_077-Ex1
HtA0507810F	Hte-ABur_078-Ex1-10F-lcwgs-1-2	Hte-ABur_078-Ex1
HtA0507910G	Hte-ABur_079-Ex1-10G-lcwgs-1-2	Hte-ABur_079-Ex1
HtA0508010H	Hte-ABur_080-Ex1-10H-lcwgs-1-2	Hte-ABur_080-Ex1
HtA0508111A	Hte-ABur_081-Ex1-11A-lcwgs-1-2	Hte-ABur_081-Ex1
HtA0508211B	Hte-ABur_082-Ex1-11B-lcwgs-1-2	Hte-ABur_082-Ex1
HtA0508311C	Hte-ABur_083-Ex1-11C-lcwgs-1-2	Hte-ABur_083-Ex1
HtA0508411D	Hte-ABur_084-Ex1-11D-lcwgs-1-2	Hte-ABur_084-Ex1
HtA0508511E	Hte-ABur_085-Ex1-11E-lcwgs-1-2	Hte-ABur_085-Ex1
HtA0508711G	Hte-ABur_087-Ex1-11G-lcwgs-1-2	Hte-ABur_087-Ex1
HtA0508811H	Hte-ABur_088-Ex1-11H-lcwgs-1-2	Hte-ABur_088-Ex1
HtA0509012B	Hte-ABur_090-Ex1-12B-lcwgs-1-2	Hte-ABur_090-Ex1
HtA0509212D	Hte-ABur_092-Ex1-12D-lcwgs-1-2	Hte-ABur_092-Ex1
HtA0509312E	Hte-ABur_093-Ex1-12E-lcwgs-1-2	Hte-ABur_093-Ex1
HtA0509512G	Hte-ABur_095-Ex1-12G-lcwgs-1-2	Hte-ABur_095-Ex1
HtA0602501C	Hte-AJol_025-Ex1-1C-lcwgs-1-2	Hte-AJol_025-Ex1
HtA0604901E	Hte-AJol_049-Ex1-1E-lcwgs-1-2	Hte-AJol_049-Ex1
HtA0606101F	Hte-AJol_061-Ex1-1F-lcwgs-1-2	Hte-AJol_061-Ex1
HtA0601402B	Hte-AJol_014-Ex1-2B-lcwgs-1-2	Hte-AJol_014-Ex1
HtA0603802D	Hte-AJol_038-Ex1-2D-lcwgs-1-2	Hte-AJol_038-Ex1
HtA0605002E	Hte-AJol_050-Ex1-2E-lcwgs-1-2	Hte-AJol_050-Ex1
HtA0606202F	Hte-AJol_062-Ex1-2F-lcwgs-1-2	Hte-AJol_062-Ex1
HtA0608602H	Hte-AJol_086-Ex1-2H-lcwgs-1-2	Hte-AJol_086-Ex1
HtA0603903D	Hte-AJol_039-Ex1-3D-lcwgs-1-2	Hte-AJol_039-Ex1
HtA0605103E	Hte-AJol_051-Ex1-3E-lcwgs-1-2	Hte-AJol_051-Ex1
HtA0606303F	Hte-AJol_063-Ex1-3F-lcwgs-1-2	Hte-AJol_063-Ex1
HtA0608703H	Hte-AJol_087-Ex1-3H-lcwgs-1-2	Hte-AJol_087-Ex1
HtA0600404A	Hte-AJol_004-Ex1-4A-lcwgs-1-2	Hte-AJol_004-Ex1
HtA0601604B	Hte-AJol_016-Ex1-4B-lcwgs-1-2	Hte-AJol_016-Ex1
HtA0604004D	Hte-AJol_040-Ex1-4D-lcwgs-1-2	Hte-AJol_040-Ex1
HtA0605204E	Hte-AJol_052-Ex1-4E-lcwgs-1-2	Hte-AJol_052-Ex1
HtA0606404F	Hte-AJol_064-Ex1-4F-lcwgs-1-2	Hte-AJol_064-Ex1
HtA0607604G	Hte-AJol_076-Ex1-4G-lcwgs-1-2	Hte-AJol_076-Ex1
HtA0608804H	Hte-AJol_088-Ex1-4H-lcwgs-1-2	Hte-AJol_088-Ex1
HtA0602905C	Hte-AJol_029-Ex1-5C-lcwgs-1-2	Hte-AJol_029-Ex1
HtA0605305E	Hte-AJol_053-Ex1-5E-lcwgs-1-2	Hte-AJol_053-Ex1
HtA0608905H	Hte-AJol_089-Ex1-5H-lcwgs-1-2	Hte-AJol_089-Ex1
HtA0604206D	Hte-AJol_042-Ex1-6D-lcwgs-1-2	Hte-AJol_042-Ex1
HtA0605406E	Hte-AJol_054-Ex1-6E-lcwgs-1-2	Hte-AJol_054-Ex1
HtA0607806G	Hte-AJol_078-Ex1-6G-lcwgs-1-2	Hte-AJol_078-Ex1
HtA0609006H	Hte-AJol_090-Ex1-6H-lcwgs-1-2	Hte-AJol_090-Ex1
HtA0605507E	Hte-AJol_055-Ex1-7E-lcwgs-1-2	Hte-AJol_055-Ex1
HtA0606707F	Hte-AJol_067-Ex1-7F-lcwgs-1-2	Hte-AJol_067-Ex1
HtA0607907G	Hte-AJol_079-Ex1-7G-lcwgs-1-2	Hte-AJol_079-Ex1
HtA0605608E	Hte-AJol_056-Ex1-8E-lcwgs-1-2	Hte-AJol_056-Ex1
HtA0608008G	Hte-AJol_080-Ex1-8G-lcwgs-1-2	Hte-AJol_080-Ex1
HtA0602109B	Hte-AJol_021-Ex1-9B-lcwgs-1-2	Hte-AJol_021-Ex1
HtA0605709E	Hte-AJol_057-Ex1-9E-lcwgs-1-2	Hte-AJol_057-Ex1
HtA0606909F	Hte-AJol_069-Ex1-9F-lcwgs-1-2	Hte-AJol_069-Ex1
HtA0608109G	Hte-AJol_081-Ex1-9G-lcwgs-1-2	Hte-AJol_081-Ex1
HtA0609309H	Hte-AJol_093-Ex1-9H-lcwgs-1-2	Hte-AJol_093-Ex1
HtA0601010A	Hte-AJol_010-Ex1-10A-lcwgs-1-2	Hte-AJol_010-Ex1
HtA0602210B	Hte-AJol_022-Ex1-10B-lcwgs-1-2	Hte-AJol_022-Ex1
HtA0607010F	Hte-AJol_070-Ex1-10F-lcwgs-1-2	Hte-AJol_070-Ex1
HtA0608210G	Hte-AJol_082-Ex1-10G-lcwgs-1-2	Hte-AJol_082-Ex1
HtA0601111A	Hte-AJol_011-Ex1-11A-lcwgs-1-2	Hte-AJol_011-Ex1
HtA0602311B	Hte-AJol_023-Ex1-11B-lcwgs-1-2	Hte-AJol_023-Ex1
HtA0608311G	Hte-AJol_083-Ex1-11G-lcwgs-1-2	Hte-AJol_083-Ex1
HtA0609511H	Hte-AJol_095-Ex1-11H-lcwgs-1-2	Hte-AJol_095-Ex1
HtA0602412B	Hte-AJol_024-Ex1-12B-lcwgs-1-2	Hte-AJol_024-Ex1
HtA0604812D	Hte-AJol_048-Ex1-12D-lcwgs-1-2	Hte-AJol_048-Ex1
HtA0608412G	Hte-AJol_084-Ex1-12G-lcwgs-1-2	Hte-AJol_084-Ex1
HtA0609612H	Hte-AJol_096-Ex1-12H-lcwgs-1-2	Hte-AJol_096-Ex1
HtA0302211B	Hte-AMvi_022-Ex1-11B-lcwgs-2-2	Hte-AMvi_022-Ex1
HtA0302311C	Hte-AMvi_023-Ex1-11C-lcwgs-2-2	Hte-AMvi_023-Ex1
HtA0302411D	Hte-AMvi_024-Ex1-11D-lcwgs-2-2	Hte-AMvi_024-Ex1
HtA0302611E	Hte-AMvi_026-Ex1-11E-lcwgs-2-2	Hte-AMvi_026-Ex1
HtA0302711F	Hte-AMvi_027-Ex1-11F-lcwgs-2-2	Hte-AMvi_027-Ex1
HtA0302811G	Hte-AMvi_028-Ex1-11G-lcwgs-2-2	Hte-AMvi_028-Ex1
HtA0302911H	Hte-AMvi_029-Ex1-11H-lcwgs-2-2	Hte-AMvi_029-Ex1
HtA0303012A	Hte-AMvi_030-Ex1-12A-lcwgs-2-2	Hte-AMvi_030-Ex1
HtA0303112B	Hte-AMvi_031-Ex1-12B-lcwgs-2-2	Hte-AMvi_031-Ex1
HtA0303212C	Hte-AMvi_032-Ex1-12C-lcwgs-2-2	Hte-AMvi_032-Ex1
HtA0303312D	Hte-AMvi_033-Ex1-12D-lcwgs-2-2	Hte-AMvi_033-Ex1
HtA0303412E	Hte-AMvi_034-Ex1-12E-lcwgs-2-2	Hte-AMvi_034-Ex1
HtA0303512F	Hte-AMvi_035-Ex1-12F-lcwgs-2-2	Hte-AMvi_035-Ex1
HtA0303612G	Hte-AMvi_036-Ex1-12G-lcwgs-2-2	Hte-AMvi_036-Ex1
HtA0303712H	Hte-AMvi_037-Ex1-12H-lcwgs-2-2	Hte-AMvi_037-Ex1
HtA0303801A	Hte-AMvi_038-Ex1-1A-lcwgs-2-2	Hte-AMvi_038-Ex1
HtA0303901B	Hte-AMvi_039-Ex1-1B-lcwgs-2-2	Hte-AMvi_039-Ex1
HtA0304001C	Hte-AMvi_040-Ex1-1C-lcwgs-2-2	Hte-AMvi_040-Ex1
HtA0304101D	Hte-AMvi_041-Ex1-1D-lcwgs-2-2	Hte-AMvi_041-Ex1
HtA0304301F	Hte-AMvi_043-Ex1-1F-lcwgs-2-2	Hte-AMvi_043-Ex1
HtA0304602A	Hte-AMvi_046-Ex1-2A-lcwgs-2-2	Hte-AMvi_046-Ex1
HtA0304702B	Hte-AMvi_047-Ex1-2B-lcwgs-2-2	Hte-AMvi_047-Ex1
HtA0700202D	Hte-AMvi_002-Ex1-2D-lcwgs-2-2	Hte-AMvi_002-Ex1
HtA0700302E	Hte-AMvi_003-Ex1-2E-lcwgs-2-2	Hte-AMvi_003-Ex1
HtA0700602H	Hte-AMvi_006-Ex1-2H-lcwgs-2-2	Hte-AMvi_006-Ex1
HtA0700703A	Hte-AMvi_007-Ex1-3A-lcwgs-2-2	Hte-AMvi_007-Ex1
HtA0700803B	Hte-AMvi_008-Ex1-3B-lcwgs-2-2	Hte-AMvi_008-Ex1
HtA0700903C	Hte-AMvi_009-Ex1-3C-lcwgs-2-2	Hte-AMvi_009-Ex1
HtA0701003D	Hte-AMvi_010-Ex1-3D-lcwgs-2-2	Hte-AMvi_010-Ex1
HtA0701103E	Hte-AMvi_011-Ex1-3E-lcwgs-2-2	Hte-AMvi_011-Ex1
HtA0701203F	Hte-AMvi_012-Ex1-3F-lcwgs-2-2	Hte-AMvi_012-Ex1
HtA0701403H	Hte-AMvi_014-Ex1-3H-lcwgs-2-2	Hte-AMvi_014-Ex1
HtA0702004F	Hte-AMvi_020-Ex1-4F-lcwgs-2-2	Hte-AMvi_020-Ex1
HtA0700401F	Hte-AMvi_004-Ex1-1F-lcwgs-3-2	Hte-AMvi_004-Ex1
HtA0304802G	Hte-AMvi_048-Ex1-2G-lcwgs-1-2	Hte-AMvi_048-Ex1
HtA0304902H	Hte-AMvi_049-Ex1-2H-lcwgs-1-2	Hte-AMvi_049-Ex1
HtA0305003A	Hte-AMvi_050-Ex1-3A-lcwgs-1-2	Hte-AMvi_050-Ex1
HtA0305103B	Hte-AMvi_051-Ex1-3B-lcwgs-1-2	Hte-AMvi_051-Ex1
HtA0305203C	Hte-AMvi_052-Ex1-3C-lcwgs-1-2	Hte-AMvi_052-Ex1
HtA0305303D	Hte-AMvi_053-Ex1-3D-lcwgs-1-2	Hte-AMvi_053-Ex1
HtA0305403E	Hte-AMvi_054-Ex1-3E-lcwgs-1-2	Hte-AMvi_054-Ex1
HtA0305503F	Hte-AMvi_055-Ex1-3F-lcwgs-1-2	Hte-AMvi_055-Ex1
HtA0305603G	Hte-AMvi_056-Ex1-3G-lcwgs-1-2	Hte-AMvi_056-Ex1
HtA0305703H	Hte-AMvi_057-Ex1-3H-lcwgs-1-2	Hte-AMvi_057-Ex1
HtA0305804A	Hte-AMvi_058-Ex1-4A-lcwgs-1-2	Hte-AMvi_058-Ex1
HtA0305904B	Hte-AMvi_059-Ex1-4B-lcwgs-1-2	Hte-AMvi_059-Ex1
HtA0306004C	Hte-AMvi_060-Ex1-4C-lcwgs-1-2	Hte-AMvi_060-Ex1
HtA0306104D	Hte-AMvi_061-Ex1-4D-lcwgs-1-2	Hte-AMvi_061-Ex1
HtA0600110G	Hte-APnd_001-Ex1-10G-lcwgs-1-2	Hte-APnd_001-Ex1
HtA0600210H	Hte-APnd_002-Ex1-10H-lcwgs-1-2	Hte-APnd_002-Ex1
HtA0600311A	Hte-APnd_003-Ex1-11A-lcwgs-1-2	Hte-APnd_003-Ex1
HtA0600411B	Hte-APnd_004-Ex1-11B-lcwgs-1-2	Hte-APnd_004-Ex1
HtA0600511C	Hte-APnd_005-Ex1-11C-lcwgs-1-2	Hte-APnd_005-Ex1
HtA0600611D	Hte-APnd_006-Ex1-11D-lcwgs-1-2	Hte-APnd_006-Ex1
HtA0600711E	Hte-APnd_007-Ex1-11E-lcwgs-1-2	Hte-APnd_007-Ex1
HtA0600811F	Hte-APnd_008-Ex1-11F-lcwgs-1-2	Hte-APnd_008-Ex1
HtA0600911G	Hte-APnd_009-Ex1-11G-lcwgs-1-2	Hte-APnd_009-Ex1
HtA0601011H	Hte-APnd_010-Ex1-11H-lcwgs-1-2	Hte-APnd_010-Ex1
HtA0601112A	Hte-APnd_011-Ex1-12A-lcwgs-1-2	Hte-APnd_011-Ex1
HtA0601212B	Hte-APnd_012-Ex1-12B-lcwgs-1-2	Hte-APnd_012-Ex1
HtA0601312C	Hte-APnd_013-Ex1-12C-lcwgs-1-2	Hte-APnd_013-Ex1
HtA0601412D	Hte-APnd_014-Ex1-12D-lcwgs-1-2	Hte-APnd_014-Ex1
HtA0601512E	Hte-APnd_015-Ex1-12E-lcwgs-1-2	Hte-APnd_015-Ex1
HtA0601612F	Hte-APnd_016-Ex1-12F-lcwgs-1-2	Hte-APnd_016-Ex1
HtA0601712G	Hte-APnd_017-Ex1-12G-lcwgs-1-2	Hte-APnd_017-Ex1
HtA0601812H	Hte-APnd_018-Ex1-12H-lcwgs-1-2	Hte-APnd_018-Ex1
HtA0601901A	Hte-APnd_019-Ex1-1A-lcwgs-1-2	Hte-APnd_019-Ex1
HtA0602001B	Hte-APnd_020-Ex1-1B-lcwgs-1-2	Hte-APnd_020-Ex1
HtA0602101C	Hte-APnd_021-Ex1-1C-lcwgs-1-2	Hte-APnd_021-Ex1
HtA0602201D	Hte-APnd_022-Ex1-1D-lcwgs-1-2	Hte-APnd_022-Ex1
HtA0602301E	Hte-APnd_023-Ex1-1E-lcwgs-1-2	Hte-APnd_023-Ex1
HtA0602401F	Hte-APnd_024-Ex1-1F-lcwgs-1-2	Hte-APnd_024-Ex1
HtA0602501G	Hte-APnd_025-Ex1-1G-lcwgs-1-2	Hte-APnd_025-Ex1
HtA0602601H	Hte-APnd_026-Ex1-1H-lcwgs-1-2	Hte-APnd_026-Ex1
HtA0602702A	Hte-APnd_027-Ex1-2A-lcwgs-1-2	Hte-APnd_027-Ex1
HtA0602802B	Hte-APnd_028-Ex1-2B-lcwgs-1-2	Hte-APnd_028-Ex1
HtA0602902C	Hte-APnd_029-Ex1-2C-lcwgs-1-2	Hte-APnd_029-Ex1
HtA0603002D	Hte-APnd_030-Ex1-2D-lcwgs-1-2	Hte-APnd_030-Ex1
HtA0603102E	Hte-APnd_031-Ex1-2E-lcwgs-1-2	Hte-APnd_031-Ex1
HtA0603202F	Hte-APnd_032-Ex1-2F-lcwgs-1-2	Hte-APnd_032-Ex1
HtA0401002B	Hte-ATaw_010-Ex1-2B-lcwgs-1-2	Hte-ATaw_010-Ex1
HtA0401102C	Hte-ATaw_011-Ex1-2C-lcwgs-1-2	Hte-ATaw_011-Ex1
HtA0401302E	Hte-ATaw_013-Ex1-2E-lcwgs-1-2	Hte-ATaw_013-Ex1
HtA0401402F	Hte-ATaw_014-Ex1-2F-lcwgs-1-2	Hte-ATaw_014-Ex1
HtA0401502G	Hte-ATaw_015-Ex1-2G-lcwgs-1-2	Hte-ATaw_015-Ex1
HtA0402103E	Hte-ATaw_021-Ex1-3E-lcwgs-1-2	Hte-ATaw_021-Ex1
HtA0402203F	Hte-ATaw_022-Ex1-3F-lcwgs-1-2	Hte-ATaw_022-Ex1
HtA0402403H	Hte-ATaw_024-Ex1-3H-lcwgs-1-2	Hte-ATaw_024-Ex1
HtA0402504A	Hte-ATaw_025-Ex1-4A-lcwgs-1-2	Hte-ATaw_025-Ex1
HtA0402604B	Hte-ATaw_026-Ex1-4B-lcwgs-1-2	Hte-ATaw_026-Ex1
HtA0402704C	Hte-ATaw_027-Ex1-4C-lcwgs-1-2	Hte-ATaw_027-Ex1
HtA0402804D	Hte-ATaw_028-Ex1-4D-lcwgs-1-2	Hte-ATaw_028-Ex1
HtA0402904E	Hte-ATaw_029-Ex1-4E-lcwgs-1-2	Hte-ATaw_029-Ex1
HtA0403004F	Hte-ATaw_030-Ex1-4F-lcwgs-1-2	Hte-ATaw_030-Ex1
HtA0403104G	Hte-ATaw_031-Ex1-4G-lcwgs-1-2	Hte-ATaw_031-Ex1
HtA0403204H	Hte-ATaw_032-Ex1-4H-lcwgs-1-2	Hte-ATaw_032-Ex1
HtA0403305A	Hte-ATaw_033-Ex1-5A-lcwgs-1-2	Hte-ATaw_033-Ex1
HtA0403405B	Hte-ATaw_034-Ex1-5B-lcwgs-1-2	Hte-ATaw_034-Ex1
HtA0403505C	Hte-ATaw_035-Ex1-5C-lcwgs-1-2	Hte-ATaw_035-Ex1
HtA0403605D	Hte-ATaw_036-Ex1-5D-lcwgs-1-2	Hte-ATaw_036-Ex1
HtA0403805F	Hte-ATaw_038-Ex1-5F-lcwgs-1-2	Hte-ATaw_038-Ex1
HtA0404106A	Hte-ATaw_041-Ex1-6A-lcwgs-1-2	Hte-ATaw_041-Ex1
HtA0404206B	Hte-ATaw_042-Ex1-6B-lcwgs-1-2	Hte-ATaw_042-Ex1
HtA0404306C	Hte-ATaw_043-Ex1-6C-lcwgs-1-2	Hte-ATaw_043-Ex1
HtA0404406D	Hte-ATaw_044-Ex1-6D-lcwgs-1-2	Hte-ATaw_044-Ex1
HtA0404506E	Hte-ATaw_045-Ex1-6E-lcwgs-1-2	Hte-ATaw_045-Ex1
HtA0404606F	Hte-ATaw_046-Ex1-6F-lcwgs-1-2	Hte-ATaw_046-Ex1
HtA0404706G	Hte-ATaw_047-Ex1-6G-lcwgs-1-2	Hte-ATaw_047-Ex1
HtA0405107C	Hte-ATaw_051-Ex1-7C-lcwgs-1-2	Hte-ATaw_051-Ex1
HtA0405207D	Hte-ATaw_052-Ex1-7D-lcwgs-1-2	Hte-ATaw_052-Ex1
HtA0405307E	Hte-ATaw_053-Ex1-7E-lcwgs-1-2	Hte-ATaw_053-Ex1
HtA0405407F	Hte-ATaw_054-Ex1-7F-lcwgs-1-2	Hte-ATaw_054-Ex1
HtA0405607H	Hte-ATaw_056-Ex1-7H-lcwgs-1-2	Hte-ATaw_056-Ex1
HtA0405808B	Hte-ATaw_058-Ex1-8B-lcwgs-1-2	Hte-ATaw_058-Ex1
HtA0405908C	Hte-ATaw_059-Ex1-8C-lcwgs-1-2	Hte-ATaw_059-Ex1
HtA0406008D	Hte-ATaw_060-Ex1-8D-lcwgs-1-2	Hte-ATaw_060-Ex1
HtA0406108E	Hte-ATaw_061-Ex1-8E-lcwgs-1-2	Hte-ATaw_061-Ex1
HtA0406208F	Hte-ATaw_062-Ex1-8F-lcwgs-1-2	Hte-ATaw_062-Ex1
HtA0406408H	Hte-ATaw_064-Ex1-8H-lcwgs-1-2	Hte-ATaw_064-Ex1
HtA0406709C	Hte-ATaw_067-Ex1-9C-lcwgs-1-2	Hte-ATaw_067-Ex1
HtA0406809D	Hte-ATaw_068-Ex1-9D-lcwgs-1-2	Hte-ATaw_068-Ex1
HtA0407109G	Hte-ATaw_071-Ex1-9G-lcwgs-1-2	Hte-ATaw_071-Ex1
HtA0407209H	Hte-ATaw_072-Ex1-9H-lcwgs-1-2	Hte-ATaw_072-Ex1
HtA0407310A	Hte-ATaw_073-Ex1-10A-lcwgs-1-2	Hte-ATaw_073-Ex1
HtA0407410B	Hte-ATaw_074-Ex1-10B-lcwgs-1-2	Hte-ATaw_074-Ex1
HtA0407510C	Hte-ATaw_075-Ex1-10C-lcwgs-1-2	Hte-ATaw_075-Ex1
HtA0407710E	Hte-ATaw_077-Ex1-10E-lcwgs-1-2	Hte-ATaw_077-Ex1
HtA0407810F	Hte-ATaw_078-Ex1-10F-lcwgs-1-2	Hte-ATaw_078-Ex1
HtC0506201B	Hte-CBur_062-Ex1-1B-lcwgs-1-2	Hte-CBur_062-Ex1
HtC0507301C	Hte-CBur_073-Ex1-1C-lcwgs-1-2	Hte-CBur_073-Ex1
HtC0506601D	Hte-CBur_066-Ex1-1D-lcwgs-1-2	Hte-CBur_066-Ex1
HtC0508201E	Hte-CBur_082-Ex1-1E-lcwgs-1-2	Hte-CBur_082-Ex1
HtC0506901F	Hte-CBur_069-Ex1-1F-lcwgs-1-2	Hte-CBur_069-Ex1
HtC0503801G	Hte-CBur_038-Ex1-1G-lcwgs-1-2	Hte-CBur_038-Ex1
HtC0506702A	Hte-CBur_067-Ex1-2A-lcwgs-1-2	Hte-CBur_067-Ex1
HtC0501202B	Hte-CBur_012-Ex1-2B-lcwgs-1-2	Hte-CBur_012-Ex1
HtC0502702C	Hte-CBur_027-Ex1-2C-lcwgs-1-2	Hte-CBur_027-Ex1
HtC0507602E	Hte-CBur_076-Ex1-2E-lcwgs-1-2	Hte-CBur_076-Ex1
HtC0504102F	Hte-CBur_041-Ex1-2F-lcwgs-1-2	Hte-CBur_041-Ex1
HtC0502402G	Hte-CBur_024-Ex1-2G-lcwgs-1-2	Hte-CBur_024-Ex1
HtC0508502H	Hte-CBur_085-Ex1-2H-lcwgs-1-2	Hte-CBur_085-Ex1
HtC0507503D	Hte-CBur_075-Ex1-3D-lcwgs-1-2	Hte-CBur_075-Ex1
HtC0505403H	Hte-CBur_054-Ex1-3H-lcwgs-1-2	Hte-CBur_054-Ex1
HtC0502604A	Hte-CBur_026-Ex1-4A-lcwgs-1-2	Hte-CBur_026-Ex1
HtC0501704B	Hte-CBur_017-Ex1-4B-lcwgs-1-2	Hte-CBur_017-Ex1
HtC0505904C	Hte-CBur_059-Ex1-4C-lcwgs-1-2	Hte-CBur_059-Ex1
HtC0501104D	Hte-CBur_011-Ex1-4D-lcwgs-1-2	Hte-CBur_011-Ex1
HtC0506104E	Hte-CBur_061-Ex1-4E-lcwgs-1-2	Hte-CBur_061-Ex1
HtC0504004F	Hte-CBur_040-Ex1-4F-lcwgs-1-2	Hte-CBur_040-Ex1
HtC0501904G	Hte-CBur_019-Ex1-4G-lcwgs-1-2	Hte-CBur_019-Ex1
HtC0509604H	Hte-CBur_096-Ex1-4H-lcwgs-1-2	Hte-CBur_096-Ex1
HtC0503505A	Hte-CBur_035-Ex1-5A-lcwgs-1-2	Hte-CBur_035-Ex1
HtC0502005C	Hte-CBur_020-Ex1-5C-lcwgs-1-2	Hte-CBur_020-Ex1
HtC0503705D	Hte-CBur_037-Ex1-5D-lcwgs-1-2	Hte-CBur_037-Ex1
HtC0506305G	Hte-CBur_063-Ex1-5G-lcwgs-1-2	Hte-CBur_063-Ex1
HtC0506005H	Hte-CBur_060-Ex1-5H-lcwgs-1-2	Hte-CBur_060-Ex1
HtC0505506A	Hte-CBur_055-Ex1-6A-lcwgs-1-2	Hte-CBur_055-Ex1
HtC0504906B	Hte-CBur_049-Ex1-6B-lcwgs-1-2	Hte-CBur_049-Ex1
HtC0501006C	Hte-CBur_010-Ex1-6C-lcwgs-1-2	Hte-CBur_010-Ex1
HtC0507706D	Hte-CBur_077-Ex1-6D-lcwgs-1-2	Hte-CBur_077-Ex1
HtC0507906E	Hte-CBur_079-Ex1-6E-lcwgs-1-2	Hte-CBur_079-Ex1
HtC0502306F	Hte-CBur_023-Ex1-6F-lcwgs-1-2	Hte-CBur_023-Ex1
HtC0508006G	Hte-CBur_080-Ex1-6G-lcwgs-1-2	Hte-CBur_080-Ex1
HtC0504206H	Hte-CBur_042-Ex1-6H-lcwgs-1-2	Hte-CBur_042-Ex1
HtC0504807A	Hte-CBur_048-Ex1-7A-lcwgs-1-2	Hte-CBur_048-Ex1
HtC0502807B	Hte-CBur_028-Ex1-7B-lcwgs-1-2	Hte-CBur_028-Ex1
HtC0509407C	Hte-CBur_094-Ex1-7C-lcwgs-1-2	Hte-CBur_094-Ex1
HtC0503107D	Hte-CBur_031-Ex1-7D-lcwgs-1-2	Hte-CBur_031-Ex1
HtC0501807E	Hte-CBur_018-Ex1-7E-lcwgs-1-2	Hte-CBur_018-Ex1
HtC0507807F	Hte-CBur_078-Ex1-7F-lcwgs-1-2	Hte-CBur_078-Ex1
HtC0507107G	Hte-CBur_071-Ex1-7G-lcwgs-1-2	Hte-CBur_071-Ex1
HtC0509207H	Hte-CBur_092-Ex1-7H-lcwgs-1-2	Hte-CBur_092-Ex1
HtC0508808C	Hte-CBur_088-Ex1-8C-lcwgs-1-2	Hte-CBur_088-Ex1
HtC0507008F	Hte-CBur_070-Ex1-8F-lcwgs-1-2	Hte-CBur_070-Ex1
HtC0505608G	Hte-CBur_056-Ex1-8G-lcwgs-1-2	Hte-CBur_056-Ex1
HtC0505808H	Hte-CBur_058-Ex1-8H-lcwgs-1-2	Hte-CBur_058-Ex1
HtC0606101A	Hte-CJol_061-Ex1-1A-lcwgs-1-2	Hte-CJol_061-Ex1
HtC0603401D	Hte-CJol_034-Ex1-1D-lcwgs-1-2	Hte-CJol_034-Ex1
HtC0609601E	Hte-CJol_096-Ex1-1E-lcwgs-1-2	Hte-CJol_096-Ex1
HtC0603501F	Hte-CJol_035-Ex1-1F-lcwgs-1-2	Hte-CJol_035-Ex1
HtC0601301G	Hte-CJol_013-Ex1-1G-lcwgs-1-2	Hte-CJol_013-Ex1
HtC0608601H	Hte-CJol_086-Ex1-1H-lcwgs-1-2	Hte-CJol_086-Ex1
HtC0602102A	Hte-CJol_021-Ex1-2A-lcwgs-1-2	Hte-CJol_021-Ex1
HtC0602802C	Hte-CJol_028-Ex1-2C-lcwgs-1-2	Hte-CJol_028-Ex1
HtC0602402D	Hte-CJol_024-Ex1-2D-lcwgs-1-2	Hte-CJol_024-Ex1
HtC0608202E	Hte-CJol_082-Ex1-2E-lcwgs-1-2	Hte-CJol_082-Ex1
HtC0604002F	Hte-CJol_040-Ex1-2F-lcwgs-1-2	Hte-CJol_040-Ex1
HtC0606802G	Hte-CJol_068-Ex1-2G-lcwgs-1-2	Hte-CJol_068-Ex1
HtC0608702H	Hte-CJol_087-Ex1-2H-lcwgs-1-2	Hte-CJol_087-Ex1
HtC0603703B	Hte-CJol_037-Ex1-3B-lcwgs-1-2	Hte-CJol_037-Ex1
HtC0608903C	Hte-CJol_089-Ex1-3C-lcwgs-1-2	Hte-CJol_089-Ex1
HtC0601403D	Hte-CJol_014-Ex1-3D-lcwgs-1-2	Hte-CJol_014-Ex1
HtC0605703E	Hte-CJol_057-Ex1-3E-lcwgs-1-2	Hte-CJol_057-Ex1
HtC0603903F	Hte-CJol_039-Ex1-3F-lcwgs-1-2	Hte-CJol_039-Ex1
HtC0604603G	Hte-CJol_046-Ex1-3G-lcwgs-1-2	Hte-CJol_046-Ex1
HtC0606903H	Hte-CJol_069-Ex1-3H-lcwgs-1-2	Hte-CJol_069-Ex1
HtC0605504B	Hte-CJol_055-Ex1-4B-lcwgs-1-2	Hte-CJol_055-Ex1
HtC0607604C	Hte-CJol_076-Ex1-4C-lcwgs-1-2	Hte-CJol_076-Ex1
HtC0605404D	Hte-CJol_054-Ex1-4D-lcwgs-1-2	Hte-CJol_054-Ex1
HtC0604904E	Hte-CJol_049-Ex1-4E-lcwgs-1-2	Hte-CJol_049-Ex1
HtC0609304F	Hte-CJol_093-Ex1-4F-lcwgs-1-2	Hte-CJol_093-Ex1
HtC0600904G	Hte-CJol_009-Ex1-4G-lcwgs-1-2	Hte-CJol_009-Ex1
HtC0603204H	Hte-CJol_032-Ex1-4H-lcwgs-1-2	Hte-CJol_032-Ex1
HtC0605305A	Hte-CJol_053-Ex1-5A-lcwgs-1-2	Hte-CJol_053-Ex1
HtC0605605B	Hte-CJol_056-Ex1-5B-lcwgs-1-2	Hte-CJol_056-Ex1
HtC0606305C	Hte-CJol_063-Ex1-5C-lcwgs-1-2	Hte-CJol_063-Ex1
HtC0605205D	Hte-CJol_052-Ex1-5D-lcwgs-1-2	Hte-CJol_052-Ex1
HtC0604105E	Hte-CJol_041-Ex1-5E-lcwgs-1-2	Hte-CJol_041-Ex1
HtC0607005F	Hte-CJol_070-Ex1-5F-lcwgs-1-2	Hte-CJol_070-Ex1
HtC0600805G	Hte-CJol_008-Ex1-5G-lcwgs-1-2	Hte-CJol_008-Ex1
HtC0604206B	Hte-CJol_042-Ex1-6B-lcwgs-1-2	Hte-CJol_042-Ex1
HtC0600506C	Hte-CJol_005-Ex1-6C-lcwgs-1-2	Hte-CJol_005-Ex1
HtC0601606D	Hte-CJol_016-Ex1-6D-lcwgs-1-2	Hte-CJol_016-Ex1
HtC0603306F	Hte-CJol_033-Ex1-6F-lcwgs-1-2	Hte-CJol_033-Ex1
HtC0606406G	Hte-CJol_064-Ex1-6G-lcwgs-1-2	Hte-CJol_064-Ex1
HtC0609406H	Hte-CJol_094-Ex1-6H-lcwgs-1-2	Hte-CJol_094-Ex1
HtC0601207D	Hte-CJol_012-Ex1-7D-lcwgs-1-2	Hte-CJol_012-Ex1
HtC0602307F	Hte-CJol_023-Ex1-7F-lcwgs-1-2	Hte-CJol_023-Ex1
HtC0600407G	Hte-CJol_004-Ex1-7G-lcwgs-1-2	Hte-CJol_004-Ex1
HtC0607807H	Hte-CJol_078-Ex1-7H-lcwgs-1-2	Hte-CJol_078-Ex1
HtC0604808C	Hte-CJol_048-Ex1-8C-lcwgs-1-2	Hte-CJol_048-Ex1
HtC0601108D	Hte-CJol_011-Ex1-8D-lcwgs-1-2	Hte-CJol_011-Ex1
HtC0600608F	Hte-CJol_006-Ex1-8F-lcwgs-1-2	Hte-CJol_006-Ex1
HtC0608008H	Hte-CJol_080-Ex1-8H-lcwgs-1-2	Hte-CJol_080-Ex1
HtC0207501G	Hte-CMvi_075-Ex1-1G-lcwgs-1-2	Hte-CMvi_075-Ex1
HtC0204002A	Hte-CMvi_040-Ex1-2A-lcwgs-1-2	Hte-CMvi_040-Ex1
HtC0200602G	Hte-CMvi_006-Ex1-2G-lcwgs-1-2	Hte-CMvi_006-Ex1
HtC0203003A	Hte-CMvi_030-Ex1-3A-lcwgs-1-2	Hte-CMvi_030-Ex1
HtC0203103C	Hte-CMvi_031-Ex1-3C-lcwgs-1-2	Hte-CMvi_031-Ex1
HtC0204303D	Hte-CMvi_043-Ex1-3D-lcwgs-1-2	Hte-CMvi_043-Ex1
HtC0205503E	Hte-CMvi_055-Ex1-3E-lcwgs-1-2	Hte-CMvi_055-Ex1
HtC0206703F	Hte-CMvi_067-Ex1-3F-lcwgs-1-2	Hte-CMvi_067-Ex1
HtC0209103G	Hte-CMvi_091-Ex1-3G-lcwgs-1-2	Hte-CMvi_091-Ex1
HtC0200803H	Hte-CMvi_008-Ex1-3H-lcwgs-1-2	Hte-CMvi_008-Ex1
HtC0208004C	Hte-CMvi_080-Ex1-4C-lcwgs-1-2	Hte-CMvi_080-Ex1
HtC0200904E	Hte-CMvi_009-Ex1-4E-lcwgs-1-2	Hte-CMvi_009-Ex1
HtC0203304F	Hte-CMvi_033-Ex1-4F-lcwgs-1-2	Hte-CMvi_033-Ex1
HtC0204504G	Hte-CMvi_045-Ex1-4G-lcwgs-1-2	Hte-CMvi_045-Ex1
HtC0205704H	Hte-CMvi_057-Ex1-4H-lcwgs-1-2	Hte-CMvi_057-Ex1
HtC0206905A	Hte-CMvi_069-Ex1-5A-lcwgs-1-2	Hte-CMvi_069-Ex1
HtC0208105B	Hte-CMvi_081-Ex1-5B-lcwgs-1-2	Hte-CMvi_081-Ex1
HtC0209305C	Hte-CMvi_093-Ex1-5C-lcwgs-1-2	Hte-CMvi_093-Ex1
HtC0201005D	Hte-CMvi_010-Ex1-5D-lcwgs-1-2	Hte-CMvi_010-Ex1
HtC0202205E	Hte-CMvi_022-Ex1-5E-lcwgs-1-2	Hte-CMvi_022-Ex1
HtC0204605F	Hte-CMvi_046-Ex1-5F-lcwgs-1-2	Hte-CMvi_046-Ex1
HtC0205805G	Hte-CMvi_058-Ex1-5G-lcwgs-1-2	Hte-CMvi_058-Ex1
HtC0207005H	Hte-CMvi_070-Ex1-5H-lcwgs-1-2	Hte-CMvi_070-Ex1
HtC0208206A	Hte-CMvi_082-Ex1-6A-lcwgs-1-2	Hte-CMvi_082-Ex1
HtC0209406B	Hte-CMvi_094-Ex1-6B-lcwgs-1-2	Hte-CMvi_094-Ex1
HtC0201106C	Hte-CMvi_011-Ex1-6C-lcwgs-1-2	Hte-CMvi_011-Ex1
HtC0202306D	Hte-CMvi_023-Ex1-6D-lcwgs-1-2	Hte-CMvi_023-Ex1
HtC0203506E	Hte-CMvi_035-Ex1-6E-lcwgs-1-2	Hte-CMvi_035-Ex1
HtC0204706F	Hte-CMvi_047-Ex1-6F-lcwgs-1-2	Hte-CMvi_047-Ex1
HtC0205906G	Hte-CMvi_059-Ex1-6G-lcwgs-1-2	Hte-CMvi_059-Ex1
HtC0207106H	Hte-CMvi_071-Ex1-6H-lcwgs-1-2	Hte-CMvi_071-Ex1
HtC0208307A	Hte-CMvi_083-Ex1-7A-lcwgs-1-2	Hte-CMvi_083-Ex1
HtC0209507B	Hte-CMvi_095-Ex1-7B-lcwgs-1-2	Hte-CMvi_095-Ex1
HtC0201207C	Hte-CMvi_012-Ex1-7C-lcwgs-1-2	Hte-CMvi_012-Ex1
HtC0202407D	Hte-CMvi_024-Ex1-7D-lcwgs-1-2	Hte-CMvi_024-Ex1
HtC0203607E	Hte-CMvi_036-Ex1-7E-lcwgs-1-2	Hte-CMvi_036-Ex1
HtC0204807F	Hte-CMvi_048-Ex1-7F-lcwgs-1-2	Hte-CMvi_048-Ex1
HtC0207207G	Hte-CMvi_072-Ex1-7G-lcwgs-1-2	Hte-CMvi_072-Ex1
HtC0209607H	Hte-CMvi_096-Ex1-7H-lcwgs-1-2	Hte-CMvi_096-Ex1
HtC0204901A	Hte-CMvi_049-Ex1-1A-lcwgs-1-2	Hte-CMvi_049-Ex1
HtC0205101B	Hte-CMvi_051-Ex1-1B-lcwgs-1-2	Hte-CMvi_051-Ex1
HtC0208701C	Hte-CMvi_087-Ex1-1C-lcwgs-1-2	Hte-CMvi_087-Ex1
HtC0202901D	Hte-CMvi_029-Ex1-1D-lcwgs-1-2	Hte-CMvi_029-Ex1
HtC0206501E	Hte-CMvi_065-Ex1-1E-lcwgs-1-2	Hte-CMvi_065-Ex1
HtC0201901F	Hte-CMvi_019-Ex1-1F-lcwgs-1-2	Hte-CMvi_019-Ex1
HtC0203201G	Hte-CMvi_032-Ex1-1G-lcwgs-1-2	Hte-CMvi_032-Ex1
HtC0206801H	Hte-CMvi_068-Ex1-1H-lcwgs-1-2	Hte-CMvi_068-Ex1
HtC0203402A	Hte-CMvi_034-Ex1-2A-lcwgs-1-2	Hte-CMvi_034-Ex1
HtC0408405A	Hte-CPnd_084-Ex1-5A-lcwgs-1-2	Hte-CPnd_084-Ex1
HtC0403305F	Hte-CPnd_033-Ex1-5F-lcwgs-1-2	Hte-CPnd_033-Ex1
HtC0400605G	Hte-CPnd_006-Ex1-5G-lcwgs-1-2	Hte-CPnd_006-Ex1
HtC0407805H	Hte-CPnd_078-Ex1-5H-lcwgs-1-2	Hte-CPnd_078-Ex1
HtC0408606A	Hte-CPnd_086-Ex1-6A-lcwgs-1-2	Hte-CPnd_086-Ex1
HtC0401206B	Hte-CPnd_012-Ex1-6B-lcwgs-1-2	Hte-CPnd_012-Ex1
HtC0403506D	Hte-CPnd_035-Ex1-6D-lcwgs-1-2	Hte-CPnd_035-Ex1
HtC0404406E	Hte-CPnd_044-Ex1-6E-lcwgs-1-2	Hte-CPnd_044-Ex1
HtC0403206F	Hte-CPnd_032-Ex1-6F-lcwgs-1-2	Hte-CPnd_032-Ex1
HtC0401406H	Hte-CPnd_014-Ex1-6H-lcwgs-1-2	Hte-CPnd_014-Ex1
HtC0405907A	Hte-CPnd_059-Ex1-7A-lcwgs-1-2	Hte-CPnd_059-Ex1
HtC0405807D	Hte-CPnd_058-Ex1-7D-lcwgs-1-2	Hte-CPnd_058-Ex1
HtC0403807E	Hte-CPnd_038-Ex1-7E-lcwgs-1-2	Hte-CPnd_038-Ex1
HtC0402207F	Hte-CPnd_022-Ex1-7F-lcwgs-1-2	Hte-CPnd_022-Ex1
HtC0407707G	Hte-CPnd_077-Ex1-7G-lcwgs-1-2	Hte-CPnd_077-Ex1
HtC0402907H	Hte-CPnd_029-Ex1-7H-lcwgs-1-2	Hte-CPnd_029-Ex1
HtC0404708F	Hte-CPnd_047-Ex1-8F-lcwgs-1-2	Hte-CPnd_047-Ex1
HtC0402708G	Hte-CPnd_027-Ex1-8G-lcwgs-1-2	Hte-CPnd_027-Ex1
HtC0403108H	Hte-CPnd_031-Ex1-8H-lcwgs-1-2	Hte-CPnd_031-Ex1
HtC0407509A	Hte-CPnd_075-Ex1-9A-lcwgs-1-2	Hte-CPnd_075-Ex1
HtC0407209E	Hte-CPnd_072-Ex1-9E-lcwgs-1-2	Hte-CPnd_072-Ex1
HtC0403409F	Hte-CPnd_034-Ex1-9F-lcwgs-1-2	Hte-CPnd_034-Ex1
HtC0405009G	Hte-CPnd_050-Ex1-9G-lcwgs-1-2	Hte-CPnd_050-Ex1
HtC0403909H	Hte-CPnd_039-Ex1-9H-lcwgs-1-2	Hte-CPnd_039-Ex1
HtC0407110A	Hte-CPnd_071-Ex1-10A-lcwgs-1-2	Hte-CPnd_071-Ex1
HtC0406210B	Hte-CPnd_062-Ex1-10B-lcwgs-1-2	Hte-CPnd_062-Ex1
HtC0408010C	Hte-CPnd_080-Ex1-10C-lcwgs-1-2	Hte-CPnd_080-Ex1
HtC0404210D	Hte-CPnd_042-Ex1-10D-lcwgs-1-2	Hte-CPnd_042-Ex1
HtC0407410E	Hte-CPnd_074-Ex1-10E-lcwgs-1-2	Hte-CPnd_074-Ex1
HtC0403010F	Hte-CPnd_030-Ex1-10F-lcwgs-1-2	Hte-CPnd_030-Ex1
HtC0404610G	Hte-CPnd_046-Ex1-10G-lcwgs-1-2	Hte-CPnd_046-Ex1
HtC0406810H	Hte-CPnd_068-Ex1-10H-lcwgs-1-2	Hte-CPnd_068-Ex1
HtC0402011A	Hte-CPnd_020-Ex1-11A-lcwgs-1-2	Hte-CPnd_020-Ex1
HtC0406711B	Hte-CPnd_067-Ex1-11B-lcwgs-1-2	Hte-CPnd_067-Ex1
HtC0405111C	Hte-CPnd_051-Ex1-11C-lcwgs-1-2	Hte-CPnd_051-Ex1
HtC0404011D	Hte-CPnd_040-Ex1-11D-lcwgs-1-2	Hte-CPnd_040-Ex1
HtC0402611E	Hte-CPnd_026-Ex1-11E-lcwgs-1-2	Hte-CPnd_026-Ex1
HtC0407011F	Hte-CPnd_070-Ex1-11F-lcwgs-1-2	Hte-CPnd_070-Ex1
HtC0407611G	Hte-CPnd_076-Ex1-11G-lcwgs-1-2	Hte-CPnd_076-Ex1
HtC0404811H	Hte-CPnd_048-Ex1-11H-lcwgs-1-2	Hte-CPnd_048-Ex1
HtC0404512A	Hte-CPnd_045-Ex1-12A-lcwgs-1-2	Hte-CPnd_045-Ex1
HtC0405612B	Hte-CPnd_056-Ex1-12B-lcwgs-1-2	Hte-CPnd_056-Ex1
HtC0402812C	Hte-CPnd_028-Ex1-12C-lcwgs-1-2	Hte-CPnd_028-Ex1
HtC0405712D	Hte-CPnd_057-Ex1-12D-lcwgs-1-2	Hte-CPnd_057-Ex1
HtC0404312E	Hte-CPnd_043-Ex1-12E-lcwgs-1-2	Hte-CPnd_043-Ex1
HtC0406912F	Hte-CPnd_069-Ex1-12F-lcwgs-1-2	Hte-CPnd_069-Ex1
HtC0405512G	Hte-CPnd_055-Ex1-12G-lcwgs-1-2	Hte-CPnd_055-Ex1
HtC0405412H	Hte-CPnd_054-Ex1-12H-lcwgs-1-2	Hte-CPnd_054-Ex1
HtC0308409A	Hte-CTaw_084-Ex1-9A-lcwgs-1-2	Hte-CTaw_084-Ex1
HtC0309409B	Hte-CTaw_094-Ex1-9B-lcwgs-1-2	Hte-CTaw_094-Ex1
HtC0307909C	Hte-CTaw_079-Ex1-9C-lcwgs-1-2	Hte-CTaw_079-Ex1
HtC0306009D	Hte-CTaw_060-Ex1-9D-lcwgs-1-2	Hte-CTaw_060-Ex1
HtC0309009E	Hte-CTaw_090-Ex1-9E-lcwgs-1-2	Hte-CTaw_090-Ex1
HtC0303309F	Hte-CTaw_033-Ex1-9F-lcwgs-1-2	Hte-CTaw_033-Ex1
HtC0300609G	Hte-CTaw_006-Ex1-9G-lcwgs-1-2	Hte-CTaw_006-Ex1
HtC0307809H	Hte-CTaw_078-Ex1-9H-lcwgs-1-2	Hte-CTaw_078-Ex1
HtC0308610A	Hte-CTaw_086-Ex1-10A-lcwgs-1-2	Hte-CTaw_086-Ex1
HtC0301210B	Hte-CTaw_012-Ex1-10B-lcwgs-1-2	Hte-CTaw_012-Ex1
HtC0305310C	Hte-CTaw_053-Ex1-10C-lcwgs-1-2	Hte-CTaw_053-Ex1
HtC0303510D	Hte-CTaw_035-Ex1-10D-lcwgs-1-2	Hte-CTaw_035-Ex1
HtC0304410E	Hte-CTaw_044-Ex1-10E-lcwgs-1-2	Hte-CTaw_044-Ex1
HtC0303210F	Hte-CTaw_032-Ex1-10F-lcwgs-1-2	Hte-CTaw_032-Ex1
HtC0308910G	Hte-CTaw_089-Ex1-10G-lcwgs-1-2	Hte-CTaw_089-Ex1
HtC0301410H	Hte-CTaw_014-Ex1-10H-lcwgs-1-2	Hte-CTaw_014-Ex1
HtC0305911A	Hte-CTaw_059-Ex1-11A-lcwgs-1-2	Hte-CTaw_059-Ex1
HtC0308811B	Hte-CTaw_088-Ex1-11B-lcwgs-1-2	Hte-CTaw_088-Ex1
HtC0306511C	Hte-CTaw_065-Ex1-11C-lcwgs-1-2	Hte-CTaw_065-Ex1
HtC0305811D	Hte-CTaw_058-Ex1-11D-lcwgs-1-2	Hte-CTaw_058-Ex1
HtC0303811E	Hte-CTaw_038-Ex1-11E-lcwgs-1-2	Hte-CTaw_038-Ex1
HtC0307711G	Hte-CTaw_077-Ex1-11G-lcwgs-1-2	Hte-CTaw_077-Ex1
HtC0302911H	Hte-CTaw_029-Ex1-11H-lcwgs-1-2	Hte-CTaw_029-Ex1
HtC0309612A	Hte-CTaw_096-Ex1-12A-lcwgs-1-2	Hte-CTaw_096-Ex1
HtC0302412B	Hte-CTaw_024-Ex1-12B-lcwgs-1-2	Hte-CTaw_024-Ex1
HtC0306412C	Hte-CTaw_064-Ex1-12C-lcwgs-1-2	Hte-CTaw_064-Ex1
HtC0301512D	Hte-CTaw_015-Ex1-12D-lcwgs-1-2	Hte-CTaw_015-Ex1
HtC0309212E	Hte-CTaw_092-Ex1-12E-lcwgs-1-2	Hte-CTaw_092-Ex1
HtC0304712F	Hte-CTaw_047-Ex1-12F-lcwgs-1-2	Hte-CTaw_047-Ex1
HtC0302712G	Hte-CTaw_027-Ex1-12G-lcwgs-1-2	Hte-CTaw_027-Ex1
HtC0303112H	Hte-CTaw_031-Ex1-12H-lcwgs-1-2	Hte-CTaw_031-Ex1
HtC0307501A	Hte-CTaw_075-Ex1-1A-lcwgs-1-2	Hte-CTaw_075-Ex1
HtC0303401F	Hte-CTaw_034-Ex1-1F-lcwgs-1-2	Hte-CTaw_034-Ex1
HtC0305001G	Hte-CTaw_050-Ex1-1G-lcwgs-1-2	Hte-CTaw_050-Ex1
HtC0307102A	Hte-CTaw_071-Ex1-2A-lcwgs-1-2	Hte-CTaw_071-Ex1
HtC0304202D	Hte-CTaw_042-Ex1-2D-lcwgs-1-2	Hte-CTaw_042-Ex1
HtC0307402E	Hte-CTaw_074-Ex1-2E-lcwgs-1-2	Hte-CTaw_074-Ex1
HtC0303002F	Hte-CTaw_030-Ex1-2F-lcwgs-1-2	Hte-CTaw_030-Ex1
HtC0304602G	Hte-CTaw_046-Ex1-2G-lcwgs-1-2	Hte-CTaw_046-Ex1
HtC0306802H	Hte-CTaw_068-Ex1-2H-lcwgs-1-2	Hte-CTaw_068-Ex1
HtC0302603E	Hte-CTaw_026-Ex1-3E-lcwgs-1-2	Hte-CTaw_026-Ex1
HtC0307003F	Hte-CTaw_070-Ex1-3F-lcwgs-1-2	Hte-CTaw_070-Ex1
HtC0307603G	Hte-CTaw_076-Ex1-3G-lcwgs-1-2	Hte-CTaw_076-Ex1
HtC0304803H	Hte-CTaw_048-Ex1-3H-lcwgs-1-2	Hte-CTaw_048-Ex1
HtC0304304E	Hte-CTaw_043-Ex1-4E-lcwgs-1-2	Hte-CTaw_043-Ex1
HtC0306904F	Hte-CTaw_069-Ex1-4F-lcwgs-1-2	Hte-CTaw_069-Ex1
HtC0305504G	Hte-CTaw_055-Ex1-4G-lcwgs-1-2	Hte-CTaw_055-Ex1
HtC0305404H	Hte-CTaw_054-Ex1-4H-lcwgs-1-2	Hte-CTaw_054-Ex1
HtA0200101A	Hte-ATic_001-Ex1-1A-lcwgs-2-T	Hte-ATic_001-Ex1
HtA0200202A	Hte-ATic_002-Ex1-2A-lcwgs-1-T	Hte-ATic_002-Ex1
HtA0200302H	Hte-ATic_003-Ex1-2H-lcwgs-2-T	Hte-ATic_003-Ex1
HtA0200403H	Hte-ATic_004-Ex1-3H-lcwgs-2-T	Hte-ATic_004-Ex1
HtA0200504C	Hte-ATic_005-Ex1-4C-lcwgs-2-T	Hte-ATic_005-Ex1
HtA0200604H	Hte-ATic_006-Ex1-4H-lcwgs-2-T	Hte-ATic_006-Ex1
HtA0200705G	Hte-ATic_007-Ex1-5G-lcwgs-1-T	Hte-ATic_007-Ex1
HtA0200806D	Hte-ATic_008-Ex1-6D-lcwgs-2-T	Hte-ATic_008-Ex1
HtA0201008B	Hte-ATic_010-Ex1-8B-lcwgs-2-T	Hte-ATic_010-Ex1
HtA0201109B	Hte-ATic_011-Ex1-9B-lcwgs-2-T	Hte-ATic_011-Ex1
HtA0201210B	Hte-ATic_012-Ex1-10B-lcwgs-2-T	Hte-ATic_012-Ex1
HtA0201301B	Hte-ATic_013-Ex1-1B-lcwgs-2-T	Hte-ATic_013-Ex1
HtA0201503A	Hte-ATic_015-Ex1-3A-lcwgs-2-T	Hte-ATic_015-Ex1
HtA0201704D	Hte-ATic_017-Ex1-4D-lcwgs-2-T	Hte-ATic_017-Ex1
HtA0201805A	Hte-ATic_018-Ex1-5A-lcwgs-2-T	Hte-ATic_018-Ex1
HtA0201905F	Hte-ATic_019-Ex1-5F-lcwgs-2-T	Hte-ATic_019-Ex1
HtA0202006E	Hte-ATic_020-Ex1-6E-lcwgs-2-T	Hte-ATic_020-Ex1
HtA0202107C	Hte-ATic_021-Ex1-7C-lcwgs-2-T	Hte-ATic_021-Ex1
HtA0202208C	Hte-ATic_022-Ex1-8C-lcwgs-2-T	Hte-ATic_022-Ex1
HtA0202309C	Hte-ATic_023-Ex1-9C-lcwgs-2-T	Hte-ATic_023-Ex1
HtA0202410C	Hte-ATic_024-Ex1-10C-lcwgs-2-T	Hte-ATic_024-Ex1
HtA0202501C	Hte-ATic_025-Ex1-1C-lcwgs-2-T	Hte-ATic_025-Ex1
HtA0202602C	Hte-ATic_026-Ex1-2C-lcwgs-1-T	Hte-ATic_026-Ex1
HtA0202703B	Hte-ATic_027-Ex1-3B-lcwgs-2-T	Hte-ATic_027-Ex1
HtA0202904E	Hte-ATic_029-Ex1-4E-lcwgs-2-T	Hte-ATic_029-Ex1
HtA0203005B	Hte-ATic_030-Ex1-5B-lcwgs-2-T	Hte-ATic_030-Ex1
HtA0203105G	Hte-ATic_031-Ex1-5G-lcwgs-2-T	Hte-ATic_031-Ex1
HtA0203206H	Hte-ATic_032-Ex1-6H-lcwgs-1-T	Hte-ATic_032-Ex1
HtA0203307D	Hte-ATic_033-Ex1-7D-lcwgs-2-T	Hte-ATic_033-Ex1
HtA0203408D	Hte-ATic_034-Ex1-8D-lcwgs-2-T	Hte-ATic_034-Ex1
HtA0203509D	Hte-ATic_035-Ex1-9D-lcwgs-2-T	Hte-ATic_035-Ex1
HtA0203610D	Hte-ATic_036-Ex1-10D-lcwgs-2-T	Hte-ATic_036-Ex1
HtA0203701D	Hte-ATic_037-Ex1-1D-lcwgs-2-T	Hte-ATic_037-Ex1
HtA0203802C	Hte-ATic_038-Ex1-2C-lcwgs-2-T	Hte-ATic_038-Ex1
HtA0203903C	Hte-ATic_039-Ex1-3C-lcwgs-2-T	Hte-ATic_039-Ex1
HtA0204104G	Hte-ATic_041-Ex1-4G-lcwgs-1-T	Hte-ATic_041-Ex1
HtA0204406G	Hte-ATic_044-Ex1-6G-lcwgs-2-T	Hte-ATic_044-Ex1
HtA0204507E	Hte-ATic_045-Ex1-7E-lcwgs-2-T	Hte-ATic_045-Ex1
HtA0204608E	Hte-ATic_046-Ex1-8E-lcwgs-2-T	Hte-ATic_046-Ex1
HtA0204709E	Hte-ATic_047-Ex1-9E-lcwgs-2-T	Hte-ATic_047-Ex1
HtA0204810E	Hte-ATic_048-Ex1-10E-lcwgs-2-T	Hte-ATic_048-Ex1
HtA0204901E	Hte-ATic_049-Ex1-1E-lcwgs-2-T	Hte-ATic_049-Ex1
HtA0205002D	Hte-ATic_050-Ex1-2D-lcwgs-2-T	Hte-ATic_050-Ex1
HtA0205103D	Hte-ATic_051-Ex1-3D-lcwgs-2-T	Hte-ATic_051-Ex1
HtA0205405C	Hte-ATic_054-Ex1-5C-lcwgs-2-T	Hte-ATic_054-Ex1
HtA0205505H	Hte-ATic_055-Ex1-5H-lcwgs-2-T	Hte-ATic_055-Ex1
HtA0205606H	Hte-ATic_056-Ex1-6H-lcwgs-2-T	Hte-ATic_056-Ex1
HtA0205707F	Hte-ATic_057-Ex1-7F-lcwgs-2-T	Hte-ATic_057-Ex1
HtA0205808F	Hte-ATic_058-Ex1-8F-lcwgs-2-T	Hte-ATic_058-Ex1
HtA0205909F	Hte-ATic_059-Ex1-9F-lcwgs-2-T	Hte-ATic_059-Ex1
HtA0206010F	Hte-ATic_060-Ex1-10F-lcwgs-2-T	Hte-ATic_060-Ex1
HtA0206101F	Hte-ATic_061-Ex1-1F-lcwgs-2-T	Hte-ATic_061-Ex1
HtA0206202E	Hte-ATic_062-Ex1-2E-lcwgs-2-T	Hte-ATic_062-Ex1
HtA0206303E	Hte-ATic_063-Ex1-3E-lcwgs-2-T	Hte-ATic_063-Ex1
HtA0206706A	Hte-ATic_067-Ex1-6A-lcwgs-2-T	Hte-ATic_067-Ex1
HtA0206907G	Hte-ATic_069-Ex1-7G-lcwgs-2-T	Hte-ATic_069-Ex1
HtA0207008G	Hte-ATic_070-Ex1-8G-lcwgs-2-T	Hte-ATic_070-Ex1
HtA0207109G	Hte-ATic_071-Ex1-9G-lcwgs-2-T	Hte-ATic_071-Ex1
HtA0207210G	Hte-ATic_072-Ex1-10G-lcwgs-2-T	Hte-ATic_072-Ex1
HtA0207301G	Hte-ATic_073-Ex1-1G-lcwgs-2-T	Hte-ATic_073-Ex1
HtA0207402F	Hte-ATic_074-Ex1-2F-lcwgs-2-T	Hte-ATic_074-Ex1
HtA0207503F	Hte-ATic_075-Ex1-3F-lcwgs-2-T	Hte-ATic_075-Ex1
HtA0207604A	Hte-ATic_076-Ex1-4A-lcwgs-2-T	Hte-ATic_076-Ex1
HtA0207704F	Hte-ATic_077-Ex1-4F-lcwgs-2-T	Hte-ATic_077-Ex1
HtA0207805D	Hte-ATic_078-Ex1-5D-lcwgs-2-T	Hte-ATic_078-Ex1
HtA0207906B	Hte-ATic_079-Ex1-6B-lcwgs-2-T	Hte-ATic_079-Ex1
HtA0208007B	Hte-ATic_080-Ex1-7B-lcwgs-2-T	Hte-ATic_080-Ex1
HtA0208107H	Hte-ATic_081-Ex1-7H-lcwgs-2-T	Hte-ATic_081-Ex1
HtA0208208H	Hte-ATic_082-Ex1-8H-lcwgs-2-T	Hte-ATic_082-Ex1
HtA0208309H	Hte-ATic_083-Ex1-9H-lcwgs-2-T	Hte-ATic_083-Ex1
HtA0208410H	Hte-ATic_084-Ex1-10H-lcwgs-2-T	Hte-ATic_084-Ex1
HtA0208501H	Hte-ATic_085-Ex1-1H-lcwgs-2-T	Hte-ATic_085-Ex1
HtA0208602G	Hte-ATic_086-Ex1-2G-lcwgs-2-T	Hte-ATic_086-Ex1
HtA0208703G	Hte-ATic_087-Ex1-3G-lcwgs-2-T	Hte-ATic_087-Ex1
HtA0208804B4C	Hte-ATic_088-Ex1-4B4C-lcwgs-1and2-T	Hte-ATic_088-Ex1
HtA0208904G	Hte-ATic_089-Ex1-4G-lcwgs-2-T	Hte-ATic_089-Ex1
HtA0209106C	Hte-ATic_091-Ex1-6C-lcwgs-2-T	Hte-ATic_091-Ex1
HtA0209207E	Hte-ATic_092-Ex1-7E-lcwgs-1-T	Hte-ATic_092-Ex1
HtA0209308A	Hte-ATic_093-Ex1-8A-lcwgs-2-T	Hte-ATic_093-Ex1
HtA0209409A	Hte-ATic_094-Ex1-9A-lcwgs-2-T	Hte-ATic_094-Ex1
HtA0209510A	Hte-ATic_095-Ex1-10A-lcwgs-2-T	Hte-ATic_095-Ex1
HtA0209611A	Hte-ATic_096-Ex1-11A-lcwgs-2-T	Hte-ATic_096-Ex1
HtA0302211B	Hte-AMvi_022-Ex1-11B-lcwgs-2-T	Hte-AMvi_022-Ex1
HtA0302311C	Hte-AMvi_023-Ex1-11C-lcwgs-2-T	Hte-AMvi_023-Ex1
HtA0302411D	Hte-AMvi_024-Ex1-11D-lcwgs-2-T	Hte-AMvi_024-Ex1
HtA0302611E	Hte-AMvi_026-Ex1-11E-lcwgs-2-T	Hte-AMvi_026-Ex1
HtA0302711F	Hte-AMvi_027-Ex1-11F-lcwgs-2-T	Hte-AMvi_027-Ex1
HtA0302811G	Hte-AMvi_028-Ex1-11G-lcwgs-2-T	Hte-AMvi_028-Ex1
HtA0302911H	Hte-AMvi_029-Ex1-11H-lcwgs-2-T	Hte-AMvi_029-Ex1
HtA0303012A	Hte-AMvi_030-Ex1-12A-lcwgs-2-T	Hte-AMvi_030-Ex1
HtA0303112B	Hte-AMvi_031-Ex1-12B-lcwgs-2-T	Hte-AMvi_031-Ex1
HtA0303212C	Hte-AMvi_032-Ex1-12C-lcwgs-2-T	Hte-AMvi_032-Ex1
HtA0303312D	Hte-AMvi_033-Ex1-12D-lcwgs-2-T	Hte-AMvi_033-Ex1
HtA0303412E	Hte-AMvi_034-Ex1-12E-lcwgs-2-T	Hte-AMvi_034-Ex1
HtA0303512F	Hte-AMvi_035-Ex1-12F-lcwgs-2-T	Hte-AMvi_035-Ex1
HtA0303612G	Hte-AMvi_036-Ex1-12G-lcwgs-2-T	Hte-AMvi_036-Ex1
HtA0303712H	Hte-AMvi_037-Ex1-12H-lcwgs-2-T	Hte-AMvi_037-Ex1
HtA0303801A	Hte-AMvi_038-Ex1-1A-lcwgs-2-T	Hte-AMvi_038-Ex1
HtA0303901B	Hte-AMvi_039-Ex1-1B-lcwgs-2-T	Hte-AMvi_039-Ex1
HtA0304001C	Hte-AMvi_040-Ex1-1C-lcwgs-2-T	Hte-AMvi_040-Ex1
HtA0304101D	Hte-AMvi_041-Ex1-1D-lcwgs-2-T	Hte-AMvi_041-Ex1
HtA0304201E	Hte-AMvi_042-Ex1-1E-lcwgs-2-T	Hte-AMvi_042-Ex1
HtA0304301F	Hte-AMvi_043-Ex1-1F-lcwgs-2-T	Hte-AMvi_043-Ex1
HtA0304401G1B	Hte-AMvi_044-Ex1-1G1B-lcwgs-2and3-T	Hte-AMvi_044-Ex1
HtA0304501H	Hte-AMvi_045-Ex1-1H-lcwgs-2-T	Hte-AMvi_045-Ex1
HtA0304602A	Hte-AMvi_046-Ex1-2A-lcwgs-2-T	Hte-AMvi_046-Ex1
HtA0304702B	Hte-AMvi_047-Ex1-2B-lcwgs-2-T	Hte-AMvi_047-Ex1
HtA0304802G	Hte-AMvi_048-Ex1-2G-lcwgs-1-T	Hte-AMvi_048-Ex1
HtA0304902H	Hte-AMvi_049-Ex1-2H-lcwgs-1-T	Hte-AMvi_049-Ex1
HtA0305003A	Hte-AMvi_050-Ex1-3A-lcwgs-1-T	Hte-AMvi_050-Ex1
HtA0305103B	Hte-AMvi_051-Ex1-3B-lcwgs-1-T	Hte-AMvi_051-Ex1
HtA0305203C	Hte-AMvi_052-Ex1-3C-lcwgs-1-T	Hte-AMvi_052-Ex1
HtA0305303D	Hte-AMvi_053-Ex1-3D-lcwgs-1-T	Hte-AMvi_053-Ex1
HtA0305403E	Hte-AMvi_054-Ex1-3E-lcwgs-1-T	Hte-AMvi_054-Ex1
HtA0305503F	Hte-AMvi_055-Ex1-3F-lcwgs-1-T	Hte-AMvi_055-Ex1
HtA0305603G	Hte-AMvi_056-Ex1-3G-lcwgs-1-T	Hte-AMvi_056-Ex1
HtA0305703H	Hte-AMvi_057-Ex1-3H-lcwgs-1-T	Hte-AMvi_057-Ex1
HtA0305804A	Hte-AMvi_058-Ex1-4A-lcwgs-1-T	Hte-AMvi_058-Ex1
HtA0305904B	Hte-AMvi_059-Ex1-4B-lcwgs-1-T	Hte-AMvi_059-Ex1
HtA0306004C	Hte-AMvi_060-Ex1-4C-lcwgs-1-T	Hte-AMvi_060-Ex1
HtA0306104D	Hte-AMvi_061-Ex1-4D-lcwgs-1-T	Hte-AMvi_061-Ex1
HtA0400101A	Hte-ATaw_001-Ex1-1A-lcwgs-1-T	Hte-ATaw_001-Ex1
HtA0400201B	Hte-ATaw_002-Ex1-1B-lcwgs-1-T	Hte-ATaw_002-Ex1
HtA0400301C	Hte-ATaw_003-Ex1-1C-lcwgs-1-T	Hte-ATaw_003-Ex1
HtA0400401D	Hte-ATaw_004-Ex1-1D-lcwgs-1-T	Hte-ATaw_004-Ex1
HtA0400501E	Hte-ATaw_005-Ex1-1E-lcwgs-1-T	Hte-ATaw_005-Ex1
HtA0400601F	Hte-ATaw_006-Ex1-1F-lcwgs-1-T	Hte-ATaw_006-Ex1
HtA0400701G	Hte-ATaw_007-Ex1-1G-lcwgs-1-T	Hte-ATaw_007-Ex1
HtA0400801H	Hte-ATaw_008-Ex1-1H-lcwgs-1-T	Hte-ATaw_008-Ex1
HtA0400902A	Hte-ATaw_009-Ex1-2A-lcwgs-1-T	Hte-ATaw_009-Ex1
HtA0401002B	Hte-ATaw_010-Ex1-2B-lcwgs-1-T	Hte-ATaw_010-Ex1
HtA0401102C	Hte-ATaw_011-Ex1-2C-lcwgs-1-T	Hte-ATaw_011-Ex1
HtA0401202D	Hte-ATaw_012-Ex1-2D-lcwgs-1-T	Hte-ATaw_012-Ex1
HtA0401302E	Hte-ATaw_013-Ex1-2E-lcwgs-1-T	Hte-ATaw_013-Ex1
HtA0401402F	Hte-ATaw_014-Ex1-2F-lcwgs-1-T	Hte-ATaw_014-Ex1
HtA0401502G	Hte-ATaw_015-Ex1-2G-lcwgs-1-T	Hte-ATaw_015-Ex1
HtA0401602H	Hte-ATaw_016-Ex1-2H-lcwgs-1-T	Hte-ATaw_016-Ex1
HtA0401703A	Hte-ATaw_017-Ex1-3A-lcwgs-1-T	Hte-ATaw_017-Ex1
HtA0401803B	Hte-ATaw_018-Ex1-3B-lcwgs-1-T	Hte-ATaw_018-Ex1
HtA0401903C	Hte-ATaw_019-Ex1-3C-lcwgs-1-T	Hte-ATaw_019-Ex1
HtA0402003D	Hte-ATaw_020-Ex1-3D-lcwgs-1-T	Hte-ATaw_020-Ex1
HtA0402103E	Hte-ATaw_021-Ex1-3E-lcwgs-1-T	Hte-ATaw_021-Ex1
HtA0402203F	Hte-ATaw_022-Ex1-3F-lcwgs-1-T	Hte-ATaw_022-Ex1
HtA0402303G	Hte-ATaw_023-Ex1-3G-lcwgs-1-T	Hte-ATaw_023-Ex1
HtA0402403H	Hte-ATaw_024-Ex1-3H-lcwgs-1-T	Hte-ATaw_024-Ex1
HtA0402504A	Hte-ATaw_025-Ex1-4A-lcwgs-1-T	Hte-ATaw_025-Ex1
HtA0402604B	Hte-ATaw_026-Ex1-4B-lcwgs-1-T	Hte-ATaw_026-Ex1
HtA0402704C	Hte-ATaw_027-Ex1-4C-lcwgs-1-T	Hte-ATaw_027-Ex1
HtA0402804D	Hte-ATaw_028-Ex1-4D-lcwgs-1-T	Hte-ATaw_028-Ex1
HtA0402904E	Hte-ATaw_029-Ex1-4E-lcwgs-1-T	Hte-ATaw_029-Ex1
HtA0403004F	Hte-ATaw_030-Ex1-4F-lcwgs-1-T	Hte-ATaw_030-Ex1
HtA0403104G	Hte-ATaw_031-Ex1-4G-lcwgs-1-T	Hte-ATaw_031-Ex1
HtA0403204H	Hte-ATaw_032-Ex1-4H-lcwgs-1-T	Hte-ATaw_032-Ex1
HtA0403305A	Hte-ATaw_033-Ex1-5A-lcwgs-1-T	Hte-ATaw_033-Ex1
HtA0403405B	Hte-ATaw_034-Ex1-5B-lcwgs-1-T	Hte-ATaw_034-Ex1
HtA0403505C	Hte-ATaw_035-Ex1-5C-lcwgs-1-T	Hte-ATaw_035-Ex1
HtA0403605D	Hte-ATaw_036-Ex1-5D-lcwgs-1-T	Hte-ATaw_036-Ex1
HtA0403705E	Hte-ATaw_037-Ex1-5E-lcwgs-1-T	Hte-ATaw_037-Ex1
HtA0403805F	Hte-ATaw_038-Ex1-5F-lcwgs-1-T	Hte-ATaw_038-Ex1
HtA0403905G	Hte-ATaw_039-Ex1-5G-lcwgs-1-T	Hte-ATaw_039-Ex1
HtA0404005H	Hte-ATaw_040-Ex1-5H-lcwgs-1-T	Hte-ATaw_040-Ex1
HtA0404106A	Hte-ATaw_041-Ex1-6A-lcwgs-1-T	Hte-ATaw_041-Ex1
HtA0404206B	Hte-ATaw_042-Ex1-6B-lcwgs-1-T	Hte-ATaw_042-Ex1
HtA0404306C	Hte-ATaw_043-Ex1-6C-lcwgs-1-T	Hte-ATaw_043-Ex1
HtA0404406D	Hte-ATaw_044-Ex1-6D-lcwgs-1-T	Hte-ATaw_044-Ex1
HtA0404506E	Hte-ATaw_045-Ex1-6E-lcwgs-1-T	Hte-ATaw_045-Ex1
HtA0404606F	Hte-ATaw_046-Ex1-6F-lcwgs-1-T	Hte-ATaw_046-Ex1
HtA0404706G	Hte-ATaw_047-Ex1-6G-lcwgs-1-T	Hte-ATaw_047-Ex1
HtA0404806H	Hte-ATaw_048-Ex1-6H-lcwgs-1-T	Hte-ATaw_048-Ex1
HtA0404907A	Hte-ATaw_049-Ex1-7A-lcwgs-1-T	Hte-ATaw_049-Ex1
HtA0405007B	Hte-ATaw_050-Ex1-7B-lcwgs-1-T	Hte-ATaw_050-Ex1
HtA0405107C	Hte-ATaw_051-Ex1-7C-lcwgs-1-T	Hte-ATaw_051-Ex1
HtA0405207D	Hte-ATaw_052-Ex1-7D-lcwgs-1-T	Hte-ATaw_052-Ex1
HtA0405307E	Hte-ATaw_053-Ex1-7E-lcwgs-1-T	Hte-ATaw_053-Ex1
HtA0405407F	Hte-ATaw_054-Ex1-7F-lcwgs-1-T	Hte-ATaw_054-Ex1
HtA0405507G	Hte-ATaw_055-Ex1-7G-lcwgs-1-T	Hte-ATaw_055-Ex1
HtA0405607H	Hte-ATaw_056-Ex1-7H-lcwgs-1-T	Hte-ATaw_056-Ex1
HtA0405708A	Hte-ATaw_057-Ex1-8A-lcwgs-1-T	Hte-ATaw_057-Ex1
HtA0405808B	Hte-ATaw_058-Ex1-8B-lcwgs-1-T	Hte-ATaw_058-Ex1
HtA0405908C	Hte-ATaw_059-Ex1-8C-lcwgs-1-T	Hte-ATaw_059-Ex1
HtA0406008D	Hte-ATaw_060-Ex1-8D-lcwgs-1-T	Hte-ATaw_060-Ex1
HtA0406108E	Hte-ATaw_061-Ex1-8E-lcwgs-1-T	Hte-ATaw_061-Ex1
HtA0406208F	Hte-ATaw_062-Ex1-8F-lcwgs-1-T	Hte-ATaw_062-Ex1
HtA0406308G	Hte-ATaw_063-Ex1-8G-lcwgs-1-T	Hte-ATaw_063-Ex1
HtA0406408H	Hte-ATaw_064-Ex1-8H-lcwgs-1-T	Hte-ATaw_064-Ex1
HtA0406509A	Hte-ATaw_065-Ex1-9A-lcwgs-1-T	Hte-ATaw_065-Ex1
HtA0406609B	Hte-ATaw_066-Ex1-9B-lcwgs-1-T	Hte-ATaw_066-Ex1
HtA0406709C	Hte-ATaw_067-Ex1-9C-lcwgs-1-T	Hte-ATaw_067-Ex1
HtA0406809D	Hte-ATaw_068-Ex1-9D-lcwgs-1-T	Hte-ATaw_068-Ex1
HtA0406909E	Hte-ATaw_069-Ex1-9E-lcwgs-1-T	Hte-ATaw_069-Ex1
HtA0407009F	Hte-ATaw_070-Ex1-9F-lcwgs-1-T	Hte-ATaw_070-Ex1
HtA0407109G	Hte-ATaw_071-Ex1-9G-lcwgs-1-T	Hte-ATaw_071-Ex1
HtA0407209H	Hte-ATaw_072-Ex1-9H-lcwgs-1-T	Hte-ATaw_072-Ex1
HtA0407310A	Hte-ATaw_073-Ex1-10A-lcwgs-1-T	Hte-ATaw_073-Ex1
HtA0407410B	Hte-ATaw_074-Ex1-10B-lcwgs-1-T	Hte-ATaw_074-Ex1
HtA0407510C	Hte-ATaw_075-Ex1-10C-lcwgs-1-T	Hte-ATaw_075-Ex1
HtA0407610D	Hte-ATaw_076-Ex1-10D-lcwgs-1-T	Hte-ATaw_076-Ex1
HtA0407710E	Hte-ATaw_077-Ex1-10E-lcwgs-1-T	Hte-ATaw_077-Ex1
HtA0407810F	Hte-ATaw_078-Ex1-10F-lcwgs-1-T	Hte-ATaw_078-Ex1
HtA0500101A	Hte-ABur_001-Ex1-1A-lcwgs-1-T	Hte-ABur_001-Ex1
HtA0500201B	Hte-ABur_002-Ex1-1B-lcwgs-1-T	Hte-ABur_002-Ex1
HtA0500301C	Hte-ABur_003-Ex1-1C-lcwgs-1-T	Hte-ABur_003-Ex1
HtA0500401D	Hte-ABur_004-Ex1-1D-lcwgs-1-T	Hte-ABur_004-Ex1
HtA0500501E	Hte-ABur_005-Ex1-1E-lcwgs-1-T	Hte-ABur_005-Ex1
HtA0500601F	Hte-ABur_006-Ex1-1F-lcwgs-1-T	Hte-ABur_006-Ex1
HtA0500701G	Hte-ABur_007-Ex1-1G-lcwgs-1-T	Hte-ABur_007-Ex1
HtA0500801H	Hte-ABur_008-Ex1-1H-lcwgs-1-T	Hte-ABur_008-Ex1
HtA0500902A	Hte-ABur_009-Ex1-2A-lcwgs-1-T	Hte-ABur_009-Ex1
HtA0501002B	Hte-ABur_010-Ex1-2B-lcwgs-1-T	Hte-ABur_010-Ex1
HtA0501102C	Hte-ABur_011-Ex1-2C-lcwgs-1-T	Hte-ABur_011-Ex1
HtA0501202D	Hte-ABur_012-Ex1-2D-lcwgs-1-T	Hte-ABur_012-Ex1
HtA0501302E	Hte-ABur_013-Ex1-2E-lcwgs-1-T	Hte-ABur_013-Ex1
HtA0501402F	Hte-ABur_014-Ex1-2F-lcwgs-1-T	Hte-ABur_014-Ex1
HtA0501502G	Hte-ABur_015-Ex1-2G-lcwgs-1-T	Hte-ABur_015-Ex1
HtA0501602H	Hte-ABur_016-Ex1-2H-lcwgs-1-T	Hte-ABur_016-Ex1
HtA0501703A	Hte-ABur_017-Ex1-3A-lcwgs-1-T	Hte-ABur_017-Ex1
HtA0501803B	Hte-ABur_018-Ex1-3B-lcwgs-1-T	Hte-ABur_018-Ex1
HtA0501903C	Hte-ABur_019-Ex1-3C-lcwgs-1-T	Hte-ABur_019-Ex1
HtA0502003D	Hte-ABur_020-Ex1-3D-lcwgs-1-T	Hte-ABur_020-Ex1
HtA0502103E	Hte-ABur_021-Ex1-3E-lcwgs-1-T	Hte-ABur_021-Ex1
HtA0502203F	Hte-ABur_022-Ex1-3F-lcwgs-1-T	Hte-ABur_022-Ex1
HtA0502303G	Hte-ABur_023-Ex1-3G-lcwgs-1-T	Hte-ABur_023-Ex1
HtA0502403H	Hte-ABur_024-Ex1-3H-lcwgs-1-T	Hte-ABur_024-Ex1
HtA0502504A	Hte-ABur_025-Ex1-4A-lcwgs-1-T	Hte-ABur_025-Ex1
HtA0502604B	Hte-ABur_026-Ex1-4B-lcwgs-1-T	Hte-ABur_026-Ex1
HtA0502704C	Hte-ABur_027-Ex1-4C-lcwgs-1-T	Hte-ABur_027-Ex1
HtA0502804D	Hte-ABur_028-Ex1-4D-lcwgs-1-T	Hte-ABur_028-Ex1
HtA0502904E	Hte-ABur_029-Ex1-4E-lcwgs-1-T	Hte-ABur_029-Ex1
HtA0503004F	Hte-ABur_030-Ex1-4F-lcwgs-1-T	Hte-ABur_030-Ex1
HtA0503104G	Hte-ABur_031-Ex1-4G-lcwgs-1-T	Hte-ABur_031-Ex1
HtA0503204H	Hte-ABur_032-Ex1-4H-lcwgs-1-T	Hte-ABur_032-Ex1
HtA0503305A	Hte-ABur_033-Ex1-5A-lcwgs-1-T	Hte-ABur_033-Ex1
HtA0503405B	Hte-ABur_034-Ex1-5B-lcwgs-1-T	Hte-ABur_034-Ex1
HtA0503505C	Hte-ABur_035-Ex1-5C-lcwgs-1-T	Hte-ABur_035-Ex1
HtA0503605D	Hte-ABur_036-Ex1-5D-lcwgs-1-T	Hte-ABur_036-Ex1
HtA0503705E	Hte-ABur_037-Ex1-5E-lcwgs-1-T	Hte-ABur_037-Ex1
HtA0503805F	Hte-ABur_038-Ex1-5F-lcwgs-1-T	Hte-ABur_038-Ex1
HtA0503905G	Hte-ABur_039-Ex1-5G-lcwgs-1-T	Hte-ABur_039-Ex1
HtA0504005H	Hte-ABur_040-Ex1-5H-lcwgs-1-T	Hte-ABur_040-Ex1
HtA0504106A	Hte-ABur_041-Ex1-6A-lcwgs-1-T	Hte-ABur_041-Ex1
HtA0504206B	Hte-ABur_042-Ex1-6B-lcwgs-1-T	Hte-ABur_042-Ex1
HtA0504306C	Hte-ABur_043-Ex1-6C-lcwgs-1-T	Hte-ABur_043-Ex1
HtA0504406D	Hte-ABur_044-Ex1-6D-lcwgs-1-T	Hte-ABur_044-Ex1
HtA0504506E	Hte-ABur_045-Ex1-6E-lcwgs-1-T	Hte-ABur_045-Ex1
HtA0504606F	Hte-ABur_046-Ex1-6F-lcwgs-1-T	Hte-ABur_046-Ex1
HtA0504706G	Hte-ABur_047-Ex1-6G-lcwgs-1-T	Hte-ABur_047-Ex1
HtA0504806H	Hte-ABur_048-Ex1-6H-lcwgs-1-T	Hte-ABur_048-Ex1
HtA0504907A	Hte-ABur_049-Ex1-7A-lcwgs-1-T	Hte-ABur_049-Ex1
HtA0505007B	Hte-ABur_050-Ex1-7B-lcwgs-1-T	Hte-ABur_050-Ex1
HtA0505107C	Hte-ABur_051-Ex1-7C-lcwgs-1-T	Hte-ABur_051-Ex1
HtA0505207D	Hte-ABur_052-Ex1-7D-lcwgs-1-T	Hte-ABur_052-Ex1
HtA0505307E	Hte-ABur_053-Ex1-7E-lcwgs-1-T	Hte-ABur_053-Ex1
HtA0505407F	Hte-ABur_054-Ex1-7F-lcwgs-1-T	Hte-ABur_054-Ex1
HtA0505507G	Hte-ABur_055-Ex1-7G-lcwgs-1-T	Hte-ABur_055-Ex1
HtA0505607H	Hte-ABur_056-Ex1-7H-lcwgs-1-T	Hte-ABur_056-Ex1
HtA0505708A	Hte-ABur_057-Ex1-8A-lcwgs-1-T	Hte-ABur_057-Ex1
HtA0505808B	Hte-ABur_058-Ex1-8B-lcwgs-1-T	Hte-ABur_058-Ex1
HtA0505908C	Hte-ABur_059-Ex1-8C-lcwgs-1-T	Hte-ABur_059-Ex1
HtA0506008D	Hte-ABur_060-Ex1-8D-lcwgs-1-T	Hte-ABur_060-Ex1
HtA0506108E	Hte-ABur_061-Ex1-8E-lcwgs-1-T	Hte-ABur_061-Ex1
HtA0506208F	Hte-ABur_062-Ex1-8F-lcwgs-1-T	Hte-ABur_062-Ex1
HtA0506308G	Hte-ABur_063-Ex1-8G-lcwgs-1-T	Hte-ABur_063-Ex1
HtA0506408H	Hte-ABur_064-Ex1-8H-lcwgs-1-T	Hte-ABur_064-Ex1
HtA0506509A	Hte-ABur_065-Ex1-9A-lcwgs-1-T	Hte-ABur_065-Ex1
HtA0506609B	Hte-ABur_066-Ex1-9B-lcwgs-1-T	Hte-ABur_066-Ex1
HtA0506709C	Hte-ABur_067-Ex1-9C-lcwgs-1-T	Hte-ABur_067-Ex1
HtA0506809D	Hte-ABur_068-Ex1-9D-lcwgs-1-T	Hte-ABur_068-Ex1
HtA0506909E	Hte-ABur_069-Ex1-9E-lcwgs-1-T	Hte-ABur_069-Ex1
HtA0507009F	Hte-ABur_070-Ex1-9F-lcwgs-1-T	Hte-ABur_070-Ex1
HtA0507109G	Hte-ABur_071-Ex1-9G-lcwgs-1-T	Hte-ABur_071-Ex1
HtA0507209H	Hte-ABur_072-Ex1-9H-lcwgs-1-T	Hte-ABur_072-Ex1
HtA0507310A	Hte-ABur_073-Ex1-10A-lcwgs-1-T	Hte-ABur_073-Ex1
HtA0507410B	Hte-ABur_074-Ex1-10B-lcwgs-1-T	Hte-ABur_074-Ex1
HtA0507510C	Hte-ABur_075-Ex1-10C-lcwgs-1-T	Hte-ABur_075-Ex1
HtA0507610D	Hte-ABur_076-Ex1-10D-lcwgs-1-T	Hte-ABur_076-Ex1
HtA0507710E	Hte-ABur_077-Ex1-10E-lcwgs-1-T	Hte-ABur_077-Ex1
HtA0507810F	Hte-ABur_078-Ex1-10F-lcwgs-1-T	Hte-ABur_078-Ex1
HtA0507910G	Hte-ABur_079-Ex1-10G-lcwgs-1-T	Hte-ABur_079-Ex1
HtA0508010H	Hte-ABur_080-Ex1-10H-lcwgs-1-T	Hte-ABur_080-Ex1
HtA0508111A	Hte-ABur_081-Ex1-11A-lcwgs-1-T	Hte-ABur_081-Ex1
HtA0508211B	Hte-ABur_082-Ex1-11B-lcwgs-1-T	Hte-ABur_082-Ex1
HtA0508311C	Hte-ABur_083-Ex1-11C-lcwgs-1-T	Hte-ABur_083-Ex1
HtA0508411D	Hte-ABur_084-Ex1-11D-lcwgs-1-T	Hte-ABur_084-Ex1
HtA0508511E	Hte-ABur_085-Ex1-11E-lcwgs-1-T	Hte-ABur_085-Ex1
HtA0508611F	Hte-ABur_086-Ex1-11F-lcwgs-1-T	Hte-ABur_086-Ex1
HtA0508711G	Hte-ABur_087-Ex1-11G-lcwgs-1-T	Hte-ABur_087-Ex1
HtA0508811H	Hte-ABur_088-Ex1-11H-lcwgs-1-T	Hte-ABur_088-Ex1
HtA0508912A	Hte-ABur_089-Ex1-12A-lcwgs-1-T	Hte-ABur_089-Ex1
HtA0509012B	Hte-ABur_090-Ex1-12B-lcwgs-1-T	Hte-ABur_090-Ex1
HtA0509112C	Hte-ABur_091-Ex1-12C-lcwgs-1-T	Hte-ABur_091-Ex1
HtA0509212D	Hte-ABur_092-Ex1-12D-lcwgs-1-T	Hte-ABur_092-Ex1
HtA0509312E	Hte-ABur_093-Ex1-12E-lcwgs-1-T	Hte-ABur_093-Ex1
HtA0509412F	Hte-ABur_094-Ex1-12F-lcwgs-1-T	Hte-ABur_094-Ex1
HtA0509512G	Hte-ABur_095-Ex1-12G-lcwgs-1-T	Hte-ABur_095-Ex1
HtA0509612H	Hte-ABur_096-Ex1-12H-lcwgs-1-T	Hte-ABur_096-Ex1
HtA0600101A	Hte-AJol_001-Ex1-1A-lcwgs-1-T	Hte-AJol_001-Ex1
HtA0600110G	Hte-APnd_001-Ex1-10G-lcwgs-1-T	Hte-APnd_001-Ex1
HtA0600202A	Hte-AJol_002-Ex1-2A-lcwgs-1-T	Hte-AJol_002-Ex1
HtA0600210H	Hte-APnd_002-Ex1-10H-lcwgs-1-T	Hte-APnd_002-Ex1
HtA0600303A	Hte-AJol_003-Ex1-3A-lcwgs-1-T	Hte-AJol_003-Ex1
HtA0600311A	Hte-APnd_003-Ex1-11A-lcwgs-1-T	Hte-APnd_003-Ex1
HtA0600404A	Hte-AJol_004-Ex1-4A-lcwgs-1-T	Hte-AJol_004-Ex1
HtA0600411B	Hte-APnd_004-Ex1-11B-lcwgs-1-T	Hte-APnd_004-Ex1
HtA0600505A	Hte-AJol_005-Ex1-5A-lcwgs-1-T	Hte-AJol_005-Ex1
HtA0600511C	Hte-APnd_005-Ex1-11C-lcwgs-1-T	Hte-APnd_005-Ex1
HtA0600606A	Hte-AJol_006-Ex1-6A-lcwgs-1-T	Hte-AJol_006-Ex1
HtA0600611D	Hte-APnd_006-Ex1-11D-lcwgs-1-T	Hte-APnd_006-Ex1
HtA0600707A	Hte-AJol_007-Ex1-7A-lcwgs-1-T	Hte-AJol_007-Ex1
HtA0600711E	Hte-APnd_007-Ex1-11E-lcwgs-1-T	Hte-APnd_007-Ex1
HtA0600808A	Hte-AJol_008-Ex1-8A-lcwgs-1-T	Hte-AJol_008-Ex1
HtA0600811F	Hte-APnd_008-Ex1-11F-lcwgs-1-T	Hte-APnd_008-Ex1
HtA0600909A	Hte-AJol_009-Ex1-9A-lcwgs-1-T	Hte-AJol_009-Ex1
HtA0600911G	Hte-APnd_009-Ex1-11G-lcwgs-1-T	Hte-APnd_009-Ex1
HtA0601010A	Hte-AJol_010-Ex1-10A-lcwgs-1-T	Hte-AJol_010-Ex1
HtA0601011H	Hte-APnd_010-Ex1-11H-lcwgs-1-T	Hte-APnd_010-Ex1
HtA0601111A	Hte-AJol_011-Ex1-11A-lcwgs-1-T	Hte-AJol_011-Ex1
HtA0601112A	Hte-APnd_011-Ex1-12A-lcwgs-1-T	Hte-APnd_011-Ex1
HtA0601212A	Hte-AJol_012-Ex1-12A-lcwgs-1-T	Hte-AJol_012-Ex1
HtA0601212B	Hte-APnd_012-Ex1-12B-lcwgs-1-T	Hte-APnd_012-Ex1
HtA0601301B	Hte-AJol_013-Ex1-1B-lcwgs-1-T	Hte-AJol_013-Ex1
HtA0601312C	Hte-APnd_013-Ex1-12C-lcwgs-1-T	Hte-APnd_013-Ex1
HtA0601402B	Hte-AJol_014-Ex1-2B-lcwgs-1-T	Hte-AJol_014-Ex1
HtA0601412D	Hte-APnd_014-Ex1-12D-lcwgs-1-T	Hte-APnd_014-Ex1
HtA0601503B	Hte-AJol_015-Ex1-3B-lcwgs-1-T	Hte-AJol_015-Ex1
HtA0601512E	Hte-APnd_015-Ex1-12E-lcwgs-1-T	Hte-APnd_015-Ex1
HtA0601604B	Hte-AJol_016-Ex1-4B-lcwgs-1-T	Hte-AJol_016-Ex1
HtA0601612F	Hte-APnd_016-Ex1-12F-lcwgs-1-T	Hte-APnd_016-Ex1
HtA0601705B	Hte-AJol_017-Ex1-5B-lcwgs-1-T	Hte-AJol_017-Ex1
HtA0601712G	Hte-APnd_017-Ex1-12G-lcwgs-1-T	Hte-APnd_017-Ex1
HtA0601806B	Hte-AJol_018-Ex1-6B-lcwgs-1-T	Hte-AJol_018-Ex1
HtA0601812H	Hte-APnd_018-Ex1-12H-lcwgs-1-T	Hte-APnd_018-Ex1
HtA0601901A	Hte-APnd_019-Ex1-1A-lcwgs-1-T	Hte-APnd_019-Ex1
HtA0601907B	Hte-AJol_019-Ex1-7B-lcwgs-1-T	Hte-AJol_019-Ex1
HtA0602001B	Hte-APnd_020-Ex1-1B-lcwgs-1-T	Hte-APnd_020-Ex1
HtA0602008B	Hte-AJol_020-Ex1-8B-lcwgs-1-T	Hte-AJol_020-Ex1
HtA0602101C	Hte-APnd_021-Ex1-1C-lcwgs-1-T	Hte-APnd_021-Ex1
HtA0602109B	Hte-AJol_021-Ex1-9B-lcwgs-1-T	Hte-AJol_021-Ex1
HtA0602201D	Hte-APnd_022-Ex1-1D-lcwgs-1-T	Hte-APnd_022-Ex1
HtA0602210B	Hte-AJol_022-Ex1-10B-lcwgs-1-T	Hte-AJol_022-Ex1
HtA0602301E	Hte-APnd_023-Ex1-1E-lcwgs-1-T	Hte-APnd_023-Ex1
HtA0602311B	Hte-AJol_023-Ex1-11B-lcwgs-1-T	Hte-AJol_023-Ex1
HtA0602401F	Hte-APnd_024-Ex1-1F-lcwgs-1-T	Hte-APnd_024-Ex1
HtA0602412B	Hte-AJol_024-Ex1-12B-lcwgs-1-T	Hte-AJol_024-Ex1
HtA0602501C	Hte-AJol_025-Ex1-1C-lcwgs-1-T	Hte-AJol_025-Ex1
HtA0602501G	Hte-APnd_025-Ex1-1G-lcwgs-1-T	Hte-APnd_025-Ex1
HtA0602601H	Hte-APnd_026-Ex1-1H-lcwgs-1-T	Hte-APnd_026-Ex1
HtA0602602C	Hte-AJol_026-Ex1-2C-lcwgs-1-T	Hte-AJol_026-Ex1
HtA0602702A	Hte-APnd_027-Ex1-2A-lcwgs-1-T	Hte-APnd_027-Ex1
HtA0602703C	Hte-AJol_027-Ex1-3C-lcwgs-1-T	Hte-AJol_027-Ex1
HtA0602802B	Hte-APnd_028-Ex1-2B-lcwgs-1-T	Hte-APnd_028-Ex1
HtA0602804C	Hte-AJol_028-Ex1-4C-lcwgs-1-T	Hte-AJol_028-Ex1
HtA0602902C	Hte-APnd_029-Ex1-2C-lcwgs-1-T	Hte-APnd_029-Ex1
HtA0602905C	Hte-AJol_029-Ex1-5C-lcwgs-1-T	Hte-AJol_029-Ex1
HtA0603002D	Hte-APnd_030-Ex1-2D-lcwgs-1-T	Hte-APnd_030-Ex1
HtA0603006C	Hte-AJol_030-Ex1-6C-lcwgs-1-T	Hte-AJol_030-Ex1
HtA0603102E	Hte-APnd_031-Ex1-2E-lcwgs-1-T	Hte-APnd_031-Ex1
HtA0603107C	Hte-AJol_031-Ex1-7C-lcwgs-1-T	Hte-AJol_031-Ex1
HtA0603202F	Hte-APnd_032-Ex1-2F-lcwgs-1-T	Hte-APnd_032-Ex1
HtA0603208C	Hte-AJol_032-Ex1-8C-lcwgs-1-T	Hte-AJol_032-Ex1
HtA0603309C	Hte-AJol_033-Ex1-9C-lcwgs-1-T	Hte-AJol_033-Ex1
HtA0603410C	Hte-AJol_034-Ex1-10C-lcwgs-1-T	Hte-AJol_034-Ex1
HtA0603511C	Hte-AJol_035-Ex1-11C-lcwgs-1-T	Hte-AJol_035-Ex1
HtA0603612C	Hte-AJol_036-Ex1-12C-lcwgs-1-T	Hte-AJol_036-Ex1
HtA0603701D	Hte-AJol_037-Ex1-1D-lcwgs-1-T	Hte-AJol_037-Ex1
HtA0603802D	Hte-AJol_038-Ex1-2D-lcwgs-1-T	Hte-AJol_038-Ex1
HtA0603903D	Hte-AJol_039-Ex1-3D-lcwgs-1-T	Hte-AJol_039-Ex1
HtA0604004D	Hte-AJol_040-Ex1-4D-lcwgs-1-T	Hte-AJol_040-Ex1
HtA0604105D	Hte-AJol_041-Ex1-5D-lcwgs-1-T	Hte-AJol_041-Ex1
HtA0604206D	Hte-AJol_042-Ex1-6D-lcwgs-1-T	Hte-AJol_042-Ex1
HtA0604307D	Hte-AJol_043-Ex1-7D-lcwgs-1-T	Hte-AJol_043-Ex1
HtA0604408D	Hte-AJol_044-Ex1-8D-lcwgs-1-T	Hte-AJol_044-Ex1
HtA0604509D	Hte-AJol_045-Ex1-9D-lcwgs-1-T	Hte-AJol_045-Ex1
HtA0604610D	Hte-AJol_046-Ex1-10D-lcwgs-1-T	Hte-AJol_046-Ex1
HtA0604711D	Hte-AJol_047-Ex1-11D-lcwgs-1-T	Hte-AJol_047-Ex1
HtA0604812D	Hte-AJol_048-Ex1-12D-lcwgs-1-T	Hte-AJol_048-Ex1
HtA0604901E	Hte-AJol_049-Ex1-1E-lcwgs-1-T	Hte-AJol_049-Ex1
HtA0605002E	Hte-AJol_050-Ex1-2E-lcwgs-1-T	Hte-AJol_050-Ex1
HtA0605103E	Hte-AJol_051-Ex1-3E-lcwgs-1-T	Hte-AJol_051-Ex1
HtA0605204E	Hte-AJol_052-Ex1-4E-lcwgs-1-T	Hte-AJol_052-Ex1
HtA0605305E	Hte-AJol_053-Ex1-5E-lcwgs-1-T	Hte-AJol_053-Ex1
HtA0605406E	Hte-AJol_054-Ex1-6E-lcwgs-1-T	Hte-AJol_054-Ex1
HtA0605507E	Hte-AJol_055-Ex1-7E-lcwgs-1-T	Hte-AJol_055-Ex1
HtA0605608E	Hte-AJol_056-Ex1-8E-lcwgs-1-T	Hte-AJol_056-Ex1
HtA0605709E	Hte-AJol_057-Ex1-9E-lcwgs-1-T	Hte-AJol_057-Ex1
HtA0605810E	Hte-AJol_058-Ex1-10E-lcwgs-1-T	Hte-AJol_058-Ex1
HtA0605911E	Hte-AJol_059-Ex1-11E-lcwgs-1-T	Hte-AJol_059-Ex1
HtA0606012E	Hte-AJol_060-Ex1-12E-lcwgs-1-T	Hte-AJol_060-Ex1
HtA0606101F	Hte-AJol_061-Ex1-1F-lcwgs-1-T	Hte-AJol_061-Ex1
HtA0606202F	Hte-AJol_062-Ex1-2F-lcwgs-1-T	Hte-AJol_062-Ex1
HtA0606303F	Hte-AJol_063-Ex1-3F-lcwgs-1-T	Hte-AJol_063-Ex1
HtA0606404F	Hte-AJol_064-Ex1-4F-lcwgs-1-T	Hte-AJol_064-Ex1
HtA0606505F	Hte-AJol_065-Ex1-5F-lcwgs-1-T	Hte-AJol_065-Ex1
HtA0606606F	Hte-AJol_066-Ex1-6F-lcwgs-1-T	Hte-AJol_066-Ex1
HtA0606707F	Hte-AJol_067-Ex1-7F-lcwgs-1-T	Hte-AJol_067-Ex1
HtA0606808F	Hte-AJol_068-Ex1-8F-lcwgs-1-T	Hte-AJol_068-Ex1
HtA0606909F	Hte-AJol_069-Ex1-9F-lcwgs-1-T	Hte-AJol_069-Ex1
HtA0607010F	Hte-AJol_070-Ex1-10F-lcwgs-1-T	Hte-AJol_070-Ex1
HtA0607111F	Hte-AJol_071-Ex1-11F-lcwgs-1-T	Hte-AJol_071-Ex1
HtA0607212F	Hte-AJol_072-Ex1-12F-lcwgs-1-T	Hte-AJol_072-Ex1
HtA0607301G	Hte-AJol_073-Ex1-1G-lcwgs-1-T	Hte-AJol_073-Ex1
HtA0607402G	Hte-AJol_074-Ex1-2G-lcwgs-1-T	Hte-AJol_074-Ex1
HtA0607503G	Hte-AJol_075-Ex1-3G-lcwgs-1-T	Hte-AJol_075-Ex1
HtA0607604G	Hte-AJol_076-Ex1-4G-lcwgs-1-T	Hte-AJol_076-Ex1
HtA0607705G	Hte-AJol_077-Ex1-5G-lcwgs-1-T	Hte-AJol_077-Ex1
HtA0607806G	Hte-AJol_078-Ex1-6G-lcwgs-1-T	Hte-AJol_078-Ex1
HtA0607907G	Hte-AJol_079-Ex1-7G-lcwgs-1-T	Hte-AJol_079-Ex1
HtA0608008G	Hte-AJol_080-Ex1-8G-lcwgs-1-T	Hte-AJol_080-Ex1
HtA0608109G	Hte-AJol_081-Ex1-9G-lcwgs-1-T	Hte-AJol_081-Ex1
HtA0608210G	Hte-AJol_082-Ex1-10G-lcwgs-1-T	Hte-AJol_082-Ex1
HtA0608311G	Hte-AJol_083-Ex1-11G-lcwgs-1-T	Hte-AJol_083-Ex1
HtA0608412G	Hte-AJol_084-Ex1-12G-lcwgs-1-T	Hte-AJol_084-Ex1
HtA0608501H	Hte-AJol_085-Ex1-1H-lcwgs-1-T	Hte-AJol_085-Ex1
HtA0608602H	Hte-AJol_086-Ex1-2H-lcwgs-1-T	Hte-AJol_086-Ex1
HtA0608703H	Hte-AJol_087-Ex1-3H-lcwgs-1-T	Hte-AJol_087-Ex1
HtA0608804H	Hte-AJol_088-Ex1-4H-lcwgs-1-T	Hte-AJol_088-Ex1
HtA0608905H	Hte-AJol_089-Ex1-5H-lcwgs-1-T	Hte-AJol_089-Ex1
HtA0609006H	Hte-AJol_090-Ex1-6H-lcwgs-1-T	Hte-AJol_090-Ex1
HtA0609107H	Hte-AJol_091-Ex1-7H-lcwgs-1-T	Hte-AJol_091-Ex1
HtA0609208H	Hte-AJol_092-Ex1-8H-lcwgs-1-T	Hte-AJol_092-Ex1
HtA0609309H	Hte-AJol_093-Ex1-9H-lcwgs-1-T	Hte-AJol_093-Ex1
HtA0609410H	Hte-AJol_094-Ex1-10H-lcwgs-1-T	Hte-AJol_094-Ex1
HtA0609511H	Hte-AJol_095-Ex1-11H-lcwgs-1-T	Hte-AJol_095-Ex1
HtA0609612H	Hte-AJol_096-Ex1-12H-lcwgs-1-T	Hte-AJol_096-Ex1
HtA0700102C1D	Hte-AMvi_001-Ex1-2C1D-lcwgs-2and3-T	Hte-AMvi_001-Ex1
HtA0700202D	Hte-AMvi_002-Ex1-2D-lcwgs-2-T	Hte-AMvi_002-Ex1
HtA0700302E	Hte-AMvi_003-Ex1-2E-lcwgs-2-T	Hte-AMvi_003-Ex1
HtA0700401F	Hte-AMvi_004-Ex1-1F-lcwgs-3-T	Hte-AMvi_004-Ex1
HtA0700502G1G	Hte-AMvi_005-Ex1-2G1G-lcwgs-2and3-T	Hte-AMvi_005-Ex1
HtA0700602H	Hte-AMvi_006-Ex1-2H-lcwgs-2-T	Hte-AMvi_006-Ex1
HtA0700703A	Hte-AMvi_007-Ex1-3A-lcwgs-2-T	Hte-AMvi_007-Ex1
HtA0700803B	Hte-AMvi_008-Ex1-3B-lcwgs-2-T	Hte-AMvi_008-Ex1
HtA0700903C	Hte-AMvi_009-Ex1-3C-lcwgs-2-T	Hte-AMvi_009-Ex1
HtA0701003D	Hte-AMvi_010-Ex1-3D-lcwgs-2-T	Hte-AMvi_010-Ex1
HtA0701103E	Hte-AMvi_011-Ex1-3E-lcwgs-2-T	Hte-AMvi_011-Ex1
HtA0701203F	Hte-AMvi_012-Ex1-3F-lcwgs-2-T	Hte-AMvi_012-Ex1
HtA0701403H	Hte-AMvi_014-Ex1-3H-lcwgs-2-T	Hte-AMvi_014-Ex1
HtA0701504A2B	Hte-AMvi_015-Ex1-4A2B-lcwgs-2and3-T	Hte-AMvi_015-Ex1
HtA0701604B2C	Hte-AMvi_016-Ex1-4B2C-lcwgs-2and3-T	Hte-AMvi_016-Ex1
HtA0701704C2D	Hte-AMvi_017-Ex1-4C2D-lcwgs-2and3-T	Hte-AMvi_017-Ex1
HtA0701804D2E	Hte-AMvi_018-Ex1-4D2E-lcwgs-2and3-T	Hte-AMvi_018-Ex1
HtA0702004F	Hte-AMvi_020-Ex1-4F-lcwgs-2-T	Hte-AMvi_020-Ex1
HtC0100303A	Hte-CTic_003-Ex1-3A-lcwgs-1-T	Hte-CTic_003-Ex1
HtC0100404A	Hte-CTic_004-Ex1-4A-lcwgs-1-T	Hte-CTic_004-Ex1
HtC0100505A	Hte-CTic_005-Ex1-5A-lcwgs-1-T	Hte-CTic_005-Ex1
HtC0100606A	Hte-CTic_006-Ex1-6A-lcwgs-1-T	Hte-CTic_006-Ex1
HtC0100707A	Hte-CTic_007-Ex1-7A-lcwgs-1-T	Hte-CTic_007-Ex1
HtC0100807H	Hte-CTic_008-Ex1-7H-lcwgs-1-T	Hte-CTic_008-Ex1
HtC0101503B	Hte-CTic_015-Ex1-3B-lcwgs-1-T	Hte-CTic_015-Ex1
HtC0101604B	Hte-CTic_016-Ex1-4B-lcwgs-1-T	Hte-CTic_016-Ex1
HtC0101705B	Hte-CTic_017-Ex1-5B-lcwgs-1-T	Hte-CTic_017-Ex1
HtC0101806B	Hte-CTic_018-Ex1-6B-lcwgs-1-T	Hte-CTic_018-Ex1
HtC0101907B	Hte-CTic_019-Ex1-7B-lcwgs-1-T	Hte-CTic_019-Ex1
HtC0102008A	Hte-CTic_020-Ex1-8A-lcwgs-1-T	Hte-CTic_020-Ex1
HtC0102602C	Hte-CTic_026-Ex1-2C-lcwgs-1-T	Hte-CTic_026-Ex1
HtC0102703C	Hte-CTic_027-Ex1-3C-lcwgs-1-T	Hte-CTic_027-Ex1
HtC0102804C	Hte-CTic_028-Ex1-4C-lcwgs-1-T	Hte-CTic_028-Ex1
HtC0102905C	Hte-CTic_029-Ex1-5C-lcwgs-1-T	Hte-CTic_029-Ex1
HtC0103208B	Hte-CTic_032-Ex1-8B-lcwgs-1-T	Hte-CTic_032-Ex1
HtC0103802D	Hte-CTic_038-Ex1-2D-lcwgs-1-T	Hte-CTic_038-Ex1
HtC0103903D	Hte-CTic_039-Ex1-3D-lcwgs-1-T	Hte-CTic_039-Ex1
HtC0104004D	Hte-CTic_040-Ex1-4D-lcwgs-1-T	Hte-CTic_040-Ex1
HtC0104206D	Hte-CTic_042-Ex1-6D-lcwgs-1-T	Hte-CTic_042-Ex1
HtC0104307D	Hte-CTic_043-Ex1-7D-lcwgs-1-T	Hte-CTic_043-Ex1
HtC0104408C	Hte-CTic_044-Ex1-8C-lcwgs-1-T	Hte-CTic_044-Ex1
HtC0105002E	Hte-CTic_050-Ex1-2E-lcwgs-1-T	Hte-CTic_050-Ex1
HtC0105103E	Hte-CTic_051-Ex1-3E-lcwgs-1-T	Hte-CTic_051-Ex1
HtC0105204E	Hte-CTic_052-Ex1-4E-lcwgs-1-T	Hte-CTic_052-Ex1
HtC0105305E	Hte-CTic_053-Ex1-5E-lcwgs-1-T	Hte-CTic_053-Ex1
HtC0105406E	Hte-CTic_054-Ex1-6E-lcwgs-1-T	Hte-CTic_054-Ex1
HtC0105507E	Hte-CTic_055-Ex1-7E-lcwgs-1-T	Hte-CTic_055-Ex1
HtC0105608D	Hte-CTic_056-Ex1-8D-lcwgs-1-T	Hte-CTic_056-Ex1
HtC0106202F	Hte-CTic_062-Ex1-2F-lcwgs-1-T	Hte-CTic_062-Ex1
HtC0106303F	Hte-CTic_063-Ex1-3F-lcwgs-1-T	Hte-CTic_063-Ex1
HtC0106404F	Hte-CTic_064-Ex1-4F-lcwgs-1-T	Hte-CTic_064-Ex1
HtC0106505F	Hte-CTic_065-Ex1-5F-lcwgs-1-T	Hte-CTic_065-Ex1
HtC0106606F	Hte-CTic_066-Ex1-6F-lcwgs-1-T	Hte-CTic_066-Ex1
HtC0106707F	Hte-CTic_067-Ex1-7F-lcwgs-1-T	Hte-CTic_067-Ex1
HtC0107402G	Hte-CTic_074-Ex1-2G-lcwgs-1-T	Hte-CTic_074-Ex1
HtC0107503G	Hte-CTic_075-Ex1-3G-lcwgs-1-T	Hte-CTic_075-Ex1
HtC0107705G	Hte-CTic_077-Ex1-5G-lcwgs-1-T	Hte-CTic_077-Ex1
HtC0107806G	Hte-CTic_078-Ex1-6G-lcwgs-1-T	Hte-CTic_078-Ex1
HtC0107907G	Hte-CTic_079-Ex1-7G-lcwgs-1-T	Hte-CTic_079-Ex1
HtC0108501H	Hte-CTic_085-Ex1-1H-lcwgs-1-T	Hte-CTic_085-Ex1
HtC0108602H	Hte-CTic_086-Ex1-2H-lcwgs-1-T	Hte-CTic_086-Ex1
HtC0108703H	Hte-CTic_087-Ex1-3H-lcwgs-1-T	Hte-CTic_087-Ex1
HtC0108804H	Hte-CTic_088-Ex1-4H-lcwgs-1-T	Hte-CTic_088-Ex1
HtC0108905H	Hte-CTic_089-Ex1-5H-lcwgs-1-T	Hte-CTic_089-Ex1
HtC0109006H	Hte-CTic_090-Ex1-6H-lcwgs-1-T	Hte-CTic_090-Ex1
HtC0109208G	Hte-CTic_092-Ex1-8G-lcwgs-1-T	Hte-CTic_092-Ex1
HtC0200502D	Hte-CMvi_005-Ex1-2D-lcwgs-1-T	Hte-CMvi_005-Ex1
HtC0200602G	Hte-CMvi_006-Ex1-2G-lcwgs-1-T	Hte-CMvi_006-Ex1
HtC0200803H	Hte-CMvi_008-Ex1-3H-lcwgs-1-T	Hte-CMvi_008-Ex1
HtC0200904E	Hte-CMvi_009-Ex1-4E-lcwgs-1-T	Hte-CMvi_009-Ex1
HtC0201005D	Hte-CMvi_010-Ex1-5D-lcwgs-1-T	Hte-CMvi_010-Ex1
HtC0201106C	Hte-CMvi_011-Ex1-6C-lcwgs-1-T	Hte-CMvi_011-Ex1
HtC0201207C	Hte-CMvi_012-Ex1-7C-lcwgs-1-T	Hte-CMvi_012-Ex1
HtC0201702E	Hte-CMvi_017-Ex1-2E-lcwgs-1-T	Hte-CMvi_017-Ex1
HtC0201802H	Hte-CMvi_018-Ex1-2H-lcwgs-1-T	Hte-CMvi_018-Ex1
HtC0201901F	Hte-CMvi_019-Ex1-1F-lcwgs-1-T	Hte-CMvi_019-Ex1
HtC0202004A	Hte-CMvi_020-Ex1-4A-lcwgs-1-T	Hte-CMvi_020-Ex1
HtC0202205E	Hte-CMvi_022-Ex1-5E-lcwgs-1-T	Hte-CMvi_022-Ex1
HtC0202306D	Hte-CMvi_023-Ex1-6D-lcwgs-1-T	Hte-CMvi_023-Ex1
HtC0202407D	Hte-CMvi_024-Ex1-7D-lcwgs-1-T	Hte-CMvi_024-Ex1
HtC0202901D	Hte-CMvi_029-Ex1-1D-lcwgs-1-T	Hte-CMvi_029-Ex1
HtC0203003A	Hte-CMvi_030-Ex1-3A-lcwgs-1-T	Hte-CMvi_030-Ex1
HtC0203103C	Hte-CMvi_031-Ex1-3C-lcwgs-1-T	Hte-CMvi_031-Ex1
HtC0203201G	Hte-CMvi_032-Ex1-1G-lcwgs-1-T	Hte-CMvi_032-Ex1
HtC0203304F	Hte-CMvi_033-Ex1-4F-lcwgs-1-T	Hte-CMvi_033-Ex1
HtC0203402A	Hte-CMvi_034-Ex1-2A-lcwgs-1-T	Hte-CMvi_034-Ex1
HtC0203506E	Hte-CMvi_035-Ex1-6E-lcwgs-1-T	Hte-CMvi_035-Ex1
HtC0203607E	Hte-CMvi_036-Ex1-7E-lcwgs-1-T	Hte-CMvi_036-Ex1
HtC0204002A	Hte-CMvi_040-Ex1-2A-lcwgs-1-T	Hte-CMvi_040-Ex1
HtC0204303D	Hte-CMvi_043-Ex1-3D-lcwgs-1-T	Hte-CMvi_043-Ex1
HtC0204404B	Hte-CMvi_044-Ex1-4B-lcwgs-1-T	Hte-CMvi_044-Ex1
HtC0204504G	Hte-CMvi_045-Ex1-4G-lcwgs-1-T	Hte-CMvi_045-Ex1
HtC0204605F	Hte-CMvi_046-Ex1-5F-lcwgs-1-T	Hte-CMvi_046-Ex1
HtC0204706F	Hte-CMvi_047-Ex1-6F-lcwgs-1-T	Hte-CMvi_047-Ex1
HtC0204807F	Hte-CMvi_048-Ex1-7F-lcwgs-1-T	Hte-CMvi_048-Ex1
HtC0204901A	Hte-CMvi_049-Ex1-1A-lcwgs-1-T	Hte-CMvi_049-Ex1
HtC0205101B	Hte-CMvi_051-Ex1-1B-lcwgs-1-T	Hte-CMvi_051-Ex1
HtC0205503E	Hte-CMvi_055-Ex1-3E-lcwgs-1-T	Hte-CMvi_055-Ex1
HtC0205704H	Hte-CMvi_057-Ex1-4H-lcwgs-1-T	Hte-CMvi_057-Ex1
HtC0205805G	Hte-CMvi_058-Ex1-5G-lcwgs-1-T	Hte-CMvi_058-Ex1
HtC0205906G	Hte-CMvi_059-Ex1-6G-lcwgs-1-T	Hte-CMvi_059-Ex1
HtC0206501E	Hte-CMvi_065-Ex1-1E-lcwgs-1-T	Hte-CMvi_065-Ex1
HtC0206603B	Hte-CMvi_066-Ex1-3B-lcwgs-1-T	Hte-CMvi_066-Ex1
HtC0206703F	Hte-CMvi_067-Ex1-3F-lcwgs-1-T	Hte-CMvi_067-Ex1
HtC0206801H	Hte-CMvi_068-Ex1-1H-lcwgs-1-T	Hte-CMvi_068-Ex1
HtC0206905A	Hte-CMvi_069-Ex1-5A-lcwgs-1-T	Hte-CMvi_069-Ex1
HtC0207005H	Hte-CMvi_070-Ex1-5H-lcwgs-1-T	Hte-CMvi_070-Ex1
HtC0207106H	Hte-CMvi_071-Ex1-6H-lcwgs-1-T	Hte-CMvi_071-Ex1
HtC0207207G	Hte-CMvi_072-Ex1-7G-lcwgs-1-T	Hte-CMvi_072-Ex1
HtC0207501G	Hte-CMvi_075-Ex1-1G-lcwgs-1-T	Hte-CMvi_075-Ex1
HtC0207602B	Hte-CMvi_076-Ex1-2B-lcwgs-1-T	Hte-CMvi_076-Ex1
HtC0207702F	Hte-CMvi_077-Ex1-2F-lcwgs-1-T	Hte-CMvi_077-Ex1
HtC0208004C	Hte-CMvi_080-Ex1-4C-lcwgs-1-T	Hte-CMvi_080-Ex1
HtC0208105B	Hte-CMvi_081-Ex1-5B-lcwgs-1-T	Hte-CMvi_081-Ex1
HtC0208206A	Hte-CMvi_082-Ex1-6A-lcwgs-1-T	Hte-CMvi_082-Ex1
HtC0208307A	Hte-CMvi_083-Ex1-7A-lcwgs-1-T	Hte-CMvi_083-Ex1
HtC0208701C	Hte-CMvi_087-Ex1-1C-lcwgs-1-T	Hte-CMvi_087-Ex1
HtC0208802C	Hte-CMvi_088-Ex1-2C-lcwgs-1-T	Hte-CMvi_088-Ex1
HtC0209103G	Hte-CMvi_091-Ex1-3G-lcwgs-1-T	Hte-CMvi_091-Ex1
HtC0209204D	Hte-CMvi_092-Ex1-4D-lcwgs-1-T	Hte-CMvi_092-Ex1
HtC0209305C	Hte-CMvi_093-Ex1-5C-lcwgs-1-T	Hte-CMvi_093-Ex1
HtC0209406B	Hte-CMvi_094-Ex1-6B-lcwgs-1-T	Hte-CMvi_094-Ex1
HtC0209507B	Hte-CMvi_095-Ex1-7B-lcwgs-1-T	Hte-CMvi_095-Ex1
HtC0209607H	Hte-CMvi_096-Ex1-7H-lcwgs-1-T	Hte-CMvi_096-Ex1
HtC0300609G	Hte-CTaw_006-Ex1-9G-lcwgs-1-T	Hte-CTaw_006-Ex1
HtC0301210B	Hte-CTaw_012-Ex1-10B-lcwgs-1-T	Hte-CTaw_012-Ex1
HtC0301410H	Hte-CTaw_014-Ex1-10H-lcwgs-1-T	Hte-CTaw_014-Ex1
HtC0301512D	Hte-CTaw_015-Ex1-12D-lcwgs-1-T	Hte-CTaw_015-Ex1
HtC0302003A	Hte-CTaw_020-Ex1-3A-lcwgs-1-T	Hte-CTaw_020-Ex1
HtC0302211F	Hte-CTaw_022-Ex1-11F-lcwgs-1-T	Hte-CTaw_022-Ex1
HtC0302412B	Hte-CTaw_024-Ex1-12B-lcwgs-1-T	Hte-CTaw_024-Ex1
HtC0302603E	Hte-CTaw_026-Ex1-3E-lcwgs-1-T	Hte-CTaw_026-Ex1
HtC0302712G	Hte-CTaw_027-Ex1-12G-lcwgs-1-T	Hte-CTaw_027-Ex1
HtC0302804C	Hte-CTaw_028-Ex1-4C-lcwgs-1-T	Hte-CTaw_028-Ex1
HtC0302911H	Hte-CTaw_029-Ex1-11H-lcwgs-1-T	Hte-CTaw_029-Ex1
HtC0303002F	Hte-CTaw_030-Ex1-2F-lcwgs-1-T	Hte-CTaw_030-Ex1
HtC0303112H	Hte-CTaw_031-Ex1-12H-lcwgs-1-T	Hte-CTaw_031-Ex1
HtC0303210F	Hte-CTaw_032-Ex1-10F-lcwgs-1-T	Hte-CTaw_032-Ex1
HtC0303309F	Hte-CTaw_033-Ex1-9F-lcwgs-1-T	Hte-CTaw_033-Ex1
HtC0303401F	Hte-CTaw_034-Ex1-1F-lcwgs-1-T	Hte-CTaw_034-Ex1
HtC0303510D	Hte-CTaw_035-Ex1-10D-lcwgs-1-T	Hte-CTaw_035-Ex1
HtC0303811E	Hte-CTaw_038-Ex1-11E-lcwgs-1-T	Hte-CTaw_038-Ex1
HtC0303901H	Hte-CTaw_039-Ex1-1H-lcwgs-1-T	Hte-CTaw_039-Ex1
HtC0304003D	Hte-CTaw_040-Ex1-3D-lcwgs-1-T	Hte-CTaw_040-Ex1
HtC0304101B	Hte-CTaw_041-Ex1-1B-lcwgs-1-T	Hte-CTaw_041-Ex1
HtC0304202D	Hte-CTaw_042-Ex1-2D-lcwgs-1-T	Hte-CTaw_042-Ex1
HtC0304304E	Hte-CTaw_043-Ex1-4E-lcwgs-1-T	Hte-CTaw_043-Ex1
HtC0304410E	Hte-CTaw_044-Ex1-10E-lcwgs-1-T	Hte-CTaw_044-Ex1
HtC0304504A	Hte-CTaw_045-Ex1-4A-lcwgs-1-T	Hte-CTaw_045-Ex1
HtC0304602G	Hte-CTaw_046-Ex1-2G-lcwgs-1-T	Hte-CTaw_046-Ex1
HtC0304712F	Hte-CTaw_047-Ex1-12F-lcwgs-1-T	Hte-CTaw_047-Ex1
HtC0304803H	Hte-CTaw_048-Ex1-3H-lcwgs-1-T	Hte-CTaw_048-Ex1
HtC0305001G	Hte-CTaw_050-Ex1-1G-lcwgs-1-T	Hte-CTaw_050-Ex1
HtC0305103C	Hte-CTaw_051-Ex1-3C-lcwgs-1-T	Hte-CTaw_051-Ex1
HtC0305310C	Hte-CTaw_053-Ex1-10C-lcwgs-1-T	Hte-CTaw_053-Ex1
HtC0305404H	Hte-CTaw_054-Ex1-4H-lcwgs-1-T	Hte-CTaw_054-Ex1
HtC0305504G	Hte-CTaw_055-Ex1-4G-lcwgs-1-T	Hte-CTaw_055-Ex1
HtC0305604B	Hte-CTaw_056-Ex1-4B-lcwgs-1-T	Hte-CTaw_056-Ex1
HtC0305704D	Hte-CTaw_057-Ex1-4D-lcwgs-1-T	Hte-CTaw_057-Ex1
HtC0305811D	Hte-CTaw_058-Ex1-11D-lcwgs-1-T	Hte-CTaw_058-Ex1
HtC0305911A	Hte-CTaw_059-Ex1-11A-lcwgs-1-T	Hte-CTaw_059-Ex1
HtC0306009D	Hte-CTaw_060-Ex1-9D-lcwgs-1-T	Hte-CTaw_060-Ex1
HtC0306202B	Hte-CTaw_062-Ex1-2B-lcwgs-1-T	Hte-CTaw_062-Ex1
HtC0306412C	Hte-CTaw_064-Ex1-12C-lcwgs-1-T	Hte-CTaw_064-Ex1
HtC0306511C	Hte-CTaw_065-Ex1-11C-lcwgs-1-T	Hte-CTaw_065-Ex1
HtC0306703B	Hte-CTaw_067-Ex1-3B-lcwgs-1-T	Hte-CTaw_067-Ex1
HtC0306802H	Hte-CTaw_068-Ex1-2H-lcwgs-1-T	Hte-CTaw_068-Ex1
HtC0306904F	Hte-CTaw_069-Ex1-4F-lcwgs-1-T	Hte-CTaw_069-Ex1
HtC0307003F	Hte-CTaw_070-Ex1-3F-lcwgs-1-T	Hte-CTaw_070-Ex1
HtC0307102A	Hte-CTaw_071-Ex1-2A-lcwgs-1-T	Hte-CTaw_071-Ex1
HtC0307201E	Hte-CTaw_072-Ex1-1E-lcwgs-1-T	Hte-CTaw_072-Ex1
HtC0307402E	Hte-CTaw_074-Ex1-2E-lcwgs-1-T	Hte-CTaw_074-Ex1
HtC0307501A	Hte-CTaw_075-Ex1-1A-lcwgs-1-T	Hte-CTaw_075-Ex1
HtC0307603G	Hte-CTaw_076-Ex1-3G-lcwgs-1-T	Hte-CTaw_076-Ex1
HtC0307711G	Hte-CTaw_077-Ex1-11G-lcwgs-1-T	Hte-CTaw_077-Ex1
HtC0307809H	Hte-CTaw_078-Ex1-9H-lcwgs-1-T	Hte-CTaw_078-Ex1
HtC0307909C	Hte-CTaw_079-Ex1-9C-lcwgs-1-T	Hte-CTaw_079-Ex1
HtC0308002C	Hte-CTaw_080-Ex1-2C-lcwgs-1-T	Hte-CTaw_080-Ex1
HtC0308301D	Hte-CTaw_083-Ex1-1D-lcwgs-1-T	Hte-CTaw_083-Ex1
HtC0308409A	Hte-CTaw_084-Ex1-9A-lcwgs-1-T	Hte-CTaw_084-Ex1
HtC0308610A	Hte-CTaw_086-Ex1-10A-lcwgs-1-T	Hte-CTaw_086-Ex1
HtC0308811B	Hte-CTaw_088-Ex1-11B-lcwgs-1-T	Hte-CTaw_088-Ex1
HtC0308910G	Hte-CTaw_089-Ex1-10G-lcwgs-1-T	Hte-CTaw_089-Ex1
HtC0309009E	Hte-CTaw_090-Ex1-9E-lcwgs-1-T	Hte-CTaw_090-Ex1
HtC0309101C	Hte-CTaw_091-Ex1-1C-lcwgs-1-T	Hte-CTaw_091-Ex1
HtC0309212E	Hte-CTaw_092-Ex1-12E-lcwgs-1-T	Hte-CTaw_092-Ex1
HtC0309409B	Hte-CTaw_094-Ex1-9B-lcwgs-1-T	Hte-CTaw_094-Ex1
HtC0309612A	Hte-CTaw_096-Ex1-12A-lcwgs-1-T	Hte-CTaw_096-Ex1
HtC0400605G	Hte-CPnd_006-Ex1-5G-lcwgs-1-T	Hte-CPnd_006-Ex1
HtC0401206B	Hte-CPnd_012-Ex1-6B-lcwgs-1-T	Hte-CPnd_012-Ex1
HtC0401406H	Hte-CPnd_014-Ex1-6H-lcwgs-1-T	Hte-CPnd_014-Ex1
HtC0401508D	Hte-CPnd_015-Ex1-8D-lcwgs-1-T	Hte-CPnd_015-Ex1
HtC0402011A	Hte-CPnd_020-Ex1-11A-lcwgs-1-T	Hte-CPnd_020-Ex1
HtC0402207F	Hte-CPnd_022-Ex1-7F-lcwgs-1-T	Hte-CPnd_022-Ex1
HtC0402408B	Hte-CPnd_024-Ex1-8B-lcwgs-1-T	Hte-CPnd_024-Ex1
HtC0402611E	Hte-CPnd_026-Ex1-11E-lcwgs-1-T	Hte-CPnd_026-Ex1
HtC0402708G	Hte-CPnd_027-Ex1-8G-lcwgs-1-T	Hte-CPnd_027-Ex1
HtC0402812C	Hte-CPnd_028-Ex1-12C-lcwgs-1-T	Hte-CPnd_028-Ex1
HtC0402907H	Hte-CPnd_029-Ex1-7H-lcwgs-1-T	Hte-CPnd_029-Ex1
HtC0403010F	Hte-CPnd_030-Ex1-10F-lcwgs-1-T	Hte-CPnd_030-Ex1
HtC0403108H	Hte-CPnd_031-Ex1-8H-lcwgs-1-T	Hte-CPnd_031-Ex1
HtC0403206F	Hte-CPnd_032-Ex1-6F-lcwgs-1-T	Hte-CPnd_032-Ex1
HtC0403305F	Hte-CPnd_033-Ex1-5F-lcwgs-1-T	Hte-CPnd_033-Ex1
HtC0403409F	Hte-CPnd_034-Ex1-9F-lcwgs-1-T	Hte-CPnd_034-Ex1
HtC0403506D	Hte-CPnd_035-Ex1-6D-lcwgs-1-T	Hte-CPnd_035-Ex1
HtC0403807E	Hte-CPnd_038-Ex1-7E-lcwgs-1-T	Hte-CPnd_038-Ex1
HtC0403909H	Hte-CPnd_039-Ex1-9H-lcwgs-1-T	Hte-CPnd_039-Ex1
HtC0404011D	Hte-CPnd_040-Ex1-11D-lcwgs-1-T	Hte-CPnd_040-Ex1
HtC0404109B	Hte-CPnd_041-Ex1-9B-lcwgs-1-T	Hte-CPnd_041-Ex1
HtC0404210D	Hte-CPnd_042-Ex1-10D-lcwgs-1-T	Hte-CPnd_042-Ex1
HtC0404312E	Hte-CPnd_043-Ex1-12E-lcwgs-1-T	Hte-CPnd_043-Ex1
HtC0404406E	Hte-CPnd_044-Ex1-6E-lcwgs-1-T	Hte-CPnd_044-Ex1
HtC0404512A	Hte-CPnd_045-Ex1-12A-lcwgs-1-T	Hte-CPnd_045-Ex1
HtC0404610G	Hte-CPnd_046-Ex1-10G-lcwgs-1-T	Hte-CPnd_046-Ex1
HtC0404708F	Hte-CPnd_047-Ex1-8F-lcwgs-1-T	Hte-CPnd_047-Ex1
HtC0404811H	Hte-CPnd_048-Ex1-11H-lcwgs-1-T	Hte-CPnd_048-Ex1
HtC0405009G	Hte-CPnd_050-Ex1-9G-lcwgs-1-T	Hte-CPnd_050-Ex1
HtC0405111C	Hte-CPnd_051-Ex1-11C-lcwgs-1-T	Hte-CPnd_051-Ex1
HtC0405306C	Hte-CPnd_053-Ex1-6C-lcwgs-1-T	Hte-CPnd_053-Ex1
HtC0405412H	Hte-CPnd_054-Ex1-12H-lcwgs-1-T	Hte-CPnd_054-Ex1
HtC0405512G	Hte-CPnd_055-Ex1-12G-lcwgs-1-T	Hte-CPnd_055-Ex1
HtC0405612B	Hte-CPnd_056-Ex1-12B-lcwgs-1-T	Hte-CPnd_056-Ex1
HtC0405712D	Hte-CPnd_057-Ex1-12D-lcwgs-1-T	Hte-CPnd_057-Ex1
HtC0405807D	Hte-CPnd_058-Ex1-7D-lcwgs-1-T	Hte-CPnd_058-Ex1
HtC0405907A	Hte-CPnd_059-Ex1-7A-lcwgs-1-T	Hte-CPnd_059-Ex1
HtC0406005D	Hte-CPnd_060-Ex1-5D-lcwgs-1-T	Hte-CPnd_060-Ex1
HtC0406210B	Hte-CPnd_062-Ex1-10B-lcwgs-1-T	Hte-CPnd_062-Ex1
HtC0406408C	Hte-CPnd_064-Ex1-8C-lcwgs-1-T	Hte-CPnd_064-Ex1
HtC0406507C	Hte-CPnd_065-Ex1-7C-lcwgs-1-T	Hte-CPnd_065-Ex1
HtC0406711B	Hte-CPnd_067-Ex1-11B-lcwgs-1-T	Hte-CPnd_067-Ex1
HtC0406810H	Hte-CPnd_068-Ex1-10H-lcwgs-1-T	Hte-CPnd_068-Ex1
HtC0406912F	Hte-CPnd_069-Ex1-12F-lcwgs-1-T	Hte-CPnd_069-Ex1
HtC0407011F	Hte-CPnd_070-Ex1-11F-lcwgs-1-T	Hte-CPnd_070-Ex1
HtC0407110A	Hte-CPnd_071-Ex1-10A-lcwgs-1-T	Hte-CPnd_071-Ex1
HtC0407209E	Hte-CPnd_072-Ex1-9E-lcwgs-1-T	Hte-CPnd_072-Ex1
HtC0407410E	Hte-CPnd_074-Ex1-10E-lcwgs-1-T	Hte-CPnd_074-Ex1
HtC0407509A	Hte-CPnd_075-Ex1-9A-lcwgs-1-T	Hte-CPnd_075-Ex1
HtC0407611G	Hte-CPnd_076-Ex1-11G-lcwgs-1-T	Hte-CPnd_076-Ex1
HtC0407707G	Hte-CPnd_077-Ex1-7G-lcwgs-1-T	Hte-CPnd_077-Ex1
HtC0407805H	Hte-CPnd_078-Ex1-5H-lcwgs-1-T	Hte-CPnd_078-Ex1
HtC0407905C	Hte-CPnd_079-Ex1-5C-lcwgs-1-T	Hte-CPnd_079-Ex1
HtC0408010C	Hte-CPnd_080-Ex1-10C-lcwgs-1-T	Hte-CPnd_080-Ex1
HtC0408309D	Hte-CPnd_083-Ex1-9D-lcwgs-1-T	Hte-CPnd_083-Ex1
HtC0408405A	Hte-CPnd_084-Ex1-5A-lcwgs-1-T	Hte-CPnd_084-Ex1
HtC0408606A	Hte-CPnd_086-Ex1-6A-lcwgs-1-T	Hte-CPnd_086-Ex1
HtC0408807B	Hte-CPnd_088-Ex1-7B-lcwgs-1-T	Hte-CPnd_088-Ex1
HtC0408906G	Hte-CPnd_089-Ex1-6G-lcwgs-1-T	Hte-CPnd_089-Ex1
HtC0409005E	Hte-CPnd_090-Ex1-5E-lcwgs-1-T	Hte-CPnd_090-Ex1
HtC0409109C	Hte-CPnd_091-Ex1-9C-lcwgs-1-T	Hte-CPnd_091-Ex1
HtC0409208E	Hte-CPnd_092-Ex1-8E-lcwgs-1-T	Hte-CPnd_092-Ex1
HtC0409405B	Hte-CPnd_094-Ex1-5B-lcwgs-1-T	Hte-CPnd_094-Ex1
HtC0409608A	Hte-CPnd_096-Ex1-8A-lcwgs-1-T	Hte-CPnd_096-Ex1
HtC0501006C	Hte-CBur_010-Ex1-6C-lcwgs-1-T	Hte-CBur_010-Ex1
HtC0501104D	Hte-CBur_011-Ex1-4D-lcwgs-1-T	Hte-CBur_011-Ex1
HtC0501202B	Hte-CBur_012-Ex1-2B-lcwgs-1-T	Hte-CBur_012-Ex1
HtC0501704B	Hte-CBur_017-Ex1-4B-lcwgs-1-T	Hte-CBur_017-Ex1
HtC0501807E	Hte-CBur_018-Ex1-7E-lcwgs-1-T	Hte-CBur_018-Ex1
HtC0501904G	Hte-CBur_019-Ex1-4G-lcwgs-1-T	Hte-CBur_019-Ex1
HtC0502005C	Hte-CBur_020-Ex1-5C-lcwgs-1-T	Hte-CBur_020-Ex1
HtC0502201H	Hte-CBur_022-Ex1-1H-lcwgs-1-T	Hte-CBur_022-Ex1
HtC0502306F	Hte-CBur_023-Ex1-6F-lcwgs-1-T	Hte-CBur_023-Ex1
HtC0502402G	Hte-CBur_024-Ex1-2G-lcwgs-1-T	Hte-CBur_024-Ex1
HtC0502604A	Hte-CBur_026-Ex1-4A-lcwgs-1-T	Hte-CBur_026-Ex1
HtC0502702C	Hte-CBur_027-Ex1-2C-lcwgs-1-T	Hte-CBur_027-Ex1
HtC0502807B	Hte-CBur_028-Ex1-7B-lcwgs-1-T	Hte-CBur_028-Ex1
HtC0503107D	Hte-CBur_031-Ex1-7D-lcwgs-1-T	Hte-CBur_031-Ex1
HtC0503203B	Hte-CBur_032-Ex1-3B-lcwgs-1-T	Hte-CBur_032-Ex1
HtC0503505A	Hte-CBur_035-Ex1-5A-lcwgs-1-T	Hte-CBur_035-Ex1
HtC0503605B	Hte-CBur_036-Ex1-5B-lcwgs-1-T	Hte-CBur_036-Ex1
HtC0503705D	Hte-CBur_037-Ex1-5D-lcwgs-1-T	Hte-CBur_037-Ex1
HtC0503801G	Hte-CBur_038-Ex1-1G-lcwgs-1-T	Hte-CBur_038-Ex1
HtC0504004F	Hte-CBur_040-Ex1-4F-lcwgs-1-T	Hte-CBur_040-Ex1
HtC0504102F	Hte-CBur_041-Ex1-2F-lcwgs-1-T	Hte-CBur_041-Ex1
HtC0504206H	Hte-CBur_042-Ex1-6H-lcwgs-1-T	Hte-CBur_042-Ex1
HtC0504403F	Hte-CBur_044-Ex1-3F-lcwgs-1-T	Hte-CBur_044-Ex1
HtC0504807A	Hte-CBur_048-Ex1-7A-lcwgs-1-T	Hte-CBur_048-Ex1
HtC0504906B	Hte-CBur_049-Ex1-6B-lcwgs-1-T	Hte-CBur_049-Ex1
HtC0505102D	Hte-CBur_051-Ex1-2D-lcwgs-1-T	Hte-CBur_051-Ex1
HtC0505303C	Hte-CBur_053-Ex1-3C-lcwgs-1-T	Hte-CBur_053-Ex1
HtC0505403H	Hte-CBur_054-Ex1-3H-lcwgs-1-T	Hte-CBur_054-Ex1
HtC0505506A	Hte-CBur_055-Ex1-6A-lcwgs-1-T	Hte-CBur_055-Ex1
HtC0505608G	Hte-CBur_056-Ex1-8G-lcwgs-1-T	Hte-CBur_056-Ex1
HtC0505705E	Hte-CBur_057-Ex1-5E-lcwgs-1-T	Hte-CBur_057-Ex1
HtC0505808H	Hte-CBur_058-Ex1-8H-lcwgs-1-T	Hte-CBur_058-Ex1
HtC0505904C	Hte-CBur_059-Ex1-4C-lcwgs-1-T	Hte-CBur_059-Ex1
HtC0506005H	Hte-CBur_060-Ex1-5H-lcwgs-1-T	Hte-CBur_060-Ex1
HtC0506104E	Hte-CBur_061-Ex1-4E-lcwgs-1-T	Hte-CBur_061-Ex1
HtC0506201B	Hte-CBur_062-Ex1-1B-lcwgs-1-T	Hte-CBur_062-Ex1
HtC0506305G	Hte-CBur_063-Ex1-5G-lcwgs-1-T	Hte-CBur_063-Ex1
HtC0506403A	Hte-CBur_064-Ex1-3A-lcwgs-1-T	Hte-CBur_064-Ex1
HtC0506601D	Hte-CBur_066-Ex1-1D-lcwgs-1-T	Hte-CBur_066-Ex1
HtC0506702A	Hte-CBur_067-Ex1-2A-lcwgs-1-T	Hte-CBur_067-Ex1
HtC0506901F	Hte-CBur_069-Ex1-1F-lcwgs-1-T	Hte-CBur_069-Ex1
HtC0507008F	Hte-CBur_070-Ex1-8F-lcwgs-1-T	Hte-CBur_070-Ex1
HtC0507107G	Hte-CBur_071-Ex1-7G-lcwgs-1-T	Hte-CBur_071-Ex1
HtC0507201A	Hte-CBur_072-Ex1-1A-lcwgs-1-T	Hte-CBur_072-Ex1
HtC0507301C	Hte-CBur_073-Ex1-1C-lcwgs-1-T	Hte-CBur_073-Ex1
HtC0507503D	Hte-CBur_075-Ex1-3D-lcwgs-1-T	Hte-CBur_075-Ex1
HtC0507602E	Hte-CBur_076-Ex1-2E-lcwgs-1-T	Hte-CBur_076-Ex1
HtC0507706D	Hte-CBur_077-Ex1-6D-lcwgs-1-T	Hte-CBur_077-Ex1
HtC0507807F	Hte-CBur_078-Ex1-7F-lcwgs-1-T	Hte-CBur_078-Ex1
HtC0507906E	Hte-CBur_079-Ex1-6E-lcwgs-1-T	Hte-CBur_079-Ex1
HtC0508006G	Hte-CBur_080-Ex1-6G-lcwgs-1-T	Hte-CBur_080-Ex1
HtC0508201E	Hte-CBur_082-Ex1-1E-lcwgs-1-T	Hte-CBur_082-Ex1
HtC0508408A	Hte-CBur_084-Ex1-8A-lcwgs-1-T	Hte-CBur_084-Ex1
HtC0508502H	Hte-CBur_085-Ex1-2H-lcwgs-1-T	Hte-CBur_085-Ex1
HtC0508703G	Hte-CBur_087-Ex1-3G-lcwgs-1-T	Hte-CBur_087-Ex1
HtC0508808C	Hte-CBur_088-Ex1-8C-lcwgs-1-T	Hte-CBur_088-Ex1
HtC0508908E	Hte-CBur_089-Ex1-8E-lcwgs-1-T	Hte-CBur_089-Ex1
HtC0509008D	Hte-CBur_090-Ex1-8D-lcwgs-1-T	Hte-CBur_090-Ex1
HtC0509108B	Hte-CBur_091-Ex1-8B-lcwgs-1-T	Hte-CBur_091-Ex1
HtC0509207H	Hte-CBur_092-Ex1-7H-lcwgs-1-T	Hte-CBur_092-Ex1
HtC0509305F	Hte-CBur_093-Ex1-5F-lcwgs-1-T	Hte-CBur_093-Ex1
HtC0509407C	Hte-CBur_094-Ex1-7C-lcwgs-1-T	Hte-CBur_094-Ex1
HtC0509503E	Hte-CBur_095-Ex1-3E-lcwgs-1-T	Hte-CBur_095-Ex1
HtC0509604H	Hte-CBur_096-Ex1-4H-lcwgs-1-T	Hte-CBur_096-Ex1
HtC0600201B	Hte-CJol_002-Ex1-1B-lcwgs-1-T	Hte-CJol_002-Ex1
HtC0600308A	Hte-CJol_003-Ex1-8A-lcwgs-1-T	Hte-CJol_003-Ex1
HtC0600407G	Hte-CJol_004-Ex1-7G-lcwgs-1-T	Hte-CJol_004-Ex1
HtC0600506C	Hte-CJol_005-Ex1-6C-lcwgs-1-T	Hte-CJol_005-Ex1
HtC0600608F	Hte-CJol_006-Ex1-8F-lcwgs-1-T	Hte-CJol_006-Ex1
HtC0600707A	Hte-CJol_007-Ex1-7A-lcwgs-1-T	Hte-CJol_007-Ex1
HtC0600805G	Hte-CJol_008-Ex1-5G-lcwgs-1-T	Hte-CJol_008-Ex1
HtC0600904G	Hte-CJol_009-Ex1-4G-lcwgs-1-T	Hte-CJol_009-Ex1
HtC0601008G	Hte-CJol_010-Ex1-8G-lcwgs-1-T	Hte-CJol_010-Ex1
HtC0601108D	Hte-CJol_011-Ex1-8D-lcwgs-1-T	Hte-CJol_011-Ex1
HtC0601207D	Hte-CJol_012-Ex1-7D-lcwgs-1-T	Hte-CJol_012-Ex1
HtC0601301G	Hte-CJol_013-Ex1-1G-lcwgs-1-T	Hte-CJol_013-Ex1
HtC0601403D	Hte-CJol_014-Ex1-3D-lcwgs-1-T	Hte-CJol_014-Ex1
HtC0601606D	Hte-CJol_016-Ex1-6D-lcwgs-1-T	Hte-CJol_016-Ex1
HtC0602102A	Hte-CJol_021-Ex1-2A-lcwgs-1-T	Hte-CJol_021-Ex1
HtC0602207E	Hte-CJol_022-Ex1-7E-lcwgs-1-T	Hte-CJol_022-Ex1
HtC0602307F	Hte-CJol_023-Ex1-7F-lcwgs-1-T	Hte-CJol_023-Ex1
HtC0602402D	Hte-CJol_024-Ex1-2D-lcwgs-1-T	Hte-CJol_024-Ex1
HtC0602802C	Hte-CJol_028-Ex1-2C-lcwgs-1-T	Hte-CJol_028-Ex1
HtC0603007B	Hte-CJol_030-Ex1-7B-lcwgs-1-T	Hte-CJol_030-Ex1
HtC0603204H	Hte-CJol_032-Ex1-4H-lcwgs-1-T	Hte-CJol_032-Ex1
HtC0603306F	Hte-CJol_033-Ex1-6F-lcwgs-1-T	Hte-CJol_033-Ex1
HtC0603401D	Hte-CJol_034-Ex1-1D-lcwgs-1-T	Hte-CJol_034-Ex1
HtC0603501F	Hte-CJol_035-Ex1-1F-lcwgs-1-T	Hte-CJol_035-Ex1
HtC0603703B	Hte-CJol_037-Ex1-3B-lcwgs-1-T	Hte-CJol_037-Ex1
HtC0603801C	Hte-CJol_038-Ex1-1C-lcwgs-1-T	Hte-CJol_038-Ex1
HtC0603903F	Hte-CJol_039-Ex1-3F-lcwgs-1-T	Hte-CJol_039-Ex1
HtC0604002F	Hte-CJol_040-Ex1-2F-lcwgs-1-T	Hte-CJol_040-Ex1
HtC0604105E	Hte-CJol_041-Ex1-5E-lcwgs-1-T	Hte-CJol_041-Ex1
HtC0604206B	Hte-CJol_042-Ex1-6B-lcwgs-1-T	Hte-CJol_042-Ex1
HtC0604304A	Hte-CJol_043-Ex1-4A-lcwgs-1-T	Hte-CJol_043-Ex1
HtC0604603G	Hte-CJol_046-Ex1-3G-lcwgs-1-T	Hte-CJol_046-Ex1
HtC0604808C	Hte-CJol_048-Ex1-8C-lcwgs-1-T	Hte-CJol_048-Ex1
HtC0604904E	Hte-CJol_049-Ex1-4E-lcwgs-1-T	Hte-CJol_049-Ex1
HtC0605008E	Hte-CJol_050-Ex1-8E-lcwgs-1-T	Hte-CJol_050-Ex1
HtC0605205D	Hte-CJol_052-Ex1-5D-lcwgs-1-T	Hte-CJol_052-Ex1
HtC0605305A	Hte-CJol_053-Ex1-5A-lcwgs-1-T	Hte-CJol_053-Ex1
HtC0605404D	Hte-CJol_054-Ex1-4D-lcwgs-1-T	Hte-CJol_054-Ex1
HtC0605504B	Hte-CJol_055-Ex1-4B-lcwgs-1-T	Hte-CJol_055-Ex1
HtC0605605B	Hte-CJol_056-Ex1-5B-lcwgs-1-T	Hte-CJol_056-Ex1
HtC0605703E	Hte-CJol_057-Ex1-3E-lcwgs-1-T	Hte-CJol_057-Ex1
HtC0606101A	Hte-CJol_061-Ex1-1A-lcwgs-1-T	Hte-CJol_061-Ex1
HtC0606206A	Hte-CJol_062-Ex1-6A-lcwgs-1-T	Hte-CJol_062-Ex1
HtC0606305C	Hte-CJol_063-Ex1-5C-lcwgs-1-T	Hte-CJol_063-Ex1
HtC0606406G	Hte-CJol_064-Ex1-6G-lcwgs-1-T	Hte-CJol_064-Ex1
HtC0606702B	Hte-CJol_067-Ex1-2B-lcwgs-1-T	Hte-CJol_067-Ex1
HtC0606802G	Hte-CJol_068-Ex1-2G-lcwgs-1-T	Hte-CJol_068-Ex1
HtC0606903H	Hte-CJol_069-Ex1-3H-lcwgs-1-T	Hte-CJol_069-Ex1
HtC0607005F	Hte-CJol_070-Ex1-5F-lcwgs-1-T	Hte-CJol_070-Ex1
HtC0607604C	Hte-CJol_076-Ex1-4C-lcwgs-1-T	Hte-CJol_076-Ex1
HtC0607807H	Hte-CJol_078-Ex1-7H-lcwgs-1-T	Hte-CJol_078-Ex1
HtC0608008H	Hte-CJol_080-Ex1-8H-lcwgs-1-T	Hte-CJol_080-Ex1
HtC0608107C	Hte-CJol_081-Ex1-7C-lcwgs-1-T	Hte-CJol_081-Ex1
HtC0608202E	Hte-CJol_082-Ex1-2E-lcwgs-1-T	Hte-CJol_082-Ex1
HtC0608306E	Hte-CJol_083-Ex1-6E-lcwgs-1-T	Hte-CJol_083-Ex1
HtC0608408B	Hte-CJol_084-Ex1-8B-lcwgs-1-T	Hte-CJol_084-Ex1
HtC0608601H	Hte-CJol_086-Ex1-1H-lcwgs-1-T	Hte-CJol_086-Ex1
HtC0608702H	Hte-CJol_087-Ex1-2H-lcwgs-1-T	Hte-CJol_087-Ex1
HtC0608903C	Hte-CJol_089-Ex1-3C-lcwgs-1-T	Hte-CJol_089-Ex1
HtC0609203A	Hte-CJol_092-Ex1-3A-lcwgs-1-T	Hte-CJol_092-Ex1
HtC0609304F	Hte-CJol_093-Ex1-4F-lcwgs-1-T	Hte-CJol_093-Ex1
HtC0609406H	Hte-CJol_094-Ex1-6H-lcwgs-1-T	Hte-CJol_094-Ex1
HtC0609505H	Hte-CJol_095-Ex1-5H-lcwgs-1-T	Hte-CJol_095-Ex1
HtC0609601E	Hte-CJol_096-Ex1-1E-lcwgs-1-T	Hte-CJol_096-Ex1
HtCTic0001A	Hte-CTic_001-Ex1-1A-lcwgs-1-T	Hte-CTic_001-Ex1
HtCTic0002A	Hte-CTic_002-Ex1-2A-lcwgs-1-T	Hte-CTic_002-Ex1
HtCTic0008H	Hte-CTic_009-Ex1-8H-lcwgs-1-T	Hte-CTic_009-Ex1
HtCTic0101B	Hte-CTic_013-Ex1-1B-lcwgs-1-T	Hte-CTic_013-Ex1
HtCTic0102B	Hte-CTic_014-Ex1-2B-lcwgs-1-T	Hte-CTic_014-Ex1
HtCTic0201C	Hte-CTic_025-Ex1-1C-lcwgs-1-T	Hte-CTic_025-Ex1
HtCTic0301D	Hte-CTic_037-Ex1-1D-lcwgs-1-T	Hte-CTic_037-Ex1
HtCTic0307C	Hte-CTic_031-Ex1-7C-lcwgs-1-T	Hte-CTic_031-Ex1
HtCTic0401E	Hte-CTic_049-Ex1-1E-lcwgs-1-T	Hte-CTic_049-Ex1
HtCTic0405D	Hte-CTic_041-Ex1-5D-lcwgs-1-T	Hte-CTic_041-Ex1
HtCTic0601F	Hte-CTic_061-Ex1-1F-lcwgs-1-T	Hte-CTic_061-Ex1
HtCTic0608E	Hte-CTic_068-Ex1-8E-lcwgs-1-T	Hte-CTic_068-Ex1
HtCTic0701G	Hte-CTic_073-Ex1-1G-lcwgs-1-T	Hte-CTic_073-Ex1
HtCTic0704G	Hte-CTic_076-Ex1-4G-lcwgs-1-T	Hte-CTic_076-Ex1
HtCTic0808F	Hte-CTic_080-Ex1-8F-lcwgs-1-T	Hte-CTic_080-Ex1
GmA02059	Gmi-ABas_059_Ex1_b	Gmi-ABas_059-Ex1
GmC02089	Gmi-CBas_089_Ex1	Gmi-CBas_089-Ex1
GmC02091	Gmi-CBas_091_Ex1	Gmi-CBas_091-Ex1
GmC02094	Gmi-CBas_094_Ex1	Gmi-CBas_094-Ex1
GmC02078	Gmi-CBas_078_Ex1	Gmi-CBas_078-Ex1
GmC02053	Gmi-CBas_053_Ex1	Gmi-CBas_053-Ex1
GmC02090	Gmi-CBas_090_Ex1	Gmi-CBas_090-Ex1
GmC02088	Gmi-CBas_088_Ex1	Gmi-CBas_088-Ex1
GmC02093	Gmi-CBas_093_Ex1	Gmi-CBas_093-Ex1
GmC02060	Gmi-CBas_060_Ex1	Gmi-CBas_060-Ex1
GmC02040	Gmi-CBas_040_Ex1	Gmi-CBas_040-Ex1
GmC02005	Gmi-CBas_005_Ex1	Gmi-CBas_005-Ex1
GmC02003	Gmi-CBas_003_Ex1	Gmi-CBas_003-Ex1
GmC02081	Gmi-CBas_081_Ex1	Gmi-CBas_081-Ex1
GmC02076	Gmi-CBas_076_Ex1	Gmi-CBas_076-Ex1
GmC02079	Gmi-CBas_079_Ex1	Gmi-CBas_079-Ex1
GmC02062	Gmi-CBas_062_Ex1	Gmi-CBas_062-Ex1
GmC02067	Gmi-CBas_067_Ex1	Gmi-CBas_067-Ex1
GmC02055	Gmi-CBas_055_Ex1	Gmi-CBas_055-Ex1
GmC02071	Gmi-CBas_071_Ex1	Gmi-CBas_071-Ex1
GmC02010	Gmi-CBas_010_Ex1	Gmi-CBas_010-Ex1
GmC02047	Gmi-CBas_047_Ex1	Gmi-CBas_047-Ex1
GmC02037	Gmi-CBas_037_Ex1	Gmi-CBas_037-Ex1
GmC02061	Gmi-CBas_061_Ex1	Gmi-CBas_061-Ex1
GmC02070	Gmi-CBas_070_Ex1	Gmi-CBas_070-Ex1
GmC02030	Gmi-CBas_030_Ex1	Gmi-CBas_030-Ex1
GmC02085	Gmi-CBas_085_Ex1	Gmi-CBas_085-Ex1
GmC02045	Gmi-CBas_045_Ex1	Gmi-CBas_045-Ex1
GmC02046	Gmi-CBas_046_Ex1	Gmi-CBas_046-Ex1
GmC02058	Gmi-CBas_058_Ex1	Gmi-CBas_058-Ex1
GmC02004	Gmi-CBas_004_Ex1	Gmi-CBas_004-Ex1
GmC02009	Gmi-CBas_009_Ex1	Gmi-CBas_009-Ex1
GmC02032	Gmi-CBas_032_Ex1	Gmi-CBas_032-Ex1
GmC02028	Gmi-CBas_028_Ex1	Gmi-CBas_028-Ex1
GmC02084	Gmi-CBas_084_Ex1	Gmi-CBas_084-Ex1
GmC02073	Gmi-CBas_073_Ex1	Gmi-CBas_073-Ex1
GmC02042	Gmi-CBas_042_Ex1	Gmi-CBas_042-Ex1
GmC01001	Gmi-CBat_001_Ex1	Gmi-CBat_001-Ex1
GmC01025	Gmi-CBat_025_Ex1	Gmi-CBat_025-Ex1
GmC01049	Gmi-CBat_049_Ex1	Gmi-CBat_049-Ex1
GmC01050	Gmi-CBat_050_Ex1	Gmi-CBat_050-Ex1
GmC01003	Gmi-CBat_003_Ex1	Gmi-CBat_003-Ex1
GmC01015	Gmi-CBat_015_Ex1	Gmi-CBat_015-Ex1
GmC01027	Gmi-CBat_027_Ex1	Gmi-CBat_027-Ex1
GmC01039	Gmi-CBat_039_Ex1	Gmi-CBat_039-Ex1
GmC01063	Gmi-CBat_063_Ex1	Gmi-CBat_063-Ex1
GmC01004	Gmi-CBat_004_Ex1	Gmi-CBat_004-Ex1
GmC01052	Gmi-CBat_052_Ex1	Gmi-CBat_052-Ex1
GmC01064	Gmi-CBat_064_Ex1	Gmi-CBat_064-Ex1
GmC01076	Gmi-CBat_076_Ex1	Gmi-CBat_076-Ex1
GmC01088	Gmi-CBat_088_Ex1	Gmi-CBat_088-Ex1
GmC01065	Gmi-CBat_065_Ex1	Gmi-CBat_065-Ex1
GmC01030	Gmi-CBat_030_Ex1	Gmi-CBat_030-Ex1
GmC01007	Gmi-CBat_007_Ex1	Gmi-CBat_007-Ex1
GmC01019	Gmi-CBat_019_Ex1	Gmi-CBat_019-Ex1
GmC01031	Gmi-CBat_031_Ex1	Gmi-CBat_031-Ex1
GmC01043	Gmi-CBat_043_Ex1	Gmi-CBat_043-Ex1
GmC01055	Gmi-CBat_055_Ex1	Gmi-CBat_055-Ex1
GmC01067	Gmi-CBat_067_Ex1	Gmi-CBat_067-Ex1
GmC01079	Gmi-CBat_079_Ex1	Gmi-CBat_079-Ex1
GmC01091	Gmi-CBat_091_Ex1	Gmi-CBat_091-Ex1
GmC01020	Gmi-CBat_020_Ex1	Gmi-CBat_020-Ex1
GmC01044	Gmi-CBat_044_Ex1	Gmi-CBat_044-Ex1
GmC01056	Gmi-CBat_056_Ex1	Gmi-CBat_056-Ex1
GmC01010	Gmi-CBat_010_Ex1	Gmi-CBat_010-Ex1
GmC01034	Gmi-CBat_034_Ex1	Gmi-CBat_034-Ex1
GmC01046	Gmi-CBat_046_Ex1	Gmi-CBat_046-Ex1
GmC01011	Gmi-CBat_011_Ex1	Gmi-CBat_011-Ex1
GmC01023	Gmi-CBat_023_Ex1	Gmi-CBat_023-Ex1
GmC01059	Gmi-CBat_059_Ex1	Gmi-CBat_059-Ex1
GmC01083	Gmi-CBat_083_Ex1	Gmi-CBat_083-Ex1
GmC01024	Gmi-CBat_024_Ex1	Gmi-CBat_024-Ex1
GmC01048	Gmi-CBat_048_Ex1	Gmi-CBat_048-Ex1
GmC01060	Gmi-CBat_060_Ex1	Gmi-CBat_060-Ex1
GmC01084	Gmi-CBat_084_Ex1	Gmi-CBat_084-Ex1
GmA01001	Gmi-AHam_001_Ex1	Gmi-AHam_001-Ex1
GmA01013	Gmi-AHam_013_Ex1	Gmi-AHam_013-Ex1
GmA01002	Gmi-AHam_002_Ex1	Gmi-AHam_002-Ex1
GmA01014	Gmi-AHam_014_Ex1	Gmi-AHam_014-Ex1
GmA01003	Gmi-AHam_003_Ex1	Gmi-AHam_003-Ex1
GmA01015	Gmi-AHam_015_Ex1	Gmi-AHam_015-Ex1
GmA01016	Gmi-AHam_016_Ex1	Gmi-AHam_016-Ex1
GmA01028	Gmi-AHam_028_Ex1	Gmi-AHam_028-Ex1
GmA01029	Gmi-AHam_029_Ex1	Gmi-AHam_029-Ex1
GmA01018	Gmi-AHam_018_Ex1	Gmi-AHam_018-Ex1
GmA01030	Gmi-AHam_030_Ex1	Gmi-AHam_030-Ex1
GmA01042	Gmi-AHam_042_Ex1	Gmi-AHam_042-Ex1
GmA01031	Gmi-AHam_031_Ex1	Gmi-AHam_031-Ex1
GmA01032	Gmi-AHam_032_Ex1	Gmi-AHam_032-Ex1
GmA01010	Gmi-AHam_010_Ex1	Gmi-AHam_010-Ex1
GmA01011	Gmi-AHam_011_Ex1	Gmi-AHam_011-Ex1
GmA01035	Gmi-AHam_035_Ex1	Gmi-AHam_035-Ex1
GmA01037	Gmi-AHam_037_Ex1	Gmi-AHam_037-Ex1
GmA01026	Gmi-AHam_026_Ex1	Gmi-AHam_026-Ex1
GmA01074	Gmi-AHam_074_Ex1	Gmi-AHam_074-Ex1
GmA01027	Gmi-AHam_027_Ex1	Gmi-AHam_027-Ex1
GmA01039	Gmi-AHam_039_Ex1	Gmi-AHam_039-Ex1
GmA01004	Gmi-AHam_004_Ex1	Gmi-AHam_004-Ex1
GmA01017	Gmi-AHam_017_Ex1	Gmi-AHam_017-Ex1
GmA01041	Gmi-AHam_041_Ex1	Gmi-AHam_041-Ex1
GmA01065	Gmi-AHam_065_Ex1	Gmi-AHam_065-Ex1
GmA01089	Gmi-AHam_089_Ex1	Gmi-AHam_089-Ex1
GmA01078	Gmi-AHam_078_Ex1	Gmi-AHam_078-Ex1
GmA01055	Gmi-AHam_055_Ex1	Gmi-AHam_055-Ex1
GmA01079	Gmi-AHam_079_Ex1	Gmi-AHam_079-Ex1
GmA01033	Gmi-AHam_033_Ex1	Gmi-AHam_033-Ex1
GmA01083	Gmi-AHam_083_Ex1	Gmi-AHam_083-Ex1
GmA01060	Gmi-AHam_060_Ex1	Gmi-AHam_060-Ex1
GmA02002	Gmi-ABas_002_Ex1	Gmi-ABas_002-Ex1
GmA02017	Gmi-ABas_017_Ex1	Gmi-ABas_017-Ex1
GmA02022	Gmi-ABas_022_Ex1	Gmi-ABas_022-Ex1
GmA02004	Gmi-ABas_004_Ex1	Gmi-ABas_004-Ex1
GmA02005	Gmi-ABas_005_Ex1_b	Gmi-ABas_005-Ex1
GmA02006	Gmi-ABas_006_Ex1_b	Gmi-ABas_006-Ex1
GmA02030	Gmi-ABas_030_Ex1_b	Gmi-ABas_030-Ex1
GmA02049	Gmi-ABas_049_Ex1	Gmi-ABas_049-Ex1
GmA02018	Gmi-ABas_018_Ex1	Gmi-ABas_018-Ex1
GmA02007	Gmi-ABas_007_Ex1	Gmi-ABas_007-Ex1
GmA02019	Gmi-ABas_019_Ex1	Gmi-ABas_019-Ex1
GmA02055	Gmi-ABas_055_Ex1	Gmi-ABas_055-Ex1
GmA02008	Gmi-ABas_008_Ex1	Gmi-ABas_008-Ex1
GmA02020	Gmi-ABas_020_Ex1	Gmi-ABas_020-Ex1
GmA02021	Gmi-ABas_021_Ex1	Gmi-ABas_021-Ex1
GmA02033	Gmi-ABas_033_Ex1	Gmi-ABas_033-Ex1
GmA02045	Gmi-ABas_045_Ex1	Gmi-ABas_045-Ex1
GmA02058	Gmi-ABas_058_Ex1	Gmi-ABas_058-Ex1
GmA02023	Gmi-ABas_023_Ex1	Gmi-ABas_023-Ex1
GmA02047	Gmi-ABas_047_Ex1	Gmi-ABas_047-Ex1
GmA02059	Gmi-ABas_059_Ex1	Gmi-ABas_059-Ex1
GmA02001	Gmi-ABas_001_Ex1_b	Gmi-ABas_001-Ex1
GmA02044	Gmi-ABas_044_Ex1_b	Gmi-ABas_044-Ex1
GmA02028	Gmi-ABas_028_Ex1_b	Gmi-ABas_028-Ex1
GmA02034	Gmi-ABas_034_Ex1_b	Gmi-ABas_034-Ex1
GmA02035	Gmi-ABas_035_Ex1_b	Gmi-ABas_035-Ex1
GmA02054	Gmi-ABas_054_Ex1_b	Gmi-ABas_054-Ex1
GmA02060	Gmi-ABas_060_Ex1_b	Gmi-ABas_060-Ex1
GmC02026	Gmi-CBas_026_Ex1	Gmi-CBas_026-Ex1
GmC02092	Gmi-CBas_092_Ex1	Gmi-CBas_092-Ex1
GmC02080	Gmi-CBas_080_Ex1	Gmi-CBas_080-Ex1
GmC02036	Gmi-CBas_036_Ex1	Gmi-CBas_036-Ex1
GmC02031	Gmi-CBas_031_Ex1	Gmi-CBas_031-Ex1
GmC02083	Gmi-CBas_083_Ex1	Gmi-CBas_083-Ex1
GmC02066	Gmi-CBas_066_Ex1	Gmi-CBas_066-Ex1
GmC02044	Gmi-CBas_044_Ex1	Gmi-CBas_044-Ex1
GmC02082	Gmi-CBas_082_Ex1	Gmi-CBas_082-Ex1
GmC02054	Gmi-CBas_054_Ex1	Gmi-CBas_054-Ex1
GmC02050	Gmi-CBas_050_Ex1	Gmi-CBas_050-Ex1
GmC02022	Gmi-CBas_022_Ex1	Gmi-CBas_022-Ex1
GmC02077	Gmi-CBas_077_Ex1	Gmi-CBas_077-Ex1
GmC02019	Gmi-CBas_019_Ex1	Gmi-CBas_019-Ex1
GmC02095	Gmi-CBas_095_Ex1	Gmi-CBas_095-Ex1
GmC02043	Gmi-CBas_043_Ex1	Gmi-CBas_043-Ex1
GmC02001	Gmi-CBas_001_Ex1	Gmi-CBas_001-Ex1
GmC02029	Gmi-CBas_029_Ex1	Gmi-CBas_029-Ex1
GmC02002	Gmi-CBas_002_Ex1	Gmi-CBas_002-Ex1
GmC02016	Gmi-CBas_016_Ex1	Gmi-CBas_016-Ex1
GmC02017	Gmi-CBas_017_Ex1	Gmi-CBas_017-Ex1
GmC02014	Gmi-CBas_014_Ex1	Gmi-CBas_014-Ex1
GmC02011	Gmi-CBas_011_Ex1	Gmi-CBas_011-Ex1
GmC02018	Gmi-CBas_018_Ex1	Gmi-CBas_018-Ex1
GmC02075	Gmi-CBas_075_Ex1	Gmi-CBas_075-Ex1
GmC02087	Gmi-CBas_087_Ex1	Gmi-CBas_087-Ex1
GmC02056	Gmi-CBas_056_Ex1	Gmi-CBas_056-Ex1
GmC02049	Gmi-CBas_049_Ex1	Gmi-CBas_049-Ex1
GmC02069	Gmi-CBas_069_Ex1	Gmi-CBas_069-Ex1
GmC02059	Gmi-CBas_059_Ex1	Gmi-CBas_059-Ex1
GmC02072	Gmi-CBas_072_Ex1	Gmi-CBas_072-Ex1
GmC02034	Gmi-CBas_034_Ex1	Gmi-CBas_034-Ex1
GmC02086	Gmi-CBas_086_Ex1	Gmi-CBas_086-Ex1
GmC02008	Gmi-CBas_008_Ex1	Gmi-CBas_008-Ex1
GmC02068	Gmi-CBas_068_Ex1	Gmi-CBas_068-Ex1
GmC02048	Gmi-CBas_048_Ex1	Gmi-CBas_048-Ex1
GmC02038	Gmi-CBas_038_Ex1	Gmi-CBas_038-Ex1
GmC02020	Gmi-CBas_020_Ex1	Gmi-CBas_020-Ex1
GmC02023	Gmi-CBas_023_Ex1	Gmi-CBas_023-Ex1
GmC02041	Gmi-CBas_041_Ex1	Gmi-CBas_041-Ex1
GmC02035	Gmi-CBas_035_Ex1	Gmi-CBas_035-Ex1
GmC02052	Gmi-CBas_052_Ex1	Gmi-CBas_052-Ex1
GmC02063	Gmi-CBas_063_Ex1	Gmi-CBas_063-Ex1
GmC02013	Gmi-CBas_013_Ex1	Gmi-CBas_013-Ex1
GmC02033	Gmi-CBas_033_Ex1	Gmi-CBas_033-Ex1
GmC02024	Gmi-CBas_024_Ex1	Gmi-CBas_024-Ex1
GmC02064	Gmi-CBas_064_Ex1	Gmi-CBas_064-Ex1
GmC02006	Gmi-CBas_006_Ex1	Gmi-CBas_006-Ex1
GmC02012	Gmi-CBas_012_Ex1	Gmi-CBas_012-Ex1
GmC02021	Gmi-CBas_021_Ex1	Gmi-CBas_021-Ex1
GmC02025	Gmi-CBas_025_Ex1	Gmi-CBas_025-Ex1
GmC02007	Gmi-CBas_007_Ex1	Gmi-CBas_007-Ex1
GmC02027	Gmi-CBas_027_Ex1	Gmi-CBas_027-Ex1
GmC02057	Gmi-CBas_057_Ex1	Gmi-CBas_057-Ex1
GmC02015	Gmi-CBas_015_Ex1	Gmi-CBas_015-Ex1
GmC02039	Gmi-CBas_039_Ex1	Gmi-CBas_039-Ex1
GmC01013	Gmi-CBat_013_Ex1	Gmi-CBat_013-Ex1
GmC01037	Gmi-CBat_037_Ex1	Gmi-CBat_037-Ex1
GmC01061	Gmi-CBat_061_Ex1	Gmi-CBat_061-Ex1
GmC01073	Gmi-CBat_073_Ex1	Gmi-CBat_073-Ex1
GmC01085	Gmi-CBat_085_Ex1	Gmi-CBat_085-Ex1
GmC01002	Gmi-CBat_002_Ex1	Gmi-CBat_002-Ex1
GmC01014	Gmi-CBat_014_Ex1	Gmi-CBat_014-Ex1
GmC01026	Gmi-CBat_026_Ex1	Gmi-CBat_026-Ex1
GmC01038	Gmi-CBat_038_Ex1	Gmi-CBat_038-Ex1
GmC01062	Gmi-CBat_062_Ex1	Gmi-CBat_062-Ex1
GmC01074	Gmi-CBat_074_Ex1	Gmi-CBat_074-Ex1
GmC01086	Gmi-CBat_086_Ex1	Gmi-CBat_086-Ex1
GmC01051	Gmi-CBat_051_Ex1	Gmi-CBat_051-Ex1
GmC01075	Gmi-CBat_075_Ex1	Gmi-CBat_075-Ex1
GmC01087	Gmi-CBat_087_Ex1	Gmi-CBat_087-Ex1
GmC01016	Gmi-CBat_016_Ex1	Gmi-CBat_016-Ex1
GmC01028	Gmi-CBat_028_Ex1	Gmi-CBat_028-Ex1
GmC01040	Gmi-CBat_040_Ex1	Gmi-CBat_040-Ex1
GmC01005	Gmi-CBat_005_Ex1	Gmi-CBat_005-Ex1
GmC01017	Gmi-CBat_017_Ex1	Gmi-CBat_017-Ex1
GmC01029	Gmi-CBat_029_Ex1	Gmi-CBat_029-Ex1
GmC01041	Gmi-CBat_041_Ex1	Gmi-CBat_041-Ex1
GmC01053	Gmi-CBat_053_Ex1	Gmi-CBat_053-Ex1
GmC01077	Gmi-CBat_077_Ex1	Gmi-CBat_077-Ex1
GmC01089	Gmi-CBat_089_Ex1	Gmi-CBat_089-Ex1
GmC01006	Gmi-CBat_006_Ex1	Gmi-CBat_006-Ex1
GmC01018	Gmi-CBat_018_Ex1	Gmi-CBat_018-Ex1
GmC01042	Gmi-CBat_042_Ex1	Gmi-CBat_042-Ex1
GmC01054	Gmi-CBat_054_Ex1	Gmi-CBat_054-Ex1
GmC01066	Gmi-CBat_066_Ex1	Gmi-CBat_066-Ex1
GmC01078	Gmi-CBat_078_Ex1	Gmi-CBat_078-Ex1
GmC01090	Gmi-CBat_090_Ex1	Gmi-CBat_090-Ex1
GmC01008	Gmi-CBat_008_Ex1	Gmi-CBat_008-Ex1
GmC01032	Gmi-CBat_032_Ex1	Gmi-CBat_032-Ex1
GmC01068	Gmi-CBat_068_Ex1	Gmi-CBat_068-Ex1
GmC01080	Gmi-CBat_080_Ex1	Gmi-CBat_080-Ex1
GmC01092	Gmi-CBat_092_Ex1	Gmi-CBat_092-Ex1
GmC01009	Gmi-CBat_009_Ex1	Gmi-CBat_009-Ex1
GmC01021	Gmi-CBat_021_Ex1	Gmi-CBat_021-Ex1
GmC01033	Gmi-CBat_033_Ex1	Gmi-CBat_033-Ex1
GmC01045	Gmi-CBat_045_Ex1	Gmi-CBat_045-Ex1
GmC01057	Gmi-CBat_057_Ex1	Gmi-CBat_057-Ex1
GmC01069	Gmi-CBat_069_Ex1	Gmi-CBat_069-Ex1
GmC01081	Gmi-CBat_081_Ex1	Gmi-CBat_081-Ex1
GmC01093	Gmi-CBat_093_Ex1	Gmi-CBat_093-Ex1
GmC01022	Gmi-CBat_022_Ex1	Gmi-CBat_022-Ex1
GmC01058	Gmi-CBat_058_Ex1	Gmi-CBat_058-Ex1
GmC01070	Gmi-CBat_070_Ex1	Gmi-CBat_070-Ex1
GmC01082	Gmi-CBat_082_Ex1	Gmi-CBat_082-Ex1
GmC01094	Gmi-CBat_094_Ex1	Gmi-CBat_094-Ex1
GmC01035	Gmi-CBat_035_Ex1	Gmi-CBat_035-Ex1
GmC01047	Gmi-CBat_047_Ex1	Gmi-CBat_047-Ex1
GmC01071	Gmi-CBat_071_Ex1	Gmi-CBat_071-Ex1
GmC01095	Gmi-CBat_095_Ex1	Gmi-CBat_095-Ex1
GmC01012	Gmi-CBat_012_Ex1	Gmi-CBat_012-Ex1
GmC01036	Gmi-CBat_036_Ex1	Gmi-CBat_036-Ex1
GmC01072	Gmi-CBat_072_Ex1	Gmi-CBat_072-Ex1
GmC01096	Gmi-CBat_096_Ex1	Gmi-CBat_096-Ex1
GmA0200101Acssl2	Gmi-ABas_001-Ex1-b-cssl2	Gmi-ABas_001-Ex1
GmA0200301Bcssl2	Gmi-ABas_003-Ex1-b-cssl2	Gmi-ABas_003-Ex1
GmA0200401Ccssl2	Gmi-ABas_004-Ex1-b-cssl2	Gmi-ABas_004-Ex1
GmA0200801Dcssl	Gmi-ABas_008-Ex1-b-cssl	Gmi-ABas_008-Ex1
GmA0200901Ecssl	Gmi-ABas_009-Ex1-b-cssl	Gmi-ABas_009-Ex1
GmA0201001Fcssl	Gmi-ABas_010-Ex1-b-cssl	Gmi-ABas_010-Ex1
GmA0201101Gcssl	Gmi-ABas_011-Ex1-b-cssl	Gmi-ABas_011-Ex1
GmA0201201Hcssl	Gmi-ABas_012-Ex1-b-cssl	Gmi-ABas_012-Ex1
GmA0201302Acssl	Gmi-ABas_013-Ex1-b-cssl	Gmi-ABas_013-Ex1
GmA0201402Bcssl	Gmi-ABas_014-Ex1-b-cssl	Gmi-ABas_014-Ex1
GmA0201502Ccssl	Gmi-ABas_015-Ex1-b-cssl	Gmi-ABas_015-Ex1
GmA0201602Dcssl	Gmi-ABas_016-Ex1-b-cssl	Gmi-ABas_016-Ex1
GmA0201702Ecssl2	Gmi-ABas_017-Ex1-b-cssl2	Gmi-ABas_017-Ex1
GmA0201802Fcssl2	Gmi-ABas_018-Ex1-b-cssl2	Gmi-ABas_018-Ex1
GmA0201902Gcssl2	Gmi-ABas_019-Ex1-b-cssl2	Gmi-ABas_019-Ex1
GmA0202202Hcssl2	Gmi-ABas_022-Ex1-b-cssl2	Gmi-ABas_022-Ex1
GmA0202403Acssl	Gmi-ABas_024-Ex1-b-cssl	Gmi-ABas_024-Ex1
GmA0202503Bcssl	Gmi-ABas_025-Ex1-b-cssl	Gmi-ABas_025-Ex1
GmA0202603Ccssl	Gmi-ABas_026-Ex1-b-cssl	Gmi-ABas_026-Ex1
GmA0202703Dcssl	Gmi-ABas_027-Ex1-b-cssl	Gmi-ABas_027-Ex1
GmA0202803Ecssl2	Gmi-ABas_028-Ex1-b-cssl2	Gmi-ABas_028-Ex1
GmA0202903Fcssl	Gmi-ABas_029-Ex1-b-cssl	Gmi-ABas_029-Ex1
GmA0203003Gcssl2	Gmi-ABas_030-Ex1-b-cssl2	Gmi-ABas_030-Ex1
GmA0203103Hcssl	Gmi-ABas_031-Ex1-b-cssl	Gmi-ABas_031-Ex1
GmA0203204Acssl	Gmi-ABas_032-Ex1-b-cssl	Gmi-ABas_032-Ex1
GmA0203304Bcssl2	Gmi-ABas_033-Ex1-b-cssl2	Gmi-ABas_033-Ex1
GmA0203404Ccssl2	Gmi-ABas_034-Ex1-b-cssl2	Gmi-ABas_034-Ex1
GmA0203504Dcssl2	Gmi-ABas_035-Ex1-b-cssl2	Gmi-ABas_035-Ex1
GmA0203604Ecssl	Gmi-ABas_036-Ex1-b-cssl	Gmi-ABas_036-Ex1
GmA0203704Fcssl	Gmi-ABas_037-Ex1-b-cssl	Gmi-ABas_037-Ex1
GmA0203804Gcssl	Gmi-ABas_038-Ex1-b-cssl	Gmi-ABas_038-Ex1
GmA0203904Hcssl	Gmi-ABas_039-Ex1-b-cssl	Gmi-ABas_039-Ex1
GmA0204005Acssl	Gmi-ABas_040-Ex1-b-cssl	Gmi-ABas_040-Ex1
GmA0204105Bcssl	Gmi-ABas_041-Ex1-b-cssl	Gmi-ABas_041-Ex1
GmA0204205Ccssl	Gmi-ABas_042-Ex1-b-cssl	Gmi-ABas_042-Ex1
GmA0204305Dcssl	Gmi-ABas_043-Ex1-b-cssl	Gmi-ABas_043-Ex1
GmA0204505Ecssl2	Gmi-ABas_045-Ex1-b-cssl2	Gmi-ABas_045-Ex1
GmA0204605Fcssl	Gmi-ABas_046-Ex1-b-cssl	Gmi-ABas_046-Ex1
GmA0204705Gcssl2	Gmi-ABas_047-Ex1-b-cssl2	Gmi-ABas_047-Ex1
GmA0204805Hcssl	Gmi-ABas_048-Ex1-b-cssl	Gmi-ABas_048-Ex1
GmA0204906Acssl2	Gmi-ABas_049-Ex1-b-cssl2	Gmi-ABas_049-Ex1
GmA0205006Bcssl	Gmi-ABas_050-Ex1-b-cssl	Gmi-ABas_050-Ex1
GmA0205106Ccssl	Gmi-ABas_051-Ex1-b-cssl	Gmi-ABas_051-Ex1
GmA0205206Dcssl	Gmi-ABas_052-Ex1-b-cssl	Gmi-ABas_052-Ex1
GmA0205306Ecssl	Gmi-ABas_053-Ex1-b-cssl	Gmi-ABas_053-Ex1
GmA0205506Fcssl2	Gmi-ABas_055-Ex1-b-cssl2	Gmi-ABas_055-Ex1
GmA0205606Gcssl	Gmi-ABas_056-Ex1-b-cssl	Gmi-ABas_056-Ex1
GmA0205706Hcssl	Gmi-ABas_057-Ex1-b-cssl	Gmi-ABas_057-Ex1
GmA0205807Acssl2	Gmi-ABas_058-Ex1-b-cssl2	Gmi-ABas_058-Ex1
GmA0205907Bcssl2	Gmi-ABas_059-Ex1-b-cssl2	Gmi-ABas_059-Ex1
GmA0206007Ccssl2	Gmi-ABas_060-Ex1-b-cssl2	Gmi-ABas_060-Ex1
GmA0206107Dcssl	Gmi-ABas_061-Ex1-b-cssl	Gmi-ABas_061-Ex1
GmC0100104Bcssl	Gmi-CBat_001-Ex1-cssl	Gmi-CBat_001-Ex1
GmC0100207Ccssl2	Gmi-CBat_002-Ex1-cssl2	Gmi-CBat_002-Ex1
GmC0100304Ccssl	Gmi-CBat_003-Ex1-cssl	Gmi-CBat_003-Ex1
GmC0100402Fcssl	Gmi-CBat_004-Ex1-cssl	Gmi-CBat_004-Ex1
GmC0100507Bcssl2	Gmi-CBat_005-Ex1-cssl2	Gmi-CBat_005-Ex1
GmC0100708Dcssl	Gmi-CBat_007-Ex1-cssl	Gmi-CBat_007-Ex1
GmC0101001Hcssl	Gmi-CBat_010-Ex1-cssl	Gmi-CBat_010-Ex1
GmC0101103Fcssl	Gmi-CBat_011-Ex1-cssl	Gmi-CBat_011-Ex1
GmC0101206Hcssl2	Gmi-CBat_012-Ex1-cssl2	Gmi-CBat_012-Ex1
GmC0101307Dcssl2	Gmi-CBat_013-Ex1-cssl2	Gmi-CBat_013-Ex1
GmC0101505Acssl	Gmi-CBat_015-Ex1-cssl	Gmi-CBat_015-Ex1
GmC0101801Bcssl2	Gmi-CBat_018-Ex1-cssl2	Gmi-CBat_018-Ex1
GmC0101904Gcssl	Gmi-CBat_019-Ex1-cssl	Gmi-CBat_019-Ex1
GmC0102002Hcssl	Gmi-CBat_020-Ex1-cssl	Gmi-CBat_020-Ex1
GmC0102106Gcssl2	Gmi-CBat_021-Ex1-cssl2	Gmi-CBat_021-Ex1
GmC0102205Ecssl2	Gmi-CBat_022-Ex1-cssl2	Gmi-CBat_022-Ex1
GmC0102301Ccssl	Gmi-CBat_023-Ex1-cssl	Gmi-CBat_023-Ex1
GmC0102403Ccssl	Gmi-CBat_024-Ex1-cssl	Gmi-CBat_024-Ex1
GmC0102508Ecssl	Gmi-CBat_025-Ex1-cssl	Gmi-CBat_025-Ex1
GmC0102704Ecssl	Gmi-CBat_027-Ex1-cssl	Gmi-CBat_027-Ex1
GmC0103004Dcssl	Gmi-CBat_030-Ex1-cssl	Gmi-CBat_030-Ex1
GmC0103103Hcssl	Gmi-CBat_031-Ex1-cssl	Gmi-CBat_031-Ex1
GmC0103403Acssl	Gmi-CBat_034-Ex1-cssl	Gmi-CBat_034-Ex1
GmC0103505Hcssl2	Gmi-CBat_035-Ex1-cssl2	Gmi-CBat_035-Ex1
GmC0103606Bcssl2	Gmi-CBat_036-Ex1-cssl2	Gmi-CBat_036-Ex1
GmC0103708Fcssl2	Gmi-CBat_037-Ex1-cssl2	Gmi-CBat_037-Ex1
GmC0103902Bcssl	Gmi-CBat_039-Ex1-cssl	Gmi-CBat_039-Ex1
GmC0104007Acssl2	Gmi-CBat_040-Ex1-cssl2	Gmi-CBat_040-Ex1
GmC0104206Dcssl2	Gmi-CBat_042-Ex1-cssl2	Gmi-CBat_042-Ex1
GmC0104303Ecssl	Gmi-CBat_043-Ex1-cssl	Gmi-CBat_043-Ex1
GmC0104402Ecssl	Gmi-CBat_044-Ex1-cssl	Gmi-CBat_044-Ex1
GmC0104601Gcssl	Gmi-CBat_046-Ex1-cssl	Gmi-CBat_046-Ex1
GmC0104707Fcssl2	Gmi-CBat_047-Ex1-cssl2	Gmi-CBat_047-Ex1
GmC0104802Ccssl	Gmi-CBat_048-Ex1-cssl	Gmi-CBat_048-Ex1
GmC0104903Bcssl	Gmi-CBat_049-Ex1-cssl	Gmi-CBat_049-Ex1
GmC0105003Dcssl	Gmi-CBat_050-Ex1-cssl	Gmi-CBat_050-Ex1
GmC0105105Gcssl2	Gmi-CBat_051-Ex1-cssl2	Gmi-CBat_051-Ex1
GmC0105208Bcssl	Gmi-CBat_052-Ex1-cssl	Gmi-CBat_052-Ex1
GmC0105604Fcssl	Gmi-CBat_056-Ex1-cssl	Gmi-CBat_056-Ex1
GmC0105806Acssl2	Gmi-CBat_058-Ex1-cssl2	Gmi-CBat_058-Ex1
GmC0105901Dcssl	Gmi-CBat_059-Ex1-cssl	Gmi-CBat_059-Ex1
GmC0106002Acssl	Gmi-CBat_060-Ex1-cssl	Gmi-CBat_060-Ex1
GmC0106108Acssl2	Gmi-CBat_061-Ex1-cssl2	Gmi-CBat_061-Ex1
GmC0106205Fcssl2	Gmi-CBat_062-Ex1-cssl2	Gmi-CBat_062-Ex1
GmC0106301Fcssl	Gmi-CBat_063-Ex1-cssl	Gmi-CBat_063-Ex1
GmC0106405Bcssl	Gmi-CBat_064-Ex1-cssl	Gmi-CBat_064-Ex1
GmC0106501Ecssl	Gmi-CBat_065-Ex1-cssl	Gmi-CBat_065-Ex1
GmC0106607Ecssl2	Gmi-CBat_066-Ex1-cssl2	Gmi-CBat_066-Ex1
GmC0106704Hcssl	Gmi-CBat_067-Ex1-cssl	Gmi-CBat_067-Ex1
GmC0107006Ecssl2	Gmi-CBat_070-Ex1-cssl2	Gmi-CBat_070-Ex1
GmC0107108Gcssl2	Gmi-CBat_071-Ex1-cssl2	Gmi-CBat_071-Ex1
GmC0107603Gcssl	Gmi-CBat_076-Ex1-cssl	Gmi-CBat_076-Ex1
GmC0107902Gcssl	Gmi-CBat_079-Ex1-cssl	Gmi-CBat_079-Ex1
GmC0108006Fcssl2	Gmi-CBat_080-Ex1-cssl2	Gmi-CBat_080-Ex1
GmC0108101Acssl2	Gmi-CBat_081-Ex1-cssl2	Gmi-CBat_081-Ex1
GmC0108206Ccssl2	Gmi-CBat_082-Ex1-cssl2	Gmi-CBat_082-Ex1
GmC0108305Ccssl	Gmi-CBat_083-Ex1-cssl	Gmi-CBat_083-Ex1
GmC0108402Dcssl	Gmi-CBat_084-Ex1-cssl	Gmi-CBat_084-Ex1
GmC0108804Acssl	Gmi-CBat_088-Ex1-cssl	Gmi-CBat_088-Ex1
GmC0109108Ccssl	Gmi-CBat_091-Ex1-cssl	Gmi-CBat_091-Ex1
GmC0109307Hcssl2	Gmi-CBat_093-Ex1-cssl2	Gmi-CBat_093-Ex1
GmC0109407Gcssl2	Gmi-CBat_094-Ex1-cssl2	Gmi-CBat_094-Ex1
GmC0109505Dcssl2	Gmi-CBat_095-Ex1-cssl2	Gmi-CBat_095-Ex1
GmC0109608Hcssl2	Gmi-CBat_096-Ex1-cssl2	Gmi-CBat_096-Ex1
GmA0100101Dcssl2	Gmi-AHam_001-Ex1-cssl2	Gmi-AHam_001-Ex1
GmA0100201Ecssl2	Gmi-AHam_002-Ex1-cssl2	Gmi-AHam_002-Ex1
GmA0100504Bcssl	Gmi-AHam_005-Ex1-cssl	Gmi-AHam_005-Ex1
GmA0100604Ecssl	Gmi-AHam_006-Ex1-cssl	Gmi-AHam_006-Ex1
GmA0100705Acssl	Gmi-AHam_007-Ex1-cssl	Gmi-AHam_007-Ex1
GmA0100805Fcssl	Gmi-AHam_008-Ex1-cssl	Gmi-AHam_008-Ex1
GmA0100906Ecssl	Gmi-AHam_009-Ex1-cssl	Gmi-AHam_009-Ex1
GmA0101208Hcssl	Gmi-AHam_012-Ex1-cssl	Gmi-AHam_012-Ex1
GmA0101301Acssl2	Gmi-AHam_013-Ex1-cssl2	Gmi-AHam_013-Ex1
GmA0101501Gcssl2	Gmi-AHam_015-Ex1-cssl2	Gmi-AHam_015-Ex1
GmA0101601Ccssl2	Gmi-AHam_016-Ex1-cssl2	Gmi-AHam_016-Ex1
GmA0101905Bcssl	Gmi-AHam_019-Ex1-cssl	Gmi-AHam_019-Ex1
GmA0102005Gcssl	Gmi-AHam_020-Ex1-cssl	Gmi-AHam_020-Ex1
GmA0102106Fcssl	Gmi-AHam_021-Ex1-cssl	Gmi-AHam_021-Ex1
GmA0102207Dcssl	Gmi-AHam_022-Ex1-cssl	Gmi-AHam_022-Ex1
GmA0102308Ccssl	Gmi-AHam_023-Ex1-cssl	Gmi-AHam_023-Ex1
GmA0102409Acssl	Gmi-AHam_024-Ex1-cssl	Gmi-AHam_024-Ex1
GmA0102501Hcssl	Gmi-AHam_025-Ex1-cssl	Gmi-AHam_025-Ex1
GmA0103407Ecssl	Gmi-AHam_034-Ex1-cssl	Gmi-AHam_034-Ex1
GmA0103609Bcssl	Gmi-AHam_036-Ex1-cssl	Gmi-AHam_036-Ex1
GmA0103802Ecssl	Gmi-AHam_038-Ex1-cssl	Gmi-AHam_038-Ex1
GmA0104003Ecssl	Gmi-AHam_040-Ex1-cssl	Gmi-AHam_040-Ex1
GmA0104305Ccssl	Gmi-AHam_043-Ex1-cssl	Gmi-AHam_043-Ex1
GmA0104405Hcssl	Gmi-AHam_044-Ex1-cssl	Gmi-AHam_044-Ex1
GmA0104506Gcssl	Gmi-AHam_045-Ex1-cssl	Gmi-AHam_045-Ex1
GmA0104607Fcssl	Gmi-AHam_046-Ex1-cssl	Gmi-AHam_046-Ex1
GmA0104708Dcssl	Gmi-AHam_047-Ex1-cssl	Gmi-AHam_047-Ex1
GmA0104809Ccssl	Gmi-AHam_048-Ex1-cssl	Gmi-AHam_048-Ex1
GmA0104902Acssl	Gmi-AHam_049-Ex1-cssl	Gmi-AHam_049-Ex1
GmA0105002Fcssl	Gmi-AHam_050-Ex1-cssl	Gmi-AHam_050-Ex1
GmA0105103Acssl	Gmi-AHam_051-Ex1-cssl	Gmi-AHam_051-Ex1
GmA0105203Fcssl	Gmi-AHam_052-Ex1-cssl	Gmi-AHam_052-Ex1
GmA0105304Ccssl	Gmi-AHam_053-Ex1-cssl	Gmi-AHam_053-Ex1
GmA0105404Fcssl	Gmi-AHam_054-Ex1-cssl	Gmi-AHam_054-Ex1
GmA0105606Acssl	Gmi-AHam_056-Ex1-cssl	Gmi-AHam_056-Ex1
GmA0105706Hcssl	Gmi-AHam_057-Ex1-cssl	Gmi-AHam_057-Ex1
GmA0105807Gcssl	Gmi-AHam_058-Ex1-cssl	Gmi-AHam_058-Ex1
GmA0105908Ecssl	Gmi-AHam_059-Ex1-cssl	Gmi-AHam_059-Ex1
GmA0106102Bcssl	Gmi-AHam_061-Ex1-cssl	Gmi-AHam_061-Ex1
GmA0106202Gcssl	Gmi-AHam_062-Ex1-cssl	Gmi-AHam_062-Ex1
GmA0106303Bcssl	Gmi-AHam_063-Ex1-cssl	Gmi-AHam_063-Ex1
GmA0106403Gcssl	Gmi-AHam_064-Ex1-cssl	Gmi-AHam_064-Ex1
GmA0106604Gcssl	Gmi-AHam_066-Ex1-cssl	Gmi-AHam_066-Ex1
GmA0106705Dcssl	Gmi-AHam_067-Ex1-cssl	Gmi-AHam_067-Ex1
GmA0106806Bcssl	Gmi-AHam_068-Ex1-cssl	Gmi-AHam_068-Ex1
GmA0106907Acssl	Gmi-AHam_069-Ex1-cssl	Gmi-AHam_069-Ex1
GmA0107007Hcssl	Gmi-AHam_070-Ex1-cssl	Gmi-AHam_070-Ex1
GmA0107108Fcssl	Gmi-AHam_071-Ex1-cssl	Gmi-AHam_071-Ex1
GmA0107209Dcssl	Gmi-AHam_072-Ex1-cssl	Gmi-AHam_072-Ex1
GmA0107302Ccssl	Gmi-AHam_073-Ex1-cssl	Gmi-AHam_073-Ex1
GmA0107401Fcssl2	Gmi-AHam_074-Ex1-cssl2	Gmi-AHam_074-Ex1
GmA0107503Ccssl	Gmi-AHam_075-Ex1-cssl	Gmi-AHam_075-Ex1
GmA0107603Hcssl	Gmi-AHam_076-Ex1-cssl	Gmi-AHam_076-Ex1
GmA0107704Dcssl	Gmi-AHam_077-Ex1-cssl	Gmi-AHam_077-Ex1
GmA0108006Ccssl	Gmi-AHam_080-Ex1-cssl	Gmi-AHam_080-Ex1
GmA0108107Bcssl	Gmi-AHam_081-Ex1-cssl	Gmi-AHam_081-Ex1
GmA0108208Acssl	Gmi-AHam_082-Ex1-cssl	Gmi-AHam_082-Ex1
GmA0108409Ecssl	Gmi-AHam_084-Ex1-cssl	Gmi-AHam_084-Ex1
GmA0108602Hcssl	Gmi-AHam_086-Ex1-cssl	Gmi-AHam_086-Ex1
GmA0108703Dcssl	Gmi-AHam_087-Ex1-cssl	Gmi-AHam_087-Ex1
GmA0108804Acssl	Gmi-AHam_088-Ex1-cssl	Gmi-AHam_088-Ex1
GmA0109004Hcssl	Gmi-AHam_090-Ex1-cssl	Gmi-AHam_090-Ex1
GmA0109105Ecssl	Gmi-AHam_091-Ex1-cssl	Gmi-AHam_091-Ex1
GmA0109206Dcssl	Gmi-AHam_092-Ex1-cssl	Gmi-AHam_092-Ex1
GmA0109307Ccssl	Gmi-AHam_093-Ex1-cssl	Gmi-AHam_093-Ex1
GmA0109408Bcssl	Gmi-AHam_094-Ex1-cssl	Gmi-AHam_094-Ex1
GmA0109508Gcssl	Gmi-AHam_095-Ex1-cssl	Gmi-AHam_095-Ex1
GmA0109609Fcssl	Gmi-AHam_096-Ex1-cssl	Gmi-AHam_096-Ex1
GmC0200301Ccssl	Gmi-CBas_003-Ex1-cssl	Gmi-CBas_003-Ex1
GmC0200401Dcssl	Gmi-CBas_004-Ex1-cssl	Gmi-CBas_004-Ex1
GmC0200501Ecssl	Gmi-CBas_005-Ex1-cssl	Gmi-CBas_005-Ex1
GmC0200605Acssl2	Gmi-CBas_006-Ex1-cssl2	Gmi-CBas_006-Ex1
GmC0200705Bcssl2	Gmi-CBas_007-Ex1-cssl2	Gmi-CBas_007-Ex1
GmC0200901Fcssl	Gmi-CBas_009-Ex1-cssl	Gmi-CBas_009-Ex1
GmC0201001Gcssl	Gmi-CBas_010-Ex1-cssl	Gmi-CBas_010-Ex1
GmC0201205Dcssl2	Gmi-CBas_012-Ex1-cssl2	Gmi-CBas_012-Ex1
GmC0201305Ecssl2	Gmi-CBas_013-Ex1-cssl2	Gmi-CBas_013-Ex1
GmC0201405Fcssl2	Gmi-CBas_014-Ex1-cssl2	Gmi-CBas_014-Ex1
GmC0201505Gcssl2	Gmi-CBas_015-Ex1-cssl2	Gmi-CBas_015-Ex1
GmC0201605Hcssl2	Gmi-CBas_016-Ex1-cssl2	Gmi-CBas_016-Ex1
GmC0201706Acssl2	Gmi-CBas_017-Ex1-cssl2	Gmi-CBas_017-Ex1
GmC0201906Bcssl2	Gmi-CBas_019-Ex1-cssl2	Gmi-CBas_019-Ex1
GmC0202306Ccssl2	Gmi-CBas_023-Ex1-cssl2	Gmi-CBas_023-Ex1
GmC0202406Dcssl2	Gmi-CBas_024-Ex1-cssl2	Gmi-CBas_024-Ex1
GmC0202606Ecssl2	Gmi-CBas_026-Ex1-cssl2	Gmi-CBas_026-Ex1
GmC0202706Fcssl2	Gmi-CBas_027-Ex1-cssl2	Gmi-CBas_027-Ex1
GmC0202801Hcssl	Gmi-CBas_028-Ex1-cssl	Gmi-CBas_028-Ex1
GmC0202906Gcssl2	Gmi-CBas_029-Ex1-cssl2	Gmi-CBas_029-Ex1
GmC0203302Bcssl2	Gmi-CBas_033-Ex1-cssl2	Gmi-CBas_033-Ex1
GmC0203406Hcssl2	Gmi-CBas_034-Ex1-cssl2	Gmi-CBas_034-Ex1
GmC0203907Bcssl2	Gmi-CBas_039-Ex1-cssl2	Gmi-CBas_039-Ex1
GmC0204107Ccssl2	Gmi-CBas_041-Ex1-cssl2	Gmi-CBas_041-Ex1
GmC0204502Ccssl2	Gmi-CBas_045-Ex1-cssl2	Gmi-CBas_045-Ex1
GmC0204602Dcssl	Gmi-CBas_046-Ex1-cssl	Gmi-CBas_046-Ex1
GmC0204702Ecssl	Gmi-CBas_047-Ex1-cssl	Gmi-CBas_047-Ex1
GmC0204807Dcssl2	Gmi-CBas_048-Ex1-cssl2	Gmi-CBas_048-Ex1
GmC0204908Gcssl2	Gmi-CBas_049-Ex1-cssl2	Gmi-CBas_049-Ex1
GmC0205302Fcssl	Gmi-CBas_053-Ex1-cssl	Gmi-CBas_053-Ex1
GmC0205407Ecssl2	Gmi-CBas_054-Ex1-cssl2	Gmi-CBas_054-Ex1
GmC0205502Gcssl	Gmi-CBas_055-Ex1-cssl	Gmi-CBas_055-Ex1
GmC0205707Fcssl2	Gmi-CBas_057-Ex1-cssl2	Gmi-CBas_057-Ex1
GmC0205802Hcssl	Gmi-CBas_058-Ex1-cssl	Gmi-CBas_058-Ex1
GmC0206003Acssl	Gmi-CBas_060-Ex1-cssl	Gmi-CBas_060-Ex1
GmC0206103Bcssl	Gmi-CBas_061-Ex1-cssl	Gmi-CBas_061-Ex1
GmC0206409Acssl2	Gmi-CBas_064-Ex1-cssl2	Gmi-CBas_064-Ex1
GmC0206607Gcssl2	Gmi-CBas_066-Ex1-cssl2	Gmi-CBas_066-Ex1
GmC0206703Ccssl	Gmi-CBas_067-Ex1-cssl	Gmi-CBas_067-Ex1
GmC0206807Hcssl2	Gmi-CBas_068-Ex1-cssl2	Gmi-CBas_068-Ex1
GmC0206909Bcssl2	Gmi-CBas_069-Ex1-cssl2	Gmi-CBas_069-Ex1
GmC0207003Dcssl	Gmi-CBas_070-Ex1-cssl	Gmi-CBas_070-Ex1
GmC0207103Ecssl	Gmi-CBas_071-Ex1-cssl	Gmi-CBas_071-Ex1
GmC0207508Acssl2	Gmi-CBas_075-Ex1-cssl2	Gmi-CBas_075-Ex1
GmC0207803Fcssl	Gmi-CBas_078-Ex1-cssl	Gmi-CBas_078-Ex1
GmC0207903Gcssl	Gmi-CBas_079-Ex1-cssl	Gmi-CBas_079-Ex1
GmC0208008Ccssl2	Gmi-CBas_080-Ex1-cssl2	Gmi-CBas_080-Ex1
GmC0208103Hcssl	Gmi-CBas_081-Ex1-cssl	Gmi-CBas_081-Ex1
GmC0208208Dcssl2	Gmi-CBas_082-Ex1-cssl2	Gmi-CBas_082-Ex1
GmC0208301Acssl2	Gmi-CBas_083-Ex1-cssl2	Gmi-CBas_083-Ex1
GmC0208404Acssl	Gmi-CBas_084-Ex1-cssl	Gmi-CBas_084-Ex1
GmC0208504Bcssl	Gmi-CBas_085-Ex1-cssl	Gmi-CBas_085-Ex1
GmC0208601Bcssl2	Gmi-CBas_086-Ex1-cssl2	Gmi-CBas_086-Ex1
GmC0208804Ccssl	Gmi-CBas_088-Ex1-cssl	Gmi-CBas_088-Ex1
GmC0208904Dcssl	Gmi-CBas_089-Ex1-cssl	Gmi-CBas_089-Ex1
GmC0209004Ecssl	Gmi-CBas_090-Ex1-cssl	Gmi-CBas_090-Ex1
GmC0209104Fcssl	Gmi-CBas_091-Ex1-cssl	Gmi-CBas_091-Ex1
GmC0209208Ecssl2	Gmi-CBas_092-Ex1-cssl2	Gmi-CBas_092-Ex1
GmC0209304Gcssl	Gmi-CBas_093-Ex1-cssl	Gmi-CBas_093-Ex1
GmC0209404Hcssl	Gmi-CBas_094-Ex1-cssl	Gmi-CBas_094-Ex1
GmC0209508Fcssl2	Gmi-CBas_095-Ex1-cssl2	Gmi-CBas_095-Ex1
GoA0104506E	Goy-APnd_045-Ex1-6E-lcwgs-1-2	Goy-APnd_045-Ex1
GoA0104806H	Goy-APnd_048-Ex1-6H-lcwgs-1-2	Goy-APnd_048-Ex1
GoA0104606F	Goy-APnd_046-Ex1-6F-lcwgs-1-2	Goy-APnd_046-Ex1
GoA0102203F	Goy-APnd_022-Ex1-3F-lcwgs-1-2	Goy-APnd_022-Ex1
GoA0105607H	Goy-APnd_056-Ex1-7H-lcwgs-1-2	Goy-APnd_056-Ex1
GoA0102403H	Goy-APnd_024-Ex1-3H-lcwgs-1-2	Goy-APnd_024-Ex1
GoA0100301C	Goy-APnd_003-Ex1-1C-lcwgs-1-2	Goy-APnd_003-Ex1
GoA0102804D	Goy-APnd_028-Ex1-4D-lcwgs-1-2	Goy-APnd_028-Ex1
GoA0105507G	Goy-APnd_055-Ex1-7G-lcwgs-1-2	Goy-APnd_055-Ex1
GoA0105207D	Goy-APnd_052-Ex1-7D-lcwgs-1-2	Goy-APnd_052-Ex1
GoA0103305A	Goy-APnd_033-Ex1-5A-lcwgs-1-2	Goy-APnd_033-Ex1
GoA0102103E	Goy-APnd_021-Ex1-3E-lcwgs-1-2	Goy-APnd_021-Ex1
GoA0100401D	Goy-APnd_004-Ex1-1D-lcwgs-1-2	Goy-APnd_004-Ex1
GoA0102003D	Goy-APnd_020-Ex1-3D-lcwgs-1-2	Goy-APnd_020-Ex1
GoA0106408H	Goy-APnd_064-Ex1-8H-lcwgs-1-2	Goy-APnd_064-Ex1
GoA0101903C	Goy-APnd_019-Ex1-3C-lcwgs-1-2	Goy-APnd_019-Ex1
GoA0102704C	Goy-APnd_027-Ex1-4C-lcwgs-1-2	Goy-APnd_027-Ex1
GoA0101402F	Goy-APnd_014-Ex1-2F-lcwgs-1-2	Goy-APnd_014-Ex1
GoA0101202D	Goy-APnd_012-Ex1-2D-lcwgs-1-2	Goy-APnd_012-Ex1
GoA0101002B	Goy-APnd_010-Ex1-2B-lcwgs-1-2	Goy-APnd_010-Ex1
GoA0102303G	Goy-APnd_023-Ex1-3G-lcwgs-1-2	Goy-APnd_023-Ex1
GoA0101602H	Goy-APnd_016-Ex1-2H-lcwgs-1-2	Goy-APnd_016-Ex1
GoA0105908C	Goy-APnd_059-Ex1-8C-lcwgs-1-2	Goy-APnd_059-Ex1
GoA0105107C	Goy-APnd_051-Ex1-7C-lcwgs-1-2	Goy-APnd_051-Ex1
GoA0101102C	Goy-APnd_011-Ex1-2C-lcwgs-1-2	Goy-APnd_011-Ex1
GoA0104406D	Goy-APnd_044-Ex1-6D-lcwgs-1-2	Goy-APnd_044-Ex1
GoA0104306C	Goy-APnd_043-Ex1-6C-lcwgs-1-2	Goy-APnd_043-Ex1
GoA0101502G	Goy-APnd_015-Ex1-2G-lcwgs-1-2	Goy-APnd_015-Ex1
GoA0103805F	Goy-APnd_038-Ex1-5F-lcwgs-1-2	Goy-APnd_038-Ex1
GoA0100201B	Goy-APnd_002-Ex1-1B-lcwgs-1-2	Goy-APnd_002-Ex1
GoA0100601F	Goy-APnd_006-Ex1-1F-lcwgs-1-2	Goy-APnd_006-Ex1
GoA0104106A	Goy-APnd_041-Ex1-6A-lcwgs-1-2	Goy-APnd_041-Ex1
GoA0105407F	Goy-APnd_054-Ex1-7F-lcwgs-1-2	Goy-APnd_054-Ex1
GoA0103004F	Goy-APnd_030-Ex1-4F-lcwgs-1-2	Goy-APnd_030-Ex1
GoA0100701G	Goy-APnd_007-Ex1-1G-lcwgs-1-2	Goy-APnd_007-Ex1
GoA0105007B	Goy-APnd_050-Ex1-7B-lcwgs-1-2	Goy-APnd_050-Ex1
GoA0105307E	Goy-APnd_053-Ex1-7E-lcwgs-1-2	Goy-APnd_053-Ex1
GoA0104907A	Goy-APnd_049-Ex1-7A-lcwgs-1-2	Goy-APnd_049-Ex1
GoA0102904E	Goy-APnd_029-Ex1-4E-lcwgs-1-2	Goy-APnd_029-Ex1
GoA0106308G	Goy-APnd_063-Ex1-8G-lcwgs-1-2	Goy-APnd_063-Ex1
GoA0104005H	Goy-APnd_040-Ex1-5H-lcwgs-1-2	Goy-APnd_040-Ex1
GoA0100501E	Goy-APnd_005-Ex1-1E-lcwgs-1-2	Goy-APnd_005-Ex1
GoA0101703A	Goy-APnd_017-Ex1-3A-lcwgs-1-2	Goy-APnd_017-Ex1
GoA0102504A	Goy-APnd_025-Ex1-4A-lcwgs-1-2	Goy-APnd_025-Ex1
GoA0106208F	Goy-APnd_062-Ex1-8F-lcwgs-1-2	Goy-APnd_062-Ex1
GoA0103505C	Goy-APnd_035-Ex1-5C-lcwgs-1-2	Goy-APnd_035-Ex1
GoA0106008D	Goy-APnd_060-Ex1-8D-lcwgs-1-2	Goy-APnd_060-Ex1
GoA0103705E	Goy-APnd_037-Ex1-5E-lcwgs-1-2	Goy-APnd_037-Ex1
GoC0208405E	Goy-CPnd_084-Ex1-5E-lcwgs-1-2	Goy-CPnd_084-Ex1
GoC0204103C	Goy-CPnd_041-Ex1-3C-lcwgs-1-2	Goy-CPnd_041-Ex1
GoC0201006D	Goy-CPnd_010-Ex1-6D-lcwgs-1-2	Goy-CPnd_010-Ex1
GoC0207001A	Goy-CPnd_070-Ex1-1A-lcwgs-1-2	Goy-CPnd_070-Ex1
GoC0205603G	Goy-CPnd_056-Ex1-3G-lcwgs-1-2	Goy-CPnd_056-Ex1
GoC0206302G	Goy-CPnd_063-Ex1-2G-lcwgs-1-2	Goy-CPnd_063-Ex1
GoC0205704F	Goy-CPnd_057-Ex1-4F-lcwgs-1-2	Goy-CPnd_057-Ex1
GoC0206107E	Goy-CPnd_061-Ex1-7E-lcwgs-1-2	Goy-CPnd_061-Ex1
GoC0200402D	Goy-CPnd_004-Ex1-2D-lcwgs-1-2	Goy-CPnd_004-Ex1
GoC0209104G	Goy-CPnd_091-Ex1-4G-lcwgs-1-2	Goy-CPnd_091-Ex1
GoC0206802A	Goy-CPnd_068-Ex1-2A-lcwgs-1-2	Goy-CPnd_068-Ex1
GoC0200804B	Goy-CPnd_008-Ex1-4B-lcwgs-1-2	Goy-CPnd_008-Ex1
GoC0203806F	Goy-CPnd_038-Ex1-6F-lcwgs-1-2	Goy-CPnd_038-Ex1
GoC0201501E	Goy-CPnd_015-Ex1-1E-lcwgs-1-2	Goy-CPnd_015-Ex1
GoC0202702H	Goy-CPnd_027-Ex1-2H-lcwgs-1-2	Goy-CPnd_027-Ex1
GoC0200107F	Goy-CPnd_001-Ex1-7F-lcwgs-1-2	Goy-CPnd_001-Ex1
GoC0206408D	Goy-CPnd_064-Ex1-8D-lcwgs-1-2	Goy-CPnd_064-Ex1
GoC0206203F	Goy-CPnd_062-Ex1-3F-lcwgs-1-2	Goy-CPnd_062-Ex1
GoC0208806H	Goy-CPnd_088-Ex1-6H-lcwgs-1-2	Goy-CPnd_088-Ex1
GoC0205203D	Goy-CPnd_052-Ex1-3D-lcwgs-1-2	Goy-CPnd_052-Ex1
GoC0207103E	Goy-CPnd_071-Ex1-3E-lcwgs-1-2	Goy-CPnd_071-Ex1
GoC0206007D	Goy-CPnd_060-Ex1-7D-lcwgs-1-2	Goy-CPnd_060-Ex1
GoC0202602F	Goy-CPnd_026-Ex1-2F-lcwgs-1-2	Goy-CPnd_026-Ex1
GoC0205302E	Goy-CPnd_053-Ex1-2E-lcwgs-1-2	Goy-CPnd_053-Ex1
GoC0200602C	Goy-CPnd_006-Ex1-2C-lcwgs-1-2	Goy-CPnd_006-Ex1
GoC0200708E	Goy-CPnd_007-Ex1-8E-lcwgs-1-2	Goy-CPnd_007-Ex1
GoC0202505D	Goy-CPnd_025-Ex1-5D-lcwgs-1-2	Goy-CPnd_025-Ex1
GoC0204706E	Goy-CPnd_047-Ex1-6E-lcwgs-1-2	Goy-CPnd_047-Ex1
GoC0203703H	Goy-CPnd_037-Ex1-3H-lcwgs-1-2	Goy-CPnd_037-Ex1
GoC0201607C	Goy-CPnd_016-Ex1-7C-lcwgs-1-2	Goy-CPnd_016-Ex1
GoC0203908A	Goy-CPnd_039-Ex1-8A-lcwgs-1-2	Goy-CPnd_039-Ex1
GoC0204203B	Goy-CPnd_042-Ex1-3B-lcwgs-1-2	Goy-CPnd_042-Ex1
GoC0208506G	Goy-CPnd_085-Ex1-6G-lcwgs-1-2	Goy-CPnd_085-Ex1
GoC0207204D	Goy-CPnd_072-Ex1-4D-lcwgs-1-2	Goy-CPnd_072-Ex1
GoC0200307G	Goy-CPnd_003-Ex1-7G-lcwgs-1-2	Goy-CPnd_003-Ex1
GoC0209505A	Goy-CPnd_095-Ex1-5A-lcwgs-1-2	Goy-CPnd_095-Ex1
GoC0200506A	Goy-CPnd_005-Ex1-6A-lcwgs-1-2	Goy-CPnd_005-Ex1
GoC0209204A	Goy-CPnd_092-Ex1-4A-lcwgs-1-2	Goy-CPnd_092-Ex1
GoC0200908H	Goy-CPnd_009-Ex1-8H-lcwgs-1-2	Goy-CPnd_009-Ex1
GoC0207304C	Goy-CPnd_073-Ex1-4C-lcwgs-1-2	Goy-CPnd_073-Ex1
GoC0207401C	Goy-CPnd_074-Ex1-1C-lcwgs-1-2	Goy-CPnd_074-Ex1
GoC0205908G	Goy-CPnd_059-Ex1-8G-lcwgs-1-2	Goy-CPnd_059-Ex1
GoC0204808B	Goy-CPnd_048-Ex1-8B-lcwgs-1-2	Goy-CPnd_048-Ex1
GoC0208706C	Goy-CPnd_087-Ex1-6C-lcwgs-1-2	Goy-CPnd_087-Ex1
GoC0209005G	Goy-CPnd_090-Ex1-5G-lcwgs-1-2	Goy-CPnd_090-Ex1
GoC0203503A	Goy-CPnd_035-Ex1-3A-lcwgs-1-2	Goy-CPnd_035-Ex1
GoC0202005B	Goy-CPnd_020-Ex1-5B-lcwgs-1-2	Goy-CPnd_020-Ex1
GoC0203101F	Goy-CPnd_031-Ex1-1F-lcwgs-1-2	Goy-CPnd_031-Ex1
GoA0100101A	Goy-APnd_001-Ex1-1A-lcwgs-1-T	Goy-APnd_001-Ex1
GoA0100201B	Goy-APnd_002-Ex1-1B-lcwgs-1-T	Goy-APnd_002-Ex1
GoA0100301C	Goy-APnd_003-Ex1-1C-lcwgs-1-T	Goy-APnd_003-Ex1
GoA0100401D	Goy-APnd_004-Ex1-1D-lcwgs-1-T	Goy-APnd_004-Ex1
GoA0100501E	Goy-APnd_005-Ex1-1E-lcwgs-1-T	Goy-APnd_005-Ex1
GoA0100601F	Goy-APnd_006-Ex1-1F-lcwgs-1-T	Goy-APnd_006-Ex1
GoA0100701G	Goy-APnd_007-Ex1-1G-lcwgs-1-T	Goy-APnd_007-Ex1
GoA0100801H	Goy-APnd_008-Ex1-1H-lcwgs-1-T	Goy-APnd_008-Ex1
GoA0100902A	Goy-APnd_009-Ex1-2A-lcwgs-1-T	Goy-APnd_009-Ex1
GoA0101002B	Goy-APnd_010-Ex1-2B-lcwgs-1-T	Goy-APnd_010-Ex1
GoA0101102C	Goy-APnd_011-Ex1-2C-lcwgs-1-T	Goy-APnd_011-Ex1
GoA0101202D	Goy-APnd_012-Ex1-2D-lcwgs-1-T	Goy-APnd_012-Ex1
GoA0101302E	Goy-APnd_013-Ex1-2E-lcwgs-1-T	Goy-APnd_013-Ex1
GoA0101402F	Goy-APnd_014-Ex1-2F-lcwgs-1-T	Goy-APnd_014-Ex1
GoA0101502G	Goy-APnd_015-Ex1-2G-lcwgs-1-T	Goy-APnd_015-Ex1
GoA0101602H	Goy-APnd_016-Ex1-2H-lcwgs-1-T	Goy-APnd_016-Ex1
GoA0101703A	Goy-APnd_017-Ex1-3A-lcwgs-1-T	Goy-APnd_017-Ex1
GoA0101803B	Goy-APnd_018-Ex1-3B-lcwgs-1-T	Goy-APnd_018-Ex1
GoA0101903C	Goy-APnd_019-Ex1-3C-lcwgs-1-T	Goy-APnd_019-Ex1
GoA0102003D	Goy-APnd_020-Ex1-3D-lcwgs-1-T	Goy-APnd_020-Ex1
GoA0102103E	Goy-APnd_021-Ex1-3E-lcwgs-1-T	Goy-APnd_021-Ex1
GoA0102203F	Goy-APnd_022-Ex1-3F-lcwgs-1-T	Goy-APnd_022-Ex1
GoA0102303G	Goy-APnd_023-Ex1-3G-lcwgs-1-T	Goy-APnd_023-Ex1
GoA0102403H	Goy-APnd_024-Ex1-3H-lcwgs-1-T	Goy-APnd_024-Ex1
GoA0102504A	Goy-APnd_025-Ex1-4A-lcwgs-1-T	Goy-APnd_025-Ex1
GoA0102604B	Goy-APnd_026-Ex1-4B-lcwgs-1-T	Goy-APnd_026-Ex1
GoA0102704C	Goy-APnd_027-Ex1-4C-lcwgs-1-T	Goy-APnd_027-Ex1
GoA0102804D	Goy-APnd_028-Ex1-4D-lcwgs-1-T	Goy-APnd_028-Ex1
GoA0102904E	Goy-APnd_029-Ex1-4E-lcwgs-1-T	Goy-APnd_029-Ex1
GoA0103004F	Goy-APnd_030-Ex1-4F-lcwgs-1-T	Goy-APnd_030-Ex1
GoA0103104G	Goy-APnd_031-Ex1-4G-lcwgs-1-T	Goy-APnd_031-Ex1
GoA0103204H	Goy-APnd_032-Ex1-4H-lcwgs-1-T	Goy-APnd_032-Ex1
GoA0103305A	Goy-APnd_033-Ex1-5A-lcwgs-1-T	Goy-APnd_033-Ex1
GoA0103405B	Goy-APnd_034-Ex1-5B-lcwgs-1-T	Goy-APnd_034-Ex1
GoA0103505C	Goy-APnd_035-Ex1-5C-lcwgs-1-T	Goy-APnd_035-Ex1
GoA0103605D	Goy-APnd_036-Ex1-5D-lcwgs-1-T	Goy-APnd_036-Ex1
GoA0103705E	Goy-APnd_037-Ex1-5E-lcwgs-1-T	Goy-APnd_037-Ex1
GoA0103805F	Goy-APnd_038-Ex1-5F-lcwgs-1-T	Goy-APnd_038-Ex1
GoA0103905G	Goy-APnd_039-Ex1-5G-lcwgs-1-T	Goy-APnd_039-Ex1
GoA0104005H	Goy-APnd_040-Ex1-5H-lcwgs-1-T	Goy-APnd_040-Ex1
GoA0104106A	Goy-APnd_041-Ex1-6A-lcwgs-1-T	Goy-APnd_041-Ex1
GoA0104206B	Goy-APnd_042-Ex1-6B-lcwgs-1-T	Goy-APnd_042-Ex1
GoA0104306C	Goy-APnd_043-Ex1-6C-lcwgs-1-T	Goy-APnd_043-Ex1
GoA0104406D	Goy-APnd_044-Ex1-6D-lcwgs-1-T	Goy-APnd_044-Ex1
GoA0104506E	Goy-APnd_045-Ex1-6E-lcwgs-1-T	Goy-APnd_045-Ex1
GoA0104606F	Goy-APnd_046-Ex1-6F-lcwgs-1-T	Goy-APnd_046-Ex1
GoA0104706G	Goy-APnd_047-Ex1-6G-lcwgs-1-T	Goy-APnd_047-Ex1
GoA0104806H	Goy-APnd_048-Ex1-6H-lcwgs-1-T	Goy-APnd_048-Ex1
GoA0104907A	Goy-APnd_049-Ex1-7A-lcwgs-1-T	Goy-APnd_049-Ex1
GoA0105007B	Goy-APnd_050-Ex1-7B-lcwgs-1-T	Goy-APnd_050-Ex1
GoA0105107C	Goy-APnd_051-Ex1-7C-lcwgs-1-T	Goy-APnd_051-Ex1
GoA0105207D	Goy-APnd_052-Ex1-7D-lcwgs-1-T	Goy-APnd_052-Ex1
GoA0105307E	Goy-APnd_053-Ex1-7E-lcwgs-1-T	Goy-APnd_053-Ex1
GoA0105407F	Goy-APnd_054-Ex1-7F-lcwgs-1-T	Goy-APnd_054-Ex1
GoA0105507G	Goy-APnd_055-Ex1-7G-lcwgs-1-T	Goy-APnd_055-Ex1
GoA0105607H	Goy-APnd_056-Ex1-7H-lcwgs-1-T	Goy-APnd_056-Ex1
GoA0105708A	Goy-APnd_057-Ex1-8A-lcwgs-1-T	Goy-APnd_057-Ex1
GoA0105808B	Goy-APnd_058-Ex1-8B-lcwgs-1-T	Goy-APnd_058-Ex1
GoA0105908C	Goy-APnd_059-Ex1-8C-lcwgs-1-T	Goy-APnd_059-Ex1
GoA0106008D	Goy-APnd_060-Ex1-8D-lcwgs-1-T	Goy-APnd_060-Ex1
GoA0106108E	Goy-APnd_061-Ex1-8E-lcwgs-1-T	Goy-APnd_061-Ex1
GoA0106208F	Goy-APnd_062-Ex1-8F-lcwgs-1-T	Goy-APnd_062-Ex1
GoA0106308G	Goy-APnd_063-Ex1-8G-lcwgs-1-T	Goy-APnd_063-Ex1
GoA0106408H	Goy-APnd_064-Ex1-8H-lcwgs-1-T	Goy-APnd_064-Ex1
GoA0106509A	Goy-APnd_065-Ex1-9A-lcwgs-1-T	Goy-APnd_065-Ex1
GoA0106609B	Goy-APnd_066-Ex1-9B-lcwgs-1-T	Goy-APnd_066-Ex1
GoA0106709C	Goy-APnd_067-Ex1-9C-lcwgs-1-T	Goy-APnd_067-Ex1
GoC0207001A	Goy-CPnd_070-Ex1-1A-lcwgs-1-T	Goy-CPnd_070-Ex1
GoC0205401B	Goy-CPnd_054-Ex1-1B-lcwgs-1-T	Goy-CPnd_054-Ex1
GoC0207401C	Goy-CPnd_074-Ex1-1C-lcwgs-1-T	Goy-CPnd_074-Ex1
GoC0203201D	Goy-CPnd_032-Ex1-1D-lcwgs-1-T	Goy-CPnd_032-Ex1
GoC0201501E	Goy-CPnd_015-Ex1-1E-lcwgs-1-T	Goy-CPnd_015-Ex1
GoC0203101F	Goy-CPnd_031-Ex1-1F-lcwgs-1-T	Goy-CPnd_031-Ex1
GoC0205801G	Goy-CPnd_058-Ex1-1G-lcwgs-1-T	Goy-CPnd_058-Ex1
GoC0201201H	Goy-CPnd_012-Ex1-1H-lcwgs-1-T	Goy-CPnd_012-Ex1
GoC0206802A	Goy-CPnd_068-Ex1-2A-lcwgs-1-T	Goy-CPnd_068-Ex1
GoC0203302B	Goy-CPnd_033-Ex1-2B-lcwgs-1-T	Goy-CPnd_033-Ex1
GoC0200602C	Goy-CPnd_006-Ex1-2C-lcwgs-1-T	Goy-CPnd_006-Ex1
GoC0200402D	Goy-CPnd_004-Ex1-2D-lcwgs-1-T	Goy-CPnd_004-Ex1
GoC0205302E	Goy-CPnd_053-Ex1-2E-lcwgs-1-T	Goy-CPnd_053-Ex1
GoC0202602F	Goy-CPnd_026-Ex1-2F-lcwgs-1-T	Goy-CPnd_026-Ex1
GoC0206302G	Goy-CPnd_063-Ex1-2G-lcwgs-1-T	Goy-CPnd_063-Ex1
GoC0202702H	Goy-CPnd_027-Ex1-2H-lcwgs-1-T	Goy-CPnd_027-Ex1
GoC0203503A	Goy-CPnd_035-Ex1-3A-lcwgs-1-T	Goy-CPnd_035-Ex1
GoC0204203B	Goy-CPnd_042-Ex1-3B-lcwgs-1-T	Goy-CPnd_042-Ex1
GoC0204103C	Goy-CPnd_041-Ex1-3C-lcwgs-1-T	Goy-CPnd_041-Ex1
GoC0205203D	Goy-CPnd_052-Ex1-3D-lcwgs-1-T	Goy-CPnd_052-Ex1
GoC0207103E	Goy-CPnd_071-Ex1-3E-lcwgs-1-T	Goy-CPnd_071-Ex1
GoC0205603G	Goy-CPnd_056-Ex1-3G-lcwgs-1-T	Goy-CPnd_056-Ex1
GoC0203703H	Goy-CPnd_037-Ex1-3H-lcwgs-1-T	Goy-CPnd_037-Ex1
GoC0209204A	Goy-CPnd_092-Ex1-4A-lcwgs-1-T	Goy-CPnd_092-Ex1
GoC0200804B	Goy-CPnd_008-Ex1-4B-lcwgs-1-T	Goy-CPnd_008-Ex1
GoC0207304C	Goy-CPnd_073-Ex1-4C-lcwgs-1-T	Goy-CPnd_073-Ex1
GoC0207204D	Goy-CPnd_072-Ex1-4D-lcwgs-1-T	Goy-CPnd_072-Ex1
GoC0204404E	Goy-CPnd_044-Ex1-4E-lcwgs-1-T	Goy-CPnd_044-Ex1
GoC0209104G	Goy-CPnd_091-Ex1-4G-lcwgs-1-T	Goy-CPnd_091-Ex1
GoC0201404H	Goy-CPnd_014-Ex1-4H-lcwgs-1-T	Goy-CPnd_014-Ex1
GoC0209505A	Goy-CPnd_095-Ex1-5A-lcwgs-1-T	Goy-CPnd_095-Ex1
GoC0202005B	Goy-CPnd_020-Ex1-5B-lcwgs-1-T	Goy-CPnd_020-Ex1
GoC0200205C	Goy-CPnd_002-Ex1-5C-lcwgs-1-T	Goy-CPnd_002-Ex1
GoC0202505D	Goy-CPnd_025-Ex1-5D-lcwgs-1-T	Goy-CPnd_025-Ex1
GoC0208405E	Goy-CPnd_084-Ex1-5E-lcwgs-1-T	Goy-CPnd_084-Ex1
GoC0208605F	Goy-CPnd_086-Ex1-5F-lcwgs-1-T	Goy-CPnd_086-Ex1
GoC0209005G	Goy-CPnd_090-Ex1-5G-lcwgs-1-T	Goy-CPnd_090-Ex1
GoC0201705H	Goy-CPnd_017-Ex1-5H-lcwgs-1-T	Goy-CPnd_017-Ex1
GoC0200506A	Goy-CPnd_005-Ex1-6A-lcwgs-1-T	Goy-CPnd_005-Ex1
GoC0208906B	Goy-CPnd_089-Ex1-6B-lcwgs-1-T	Goy-CPnd_089-Ex1
GoC0208706C	Goy-CPnd_087-Ex1-6C-lcwgs-1-T	Goy-CPnd_087-Ex1
GoC0201006D	Goy-CPnd_010-Ex1-6D-lcwgs-1-T	Goy-CPnd_010-Ex1
GoC0204706E	Goy-CPnd_047-Ex1-6E-lcwgs-1-T	Goy-CPnd_047-Ex1
GoC0203806F	Goy-CPnd_038-Ex1-6F-lcwgs-1-T	Goy-CPnd_038-Ex1
GoC0208506G	Goy-CPnd_085-Ex1-6G-lcwgs-1-T	Goy-CPnd_085-Ex1
GoC0208806H	Goy-CPnd_088-Ex1-6H-lcwgs-1-T	Goy-CPnd_088-Ex1
GoC0204007A	Goy-CPnd_040-Ex1-7A-lcwgs-1-T	Goy-CPnd_040-Ex1
GoC0203607B	Goy-CPnd_036-Ex1-7B-lcwgs-1-T	Goy-CPnd_036-Ex1
GoC0201607C	Goy-CPnd_016-Ex1-7C-lcwgs-1-T	Goy-CPnd_016-Ex1
GoC0206007D	Goy-CPnd_060-Ex1-7D-lcwgs-1-T	Goy-CPnd_060-Ex1
GoC0206107E	Goy-CPnd_061-Ex1-7E-lcwgs-1-T	Goy-CPnd_061-Ex1
GoC0200107F	Goy-CPnd_001-Ex1-7F-lcwgs-1-T	Goy-CPnd_001-Ex1
GoC0200307G	Goy-CPnd_003-Ex1-7G-lcwgs-1-T	Goy-CPnd_003-Ex1
GoC0201307H	Goy-CPnd_013-Ex1-7H-lcwgs-1-T	Goy-CPnd_013-Ex1
GoC0203908A	Goy-CPnd_039-Ex1-8A-lcwgs-1-T	Goy-CPnd_039-Ex1
GoC0204808B	Goy-CPnd_048-Ex1-8B-lcwgs-1-T	Goy-CPnd_048-Ex1
GoC0204908C	Goy-CPnd_049-Ex1-8C-lcwgs-1-T	Goy-CPnd_049-Ex1
GoC0206408D	Goy-CPnd_064-Ex1-8D-lcwgs-1-T	Goy-CPnd_064-Ex1
GoC0200708E	Goy-CPnd_007-Ex1-8E-lcwgs-1-T	Goy-CPnd_007-Ex1
GoC0205008F	Goy-CPnd_050-Ex1-8F-lcwgs-1-T	Goy-CPnd_050-Ex1
GoC0205908G	Goy-CPnd_059-Ex1-8G-lcwgs-1-T	Goy-CPnd_059-Ex1
GoC0200908H	Goy-CPnd_009-Ex1-8H-lcwgs-1-T	Goy-CPnd_009-Ex1
GoC0206203F	Goy-CPnd_062-Ex1-3F-lcwgs-1-T	Goy-CPnd_062-Ex1
GoC0205704F	Goy-CPnd_057-Ex1-4F-lcwgs-1-T	Goy-CPnd_057-Ex1
HmC01001	Hmi-CBas_001-Ex1-01A	Hmi-CBas_001-Ex1
HmC01002	Hmi-CPar_002-Ex1-02A	Hmi-CPar_002-Ex1
HmC01040	Hmi-CBas_040-Ex1-03A	Hmi-CBas_040-Ex1
HmC01030	Hmi-CBas_030-Ex1-04A	Hmi-CBas_030-Ex1
HmC01043	Hmi-CBas_043-Ex1-05A	Hmi-CBas_043-Ex1
HmC01045	Hmi-CBas_045-Ex1-06A	Hmi-CBas_045-Ex1
HmC01010	Hmi-CPar_010-Ex1-07A	Hmi-CPar_010-Ex1
HmC01035	Hmi-CPar_035-Ex1-08A	Hmi-CPar_035-Ex1
HmC01037	Hmi-CBas_037-Ex1-09A	Hmi-CBas_037-Ex1
HmC01027	Hmi-CPar_027-Ex1-10A	Hmi-CPar_027-Ex1
HmC01041	Hmi-CPar_041-Ex1-11A	Hmi-CPar_041-Ex1
HmC01020	Hmi-CPar_020-Ex1-12A	Hmi-CPar_020-Ex1
HmC01013	Hmi-CBas_013-Ex1-01B	Hmi-CBas_013-Ex1
HmC01014	Hmi-CPar_014-Ex1-02B	Hmi-CPar_014-Ex1
HmC01028	Hmi-CPar_028-Ex1-03B	Hmi-CPar_028-Ex1
HmC01031	Hmi-CPar_031-Ex1-05B	Hmi-CPar_031-Ex1
HmC01009	Hmi-CPar_009-Ex1-06B	Hmi-CPar_009-Ex1
HmC01022	Hmi-CPar_022-Ex1-07B	Hmi-CPar_022-Ex1
HmC01047	Hmi-CPar_047-Ex1-08B	Hmi-CPar_047-Ex1
HmC01013	Hmi-CPar_013-Ex1-09B	Hmi-CPar_013-Ex1
HmC01004	Hmi-CBas_004-Ex1-10B	Hmi-CBas_004-Ex1
HmC01018	Hmi-CBas_018-Ex1-11B	Hmi-CBas_018-Ex1
HmC01032	Hmi-CPar_032-Ex1-12B	Hmi-CPar_032-Ex1
HmC01025	Hmi-CBas_025-Ex1-01C	Hmi-CBas_025-Ex1
HmC01026	Hmi-CPar_026-Ex1-02C	Hmi-CPar_026-Ex1
HmC01029	Hmi-CBas_029-Ex1-03C	Hmi-CBas_029-Ex1
HmC01006	Hmi-CPar_006-Ex1-04C	Hmi-CPar_006-Ex1
HmC01008	Hmi-CBas_008-Ex1-05C	Hmi-CBas_008-Ex1
HmC01033	Hmi-CPar_033-Ex1-06C	Hmi-CPar_033-Ex1
HmC01034	Hmi-CPar_034-Ex1-07C	Hmi-CPar_034-Ex1
HmC01036	Hmi-CBas_036-Ex1-08C	Hmi-CBas_036-Ex1
HmC01002	Hmi-CBas_002-Ex1-09C	Hmi-CBas_002-Ex1
HmC01016	Hmi-CBas_016-Ex1-10C	Hmi-CBas_016-Ex1
HmC01030	Hmi-CPar_030-Ex1-11C	Hmi-CPar_030-Ex1
HmC01021	Hmi-CBas_021-Ex1-12C	Hmi-CBas_021-Ex1
HmC01001	Hmi-CPar_001-Ex1-01D	Hmi-CPar_001-Ex1
HmC01027	Hmi-CBas_027-Ex1-02D	Hmi-CBas_027-Ex1
HmC01041	Hmi-CBas_041-Ex1-03D	Hmi-CBas_041-Ex1
HmC01018	Hmi-CPar_018-Ex1-04D	Hmi-CPar_018-Ex1
HmC01032	Hmi-CBas_032-Ex1-05D	Hmi-CBas_032-Ex1
HmC01045	Hmi-CPar_045-Ex1-06D	Hmi-CPar_045-Ex1
HmC01046	Hmi-CPar_046-Ex1-07D	Hmi-CPar_046-Ex1
HmC01048	Hmi-CBas_048-Ex1-08D	Hmi-CBas_048-Ex1
HmC01014	Hmi-CBas_014-Ex1-09D	Hmi-CBas_014-Ex1
HmC01004	Hmi-CPar_004-Ex1-10D	Hmi-CPar_004-Ex1
HmC01007	Hmi-CPar_007-Ex1-11D	Hmi-CPar_007-Ex1
HmC01021	Hmi-CPar_021-Ex1-12D	Hmi-CPar_021-Ex1
HmC01025	Hmi-CPar_025-Ex1-01E	Hmi-CPar_025-Ex1
HmC01003	Hmi-CPar_003-Ex1-02E	Hmi-CPar_003-Ex1
HmC01005	Hmi-CPar_005-Ex1-03E	Hmi-CPar_005-Ex1
HmC01042	Hmi-CPar_042-Ex1-04E	Hmi-CPar_042-Ex1
HmC01044	Hmi-CBas_044-Ex1-05E	Hmi-CBas_044-Ex1
HmC01010	Hmi-CBas_010-Ex1-06E	Hmi-CBas_010-Ex1
HmC01035	Hmi-CBas_035-Ex1-07E	Hmi-CBas_035-Ex1
HmC01012	Hmi-CPar_012-Ex1-08E	Hmi-CPar_012-Ex1
HmC01038	Hmi-CPar_038-Ex1-09E	Hmi-CPar_038-Ex1
HmC01016	Hmi-CPar_016-Ex1-10E	Hmi-CPar_016-Ex1
HmC01019	Hmi-CPar_019-Ex1-11E	Hmi-CPar_019-Ex1
HmC01011	Hmi-CBas_011-Ex1-12E	Hmi-CBas_011-Ex1
HmC01037	Hmi-CPar_037-Ex1-01F	Hmi-CPar_037-Ex1
HmC01015	Hmi-CPar_015-Ex1-02F	Hmi-CPar_015-Ex1
HmC01017	Hmi-CPar_017-Ex1-03F	Hmi-CPar_017-Ex1
HmC01007	Hmi-CBas_007-Ex1-04F	Hmi-CBas_007-Ex1
HmC01044	Hmi-CPar_044-Ex1-05F	Hmi-CPar_044-Ex1
HmC01022	Hmi-CBas_022-Ex1-06F	Hmi-CBas_022-Ex1
HmC01047	Hmi-CBas_047-Ex1-07F	Hmi-CBas_047-Ex1
HmC01024	Hmi-CPar_024-Ex1-08F	Hmi-CPar_024-Ex1
HmC01003	Hmi-CBas_003-Ex1-09F	Hmi-CBas_003-Ex1
HmC01040	Hmi-CPar_040-Ex1-10F	Hmi-CPar_040-Ex1
HmC01043	Hmi-CPar_043-Ex1-11F	Hmi-CPar_043-Ex1
HmC01023	Hmi-CBas_023-Ex1-12F	Hmi-CBas_023-Ex1
HmC01026	Hmi-CBas_026-Ex1-01G	Hmi-CBas_026-Ex1
HmC01039	Hmi-CPar_039-Ex1-02G	Hmi-CPar_039-Ex1
HmC01029	Hmi-CPar_029-Ex1-03G	Hmi-CPar_029-Ex1
HmC01019	Hmi-CBas_019-Ex1-04G	Hmi-CBas_019-Ex1
HmC01009	Hmi-CBas_009-Ex1-05G	Hmi-CBas_009-Ex1
HmC01034	Hmi-CBas_034-Ex1-06G	Hmi-CBas_034-Ex1
HmC01011	Hmi-CPar_011-Ex1-07G	Hmi-CPar_011-Ex1
HmC01036	Hmi-CPar_036-Ex1-08G	Hmi-CPar_036-Ex1
HmC01015	Hmi-CBas_015-Ex1-09G	Hmi-CBas_015-Ex1
HmC01005	Hmi-CBas_005-Ex1-10G	Hmi-CBas_005-Ex1
HmC01020	Hmi-CBas_020-Ex1-11G	Hmi-CBas_020-Ex1
HmC01012	Hmi-CBas_012-Ex1-12G	Hmi-CBas_012-Ex1
HmC01038	Hmi-CBas_038-Ex1-01H	Hmi-CBas_038-Ex1
HmC01028	Hmi-CBas_028-Ex1-02H	Hmi-CBas_028-Ex1
HmC01006	Hmi-CBas_006-Ex1-03H	Hmi-CBas_006-Ex1
HmC01031	Hmi-CBas_031-Ex1-04H	Hmi-CBas_031-Ex1
HmC01033	Hmi-CBas_033-Ex1-05H	Hmi-CBas_033-Ex1
HmC01046	Hmi-CBas_046-Ex1-06H	Hmi-CBas_046-Ex1
HmC01023	Hmi-CPar_023-Ex1-07H	Hmi-CPar_023-Ex1
HmC01048	Hmi-CPar_048-Ex1-08H	Hmi-CPar_048-Ex1
HmC01039	Hmi-CBas_039-Ex1-09H	Hmi-CBas_039-Ex1
HmC01017	Hmi-CBas_017-Ex1-10H	Hmi-CBas_017-Ex1
HmC01008	Hmi-CPar_008-Ex1-11H	Hmi-CPar_008-Ex1
HmC01024	Hmi-CBas_024-Ex1-12H	Hmi-CBas_024-Ex1
HmA010011A	Hmi-ABas_001-Ex1-01A	Hmi-ABas_001-Ex1
HmA010131B	Hmi-ABas_013-Ex1-01B	Hmi-ABas_013-Ex1
HmA010371D	Hmi-ABas_037-Ex1-01D	Hmi-ABas_037-Ex1
HmA010261E	Hmi-AMac_026-Ex1-01E	Hmi-AMac_026-Ex1
HmA010381F	Hmi-AMac_038-Ex1-01F	Hmi-AMac_038-Ex1
HmA010021G	Hmi-AMac_002-Ex1-01G	Hmi-AMac_002-Ex1
HmA010141H	Hmi-AMac_014-Ex1-01H	Hmi-AMac_014-Ex1
HmA010022A	Hmi-ABas_002-Ex1-02A	Hmi-ABas_002-Ex1
HmA010142B	Hmi-ABas_014-Ex1-02B	Hmi-ABas_014-Ex1
HmA010262C	Hmi-ABas_026-Ex1-02C	Hmi-ABas_026-Ex1
HmA010382D	Hmi-ABas_038-Ex1-02D	Hmi-ABas_038-Ex1
HmA010272E	Hmi-AMac_027-Ex1-02E	Hmi-AMac_027-Ex1
HmA010392F	Hmi-AMac_039-Ex1-02F	Hmi-AMac_039-Ex1
HmA010032G	Hmi-AMac_003-Ex1-02G	Hmi-AMac_003-Ex1
HmA010152H	Hmi-AMac_015-Ex1-02H	Hmi-AMac_015-Ex1
HmA010033A	Hmi-ABas_003-Ex1-03A	Hmi-ABas_003-Ex1
HmA010153B	Hmi-ABas_015-Ex1-03B	Hmi-ABas_015-Ex1
HmA010393D	Hmi-ABas_039-Ex1-03D	Hmi-ABas_039-Ex1
HmA010283E	Hmi-AMac_028-Ex1-03E	Hmi-AMac_028-Ex1
HmA010403F	Hmi-AMac_040-Ex1-03F	Hmi-AMac_040-Ex1
HmA010043G	Hmi-AMac_004-Ex1-03G	Hmi-AMac_004-Ex1
HmA010163H	Hmi-AMac_016-Ex1-03H	Hmi-AMac_016-Ex1
HmA010044A	Hmi-ABas_004-Ex1-04A	Hmi-ABas_004-Ex1
HmA010164B	Hmi-ABas_016-Ex1-04B	Hmi-ABas_016-Ex1
HmA010284C	Hmi-ABas_028-Ex1-04C	Hmi-ABas_028-Ex1
HmA010404D	Hmi-ABas_040-Ex1-04D	Hmi-ABas_040-Ex1
HmA010294E	Hmi-AMac_029-Ex1-04E	Hmi-AMac_029-Ex1
HmA010414F	Hmi-AMac_041-Ex1-04F	Hmi-AMac_041-Ex1
HmA010054G	Hmi-AMac_005-Ex1-04G	Hmi-AMac_005-Ex1
HmA010174H	Hmi-AMac_017-Ex1-04H	Hmi-AMac_017-Ex1
HmA010055A	Hmi-ABas_005-Ex1-05A	Hmi-ABas_005-Ex1
HmA010175B	Hmi-ABas_017-Ex1-05B	Hmi-ABas_017-Ex1
HmA010415D	Hmi-ABas_041-Ex1-05D	Hmi-ABas_041-Ex1
HmA010305E	Hmi-AMac_030-Ex1-05E	Hmi-AMac_030-Ex1
HmA010425F	Hmi-AMac_042-Ex1-05F	Hmi-AMac_042-Ex1
HmA010065G	Hmi-AMac_006-Ex1-05G	Hmi-AMac_006-Ex1
HmA010185H	Hmi-AMac_018-Ex1-05H	Hmi-AMac_018-Ex1
HmA010066A	Hmi-ABas_006-Ex1-06A	Hmi-ABas_006-Ex1
HmA010186B	Hmi-ABas_018-Ex1-06B	Hmi-ABas_018-Ex1
HmA010306C	Hmi-ABas_030-Ex1-06C	Hmi-ABas_030-Ex1
HmA010426D	Hmi-ABas_042-Ex1-06D	Hmi-ABas_042-Ex1
HmA010316E	Hmi-AMac_031-Ex1-06E	Hmi-AMac_031-Ex1
HmA010436F	Hmi-AMac_043-Ex1-06F	Hmi-AMac_043-Ex1
HmA010076G	Hmi-AMac_007-Ex1-06G	Hmi-AMac_007-Ex1
HmA010196H	Hmi-AMac_019-Ex1-06H	Hmi-AMac_019-Ex1
HmA010077A	Hmi-ABas_007-Ex1-07A	Hmi-ABas_007-Ex1
HmA010197B	Hmi-ABas_019-Ex1-07B	Hmi-ABas_019-Ex1
HmA010317C	Hmi-ABas_031-Ex1-07C	Hmi-ABas_031-Ex1
HmA010437D	Hmi-ABas_043-Ex1-07D	Hmi-ABas_043-Ex1
HmA010327E	Hmi-AMac_032-Ex1-07E	Hmi-AMac_032-Ex1
HmA010447F	Hmi-AMac_044-Ex1-07F	Hmi-AMac_044-Ex1
HmA010087G	Hmi-AMac_008-Ex1-07G	Hmi-AMac_008-Ex1
HmA010207H	Hmi-AMac_020-Ex1-07H	Hmi-AMac_020-Ex1
HmA010088A	Hmi-ABas_008-Ex1-08A	Hmi-ABas_008-Ex1
HmA010208B	Hmi-ABas_020-Ex1-08B	Hmi-ABas_020-Ex1
HmA010328C	Hmi-ABas_032-Ex1-08C	Hmi-ABas_032-Ex1
HmA010448D	Hmi-ABas_044-Ex1-08D	Hmi-ABas_044-Ex1
HmA010338E	Hmi-AMac_033-Ex1-08E	Hmi-AMac_033-Ex1
HmA010458F	Hmi-AMac_045-Ex1-08F	Hmi-AMac_045-Ex1
HmA010098G	Hmi-AMac_009-Ex1-08G	Hmi-AMac_009-Ex1
HmA010218H	Hmi-AMac_021-Ex1-08H	Hmi-AMac_021-Ex1
HmA010099A	Hmi-ABas_009-Ex1-09A	Hmi-ABas_009-Ex1
HmA010219B	Hmi-ABas_021-Ex1-09B	Hmi-ABas_021-Ex1
HmA010339C	Hmi-ABas_033-Ex1-09C	Hmi-ABas_033-Ex1
HmA010459D	Hmi-ABas_045-Ex1-09D	Hmi-ABas_045-Ex1
HmA010349E	Hmi-AMac_034-Ex1-09E	Hmi-AMac_034-Ex1
HmA010469F	Hmi-AMac_046-Ex1-09F	Hmi-AMac_046-Ex1
HmA010109G	Hmi-AMac_010-Ex1-09G	Hmi-AMac_010-Ex1
HmA010229H	Hmi-AMac_022-Ex1-09H	Hmi-AMac_022-Ex1
HmA0101010A	Hmi-ABas_010-Ex1-10A	Hmi-ABas_010-Ex1
HmA0102210B	Hmi-ABas_022-Ex1-10B	Hmi-ABas_022-Ex1
HmA0103410C	Hmi-ABas_034-Ex1-10C	Hmi-ABas_034-Ex1
HmA0104610D	Hmi-ABas_046-Ex1-10D	Hmi-ABas_046-Ex1
HmA0103510E	Hmi-AMac_035-Ex1-10E	Hmi-AMac_035-Ex1
HmA0104710F	Hmi-AMac_047-Ex1-10F	Hmi-AMac_047-Ex1
HmA0101110G	Hmi-AMac_011-Ex1-10G	Hmi-AMac_011-Ex1
HmA0102310H	Hmi-AMac_023-Ex1-10H	Hmi-AMac_023-Ex1
HmA0101111A	Hmi-ABas_011-Ex1-11A	Hmi-ABas_011-Ex1
HmA0102311B	Hmi-ABas_023-Ex1-11B	Hmi-ABas_023-Ex1
HmA0104711D	Hmi-ABas_047-Ex1-11D	Hmi-ABas_047-Ex1
HmA0103611E	Hmi-AMac_036-Ex1-11E	Hmi-AMac_036-Ex1
HmA0104811F	Hmi-AMac_048-Ex1-11F	Hmi-AMac_048-Ex1
HmA0101211G	Hmi-AMac_012-Ex1-11G	Hmi-AMac_012-Ex1
HmA0102411H	Hmi-AMac_024-Ex1-11H	Hmi-AMac_024-Ex1
HmA0101212A	Hmi-ABas_012-Ex1-12A	Hmi-ABas_012-Ex1
HmA0102412B	Hmi-ABas_024-Ex1-12B	Hmi-ABas_024-Ex1
HmA0103612C	Hmi-ABas_036-Ex1-12C	Hmi-ABas_036-Ex1
HmA0100112D	Hmi-AMac_001-Ex1-12D	Hmi-AMac_001-Ex1
HmA0103712E	Hmi-AMac_037-Ex1-12E	Hmi-AMac_037-Ex1
HmA0104912F	Hmi-AMac_049-Ex1-12F	Hmi-AMac_049-Ex1
HmA0101312G	Hmi-AMac_013-Ex1-12G	Hmi-AMac_013-Ex1
HmA0102512H	Hmi-AMac_025-Ex1-12H	Hmi-AMac_025-Ex1
HmC010358A	Hmi-CPar_035-Ex1-8A-cssl-2	Hmi-CPar_035-Ex1
HmC010011A	Hmi-CBas_001-Ex1-1A-cssl-2	Hmi-CBas_001-Ex1
HmC010011D	Hmi-CPar_001-Ex1-1D-cssl-2	Hmi-CPar_001-Ex1
HmC010022A	Hmi-CPar_002-Ex1-2A-cssl-2	Hmi-CPar_002-Ex1
HmC010029C	Hmi-CBas_002-Ex1-9C-cssl-2	Hmi-CBas_002-Ex1
HmC010032E	Hmi-CPar_003-Ex1-2E-cssl-2	Hmi-CPar_003-Ex1
HmC010039F	Hmi-CBas_003-Ex1-9F-cssl-2	Hmi-CBas_003-Ex1
HmC0100410B	Hmi-CBas_004-Ex1-10B-cssl-2	Hmi-CBas_004-Ex1
HmC0100410D	Hmi-CPar_004-Ex1-10D-cssl-2	Hmi-CPar_004-Ex1
HmC0100510G	Hmi-CBas_005-Ex1-10G-cssl-2	Hmi-CBas_005-Ex1
HmC010053E	Hmi-CPar_005-Ex1-3E-cssl-2	Hmi-CPar_005-Ex1
HmC010063H	Hmi-CBas_006-Ex1-3H-cssl-2	Hmi-CBas_006-Ex1
HmC010064C	Hmi-CPar_006-Ex1-4C-cssl-2	Hmi-CPar_006-Ex1
HmC0100711D	Hmi-CPar_007-Ex1-11D-cssl-2	Hmi-CPar_007-Ex1
HmC010074F	Hmi-CBas_007-Ex1-4F-cssl-2	Hmi-CBas_007-Ex1
HmC0100811H	Hmi-CPar_008-Ex1-11H-cssl-2	Hmi-CPar_008-Ex1
HmC010085C	Hmi-CBas_008-Ex1-5C-cssl-2	Hmi-CBas_008-Ex1
HmC010095G	Hmi-CBas_009-Ex1-5G-cssl-2	Hmi-CBas_009-Ex1
HmC010096B	Hmi-CPar_009-Ex1-6B-cssl-2	Hmi-CPar_009-Ex1
HmC010106E	Hmi-CBas_010-Ex1-6E-cssl-2	Hmi-CBas_010-Ex1
HmC010107A	Hmi-CPar_010-Ex1-7A-cssl-2	Hmi-CPar_010-Ex1
HmC0101112E	Hmi-CBas_011-Ex1-12E-cssl-2	Hmi-CBas_011-Ex1
HmC010117G	Hmi-CPar_011-Ex1-7G-cssl-2	Hmi-CPar_011-Ex1
HmC0101212G	Hmi-CBas_012-Ex1-12G-cssl-2	Hmi-CBas_012-Ex1
HmC010128E	Hmi-CPar_012-Ex1-8E-cssl-2	Hmi-CPar_012-Ex1
HmC010131B	Hmi-CBas_013-Ex1-1B-cssl-2	Hmi-CBas_013-Ex1
HmC010139B	Hmi-CPar_013-Ex1-9B-cssl-2	Hmi-CPar_013-Ex1
HmC010142B	Hmi-CPar_014-Ex1-2B-cssl-2	Hmi-CPar_014-Ex1
HmC010149D	Hmi-CBas_014-Ex1-9D-cssl-2	Hmi-CBas_014-Ex1
HmC010152F	Hmi-CPar_015-Ex1-2F-cssl-2	Hmi-CPar_015-Ex1
HmC010159G	Hmi-CBas_015-Ex1-9G-cssl-2	Hmi-CBas_015-Ex1
HmC0101610C	Hmi-CBas_016-Ex1-10C-cssl-2	Hmi-CBas_016-Ex1
HmC0101610E	Hmi-CPar_016-Ex1-10E-cssl-2	Hmi-CPar_016-Ex1
HmC0101710H	Hmi-CBas_017-Ex1-10H-cssl-2	Hmi-CBas_017-Ex1
HmC010173F	Hmi-CPar_017-Ex1-3F-cssl-2	Hmi-CPar_017-Ex1
HmC0101811B	Hmi-CBas_018-Ex1-11B-cssl-2	Hmi-CBas_018-Ex1
HmC010184D	Hmi-CPar_018-Ex1-4D-cssl-2	Hmi-CPar_018-Ex1
HmC0101911E	Hmi-CPar_019-Ex1-11E-cssl-2	Hmi-CPar_019-Ex1
HmC010194G	Hmi-CBas_019-Ex1-4G-cssl-2	Hmi-CBas_019-Ex1
HmC0102011G	Hmi-CBas_020-Ex1-11G-cssl-2	Hmi-CBas_020-Ex1
HmC0102012A	Hmi-CPar_020-Ex1-12A-cssl-2	Hmi-CPar_020-Ex1
HmC0102112C	Hmi-CBas_021-Ex1-12C-cssl-2	Hmi-CBas_021-Ex1
HmC0102112D	Hmi-CPar_021-Ex1-12D-cssl-2	Hmi-CPar_021-Ex1
HmC010226F	Hmi-CBas_022-Ex1-6F-cssl-2	Hmi-CBas_022-Ex1
HmC010227B	Hmi-CPar_022-Ex1-7B-cssl-2	Hmi-CPar_022-Ex1
HmC0102312F	Hmi-CBas_023-Ex1-12F-cssl-2	Hmi-CBas_023-Ex1
HmC010237H	Hmi-CPar_023-Ex1-7H-cssl-2	Hmi-CPar_023-Ex1
HmC0102412H	Hmi-CBas_024-Ex1-12H-cssl-2	Hmi-CBas_024-Ex1
HmC010248F	Hmi-CPar_024-Ex1-8F-cssl-2	Hmi-CPar_024-Ex1
HmC010251C	Hmi-CBas_025-Ex1-1C-cssl-2	Hmi-CBas_025-Ex1
HmC010251E	Hmi-CPar_025-Ex1-1E-cssl-2	Hmi-CPar_025-Ex1
HmC010261G	Hmi-CBas_026-Ex1-1G-cssl-2	Hmi-CBas_026-Ex1
HmC010262C	Hmi-CPar_026-Ex1-2C-cssl-2	Hmi-CPar_026-Ex1
HmC0102710A	Hmi-CPar_027-Ex1-10A-cssl-2	Hmi-CPar_027-Ex1
HmC010272D	Hmi-CBas_027-Ex1-2D-cssl-2	Hmi-CBas_027-Ex1
HmC010282H	Hmi-CBas_028-Ex1-2H-cssl-2	Hmi-CBas_028-Ex1
HmC010283B	Hmi-CPar_028-Ex1-3B-cssl-2	Hmi-CPar_028-Ex1
HmC010293C	Hmi-CBas_029-Ex1-3C-cssl-2	Hmi-CBas_029-Ex1
HmC010293G	Hmi-CPar_029-Ex1-3G-cssl-2	Hmi-CPar_029-Ex1
HmC0103011C	Hmi-CPar_030-Ex1-11C-cssl-2	Hmi-CPar_030-Ex1
HmC010304A	Hmi-CBas_030-Ex1-4A-cssl-2	Hmi-CBas_030-Ex1
HmC010314H	Hmi-CBas_031-Ex1-4H-cssl-2	Hmi-CBas_031-Ex1
HmC010315B	Hmi-CPar_031-Ex1-5B-cssl-2	Hmi-CPar_031-Ex1
HmC0103212B	Hmi-CPar_032-Ex1-12B-cssl-2	Hmi-CPar_032-Ex1
HmC010325D	Hmi-CBas_032-Ex1-5D-cssl-2	Hmi-CBas_032-Ex1
HmC010335H	Hmi-CBas_033-Ex1-5H-cssl-2	Hmi-CBas_033-Ex1
HmC010336C	Hmi-CPar_033-Ex1-6C-cssl-2	Hmi-CPar_033-Ex1
HmC010346G	Hmi-CBas_034-Ex1-6G-cssl-2	Hmi-CBas_034-Ex1
HmC010347C	Hmi-CPar_034-Ex1-7C-cssl-2	Hmi-CPar_034-Ex1
HmC010357E	Hmi-CBas_035-Ex1-7E-cssl-2	Hmi-CBas_035-Ex1
HmC010368C	Hmi-CBas_036-Ex1-8C-cssl-2	Hmi-CBas_036-Ex1
HmC010368G	Hmi-CPar_036-Ex1-8G-cssl-2	Hmi-CPar_036-Ex1
HmC010371F	Hmi-CPar_037-Ex1-1F-cssl-2	Hmi-CPar_037-Ex1
HmC010379A	Hmi-CBas_037-Ex1-9A-cssl-2	Hmi-CBas_037-Ex1
HmC010381H	Hmi-CBas_038-Ex1-1H-cssl-2	Hmi-CBas_038-Ex1
HmC010389E	Hmi-CPar_038-Ex1-9E-cssl-2	Hmi-CPar_038-Ex1
HmC010392G	Hmi-CPar_039-Ex1-2G-cssl-2	Hmi-CPar_039-Ex1
HmC010399H	Hmi-CBas_039-Ex1-9H-cssl-2	Hmi-CBas_039-Ex1
HmC0104010F	Hmi-CPar_040-Ex1-10F-cssl-2	Hmi-CPar_040-Ex1
HmC010403A	Hmi-CBas_040-Ex1-3A-cssl-2	Hmi-CBas_040-Ex1
HmC0104111A	Hmi-CPar_041-Ex1-11A-cssl-2	Hmi-CPar_041-Ex1
HmC010413D	Hmi-CBas_041-Ex1-3D-cssl-2	Hmi-CBas_041-Ex1
HmC010424E	Hmi-CPar_042-Ex1-4E-cssl-2	Hmi-CPar_042-Ex1
HmC0104311F	Hmi-CPar_043-Ex1-11F-cssl-2	Hmi-CPar_043-Ex1
HmC010435A	Hmi-CBas_043-Ex1-5A-cssl-2	Hmi-CBas_043-Ex1
HmC010445E	Hmi-CBas_044-Ex1-5E-cssl-2	Hmi-CBas_044-Ex1
HmC010445F	Hmi-CPar_044-Ex1-5F-cssl-2	Hmi-CPar_044-Ex1
HmC010456A	Hmi-CBas_045-Ex1-6A-cssl-2	Hmi-CBas_045-Ex1
HmC010456D	Hmi-CPar_045-Ex1-6D-cssl-2	Hmi-CPar_045-Ex1
HmC010466H	Hmi-CBas_046-Ex1-6H-cssl-2	Hmi-CBas_046-Ex1
HmC010467D	Hmi-CPar_046-Ex1-7D-cssl-2	Hmi-CPar_046-Ex1
HmC010477F	Hmi-CBas_047-Ex1-7F-cssl-2	Hmi-CBas_047-Ex1
HmC010478B	Hmi-CPar_047-Ex1-8B-cssl-2	Hmi-CPar_047-Ex1
HmC010488D	Hmi-CBas_048-Ex1-8D-cssl-2	Hmi-CBas_048-Ex1
HmC010488H	Hmi-CPar_048-Ex1-8H-cssl-2	Hmi-CPar_048-Ex1
HtC0608702H	Hte-CJol_087-Ex1-2H-SSL-1-1	Hte-CJol_087-Ex1
HtC0200803H	Hte-CMvi_008-Ex1-3H-SSL-1-1	Hte-CMvi_008-Ex1
LEC01061	Leq-CMig_061-Ex1	Leq-CMig_061-Ex1
LEC01034	Leq-CMig_034-Ex1	Leq-CMig_034-Ex1
LEC01015	Leq-CMig_015-Ex1	Leq-CMig_015-Ex1
LEC01020	Leq-CMig_020-Ex1	Leq-CMig_020-Ex1
LEC01032	Leq-CMig_032-Ex1	Leq-CMig_032-Ex1
LEC01016	Leq-CMig_016-Ex1	Leq-CMig_016-Ex1
LEC01007	Leq-CMig_007-Ex1	Leq-CMig_007-Ex1
LEC01042	Leq-CMig_042-Ex1	Leq-CMig_042-Ex1
LEC01059	Leq-CMig_059-Ex1	Leq-CMig_059-Ex1
LEC01092	Leq-CMig_092-Ex1	Leq-CMig_092-Ex1
LEC01064	Leq-CMig_064-Ex1	Leq-CMig_064-Ex1
LEC01058	Leq-CMig_058-Ex1	Leq-CMig_058-Ex1
LEC01077	Leq-CMig_077-Ex1	Leq-CMig_077-Ex1
LEC01054	Leq-CMig_054-Ex1	Leq-CMig_054-Ex1
LEC01004	Leq-CMig_004-Ex1	Leq-CMig_004-Ex1
LEC01086	Leq-CMig_086-Ex1	Leq-CMig_086-Ex1
LEC01009	Leq-CMig_009-Ex1	Leq-CMig_009-Ex1
LEC01051	Leq-CMig_051-Ex1	Leq-CMig_051-Ex1
LEC01049	Leq-CMig_049-Ex1	Leq-CMig_049-Ex1
LEC01022	Leq-CMig_022-Ex1	Leq-CMig_022-Ex1
LEC01079	Leq-CMig_079-Ex1	Leq-CMig_079-Ex1
LEC01008	Leq-CMig_008-Ex1	Leq-CMig_008-Ex1
LEC01063	Leq-CMig_063-Ex1	Leq-CMig_063-Ex1
LEC01074	Leq-CMig_074-Ex1	Leq-CMig_074-Ex1
LEC01046	Leq-CMig_046-Ex1	Leq-CMig_046-Ex1
LEC01038	Leq-CMig_038-Ex1	Leq-CMig_038-Ex1
LEC01073	Leq-CMig_073-Ex1	Leq-CMig_073-Ex1
LEC01081	Leq-CMig_081-Ex1	Leq-CMig_081-Ex1
LEC01089	Leq-CMig_089-Ex1	Leq-CMig_089-Ex1
LEC01012	Leq-CMig_012-Ex1	Leq-CMig_012-Ex1
LEC01005	Leq-CMig_005-Ex1	Leq-CMig_005-Ex1
LEC01075	Leq-CMig_075-Ex1	Leq-CMig_075-Ex1
LEC01070	Leq-CMig_070-Ex1	Leq-CMig_070-Ex1
LEC01085	Leq-CMig_085-Ex1	Leq-CMig_085-Ex1
LEC01028	Leq-CMig_028-Ex1	Leq-CMig_028-Ex1
LEC01040	Leq-CMig_040-Ex1	Leq-CMig_040-Ex1
LEC01014	Leq-CMig_014-Ex1	Leq-CMig_014-Ex1
LEC01006	Leq-CMig_006-Ex1	Leq-CMig_006-Ex1
LEC01066	Leq-CMig_066-Ex1	Leq-CMig_066-Ex1
LEC01076	Leq-CMig_076-Ex1	Leq-CMig_076-Ex1
LEC01047	Leq-CMig_047-Ex1	Leq-CMig_047-Ex1
LEC01069	Leq-CMig_069-Ex1	Leq-CMig_069-Ex1
LEC01050	Leq-CMig_050-Ex1	Leq-CMig_050-Ex1
LEC01087	Leq-CMig_087-Ex1	Leq-CMig_087-Ex1
LEC01036	Leq-CMig_036-Ex1	Leq-CMig_036-Ex1
LEC01093	Leq-CMig_093-Ex1	Leq-CMig_093-Ex1
LEC01091	Leq-CMig_091-Ex1	Leq-CMig_091-Ex1
LEC01041	Leq-CMig_041-Ex1	Leq-CMig_041-Ex1
LEC01017	Leq-CMig_017-Ex1	Leq-CMig_017-Ex1
LEC01045	Leq-CMig_045-Ex1	Leq-CMig_045-Ex1
LEC01021	Leq-CMig_021-Ex1	Leq-CMig_021-Ex1
LEC01033	Leq-CMig_033-Ex1	Leq-CMig_033-Ex1
LEC01029	Leq-CMig_029-Ex1	Leq-CMig_029-Ex1
LEC01095	Leq-CMig_095-Ex1	Leq-CMig_095-Ex1
LEC01025	Leq-CMig_025-Ex1	Leq-CMig_025-Ex1
LEC01055	Leq-CMig_055-Ex1	Leq-CMig_055-Ex1
LEC01030	Leq-CMig_030-Ex1	Leq-CMig_030-Ex1
LEC01037	Leq-CMig_037-Ex1	Leq-CMig_037-Ex1
LEC01065	Leq-CMig_065-Ex1	Leq-CMig_065-Ex1
LEC01062	Leq-CMig_062-Ex1	Leq-CMig_062-Ex1
LEC01096	Leq-CMig_096-Ex1	Leq-CMig_096-Ex1
LEC01026	Leq-CMig_026-Ex1	Leq-CMig_026-Ex1
LEC01068	Leq-CMig_068-Ex1	Leq-CMig_068-Ex1
LEC01084	Leq-CMig_084-Ex1	Leq-CMig_084-Ex1
LeA01001	Leq-ABas_001_Ex1	Leq-ABas_001-Ex1
LeA01131	Leq-ABas_013_Ex1-1	Leq-ABas_013-Ex1
LeA01025	Leq-ABas_025_Ex1	Leq-ABas_025-Ex1
LeA01002	Leq-ABas_002_Ex1	Leq-ABas_002-Ex1
LeA01014	Leq-ABas_014_Ex1	Leq-ABas_014-Ex1
LeA01026	Leq-ABas_026_Ex1	Leq-ABas_026-Ex1
LeA01003	Leq-ABas_003_Ex1	Leq-ABas_003-Ex1
LeA01015	Leq-ABas_015_Ex1	Leq-ABas_015-Ex1
LeA01027	Leq-ABas_027_Ex1	Leq-ABas_027-Ex1
LeA01039	Leq-ABas_039_Ex1	Leq-ABas_039-Ex1
LeA01004	Leq-ABas_004_Ex1	Leq-ABas_004-Ex1
LeA01016	Leq-ABas_016_Ex1	Leq-ABas_016-Ex1
LeA01028	Leq-ABas_028_Ex1	Leq-ABas_028-Ex1
LeA01040	Leq-ABas_040_Ex1	Leq-ABas_040-Ex1
LeA01052	Leq-ABas_052_Ex1	Leq-ABas_052-Ex1
LeA01005	Leq-ABas_005_Ex1	Leq-ABas_005-Ex1
LeA01017	Leq-ABas_017_Ex1	Leq-ABas_017-Ex1
LeA01029	Leq-ABas_029_Ex1	Leq-ABas_029-Ex1
LeA01041	Leq-ABas_041_Ex1	Leq-ABas_041-Ex1
LeA01053	Leq-ABas_053_Ex1	Leq-ABas_053-Ex1
LeA01006	Leq-ABas_006_Ex1	Leq-ABas_006-Ex1
LeA01018	Leq-ABas_018_Ex1	Leq-ABas_018-Ex1
LeA01030	Leq-ABas_030_Ex1	Leq-ABas_030-Ex1
LeA01042	Leq-ABas_042_Ex1	Leq-ABas_042-Ex1
LeA01054	Leq-ABas_054_Ex1	Leq-ABas_054-Ex1
LeA01007	Leq-ABas_007_Ex1	Leq-ABas_007-Ex1
LeA01019	Leq-ABas_019_Ex1	Leq-ABas_019-Ex1
LeA01031	Leq-ABas_031_Ex1	Leq-ABas_031-Ex1
LeA01043	Leq-ABas_043_Ex1	Leq-ABas_043-Ex1
LeA01055	Leq-ABas_055_Ex1	Leq-ABas_055-Ex1
LeA01008	Leq-ABas_008_Ex1	Leq-ABas_008-Ex1
LeA01020	Leq-ABas_020_Ex1	Leq-ABas_020-Ex1
LeA01032	Leq-ABas_032_Ex1	Leq-ABas_032-Ex1
LeA01044	Leq-ABas_044_Ex1	Leq-ABas_044-Ex1
LeA01056	Leq-ABas_056_Ex1	Leq-ABas_056-Ex1
LeA01009	Leq-ABas_009_Ex1	Leq-ABas_009-Ex1
LeA01021	Leq-ABas_021_Ex1	Leq-ABas_021-Ex1
LeA01033	Leq-ABas_033_Ex1	Leq-ABas_033-Ex1
LeA01045	Leq-ABas_045_Ex1	Leq-ABas_045-Ex1
LeA01010	Leq-ABas_010_Ex1	Leq-ABas_010-Ex1
LeA01022	Leq-ABas_022_Ex1	Leq-ABas_022-Ex1
LeA01034	Leq-ABas_034_Ex1	Leq-ABas_034-Ex1
LeA01046	Leq-ABas_046_Ex1	Leq-ABas_046-Ex1
LeA01058	Leq-ABas_058_Ex1	Leq-ABas_058-Ex1
LeA01011	Leq-ABas_011_Ex1	Leq-ABas_011-Ex1
LeA01023	Leq-ABas_023_Ex1	Leq-ABas_023-Ex1
LeA01035	Leq-ABas_035_Ex1	Leq-ABas_035-Ex1
LeA01047	Leq-ABas_047_Ex1	Leq-ABas_047-Ex1
LeA01012	Leq-ABas_012_Ex1	Leq-ABas_012-Ex1
LeA01036	Leq-ABas_036_Ex1	Leq-ABas_036-Ex1
LeA01048	Leq-ABas_048_Ex1	Leq-ABas_048-Ex1
LeA01132	Leq-ABas_013_Ex1-2	Leq-ABas_013-Ex1
LEC01020A	Leq-CMig_020-Ex1-2A-cssl-1-2	Leq-CMig_020-Ex1
LEC01016A	Leq-CMig_016-Ex1-4A-cssl-1-2	Leq-CMig_016-Ex1
LEC01042A	Leq-CMig_042-Ex1-6A-cssl-1-2	Leq-CMig_042-Ex1
LEC01058B	Leq-CMig_058-Ex1-2B-cssl-1-2	Leq-CMig_058-Ex1
LEC01006E	Leq-CMig_006-Ex1-5E-cssl-1-2	Leq-CMig_006-Ex1
LEC01030G	Leq-CMig_030-Ex1-8G-cssl-1-2	Leq-CMig_030-Ex1
LeA01001	Leq-ABas_001_Ex1-1A-cssl-1-2	Leq-ABas_001-Ex1
LeA01027	Leq-ABas_027_Ex1-2A2A-cssl-1and2-2	Leq-ABas_027-Ex1
LeA01017	Leq-ABas_017_Ex1-3A3A-cssl-1and2-2	Leq-ABas_017-Ex1
LeA01032	Leq-ABas_032_Ex1-5A5A-cssl-1and2-2	Leq-ABas_032-Ex1
LeA01022	Leq-ABas_022_Ex1-6A-cssl-2-2	Leq-ABas_022-Ex1
LeA01012	Leq-ABas_012_Ex1-7A-cssl-2-2	Leq-ABas_012-Ex1
LeA01131	Leq-ABas_013_Ex1-1B-cssl-1-2	Leq-ABas_013-Ex1
LeA01132	Leq-ABas_013_Ex1-1B-cssl-2-2	Leq-ABas_013-Ex1
LeA01039	Leq-ABas_039_Ex1-2B-cssl-1-2	Leq-ABas_039-Ex1
LeA01029	Leq-ABas_029_Ex1-3B-cssl-1-2	Leq-ABas_029-Ex1
LeA01044	Leq-ABas_044_Ex1-5B5B-cssl-1and2-2	Leq-ABas_044-Ex1
LeA01034	Leq-ABas_034_Ex1-6B6B-cssl-1and2-2	Leq-ABas_034-Ex1
LeA01036	Leq-ABas_036_Ex1-7B7B-cssl-1and2-2	Leq-ABas_036-Ex1
LeA01025	Leq-ABas_025_Ex1-1C1C-cssl-1and2-2	Leq-ABas_025-Ex1
LeA01004	Leq-ABas_004_Ex1-2C-cssl-1-2	Leq-ABas_004-Ex1
LeA01019	Leq-ABas_019_Ex1-4C4C-cssl-1and2-2	Leq-ABas_019-Ex1
LeA01056	Leq-ABas_056_Ex1-5C5C-cssl-1and2-2	Leq-ABas_056-Ex1
LeA01046	Leq-ABas_046_Ex1-6C6C-cssl-1and2-2	Leq-ABas_046-Ex1
LeA01048	Leq-ABas_048_Ex1-7C7C-cssl-1and2-2	Leq-ABas_048-Ex1
LeA01002	Leq-ABas_002_Ex1-1D-cssl-1-2	Leq-ABas_002-Ex1
LeA01016	Leq-ABas_016_Ex1-2D-cssl-1-2	Leq-ABas_016-Ex1
LeA01053	Leq-ABas_053_Ex1-3D3D-cssl-1and2-2	Leq-ABas_053-Ex1
LeA01031	Leq-ABas_031_Ex1-4D4D-cssl-1and2-2	Leq-ABas_031-Ex1
LeA01009	Leq-ABas_009_Ex1-5D5D-cssl-1and2-2	Leq-ABas_009-Ex1
LeA01058	Leq-ABas_058_Ex1-6D6D-cssl-1and2-2	Leq-ABas_058-Ex1
LeA01014	Leq-ABas_014_Ex1-1E1E-cssl-1and2-2	Leq-ABas_014-Ex1
LeA01028	Leq-ABas_028_Ex1-2E-cssl-1-2	Leq-ABas_028-Ex1
LeA01006	Leq-ABas_006_Ex1-3E3E-cssl-1and2-2	Leq-ABas_006-Ex1
LeA01043	Leq-ABas_043_Ex1-4E4E-cssl-1and2-2	Leq-ABas_043-Ex1
LeA01021	Leq-ABas_021_Ex1-5E5E-cssl-1and2-2	Leq-ABas_021-Ex1
LeA01011	Leq-ABas_011_Ex1-6E6E-cssl-1and2-2	Leq-ABas_011-Ex1
LeA01026	Leq-ABas_026_Ex1-1F-cssl-1-2	Leq-ABas_026-Ex1
LeA01040	Leq-ABas_040_Ex1-2F2F-cssl-1and2-2	Leq-ABas_040-Ex1
LeA01018	Leq-ABas_018_Ex1-3F3F-cssl-1and2-2	Leq-ABas_018-Ex1
LeA01033	Leq-ABas_033_Ex1-5F-cssl-1-2	Leq-ABas_033-Ex1
LeA01023	Leq-ABas_023_Ex1-6F6F-cssl-1and2-2	Leq-ABas_023-Ex1
LeA01003	Leq-ABas_003_Ex1-1G-cssl-1-2	Leq-ABas_003-Ex1
LeA01052	Leq-ABas_052_Ex1-2G2G-cssl-1and2-2	Leq-ABas_052-Ex1
LeA01030	Leq-ABas_030_Ex1-3G3G-cssl-1and2-2	Leq-ABas_030-Ex1
LeA01008	Leq-ABas_008_Ex1-4G-cssl-1-2	Leq-ABas_008-Ex1
LeA01035	Leq-ABas_035_Ex1-6G6G-cssl-1and2-2	Leq-ABas_035-Ex1
LeA01015	Leq-ABas_015_Ex1-1H1H-cssl-1and2-2	Leq-ABas_015-Ex1
LeA01005	Leq-ABas_005_Ex1-2H-cssl-1-2	Leq-ABas_005-Ex1
LeA01042	Leq-ABas_042_Ex1-3H-cssl-1-2	Leq-ABas_042-Ex1
LeA01020	Leq-ABas_020_Ex1-4H-cssl-1-2	Leq-ABas_020-Ex1
LeA01010	Leq-ABas_010_Ex1-5H-cssl-1-2	Leq-ABas_010-Ex1
LlA01001	Lle-AHam_001	Lle-AHam_001-Ex1
LlA01013	Lle-AHam_013	Lle-AHam_013-Ex1
LlA01025	Lle-AHam_025	Lle-AHam_025-Ex1
LlA01002	Lle-AHam_002	Lle-AHam_002-Ex1
LlA01014	Lle-AHam_014	Lle-AHam_014-Ex1
LlA01026	Lle-AHam_026	Lle-AHam_026-Ex1
LlA01003	Lle-AHam_003	Lle-AHam_003-Ex1
LlA01015	Lle-AHam_015	Lle-AHam_015-Ex1
LlA01027	Lle-AHam_027	Lle-AHam_027-Ex1
LlA01004	Lle-AHam_004	Lle-AHam_004-Ex1
LlA01016	Lle-AHam_016	Lle-AHam_016-Ex1
LlA01028	Lle-AHam_028	Lle-AHam_028-Ex1
LlA01005	Lle-AHam_005	Lle-AHam_005-Ex1
LlA01017	Lle-AHam_017	Lle-AHam_017-Ex1
LlA01029	Lle-AHam_029	Lle-AHam_029-Ex1
LlA01006	Lle-AHam_006	Lle-AHam_006-Ex1
LlA01018	Lle-AHam_018	Lle-AHam_018-Ex1
LlA01030	Lle-AHam_030	Lle-AHam_030-Ex1
LlA01007	Lle-AHam_007	Lle-AHam_007-Ex1
LlA01019	Lle-AHam_019	Lle-AHam_019-Ex1
LlA01031	Lle-AHam_031	Lle-AHam_031-Ex1
LlA01008	Lle-AHam_008	Lle-AHam_008-Ex1
LlA01020	Lle-AHam_020	Lle-AHam_020-Ex1
LlA01032	Lle-AHam_032	Lle-AHam_032-Ex1
LlA01009	Lle-AHam_009	Lle-AHam_009-Ex1
LlA01021	Lle-AHam_021	Lle-AHam_021-Ex1
LlA01010	Lle-AHam_010	Lle-AHam_010-Ex1
LlA01022	Lle-AHam_022	Lle-AHam_022-Ex1
LlA01011	Lle-AHam_011	Lle-AHam_011-Ex1
LlA01023	Lle-AHam_023	Lle-AHam_023-Ex1
LlA01012	Lle-AHam_012	Lle-AHam_012-Ex1
LlA01024	Lle-AHam_024	Lle-AHam_024-Ex1
LlC01061	Lle-CNas-061	Lle-CNas_061-Ex1
LlC01005	Lle-CNas-005	Lle-CNas_005-Ex1
LlC01090	Lle-CNas-090	Lle-CNas_090-Ex1
LlC01079	Lle-CNas-079	Lle-CNas_079-Ex1
LlC01091	Lle-CNas-091	Lle-CNas_091-Ex1
LlC01008	Lle-CNas-008	Lle-CNas_008-Ex1
LlC01011	Lle-CNas-011	Lle-CNas_011-Ex1
LlC01013	Lle-CNas-013	Lle-CNas_013-Ex1
LlC01025	Lle-CNas-025	Lle-CNas_025-Ex1
LlC01073	Lle-CNas-073	Lle-CNas_073-Ex1
LlC01085	Lle-CNas-085	Lle-CNas_085-Ex1
LlC01002	Lle-CNas-002	Lle-CNas_002-Ex1
LlC01050	Lle-CNas-050	Lle-CNas_050-Ex1
LlC01062	Lle-CNas-062	Lle-CNas_062-Ex1
LlC01074	Lle-CNas-074	Lle-CNas_074-Ex1
LlC01086	Lle-CNas-086	Lle-CNas_086-Ex1
LlC01027	Lle-CNas-027	Lle-CNas_027-Ex1
LlC01039	Lle-CNas-039	Lle-CNas_039-Ex1
LlC01063	Lle-CNas-063	Lle-CNas_063-Ex1
LlC01075	Lle-CNas-075	Lle-CNas_075-Ex1
LlC01087	Lle-CNas-087	Lle-CNas_087-Ex1
LlC01004	Lle-CNas-004	Lle-CNas_004-Ex1
LlC01016	Lle-CNas-016	Lle-CNas_016-Ex1
LlC01028	Lle-CNas-028	Lle-CNas_028-Ex1
LlC01064	Lle-CNas-064	Lle-CNas_064-Ex1
LlC01076	Lle-CNas-076	Lle-CNas_076-Ex1
LlC01088	Lle-CNas-088	Lle-CNas_088-Ex1
LlC01029	Lle-CNas-029	Lle-CNas_029-Ex1
LlC01065	Lle-CNas-065	Lle-CNas_065-Ex1
LlC01077	Lle-CNas-077	Lle-CNas_077-Ex1
LlC01089	Lle-CNas-089	Lle-CNas_089-Ex1
LlC01018	Lle-CNas-018	Lle-CNas_018-Ex1
LlC01030	Lle-CNas-030	Lle-CNas_030-Ex1
LlC01066	Lle-CNas-066	Lle-CNas_066-Ex1
LlC01078	Lle-CNas-078	Lle-CNas_078-Ex1
LlC01007	Lle-CNas-007	Lle-CNas_007-Ex1
LlC01019	Lle-CNas-019	Lle-CNas_019-Ex1
LlC01067	Lle-CNas-067	Lle-CNas_067-Ex1
LlC01020	Lle-CNas-020	Lle-CNas_020-Ex1
LlC01032	Lle-CNas-032	Lle-CNas_032-Ex1
LlC01056	Lle-CNas-056	Lle-CNas_056-Ex1
LlC01068	Lle-CNas-068	Lle-CNas_068-Ex1
LlC01080	Lle-CNas-080	Lle-CNas_080-Ex1
LlC01092	Lle-CNas-092	Lle-CNas_092-Ex1
LlC01009	Lle-CNas-009	Lle-CNas_009-Ex1
LlC01021	Lle-CNas-021	Lle-CNas_021-Ex1
LlC01033	Lle-CNas-033	Lle-CNas_033-Ex1
LlC01045	Lle-CNas-045	Lle-CNas_045-Ex1
LlC01057	Lle-CNas-057	Lle-CNas_057-Ex1
LlC01069	Lle-CNas-069	Lle-CNas_069-Ex1
LlC01081	Lle-CNas-081	Lle-CNas_081-Ex1
LlC01046	Lle-CNas-046	Lle-CNas_046-Ex1
LlC01058	Lle-CNas-058	Lle-CNas_058-Ex1
LlC01070	Lle-CNas-070	Lle-CNas_070-Ex1
LlC01082	Lle-CNas-082	Lle-CNas_082-Ex1
LlC01094	Lle-CNas-094	Lle-CNas_094-Ex1
LlC01023	Lle-CNas-023	Lle-CNas_023-Ex1
LlC01035	Lle-CNas-035	Lle-CNas_035-Ex1
LlC01047	Lle-CNas-047	Lle-CNas_047-Ex1
LlC01059	Lle-CNas-059	Lle-CNas_059-Ex1
LlC01071	Lle-CNas-071	Lle-CNas_071-Ex1
LlC01083	Lle-CNas-083	Lle-CNas_083-Ex1
LlC01095	Lle-CNas-095	Lle-CNas_095-Ex1
LlC01012	Lle-CNas-012	Lle-CNas_012-Ex1
LlC01048	Lle-CNas-048	Lle-CNas_048-Ex1
LlC01060	Lle-CNas-060	Lle-CNas_060-Ex1
LlC01072	Lle-CNas-072	Lle-CNas_072-Ex1
LlC01084	Lle-CNas-084	Lle-CNas_084-Ex1
LlC01001	Lle-CNas-001	Lle-CNas_001-Ex1
LlC01037	Lle-CNas-037	Lle-CNas_037-Ex1
LlC01026	Lle-CNas-026	Lle-CNas_026-Ex1
LlC01038	Lle-CNas-038	Lle-CNas_038-Ex1
LlC01003	Lle-CNas-003	Lle-CNas_003-Ex1
LlC01015	Lle-CNas-015	Lle-CNas_015-Ex1
LlC01051	Lle-CNas-051	Lle-CNas_051-Ex1
LlC01052	Lle-CNas-052	Lle-CNas_052-Ex1
LlC01017	Lle-CNas-017	Lle-CNas_017-Ex1
LlC01006	Lle-CNas-006	Lle-CNas_006-Ex1
LlC01042	Lle-CNas-042	Lle-CNas_042-Ex1
LlC01093	Lle-CNas-093	Lle-CNas_093-Ex1
LlC01022	Lle-CNas-022	Lle-CNas_022-Ex1
LlC01024	Lle-CNas-024	Lle-CNas_024-Ex1
LlC01036	Lle-CNas-036	Lle-CNas_036-Ex1
LlC01010	Lle-CNas-010	Lle-CNas_010-Ex1
LlC01049	Lle-CNas-049	Lle-CNas_049-Ex1
LlC01014	Lle-CNas-014	Lle-CNas_014-Ex1
LlC01031	Lle-CNas-031	Lle-CNas_031-Ex1
LlC01043	Lle-CNas-043	Lle-CNas_043-Ex1
LlC01055	Lle-CNas-055	Lle-CNas_055-Ex1
LlC01044	Lle-CNas-044	Lle-CNas_044-Ex1
LlC01034	Lle-CNas-034	Lle-CNas_034-Ex1
LlC01040	Lle-CNas-040	Lle-CNas_040-Ex1
LlC01053	Lle-CNas-053	Lle-CNas_053-Ex1
LlC01054	Lle-CNas-054	Lle-CNas_054-Ex1
LlC01096	Lle-CNas-096	Lle-CNas_096-Ex1
LlC01041	Lle-CNas-041	Lle-CNas_041-Ex1
LvA0700109D	Lva-APnd_001-Ex1-9D-lcwgs-1-2	Lva-APnd_001-Ex1
LvA0700209E	Lva-APnd_002-Ex1-9E-lcwgs-1-2	Lva-APnd_002-Ex1
LvA0700309F	Lva-APnd_003-Ex1-9F-lcwgs-1-2	Lva-APnd_003-Ex1
LvA0700409G	Lva-APnd_004-Ex1-9G-lcwgs-1-2	Lva-APnd_004-Ex1
LvA0700509H	Lva-APnd_005-Ex1-9H-lcwgs-1-2	Lva-APnd_005-Ex1
LvA0700610A	Lva-APnd_006-Ex1-10A-lcwgs-1-2	Lva-APnd_006-Ex1
LvA0700710B	Lva-APnd_007-Ex1-10B-lcwgs-1-2	Lva-APnd_007-Ex1
LvA0700810C	Lva-APnd_008-Ex1-10C-lcwgs-1-2	Lva-APnd_008-Ex1
LvA0700910D	Lva-APnd_009-Ex1-10D-lcwgs-1-2	Lva-APnd_009-Ex1
LvA0701010E	Lva-APnd_010-Ex1-10E-lcwgs-1-2	Lva-APnd_010-Ex1
LvA0701110F	Lva-APnd_011-Ex1-10F-lcwgs-1-2	Lva-APnd_011-Ex1
LvA0701210G	Lva-APnd_012-Ex1-10G-lcwgs-1-2	Lva-APnd_012-Ex1
LvA0701310H	Lva-APnd_013-Ex1-10H-lcwgs-1-2	Lva-APnd_013-Ex1
LvA0701411A	Lva-APnd_014-Ex1-11A-lcwgs-1-2	Lva-APnd_014-Ex1
LvA0701511B	Lva-APnd_015-Ex1-11B-lcwgs-1-2	Lva-APnd_015-Ex1
LvA0701611C	Lva-APnd_016-Ex1-11C-lcwgs-1-2	Lva-APnd_016-Ex1
LvA0701711D	Lva-APnd_017-Ex1-11D-lcwgs-1-2	Lva-APnd_017-Ex1
LvA0701811E	Lva-APnd_018-Ex1-11E-lcwgs-1-2	Lva-APnd_018-Ex1
LvA0701911F	Lva-APnd_019-Ex1-11F-lcwgs-1-2	Lva-APnd_019-Ex1
LvA0702011G	Lva-APnd_020-Ex1-11G-lcwgs-1-2	Lva-APnd_020-Ex1
LvA0702111H	Lva-APnd_021-Ex1-11H-lcwgs-1-2	Lva-APnd_021-Ex1
LvA0702212A	Lva-APnd_022-Ex1-12A-lcwgs-1-2	Lva-APnd_022-Ex1
LvA0702312B	Lva-APnd_023-Ex1-12B-lcwgs-1-2	Lva-APnd_023-Ex1
LvA0702412C	Lva-APnd_024-Ex1-12C-lcwgs-1-2	Lva-APnd_024-Ex1
LvA0702512D	Lva-APnd_025-Ex1-12D-lcwgs-1-2	Lva-APnd_025-Ex1
LvA0702612E	Lva-APnd_026-Ex1-12E-lcwgs-1-2	Lva-APnd_026-Ex1
LvA0702712F	Lva-APnd_027-Ex1-12F-lcwgs-1-2	Lva-APnd_027-Ex1
LvA0702812G	Lva-APnd_028-Ex1-12G-lcwgs-1-2	Lva-APnd_028-Ex1
LvA0702912H	Lva-APnd_029-Ex1-12H-lcwgs-1-2	Lva-APnd_029-Ex1
LvA0703001A	Lva-APnd_030-Ex1-1A-lcwgs-1-2	Lva-APnd_030-Ex1
LvA0703101B	Lva-APnd_031-Ex1-1B-lcwgs-1-2	Lva-APnd_031-Ex1
LvA0703201C	Lva-APnd_032-Ex1-1C-lcwgs-1-2	Lva-APnd_032-Ex1
LvA0703301D	Lva-APnd_033-Ex1-1D-lcwgs-1-2	Lva-APnd_033-Ex1
LvA0703401E	Lva-APnd_034-Ex1-1E-lcwgs-1-2	Lva-APnd_034-Ex1
LvA0703501F	Lva-APnd_035-Ex1-1F-lcwgs-1-2	Lva-APnd_035-Ex1
LvA0703601G	Lva-APnd_036-Ex1-1G-lcwgs-1-2	Lva-APnd_036-Ex1
LvA0703701H	Lva-APnd_037-Ex1-1H-lcwgs-1-2	Lva-APnd_037-Ex1
LvA0703802A	Lva-APnd_038-Ex1-2A-lcwgs-1-2	Lva-APnd_038-Ex1
LvA0703902B	Lva-APnd_039-Ex1-2B-lcwgs-1-2	Lva-APnd_039-Ex1
LvA0704002C	Lva-APnd_040-Ex1-2C-lcwgs-1-2	Lva-APnd_040-Ex1
LvA0704102D	Lva-APnd_041-Ex1-2D-lcwgs-1-2	Lva-APnd_041-Ex1
LvA0704202E	Lva-APnd_042-Ex1-2E-lcwgs-1-2	Lva-APnd_042-Ex1
LvA0704302F	Lva-APnd_043-Ex1-2F-lcwgs-1-2	Lva-APnd_043-Ex1
LvA0704402G	Lva-APnd_044-Ex1-2G-lcwgs-1-2	Lva-APnd_044-Ex1
LvA0704502H	Lva-APnd_045-Ex1-2H-lcwgs-1-2	Lva-APnd_045-Ex1
LvA0704603A	Lva-APnd_046-Ex1-3A-lcwgs-1-2	Lva-APnd_046-Ex1
LvA0704703B	Lva-APnd_047-Ex1-3B-lcwgs-1-2	Lva-APnd_047-Ex1
LvC0100101A	Lva-CPnd_001-Ex1-1A-lcwgs-2-2	Lva-CPnd_001-Ex1
LvC0100202A	Lva-CPnd_002-Ex1-2A-lcwgs-2-2	Lva-CPnd_002-Ex1
LvC0100303A	Lva-CPnd_003-Ex1-3A-lcwgs-2-2	Lva-CPnd_003-Ex1
LvC0100404A	Lva-CPnd_004-Ex1-4A-lcwgs-2-2	Lva-CPnd_004-Ex1
LvC0100505A	Lva-CPnd_005-Ex1-5A-lcwgs-2-2	Lva-CPnd_005-Ex1
LvC0100606A	Lva-CPnd_006-Ex1-6A-lcwgs-2-2	Lva-CPnd_006-Ex1
LvC0100707A	Lva-CPnd_007-Ex1-7A-lcwgs-2-2	Lva-CPnd_007-Ex1
LvC0100808A	Lva-CPnd_008-Ex1-8A-lcwgs-2-2	Lva-CPnd_008-Ex1
LvC0100909A	Lva-CPnd_009-Ex1-9A-lcwgs-2-2	Lva-CPnd_009-Ex1
LvC0101010A	Lva-CPnd_010-Ex1-10A-lcwgs-2-2	Lva-CPnd_010-Ex1
LvC0101111A	Lva-CPnd_011-Ex1-11A-lcwgs-2-2	Lva-CPnd_011-Ex1
LvC0101212A	Lva-CPnd_012-Ex1-12A-lcwgs-2-2	Lva-CPnd_012-Ex1
LvC0101301B	Lva-CPnd_013-Ex1-1B-lcwgs-2-2	Lva-CPnd_013-Ex1
LvC0101402B	Lva-CPnd_014-Ex1-2B-lcwgs-2-2	Lva-CPnd_014-Ex1
LvC0101503B	Lva-CPnd_015-Ex1-3B-lcwgs-2-2	Lva-CPnd_015-Ex1
LvC0101604B	Lva-CPnd_016-Ex1-4B-lcwgs-2-2	Lva-CPnd_016-Ex1
LvC0101705B	Lva-CPnd_017-Ex1-5B-lcwgs-2-2	Lva-CPnd_017-Ex1
LvC0101806B	Lva-CPnd_018-Ex1-6B-lcwgs-2-2	Lva-CPnd_018-Ex1
LvC0101907B	Lva-CPnd_019-Ex1-7B-lcwgs-2-2	Lva-CPnd_019-Ex1
LvC0102008B	Lva-CPnd_020-Ex1-8B-lcwgs-2-2	Lva-CPnd_020-Ex1
LvC0102109B	Lva-CPnd_021-Ex1-9B-lcwgs-2-2	Lva-CPnd_021-Ex1
LvC0102210B	Lva-CPnd_022-Ex1-10B-lcwgs-2-2	Lva-CPnd_022-Ex1
LvC0102311B	Lva-CPnd_023-Ex1-11B-lcwgs-2-2	Lva-CPnd_023-Ex1
LvC0102412B	Lva-CPnd_024-Ex1-12B-lcwgs-2-2	Lva-CPnd_024-Ex1
LvC0102501C	Lva-CPnd_025-Ex1-1C-lcwgs-2-2	Lva-CPnd_025-Ex1
LvC0102602C	Lva-CPnd_026-Ex1-2C-lcwgs-2-2	Lva-CPnd_026-Ex1
LvC0102703C	Lva-CPnd_027-Ex1-3C-lcwgs-2-2	Lva-CPnd_027-Ex1
LvC0102804C	Lva-CPnd_028-Ex1-4C-lcwgs-2-2	Lva-CPnd_028-Ex1
LvC0102905C	Lva-CPnd_029-Ex1-5C-lcwgs-2-2	Lva-CPnd_029-Ex1
LvC0103006C	Lva-CPnd_030-Ex1-6C-lcwgs-2-2	Lva-CPnd_030-Ex1
LvC0103107C	Lva-CPnd_031-Ex1-7C-lcwgs-2-2	Lva-CPnd_031-Ex1
LvC0103208C	Lva-CPnd_032-Ex1-8C-lcwgs-2-2	Lva-CPnd_032-Ex1
LvC0103309C	Lva-CPnd_033-Ex1-9C-lcwgs-2-2	Lva-CPnd_033-Ex1
LvC0103410C	Lva-CPnd_034-Ex1-10C-lcwgs-2-2	Lva-CPnd_034-Ex1
LvC0103511C	Lva-CPnd_035-Ex1-11C-lcwgs-2-2	Lva-CPnd_035-Ex1
LvC0103612C	Lva-CPnd_036-Ex1-12C-lcwgs-2-2	Lva-CPnd_036-Ex1
LvC0103701D	Lva-CPnd_037-Ex1-1D-lcwgs-2-2	Lva-CPnd_037-Ex1
LvC0103802D	Lva-CPnd_038-Ex1-2D-lcwgs-2-2	Lva-CPnd_038-Ex1
LvC0103903D	Lva-CPnd_039-Ex1-3D-lcwgs-2-2	Lva-CPnd_039-Ex1
LvC0104004D	Lva-CPnd_040-Ex1-4D-lcwgs-2-2	Lva-CPnd_040-Ex1
LvC0104105D	Lva-CPnd_041-Ex1-5D-lcwgs-2-2	Lva-CPnd_041-Ex1
LvC0104206D	Lva-CPnd_042-Ex1-6D-lcwgs-2-2	Lva-CPnd_042-Ex1
LvC0104307D	Lva-CPnd_043-Ex1-7D-lcwgs-2-2	Lva-CPnd_043-Ex1
LvC0104408D	Lva-CPnd_044-Ex1-8D-lcwgs-2-2	Lva-CPnd_044-Ex1
LvC0104509D	Lva-CPnd_045-Ex1-9D-lcwgs-2-2	Lva-CPnd_045-Ex1
LvC0104610D	Lva-CPnd_046-Ex1-10D-lcwgs-2-2	Lva-CPnd_046-Ex1
LvC0104711D	Lva-CPnd_047-Ex1-11D-lcwgs-2-2	Lva-CPnd_047-Ex1
LvC0104812D	Lva-CPnd_048-Ex1-12D-lcwgs-2-2	Lva-CPnd_048-Ex1
LvA0700109D	Lva-APnd_001-Ex1-9D-lcwgs-1-3	Lva-APnd_001-Ex1
LvA0700209E	Lva-APnd_002-Ex1-9E-lcwgs-1-3	Lva-APnd_002-Ex1
LvA0700309F	Lva-APnd_003-Ex1-9F-lcwgs-1-3	Lva-APnd_003-Ex1
LvA0700409G	Lva-APnd_004-Ex1-9G-lcwgs-1-3	Lva-APnd_004-Ex1
LvA0700509H	Lva-APnd_005-Ex1-9H-lcwgs-1-3	Lva-APnd_005-Ex1
LvA0700610A	Lva-APnd_006-Ex1-10A-lcwgs-1-3	Lva-APnd_006-Ex1
LvA0700710B	Lva-APnd_007-Ex1-10B-lcwgs-1-3	Lva-APnd_007-Ex1
LvA0700810C	Lva-APnd_008-Ex1-10C-lcwgs-1-3	Lva-APnd_008-Ex1
LvA0700910D	Lva-APnd_009-Ex1-10D-lcwgs-1-3	Lva-APnd_009-Ex1
LvA0701010E	Lva-APnd_010-Ex1-10E-lcwgs-1-3	Lva-APnd_010-Ex1
LvA0701110F	Lva-APnd_011-Ex1-10F-lcwgs-1-3	Lva-APnd_011-Ex1
LvA0701210G	Lva-APnd_012-Ex1-10G-lcwgs-1-3	Lva-APnd_012-Ex1
LvA0701310H	Lva-APnd_013-Ex1-10H-lcwgs-1-3	Lva-APnd_013-Ex1
LvA0701411A	Lva-APnd_014-Ex1-11A-lcwgs-1-3	Lva-APnd_014-Ex1
LvA0701511B	Lva-APnd_015-Ex1-11B-lcwgs-1-3	Lva-APnd_015-Ex1
LvA0701611C	Lva-APnd_016-Ex1-11C-lcwgs-1-3	Lva-APnd_016-Ex1
LvA0701711D	Lva-APnd_017-Ex1-11D-lcwgs-1-3	Lva-APnd_017-Ex1
LvA0701811E	Lva-APnd_018-Ex1-11E-lcwgs-1-3	Lva-APnd_018-Ex1
LvA0701911F	Lva-APnd_019-Ex1-11F-lcwgs-1-3	Lva-APnd_019-Ex1
LvA0702011G	Lva-APnd_020-Ex1-11G-lcwgs-1-3	Lva-APnd_020-Ex1
LvA0702111H	Lva-APnd_021-Ex1-11H-lcwgs-1-3	Lva-APnd_021-Ex1
LvA0702212A	Lva-APnd_022-Ex1-12A-lcwgs-1-3	Lva-APnd_022-Ex1
LvA0702312B	Lva-APnd_023-Ex1-12B-lcwgs-1-3	Lva-APnd_023-Ex1
LvA0702412C	Lva-APnd_024-Ex1-12C-lcwgs-1-3	Lva-APnd_024-Ex1
LvA0702512D	Lva-APnd_025-Ex1-12D-lcwgs-1-3	Lva-APnd_025-Ex1
LvA0702612E	Lva-APnd_026-Ex1-12E-lcwgs-1-3	Lva-APnd_026-Ex1
LvA0702712F	Lva-APnd_027-Ex1-12F-lcwgs-1-3	Lva-APnd_027-Ex1
LvA0702812G	Lva-APnd_028-Ex1-12G-lcwgs-1-3	Lva-APnd_028-Ex1
LvA0702912H	Lva-APnd_029-Ex1-12H-lcwgs-1-3	Lva-APnd_029-Ex1
LvA0703001A	Lva-APnd_030-Ex1-1A-lcwgs-1-3	Lva-APnd_030-Ex1
LvA0703101B	Lva-APnd_031-Ex1-1B-lcwgs-1-3	Lva-APnd_031-Ex1
LvA0703201C	Lva-APnd_032-Ex1-1C-lcwgs-1-3	Lva-APnd_032-Ex1
LvA0703301D	Lva-APnd_033-Ex1-1D-lcwgs-1-3	Lva-APnd_033-Ex1
LvA0703401E	Lva-APnd_034-Ex1-1E-lcwgs-1-3	Lva-APnd_034-Ex1
LvA0703501F	Lva-APnd_035-Ex1-1F-lcwgs-1-3	Lva-APnd_035-Ex1
LvA0703601G	Lva-APnd_036-Ex1-1G-lcwgs-1-3	Lva-APnd_036-Ex1
LvA0703701H	Lva-APnd_037-Ex1-1H-lcwgs-1-3	Lva-APnd_037-Ex1
LvA0703802A	Lva-APnd_038-Ex1-2A-lcwgs-1-3	Lva-APnd_038-Ex1
LvA0703902B	Lva-APnd_039-Ex1-2B-lcwgs-1-3	Lva-APnd_039-Ex1
LvA0704002C	Lva-APnd_040-Ex1-2C-lcwgs-1-3	Lva-APnd_040-Ex1
LvA0704102D	Lva-APnd_041-Ex1-2D-lcwgs-1-3	Lva-APnd_041-Ex1
LvA0704202E	Lva-APnd_042-Ex1-2E-lcwgs-1-3	Lva-APnd_042-Ex1
LvA0704302F	Lva-APnd_043-Ex1-2F-lcwgs-1-3	Lva-APnd_043-Ex1
LvA0704402G	Lva-APnd_044-Ex1-2G-lcwgs-1-3	Lva-APnd_044-Ex1
LvA0704502H	Lva-APnd_045-Ex1-2H-lcwgs-1-3	Lva-APnd_045-Ex1
LvA0704603A	Lva-APnd_046-Ex1-3A-lcwgs-1-3	Lva-APnd_046-Ex1
LvA0704703B	Lva-APnd_047-Ex1-3B-lcwgs-1-3	Lva-APnd_047-Ex1
LvC0100101A	Lva-CPnd_001-Ex1-1A-lcwgs-2-3	Lva-CPnd_001-Ex1
LvC0100202A	Lva-CPnd_002-Ex1-2A-lcwgs-2-3	Lva-CPnd_002-Ex1
LvC0100303A	Lva-CPnd_003-Ex1-3A-lcwgs-2-3	Lva-CPnd_003-Ex1
LvC0100404A	Lva-CPnd_004-Ex1-4A-lcwgs-2-3	Lva-CPnd_004-Ex1
LvC0100505A	Lva-CPnd_005-Ex1-5A-lcwgs-2-3	Lva-CPnd_005-Ex1
LvC0100606A	Lva-CPnd_006-Ex1-6A-lcwgs-2-3	Lva-CPnd_006-Ex1
LvC0100707A	Lva-CPnd_007-Ex1-7A-lcwgs-2-3	Lva-CPnd_007-Ex1
LvC0100808A	Lva-CPnd_008-Ex1-8A-lcwgs-2-3	Lva-CPnd_008-Ex1
LvC0100909A	Lva-CPnd_009-Ex1-9A-lcwgs-2-3	Lva-CPnd_009-Ex1
LvC0101010A	Lva-CPnd_010-Ex1-10A-lcwgs-2-3	Lva-CPnd_010-Ex1
LvC0101111A	Lva-CPnd_011-Ex1-11A-lcwgs-2-3	Lva-CPnd_011-Ex1
LvC0101212A	Lva-CPnd_012-Ex1-12A-lcwgs-2-3	Lva-CPnd_012-Ex1
LvC0101301B	Lva-CPnd_013-Ex1-1B-lcwgs-2-3	Lva-CPnd_013-Ex1
LvC0101402B	Lva-CPnd_014-Ex1-2B-lcwgs-2-3	Lva-CPnd_014-Ex1
LvC0101503B	Lva-CPnd_015-Ex1-3B-lcwgs-2-3	Lva-CPnd_015-Ex1
LvC0101604B	Lva-CPnd_016-Ex1-4B-lcwgs-2-3	Lva-CPnd_016-Ex1
LvC0101705B	Lva-CPnd_017-Ex1-5B-lcwgs-2-3	Lva-CPnd_017-Ex1
LvC0101806B	Lva-CPnd_018-Ex1-6B-lcwgs-2-3	Lva-CPnd_018-Ex1
LvC0101907B	Lva-CPnd_019-Ex1-7B-lcwgs-2-3	Lva-CPnd_019-Ex1
LvC0102008B	Lva-CPnd_020-Ex1-8B-lcwgs-2-3	Lva-CPnd_020-Ex1
LvC0102109B	Lva-CPnd_021-Ex1-9B-lcwgs-2-3	Lva-CPnd_021-Ex1
LvC0102210B	Lva-CPnd_022-Ex1-10B-lcwgs-2-3	Lva-CPnd_022-Ex1
LvC0102311B	Lva-CPnd_023-Ex1-11B-lcwgs-2-3	Lva-CPnd_023-Ex1
LvC0102412B	Lva-CPnd_024-Ex1-12B-lcwgs-2-3	Lva-CPnd_024-Ex1
LvC0102501C	Lva-CPnd_025-Ex1-1C-lcwgs-2-3	Lva-CPnd_025-Ex1
LvC0102602C	Lva-CPnd_026-Ex1-2C-lcwgs-2-3	Lva-CPnd_026-Ex1
LvC0102703C	Lva-CPnd_027-Ex1-3C-lcwgs-2-3	Lva-CPnd_027-Ex1
LvC0102804C	Lva-CPnd_028-Ex1-4C-lcwgs-2-3	Lva-CPnd_028-Ex1
LvC0102905C	Lva-CPnd_029-Ex1-5C-lcwgs-2-3	Lva-CPnd_029-Ex1
LvC0103006C	Lva-CPnd_030-Ex1-6C-lcwgs-2-3	Lva-CPnd_030-Ex1
LvC0103107C	Lva-CPnd_031-Ex1-7C-lcwgs-2-3	Lva-CPnd_031-Ex1
LvC0103208C	Lva-CPnd_032-Ex1-8C-lcwgs-2-3	Lva-CPnd_032-Ex1
LvC0103309C	Lva-CPnd_033-Ex1-9C-lcwgs-2-3	Lva-CPnd_033-Ex1
LvC0103410C	Lva-CPnd_034-Ex1-10C-lcwgs-2-3	Lva-CPnd_034-Ex1
LvC0103511C	Lva-CPnd_035-Ex1-11C-lcwgs-2-3	Lva-CPnd_035-Ex1
LvC0103612C	Lva-CPnd_036-Ex1-12C-lcwgs-2-3	Lva-CPnd_036-Ex1
LvC0103701D	Lva-CPnd_037-Ex1-1D-lcwgs-2-3	Lva-CPnd_037-Ex1
LvC0103802D	Lva-CPnd_038-Ex1-2D-lcwgs-2-3	Lva-CPnd_038-Ex1
LvC0103903D	Lva-CPnd_039-Ex1-3D-lcwgs-2-3	Lva-CPnd_039-Ex1
LvC0104004D	Lva-CPnd_040-Ex1-4D-lcwgs-2-3	Lva-CPnd_040-Ex1
LvC0104105D	Lva-CPnd_041-Ex1-5D-lcwgs-2-3	Lva-CPnd_041-Ex1
LvC0104206D	Lva-CPnd_042-Ex1-6D-lcwgs-2-3	Lva-CPnd_042-Ex1
LvC0104307D	Lva-CPnd_043-Ex1-7D-lcwgs-2-3	Lva-CPnd_043-Ex1
LvC0104408D	Lva-CPnd_044-Ex1-8D-lcwgs-2-3	Lva-CPnd_044-Ex1
LvC0104509D	Lva-CPnd_045-Ex1-9D-lcwgs-2-3	Lva-CPnd_045-Ex1
LvC0104610D	Lva-CPnd_046-Ex1-10D-lcwgs-2-3	Lva-CPnd_046-Ex1
LvC0104711D	Lva-CPnd_047-Ex1-11D-lcwgs-2-3	Lva-CPnd_047-Ex1
LvC0104812D	Lva-CPnd_048-Ex1-12D-lcwgs-2-3	Lva-CPnd_048-Ex1
LvA0700109D	Lva-APnd_001-Ex1-9D-lcwgs-1-1	Lva-APnd_001-Ex1
LvA0700209E	Lva-APnd_002-Ex1-9E-lcwgs-1-1	Lva-APnd_002-Ex1
LvA0700309F	Lva-APnd_003-Ex1-9F-lcwgs-1-1	Lva-APnd_003-Ex1
LvA0700409G	Lva-APnd_004-Ex1-9G-lcwgs-1-1	Lva-APnd_004-Ex1
LvA0700509H	Lva-APnd_005-Ex1-9H-lcwgs-1-1	Lva-APnd_005-Ex1
LvA0700610A	Lva-APnd_006-Ex1-10A-lcwgs-1-1	Lva-APnd_006-Ex1
LvA0700710B	Lva-APnd_007-Ex1-10B-lcwgs-1-1	Lva-APnd_007-Ex1
LvA0700810C	Lva-APnd_008-Ex1-10C-lcwgs-1-1	Lva-APnd_008-Ex1
LvA0700910D	Lva-APnd_009-Ex1-10D-lcwgs-1-1	Lva-APnd_009-Ex1
LvA0701010E	Lva-APnd_010-Ex1-10E-lcwgs-1-1	Lva-APnd_010-Ex1
LvA0701110F	Lva-APnd_011-Ex1-10F-lcwgs-1-1	Lva-APnd_011-Ex1
LvA0701210G	Lva-APnd_012-Ex1-10G-lcwgs-1-1	Lva-APnd_012-Ex1
LvA0701310H	Lva-APnd_013-Ex1-10H-lcwgs-1-1	Lva-APnd_013-Ex1
LvA0701411A	Lva-APnd_014-Ex1-11A-lcwgs-1-1	Lva-APnd_014-Ex1
LvA0701511B	Lva-APnd_015-Ex1-11B-lcwgs-1-1	Lva-APnd_015-Ex1
LvA0701611C	Lva-APnd_016-Ex1-11C-lcwgs-1-1	Lva-APnd_016-Ex1
LvA0701711D	Lva-APnd_017-Ex1-11D-lcwgs-1-1	Lva-APnd_017-Ex1
LvA0701811E	Lva-APnd_018-Ex1-11E-lcwgs-1-1	Lva-APnd_018-Ex1
LvA0701911F	Lva-APnd_019-Ex1-11F-lcwgs-1-1	Lva-APnd_019-Ex1
LvA0702011G	Lva-APnd_020-Ex1-11G-lcwgs-1-1	Lva-APnd_020-Ex1
LvA0702111H	Lva-APnd_021-Ex1-11H-lcwgs-1-1	Lva-APnd_021-Ex1
LvA0702212A	Lva-APnd_022-Ex1-12A-lcwgs-1-1	Lva-APnd_022-Ex1
LvA0702312B	Lva-APnd_023-Ex1-12B-lcwgs-1-1	Lva-APnd_023-Ex1
LvA0702412C	Lva-APnd_024-Ex1-12C-lcwgs-1-1	Lva-APnd_024-Ex1
LvA0702512D	Lva-APnd_025-Ex1-12D-lcwgs-1-1	Lva-APnd_025-Ex1
LvA0702612E	Lva-APnd_026-Ex1-12E-lcwgs-1-1	Lva-APnd_026-Ex1
LvA0702712F	Lva-APnd_027-Ex1-12F-lcwgs-1-1	Lva-APnd_027-Ex1
LvA0702812G	Lva-APnd_028-Ex1-12G-lcwgs-1-1	Lva-APnd_028-Ex1
LvA0702912H	Lva-APnd_029-Ex1-12H-lcwgs-1-1	Lva-APnd_029-Ex1
LvA0703001A	Lva-APnd_030-Ex1-1A-lcwgs-1-1	Lva-APnd_030-Ex1
LvA0703101B	Lva-APnd_031-Ex1-1B-lcwgs-1-1	Lva-APnd_031-Ex1
LvA0703201C	Lva-APnd_032-Ex1-1C-lcwgs-1-1	Lva-APnd_032-Ex1
LvA0703301D	Lva-APnd_033-Ex1-1D-lcwgs-1-1	Lva-APnd_033-Ex1
LvA0703401E	Lva-APnd_034-Ex1-1E-lcwgs-1-1	Lva-APnd_034-Ex1
LvA0703501F	Lva-APnd_035-Ex1-1F-lcwgs-1-1	Lva-APnd_035-Ex1
LvA0703601G	Lva-APnd_036-Ex1-1G-lcwgs-1-1	Lva-APnd_036-Ex1
LvA0703701H	Lva-APnd_037-Ex1-1H-lcwgs-1-1	Lva-APnd_037-Ex1
LvA0703802A	Lva-APnd_038-Ex1-2A-lcwgs-1-1	Lva-APnd_038-Ex1
LvA0703902B	Lva-APnd_039-Ex1-2B-lcwgs-1-1	Lva-APnd_039-Ex1
LvA0704002C	Lva-APnd_040-Ex1-2C-lcwgs-1-1	Lva-APnd_040-Ex1
LvA0704102D	Lva-APnd_041-Ex1-2D-lcwgs-1-1	Lva-APnd_041-Ex1
LvA0704202E	Lva-APnd_042-Ex1-2E-lcwgs-1-1	Lva-APnd_042-Ex1
LvA0704302F	Lva-APnd_043-Ex1-2F-lcwgs-1-1	Lva-APnd_043-Ex1
LvA0704402G	Lva-APnd_044-Ex1-2G-lcwgs-1-1	Lva-APnd_044-Ex1
LvA0704502H	Lva-APnd_045-Ex1-2H-lcwgs-1-1	Lva-APnd_045-Ex1
LvA0704603A	Lva-APnd_046-Ex1-3A-lcwgs-1-1	Lva-APnd_046-Ex1
LvA0704703B	Lva-APnd_047-Ex1-3B-lcwgs-1-1	Lva-APnd_047-Ex1
LvC0100101A	Lva-CPnd_001-Ex1-1A-lcwgs-2-1	Lva-CPnd_001-Ex1
LvC0100202A	Lva-CPnd_002-Ex1-2A-lcwgs-2-1	Lva-CPnd_002-Ex1
LvC0100303A	Lva-CPnd_003-Ex1-3A-lcwgs-2-1	Lva-CPnd_003-Ex1
LvC0100404A	Lva-CPnd_004-Ex1-4A-lcwgs-2-1	Lva-CPnd_004-Ex1
LvC0100505A	Lva-CPnd_005-Ex1-5A-lcwgs-2-1	Lva-CPnd_005-Ex1
LvC0100606A	Lva-CPnd_006-Ex1-6A-lcwgs-2-1	Lva-CPnd_006-Ex1
LvC0100707A	Lva-CPnd_007-Ex1-7A-lcwgs-2-1	Lva-CPnd_007-Ex1
LvC0100808A	Lva-CPnd_008-Ex1-8A-lcwgs-2-1	Lva-CPnd_008-Ex1
LvC0100909A	Lva-CPnd_009-Ex1-9A-lcwgs-2-1	Lva-CPnd_009-Ex1
LvC0101010A	Lva-CPnd_010-Ex1-10A-lcwgs-2-1	Lva-CPnd_010-Ex1
LvC0101111A	Lva-CPnd_011-Ex1-11A-lcwgs-2-1	Lva-CPnd_011-Ex1
LvC0101212A	Lva-CPnd_012-Ex1-12A-lcwgs-2-1	Lva-CPnd_012-Ex1
LvC0101301B	Lva-CPnd_013-Ex1-1B-lcwgs-2-1	Lva-CPnd_013-Ex1
LvC0101402B	Lva-CPnd_014-Ex1-2B-lcwgs-2-1	Lva-CPnd_014-Ex1
LvC0101503B	Lva-CPnd_015-Ex1-3B-lcwgs-2-1	Lva-CPnd_015-Ex1
LvC0101604B	Lva-CPnd_016-Ex1-4B-lcwgs-2-1	Lva-CPnd_016-Ex1
LvC0101705B	Lva-CPnd_017-Ex1-5B-lcwgs-2-1	Lva-CPnd_017-Ex1
LvC0101806B	Lva-CPnd_018-Ex1-6B-lcwgs-2-1	Lva-CPnd_018-Ex1
LvC0101907B	Lva-CPnd_019-Ex1-7B-lcwgs-2-1	Lva-CPnd_019-Ex1
LvC0102008B	Lva-CPnd_020-Ex1-8B-lcwgs-2-1	Lva-CPnd_020-Ex1
LvC0102109B	Lva-CPnd_021-Ex1-9B-lcwgs-2-1	Lva-CPnd_021-Ex1
LvC0102210B	Lva-CPnd_022-Ex1-10B-lcwgs-2-1	Lva-CPnd_022-Ex1
LvC0102311B	Lva-CPnd_023-Ex1-11B-lcwgs-2-1	Lva-CPnd_023-Ex1
LvC0102412B	Lva-CPnd_024-Ex1-12B-lcwgs-2-1	Lva-CPnd_024-Ex1
LvC0102501C	Lva-CPnd_025-Ex1-1C-lcwgs-2-1	Lva-CPnd_025-Ex1
LvC0102602C	Lva-CPnd_026-Ex1-2C-lcwgs-2-1	Lva-CPnd_026-Ex1
LvC0102703C	Lva-CPnd_027-Ex1-3C-lcwgs-2-1	Lva-CPnd_027-Ex1
LvC0102804C	Lva-CPnd_028-Ex1-4C-lcwgs-2-1	Lva-CPnd_028-Ex1
LvC0102905C	Lva-CPnd_029-Ex1-5C-lcwgs-2-1	Lva-CPnd_029-Ex1
LvC0103006C	Lva-CPnd_030-Ex1-6C-lcwgs-2-1	Lva-CPnd_030-Ex1
LvC0103107C	Lva-CPnd_031-Ex1-7C-lcwgs-2-1	Lva-CPnd_031-Ex1
LvC0103208C	Lva-CPnd_032-Ex1-8C-lcwgs-2-1	Lva-CPnd_032-Ex1
LvC0103309C	Lva-CPnd_033-Ex1-9C-lcwgs-2-1	Lva-CPnd_033-Ex1
LvC0103410C	Lva-CPnd_034-Ex1-10C-lcwgs-2-1	Lva-CPnd_034-Ex1
LvC0103511C	Lva-CPnd_035-Ex1-11C-lcwgs-2-1	Lva-CPnd_035-Ex1
LvC0103612C	Lva-CPnd_036-Ex1-12C-lcwgs-2-1	Lva-CPnd_036-Ex1
LvC0103701D	Lva-CPnd_037-Ex1-1D-lcwgs-2-1	Lva-CPnd_037-Ex1
LvC0103802D	Lva-CPnd_038-Ex1-2D-lcwgs-2-1	Lva-CPnd_038-Ex1
LvC0103903D	Lva-CPnd_039-Ex1-3D-lcwgs-2-1	Lva-CPnd_039-Ex1
LvC0104004D	Lva-CPnd_040-Ex1-4D-lcwgs-2-1	Lva-CPnd_040-Ex1
LvC0104105D	Lva-CPnd_041-Ex1-5D-lcwgs-2-1	Lva-CPnd_041-Ex1
LvC0104206D	Lva-CPnd_042-Ex1-6D-lcwgs-2-1	Lva-CPnd_042-Ex1
LvC0104307D	Lva-CPnd_043-Ex1-7D-lcwgs-2-1	Lva-CPnd_043-Ex1
LvC0104408D	Lva-CPnd_044-Ex1-8D-lcwgs-2-1	Lva-CPnd_044-Ex1
LvC0104509D	Lva-CPnd_045-Ex1-9D-lcwgs-2-1	Lva-CPnd_045-Ex1
LvC0104610D	Lva-CPnd_046-Ex1-10D-lcwgs-2-1	Lva-CPnd_046-Ex1
LvC0104711D	Lva-CPnd_047-Ex1-11D-lcwgs-2-1	Lva-CPnd_047-Ex1
LvC0104812D	Lva-CPnd_048-Ex1-12D-lcwgs-2-1	Lva-CPnd_048-Ex1
OchACan001	Och-ACan_001-Ex1-1A-lcwgs-1-2	Och-ACan_001-Ex1
OchACan002	Och-ACan_002-Ex1-2A-lcwgs-1-2	Och-ACan_002-Ex1
OchACan003	Och-ACan_003-Ex1-3A-lcwgs-1-2	Och-ACan_003-Ex1
OchACan004	Och-ACan_004-Ex1-4A-lcwgs-1-2	Och-ACan_004-Ex1
OchACan005	Och-ACan_005-Ex1-5A-lcwgs-1-2	Och-ACan_005-Ex1
OchACan006	Och-ACan_006-Ex1-6A-lcwgs-1-2	Och-ACan_006-Ex1
OchACan007	Och-ACan_007-Ex1-7A-lcwgs-1-2	Och-ACan_007-Ex1
OchACan008	Och-ACan_008-Ex1-8A-lcwgs-1-2	Och-ACan_008-Ex1
OchACan009	Och-ACan_009-Ex1-9A-lcwgs-1-2	Och-ACan_009-Ex1
OchACan010	Och-ACan_010-Ex1-10A-lcwgs-1-2	Och-ACan_010-Ex1
OchACan011	Och-ACan_011-Ex1-11A-lcwgs-1-2	Och-ACan_011-Ex1
OchACan012	Och-ACan_012-Ex1-12A-lcwgs-1-2	Och-ACan_012-Ex1
OchACan013	Och-ACan_013-Ex1-1B-lcwgs-1-2	Och-ACan_013-Ex1
OchACan014	Och-ACan_014-Ex1-2B-lcwgs-1-2	Och-ACan_014-Ex1
OchACan015	Och-ACan_015-Ex1-3B-lcwgs-1-2	Och-ACan_015-Ex1
OchACan016	Och-ACan_016-Ex1-4B-lcwgs-1-2	Och-ACan_016-Ex1
OchACan017	Och-ACan_017-Ex1-5B-lcwgs-1-2	Och-ACan_017-Ex1
OchACan018	Och-ACan_018-Ex1-6B-lcwgs-1-2	Och-ACan_018-Ex1
OchACan019	Och-ACan_019-Ex1-7B-lcwgs-1-2	Och-ACan_019-Ex1
OchACan020	Och-ACan_020-Ex1-8B-lcwgs-1-2	Och-ACan_020-Ex1
OchACan021	Och-ACan_021-Ex1-9B-lcwgs-1-2	Och-ACan_021-Ex1
OchACan022	Och-ACan_022-Ex1-10B-lcwgs-1-2	Och-ACan_022-Ex1
OchACan023	Och-ACan_023-Ex1-11B-lcwgs-1-2	Och-ACan_023-Ex1
OchACan024	Och-ACan_024-Ex1-12B-lcwgs-1-2	Och-ACan_024-Ex1
OchACat001	Och-ACat_001-Ex1-1A-lcwgs-2-2	Och-ACat_001-Ex1
OchACat002	Och-ACat_002-Ex1-2A-lcwgs-2-2	Och-ACat_002-Ex1
OchACat003	Och-ACat_003-Ex1-3A-lcwgs-2-2	Och-ACat_003-Ex1
OchACat004	Och-ACat_004-Ex1-4A-lcwgs-2-2	Och-ACat_004-Ex1
OchACat005	Och-ACat_005-Ex1-5A-lcwgs-2-2	Och-ACat_005-Ex1
OchACat006	Och-ACat_006-Ex1-6A-lcwgs-2-2	Och-ACat_006-Ex1
OchACat007	Och-ACat_007-Ex1-7A-lcwgs-2-2	Och-ACat_007-Ex1
OchACat008	Och-ACat_008-Ex1-8A-lcwgs-2-2	Och-ACat_008-Ex1
OchACat009	Och-ACat_009-Ex1-9A-lcwgs-2-2	Och-ACat_009-Ex1
OchACat010	Och-ACat_010-Ex1-10A-lcwgs-2-2	Och-ACat_010-Ex1
OchACat011	Och-ACat_011-Ex1-11A-lcwgs-2-2	Och-ACat_011-Ex1
OchACat012	Och-ACat_012-Ex1-12A-lcwgs-2-2	Och-ACat_012-Ex1
OchACat013	Och-ACat_013-Ex1-1B-lcwgs-2-2	Och-ACat_013-Ex1
OchACat014	Och-ACat_014-Ex1-2B-lcwgs-2-2	Och-ACat_014-Ex1
OchACat015	Och-ACat_015-Ex1-3B-lcwgs-2-2	Och-ACat_015-Ex1
OchACat016	Och-ACat_016-Ex1-4B-lcwgs-2-2	Och-ACat_016-Ex1
OchACat017	Och-ACat_017-Ex1-5B-lcwgs-2-2	Och-ACat_017-Ex1
OchACat018	Och-ACat_018-Ex1-6B-lcwgs-2-2	Och-ACat_018-Ex1
OchACat019	Och-ACat_019-Ex1-7B-lcwgs-2-2	Och-ACat_019-Ex1
OchACat020	Och-ACat_020-Ex1-8B-lcwgs-2-2	Och-ACat_020-Ex1
OchACat021	Och-ACat_021-Ex1-9B-lcwgs-2-2	Och-ACat_021-Ex1
OchACat022	Och-ACat_022-Ex1-10B-lcwgs-2-2	Och-ACat_022-Ex1
OchACat023	Och-ACat_023-Ex1-11B-lcwgs-2-2	Och-ACat_023-Ex1
OchACat024	Och-ACat_024-Ex1-12B-lcwgs-2-2	Och-ACat_024-Ex1
OchACat025	Och-ACat_025-Ex1-1C-lcwgs-2-2	Och-ACat_025-Ex1
OchACat026	Och-ACat_026-Ex1-2C-lcwgs-2-2	Och-ACat_026-Ex1
OchACat027	Och-ACat_027-Ex1-3C-lcwgs-2-2	Och-ACat_027-Ex1
OchACat028	Och-ACat_028-Ex1-4C-lcwgs-2-2	Och-ACat_028-Ex1
OchACat029	Och-ACat_029-Ex1-5C-lcwgs-2-2	Och-ACat_029-Ex1
OchACat030	Och-ACat_030-Ex1-6C-lcwgs-2-2	Och-ACat_030-Ex1
OchACat031	Och-ACat_031-Ex1-7C-lcwgs-2-2	Och-ACat_031-Ex1
OchACat032	Och-ACat_032-Ex1-8C-lcwgs-2-2	Och-ACat_032-Ex1
OchACat033	Och-ACat_033-Ex1-9C-lcwgs-2-2	Och-ACat_033-Ex1
OchACat034	Och-ACat_034-Ex1-10C-lcwgs-2-2	Och-ACat_034-Ex1
OchACat035	Och-ACat_035-Ex1-11C-lcwgs-2-2	Och-ACat_035-Ex1
OchACat036	Och-ACat_036-Ex1-12C-lcwgs-2-2	Och-ACat_036-Ex1
OchACat037	Och-ACat_037-Ex1-1D-lcwgs-2-2	Och-ACat_037-Ex1
OchACat038	Och-ACat_038-Ex1-2D-lcwgs-2-2	Och-ACat_038-Ex1
OchACat039_1	Och-ACat_039-Ex1-3D-lcwgs-2-2	Och-ACat_039-Ex1
OchACat039_2	Och-ACat_039-Ex1-8A-lcwgs-1-2	Och-ACat_039-Ex1
OchACat040	Och-ACat_040-Ex1-4D-lcwgs-2-2	Och-ACat_040-Ex1
OchACat041	Och-ACat_041-Ex1-5D-lcwgs-2-2	Och-ACat_041-Ex1
OchATum001	Och-ATum_001-Ex1-6D-lcwgs-2-2	Och-ATum_001-Ex1
OchATum002	Och-ATum_002-Ex1-7D-lcwgs-2-2	Och-ATum_002-Ex1
OchATum003	Och-ATum_003-Ex1-8D-lcwgs-2-2	Och-ATum_003-Ex1
OchATum004	Och-ATum_004-Ex1-9D-lcwgs-2-2	Och-ATum_004-Ex1
OchATum005	Och-ATum_005-Ex1-10D-lcwgs-2-2	Och-ATum_005-Ex1
OchATum006	Och-ATum_006-Ex1-11D-lcwgs-2-2	Och-ATum_006-Ex1
OchATum007	Och-ATum_007-Ex1-12D-lcwgs-2-2	Och-ATum_007-Ex1
OchATum008	Och-ATum_008-Ex1-1E-lcwgs-2-2	Och-ATum_008-Ex1
OchATum009	Och-ATum_009-Ex1-2E-lcwgs-2-2	Och-ATum_009-Ex1
OchATum010	Och-ATum_010-Ex1-3E-lcwgs-2-2	Och-ATum_010-Ex1
OchATum011	Och-ATum_011-Ex1-4E-lcwgs-2-2	Och-ATum_011-Ex1
OchATum012	Och-ATum_012-Ex1-5E-lcwgs-2-2	Och-ATum_012-Ex1
OchATum013	Och-ATum_013-Ex1-6E-lcwgs-2-2	Och-ATum_013-Ex1
OchATum014	Och-ATum_014-Ex1-7E-lcwgs-2-2	Och-ATum_014-Ex1
OchATum015	Och-ATum_015-Ex1-8E-lcwgs-2-2	Och-ATum_015-Ex1
OchATum016	Och-ATum_016-Ex1-9E-lcwgs-2-2	Och-ATum_016-Ex1
OchATum017	Och-ATum_017-Ex1-10E-lcwgs-2-2	Och-ATum_017-Ex1
OchATum018	Och-ATum_018-Ex1-11E-lcwgs-2-2	Och-ATum_018-Ex1
OchATum019	Och-ATum_019-Ex1-12E-lcwgs-2-2	Och-ATum_019-Ex1
OchATum020	Och-ATum_020-Ex1-1F-lcwgs-2-2	Och-ATum_020-Ex1
OchATum021	Och-ATum_021-Ex1-2F-lcwgs-2-2	Och-ATum_021-Ex1
OchATum022	Och-ATum_022-Ex1-3F-lcwgs-2-2	Och-ATum_022-Ex1
OchATum023	Och-ATum_023-Ex1-4F-lcwgs-2-2	Och-ATum_023-Ex1
OchATum024	Och-ATum_024-Ex1-5F-lcwgs-2-2	Och-ATum_024-Ex1
OchATum025	Och-ATum_025-Ex1-6F-lcwgs-2-2	Och-ATum_025-Ex1
OchATum026	Och-ATum_026-Ex1-7F-lcwgs-2-2	Och-ATum_026-Ex1
OchATum027	Och-ATum_027-Ex1-8F-lcwgs-2-2	Och-ATum_027-Ex1
OchATum028	Och-ATum_028-Ex1-9F-lcwgs-2-2	Och-ATum_028-Ex1
OchATum029	Och-ATum_029-Ex1-10F-lcwgs-2-2	Och-ATum_029-Ex1
OchATum030	Och-ATum_030-Ex1-11F-lcwgs-2-2	Och-ATum_030-Ex1
OchATum031	Och-ATum_031-Ex1-12F-lcwgs-2-2	Och-ATum_031-Ex1
OchATum032	Och-ATum_032-Ex1-1G-lcwgs-2-2	Och-ATum_032-Ex1
OchATum033	Och-ATum_033-Ex1-2G-lcwgs-2-2	Och-ATum_033-Ex1
OchATum034	Och-ATum_034-Ex1-3G-lcwgs-2-2	Och-ATum_034-Ex1
OchATum035	Och-ATum_035-Ex1-4G-lcwgs-2-2	Och-ATum_035-Ex1
OchATum036	Och-ATum_036-Ex1-5G-lcwgs-2-2	Och-ATum_036-Ex1
OchCBur013	Och-CBur_013_Ex1-1A-lcwgs-1-2	Och-CBur_013-Ex1
OchCBur015	Och-CBur_015_Ex1-2E-lcwgs-1-2	Och-CBur_015-Ex1
OchCBur016	Och-CBur_016_Ex1-3A-lcwgs-1-2	Och-CBur_016-Ex1
OchCBur017	Och-CBur_017_Ex1-3H-lcwgs-1-2	Och-CBur_017-Ex1
OchCBur018	Och-CBur_018_Ex1-4G-lcwgs-1-2	Och-CBur_018-Ex1
OchCBur021	Och-CBur_021_Ex1-6F-lcwgs-1-2	Och-CBur_021-Ex1
OchCBur022	Och-CBur_022_Ex1-7B-lcwgs-1-2	Och-CBur_022-Ex1
OchCBur023	Och-CBur_023_Ex1-7G-lcwgs-1-2	Och-CBur_023-Ex1
OchCBur025	Och-CBur_025_Ex1-1B-lcwgs-1-2	Och-CBur_025-Ex1
OchCBur028	Och-CBur_028_Ex1-3B-lcwgs-1-2	Och-CBur_028-Ex1
OchCBur029	Och-CBur_029_Ex1-4A-lcwgs-1-2	Och-CBur_029-Ex1
OchCBur030	Och-CBur_030_Ex1-4H-lcwgs-1-2	Och-CBur_030-Ex1
OchCBur032	Och-CBur_032_Ex1-6B-lcwgs-1-2	Och-CBur_032-Ex1
OchCBur035	Och-CBur_035_Ex1-7H-lcwgs-1-2	Och-CBur_035-Ex1
OchCBur037	Och-CBur_037_Ex1-1C-lcwgs-1-2	Och-CBur_037-Ex1
OchCBur038	Och-CBur_038_Ex1-2A-lcwgs-1-2	Och-CBur_038-Ex1
OchCBur040	Och-CBur_040_Ex1-3C-lcwgs-1-2	Och-CBur_040-Ex1
OchCBur041	Och-CBur_041_Ex1-4B-lcwgs-1-2	Och-CBur_041-Ex1
OchCBur045	Och-CBur_045_Ex1-6G-lcwgs-1-2	Och-CBur_045-Ex1
OchCBur047	Och-CBur_047_Ex1-8A-lcwgs-1-2	Och-CBur_047-Ex1
OchCBur049	Och-CBur_049_Ex1-1D-lcwgs-1-2	Och-CBur_049-Ex1
OchCBur051	Och-CBur_051_Ex1-2F-lcwgs-1-2	Och-CBur_051-Ex1
OchCBur052	Och-CBur_052_Ex1-3D-lcwgs-1-2	Och-CBur_052-Ex1
OchCBur055	Och-CBur_055_Ex1-5G-lcwgs-1-2	Och-CBur_055-Ex1
OchCBur056	Och-CBur_056_Ex1-6D-lcwgs-1-2	Och-CBur_056-Ex1
OchCBur057	Och-CBur_057_Ex1-6H-lcwgs-1-2	Och-CBur_057-Ex1
OchCBur058	Och-CBur_058_Ex1-7D-lcwgs-1-2	Och-CBur_058-Ex1
OchCBur059	Och-CBur_059_Ex1-8B-lcwgs-1-2	Och-CBur_059-Ex1
OchCBur060	Och-CBur_060_Ex1-8F-lcwgs-1-2	Och-CBur_060-Ex1
OchCBur061	Och-CBur_061_Ex1-1E-lcwgs-1-2	Och-CBur_061-Ex1
OchCBur062	Och-CBur_062_Ex1-2B-lcwgs-1-2	Och-CBur_062-Ex1
OchCBur063	Och-CBur_063_Ex1-2G-lcwgs-1-2	Och-CBur_063-Ex1
OchCBur064	Och-CBur_064_Ex1-3E-lcwgs-1-2	Och-CBur_064-Ex1
OchCBur065	Och-CBur_065_Ex1-4D-lcwgs-1-2	Och-CBur_065-Ex1
OchCBur069	Och-CBur_069_Ex1-7A-lcwgs-1-2	Och-CBur_069-Ex1
OchCBur070	Och-CBur_070_Ex1-7E-lcwgs-1-2	Och-CBur_070-Ex1
OchCBur072	Och-CBur_072_Ex1-8G-lcwgs-1-2	Och-CBur_072-Ex1
OchCBur073	Och-CBur_073_Ex1-1F-lcwgs-1-2	Och-CBur_073-Ex1
OchCBur074	Och-CBur_074_Ex1-2C-lcwgs-1-2	Och-CBur_074-Ex1
OchCBur076	Och-CBur_076_Ex1-3F-lcwgs-1-2	Och-CBur_076-Ex1
OchCBur079	Och-CBur_079_Ex1-6A-lcwgs-1-2	Och-CBur_079-Ex1
OchCBur080	Och-CBur_080_Ex1-6E-lcwgs-1-2	Och-CBur_080-Ex1
OchCBur082	Och-CBur_082_Ex1-7F-lcwgs-1-2	Och-CBur_082-Ex1
OchCBur084	Och-CBur_084_Ex1-8H-lcwgs-1-2	Och-CBur_084-Ex1
OchCBur086	Och-CBur_086_Ex1-2D-lcwgs-1-2	Och-CBur_086-Ex1
OchCBur087	Och-CBur_087_Ex1-2H-lcwgs-1-2	Och-CBur_087-Ex1
OchCBur088	Och-CBur_088_Ex1-3G-lcwgs-1-2	Och-CBur_088-Ex1
OchCBur089	Och-CBur_089_Ex1-4F-lcwgs-1-2	Och-CBur_089-Ex1
OchCCat001	Och-CCat_001-Ex1-1A-lcwgs-1-2	Och-CCat_001-Ex1
OchCCat002	Och-CCat_002-Ex1-1B-lcwgs-1-2	Och-CCat_002-Ex1
OchCCat003	Och-CCat_003-Ex1-1C-lcwgs-1-2	Och-CCat_003-Ex1
OchCCat004	Och-CCat_004-Ex1-1D-lcwgs-1-2	Och-CCat_004-Ex1
OchCCat005	Och-CCat_005-Ex1-1E-lcwgs-1-2	Och-CCat_005-Ex1
OchCCat006	Och-CCat_006-Ex1-1F-lcwgs-1-2	Och-CCat_006-Ex1
OchCCat007	Och-CCat_007-Ex1-1G-lcwgs-1-2	Och-CCat_007-Ex1
OchCCat008	Och-CCat_008-Ex1-1H-lcwgs-1-2	Och-CCat_008-Ex1
OchCCat009	Och-CCat_009-Ex1-2A-lcwgs-1-2	Och-CCat_009-Ex1
OchCCat010	Och-CCat_010-Ex1-2B-lcwgs-1-2	Och-CCat_010-Ex1
OchCCat011	Och-CCat_011-Ex1-2C-lcwgs-1-2	Och-CCat_011-Ex1
OchCCat013	Och-CCat_013-Ex1-2E-lcwgs-1-2	Och-CCat_013-Ex1
OchCCat014	Och-CCat_014-Ex1-2F-lcwgs-1-2	Och-CCat_014-Ex1
OchCCat017	Och-CCat_017-Ex1-3A-lcwgs-1-2	Och-CCat_017-Ex1
OchCCat019	Och-CCat_019-Ex1-3C-lcwgs-1-2	Och-CCat_019-Ex1
OchCCat020	Och-CCat_020-Ex1-3D-lcwgs-1-2	Och-CCat_020-Ex1
OchCCat021	Och-CCat_021-Ex1-3E-lcwgs-1-2	Och-CCat_021-Ex1
OchCCat023	Och-CCat_023-Ex1-4E-lcwgs-1-2	Och-CCat_023-Ex1
OchCCat024	Och-CCat_024-Ex1-5G-lcwgs-1-2	Och-CCat_024-Ex1
OchCCat025	Och-CCat_025-Ex1-4A-lcwgs-1-2	Och-CCat_025-Ex1
OchCCat028	Och-CCat_028-Ex1-5C-lcwgs-1-2	Och-CCat_028-Ex1
OchCCat029	Och-CCat_029-Ex1-3H-lcwgs-1-2	Och-CCat_029-Ex1
OchCCat031	Och-CCat_031-Ex1-3G-lcwgs-1-2	Och-CCat_031-Ex1
OchCCat035	Och-CCat_035-Ex1-6A-lcwgs-1-2	Och-CCat_035-Ex1
OchCCat036	Och-CCat_036-Ex1-5D-lcwgs-1-2	Och-CCat_036-Ex1
OchCCat037	Och-CCat_037-Ex1-4B-lcwgs-1-2	Och-CCat_037-Ex1
OchCCat038	Och-CCat_038-Ex1-4C-lcwgs-1-2	Och-CCat_038-Ex1
OchCCat047	Och-CCat_047-Ex1-4H-lcwgs-1-2	Och-CCat_047-Ex1
OchCCat051	Och-CCat_051-Ex1-8B-lcwgs-1-2	Och-CCat_051-Ex1
OchCCat059	Och-CCat_059-Ex1-8C-lcwgs-1-2	Och-CCat_059-Ex1
OchCCat063	Och-CCat_063-Ex1-5E-lcwgs-1-2	Och-CCat_063-Ex1
OchCCat065	Och-CCat_065-Ex1-4F-lcwgs-1-2	Och-CCat_065-Ex1
OchCCat066	Och-CCat_066-Ex1-7A-lcwgs-1-2	Och-CCat_066-Ex1
OchCCat069	Och-CCat_069-Ex1-5F-lcwgs-1-2	Och-CCat_069-Ex1
OchCCat072	Och-CCat_072-Ex1-7E-lcwgs-1-2	Och-CCat_072-Ex1
OchCCat074	Och-CCat_074-Ex1-6E-lcwgs-1-2	Och-CCat_074-Ex1
OchCCat075	Och-CCat_075-Ex1-5B-lcwgs-1-2	Och-CCat_075-Ex1
OchCCat077	Och-CCat_077-Ex1-5A-lcwgs-1-2	Och-CCat_077-Ex1
OchCCat079	Och-CCat_079-Ex1-8A-lcwgs-1-2	Och-CCat_079-Ex1
OchCCat082	Och-CCat_082-Ex1-6H-lcwgs-1-2	Och-CCat_082-Ex1
OchCCat083	Och-CCat_083-Ex1-6F-lcwgs-1-2	Och-CCat_083-Ex1
OchCCat084	Och-CCat_084-Ex1-7D-lcwgs-1-2	Och-CCat_084-Ex1
OchCCat085	Och-CCat_085-Ex1-6G-lcwgs-1-2	Och-CCat_085-Ex1
OchCCat090	Och-CCat_090-Ex1-8G-lcwgs-1-2	Och-CCat_090-Ex1
OchCCat092	Och-CCat_092-Ex1-8F-lcwgs-1-2	Och-CCat_092-Ex1
OchCCat094	Och-CCat_094-Ex1-4D-lcwgs-1-2	Och-CCat_094-Ex1
OchCCat095	Och-CCat_095-Ex1-7B-lcwgs-1-2	Och-CCat_095-Ex1
OchCCat096	Och-CCat_096-Ex1-6B-lcwgs-1-2	Och-CCat_096-Ex1
OchCTum001	Och-CTum_001-Ex1-5A-lcwgs-1-2	Och-CTum_001-Ex1
OchCTum002	Och-CTum_002-Ex1-5B-lcwgs-1-2	Och-CTum_002-Ex1
OchCTum003	Och-CTum_003-Ex1-5C-lcwgs-1-2	Och-CTum_003-Ex1
OchCTum004	Och-CTum_004-Ex1-5D-lcwgs-1-2	Och-CTum_004-Ex1
OchCTum005	Och-CTum_005-Ex1-5E-lcwgs-1-2	Och-CTum_005-Ex1
OchCTum006	Och-CTum_006-Ex1-5F-lcwgs-1-2	Och-CTum_006-Ex1
OchCTum007	Och-CTum_007-Ex1-5G-lcwgs-1-2	Och-CTum_007-Ex1
OchCTum008	Och-CTum_008-Ex1-5H-lcwgs-1-2	Och-CTum_008-Ex1
OchCTum009	Och-CTum_009-Ex1-6A-lcwgs-1-2	Och-CTum_009-Ex1
OchCTum010	Och-CTum_010-Ex1-6B-lcwgs-1-2	Och-CTum_010-Ex1
OchCTum011	Och-CTum_011-Ex1-6C-lcwgs-1-2	Och-CTum_011-Ex1
OchCTum012	Och-CTum_012-Ex1-6D-lcwgs-1-2	Och-CTum_012-Ex1
OchCTum013	Och-CTum_013-Ex1-6E-lcwgs-1-2	Och-CTum_013-Ex1
OchCTum014	Och-CTum_014-Ex1-6F-lcwgs-1-2	Och-CTum_014-Ex1
OchCTum015	Och-CTum_015-Ex1-6G-lcwgs-1-2	Och-CTum_015-Ex1
OchCTum016	Och-CTum_016-Ex1-6H-lcwgs-1-2	Och-CTum_016-Ex1
OchCTum017	Och-CTum_017-Ex1-7A-lcwgs-1-2	Och-CTum_017-Ex1
OchCTum018	Och-CTum_018-Ex1-7B-lcwgs-1-2	Och-CTum_018-Ex1
OchCTum019	Och-CTum_019-Ex1-7C-lcwgs-1-2	Och-CTum_019-Ex1
OchCTum020	Och-CTum_020-Ex1-7D-lcwgs-1-2	Och-CTum_020-Ex1
OchCTum021	Och-CTum_021-Ex1-7E-lcwgs-1-2	Och-CTum_021-Ex1
OchCTum022	Och-CTum_022-Ex1-7F-lcwgs-1-2	Och-CTum_022-Ex1
OchCTum023	Och-CTum_023-Ex1-7G-lcwgs-1-2	Och-CTum_023-Ex1
OchCTum024	Och-CTum_024-Ex1-7H-lcwgs-1-2	Och-CTum_024-Ex1
OchCTum025	Och-CTum_025-Ex1-8A-lcwgs-1-2	Och-CTum_025-Ex1
OchCTum026	Och-CTum_026-Ex1-8B-lcwgs-1-2	Och-CTum_026-Ex1
OchCTum027	Och-CTum_027-Ex1-8C-lcwgs-1-2	Och-CTum_027-Ex1
OchCTum028	Och-CTum_028-Ex1-8D-lcwgs-1-2	Och-CTum_028-Ex1
OchCTum029	Och-CTum_029-Ex1-8E-lcwgs-1-2	Och-CTum_029-Ex1
OchCTum030	Och-CTum_030-Ex1-8F-lcwgs-1-2	Och-CTum_030-Ex1
OchCTum031	Och-CTum_031-Ex1-8G-lcwgs-1-2	Och-CTum_031-Ex1
OchCTum032	Och-CTum_032-Ex1-8H-lcwgs-1-2	Och-CTum_032-Ex1
OchCTum033	Och-CTum_033-Ex1-9A-lcwgs-1-2	Och-CTum_033-Ex1
OchCTum034	Och-CTum_034-Ex1-9B-lcwgs-1-2	Och-CTum_034-Ex1
OchCTum035	Och-CTum_035-Ex1-9C-lcwgs-1-2	Och-CTum_035-Ex1
OchCTum036	Och-CTum_036-Ex1-9D-lcwgs-1-2	Och-CTum_036-Ex1
OchCTum037	Och-CTum_037-Ex1-9E-lcwgs-1-2	Och-CTum_037-Ex1
OchCTum038	Och-CTum_038-Ex1-9F-lcwgs-1-2	Och-CTum_038-Ex1
OchCTum039	Och-CTum_039-Ex1-9G-lcwgs-1-2	Och-CTum_039-Ex1
OchCTum040	Och-CTum_040-Ex1-9H-lcwgs-1-2	Och-CTum_040-Ex1
OchCTum041	Och-CTum_041-Ex1-10A-lcwgs-1-2	Och-CTum_041-Ex1
OchCTum042	Och-CTum_042-Ex1-10B-lcwgs-1-2	Och-CTum_042-Ex1
OchCTum043	Och-CTum_043-Ex1-10C-lcwgs-1-2	Och-CTum_043-Ex1
OchCTum044	Och-CTum_044-Ex1-10D-lcwgs-1-2	Och-CTum_044-Ex1
OchCTum045	Och-CTum_045-Ex1-10E-lcwgs-1-2	Och-CTum_045-Ex1
OchCTum047	Och-CTum_047-Ex1-10G-lcwgs-1-2	Och-CTum_047-Ex1
OchCTum048	Och-CTum_048-Ex1-10H-lcwgs-1-2	Och-CTum_048-Ex1
OchCTum049	Och-CTum_049-Ex1-11A-lcwgs-1-2	Och-CTum_049-Ex1
OcA0100101A	Och-ACat_001-Ex1-1A-lcwgs-2-1	Och-ACat_001-Ex1
OcA0100202A	Och-ACat_002-Ex1-2A-lcwgs-2-1	Och-ACat_002-Ex1
OcA0100303A	Och-ACat_003-Ex1-3A-lcwgs-2-1	Och-ACat_003-Ex1
OcA0100404A	Och-ACat_004-Ex1-4A-lcwgs-2-1	Och-ACat_004-Ex1
OcA0100505A	Och-ACat_005-Ex1-5A-lcwgs-2-1	Och-ACat_005-Ex1
OcA0100606A	Och-ACat_006-Ex1-6A-lcwgs-2-1	Och-ACat_006-Ex1
OcA0100707A	Och-ACat_007-Ex1-7A-lcwgs-2-1	Och-ACat_007-Ex1
OcA0100808A	Och-ACat_008-Ex1-8A-lcwgs-2-1	Och-ACat_008-Ex1
OcA0100909A	Och-ACat_009-Ex1-9A-lcwgs-2-1	Och-ACat_009-Ex1
OcA0101010A	Och-ACat_010-Ex1-10A-lcwgs-2-1	Och-ACat_010-Ex1
OcA0101111A	Och-ACat_011-Ex1-11A-lcwgs-2-1	Och-ACat_011-Ex1
OcA0101212A	Och-ACat_012-Ex1-12A-lcwgs-2-1	Och-ACat_012-Ex1
OcA0101301B	Och-ACat_013-Ex1-1B-lcwgs-2-1	Och-ACat_013-Ex1
OcA0101402B	Och-ACat_014-Ex1-2B-lcwgs-2-1	Och-ACat_014-Ex1
OcA0101503B	Och-ACat_015-Ex1-3B-lcwgs-2-1	Och-ACat_015-Ex1
OcA0101604B	Och-ACat_016-Ex1-4B-lcwgs-2-1	Och-ACat_016-Ex1
OcA0101705B	Och-ACat_017-Ex1-5B-lcwgs-2-1	Och-ACat_017-Ex1
OcA0101806B	Och-ACat_018-Ex1-6B-lcwgs-2-1	Och-ACat_018-Ex1
OcA0101907B	Och-ACat_019-Ex1-7B-lcwgs-2-1	Och-ACat_019-Ex1
OcA0102008B	Och-ACat_020-Ex1-8B-lcwgs-2-1	Och-ACat_020-Ex1
OcA0102109B	Och-ACat_021-Ex1-9B-lcwgs-2-1	Och-ACat_021-Ex1
OcA0102210B	Och-ACat_022-Ex1-10B-lcwgs-2-1	Och-ACat_022-Ex1
OcA0102311B	Och-ACat_023-Ex1-11B-lcwgs-2-1	Och-ACat_023-Ex1
OcA0102412B	Och-ACat_024-Ex1-12B-lcwgs-2-1	Och-ACat_024-Ex1
OcA0102501C	Och-ACat_025-Ex1-1C-lcwgs-2-1	Och-ACat_025-Ex1
OcA0102602C	Och-ACat_026-Ex1-2C-lcwgs-2-1	Och-ACat_026-Ex1
OcA0102703C	Och-ACat_027-Ex1-3C-lcwgs-2-1	Och-ACat_027-Ex1
OcA0102804C	Och-ACat_028-Ex1-4C-lcwgs-2-1	Och-ACat_028-Ex1
OcA0102905C	Och-ACat_029-Ex1-5C-lcwgs-2-1	Och-ACat_029-Ex1
OcA0103006C	Och-ACat_030-Ex1-6C-lcwgs-2-1	Och-ACat_030-Ex1
OcA0103107C	Och-ACat_031-Ex1-7C-lcwgs-2-1	Och-ACat_031-Ex1
OcA0103208C	Och-ACat_032-Ex1-8C-lcwgs-2-1	Och-ACat_032-Ex1
OcA0103309C	Och-ACat_033-Ex1-9C-lcwgs-2-1	Och-ACat_033-Ex1
OcA0103410C	Och-ACat_034-Ex1-10C-lcwgs-2-1	Och-ACat_034-Ex1
OcA0103511C	Och-ACat_035-Ex1-11C-lcwgs-2-1	Och-ACat_035-Ex1
OcA0103612C	Och-ACat_036-Ex1-12C-lcwgs-2-1	Och-ACat_036-Ex1
OcA0103701D	Och-ACat_037-Ex1-1D-lcwgs-2-1	Och-ACat_037-Ex1
OcA0103802D	Och-ACat_038-Ex1-2D-lcwgs-2-1	Och-ACat_038-Ex1
OcA0103903D	Och-ACat_039-Ex1-3D-lcwgs-2-1	Och-ACat_039-Ex1
OcA0104004D	Och-ACat_040-Ex1-4D-lcwgs-2-1	Och-ACat_040-Ex1
OcA0104105D	Och-ACat_041-Ex1-5D-lcwgs-2-1	Och-ACat_041-Ex1
OcA0100106D	Och-ATum_001-Ex1-6D-lcwgs-2-1	Och-ATum_001-Ex1
OcA0100207D	Och-ATum_002-Ex1-7D-lcwgs-2-1	Och-ATum_002-Ex1
OcA0100308D	Och-ATum_003-Ex1-8D-lcwgs-2-1	Och-ATum_003-Ex1
OcA0100409D	Och-ATum_004-Ex1-9D-lcwgs-2-1	Och-ATum_004-Ex1
OcA0100510D	Och-ATum_005-Ex1-10D-lcwgs-2-1	Och-ATum_005-Ex1
OcA0100611D	Och-ATum_006-Ex1-11D-lcwgs-2-1	Och-ATum_006-Ex1
OcA0100712D	Och-ATum_007-Ex1-12D-lcwgs-2-1	Och-ATum_007-Ex1
OcA0100801E	Och-ATum_008-Ex1-1E-lcwgs-2-1	Och-ATum_008-Ex1
OcA0100902E	Och-ATum_009-Ex1-2E-lcwgs-2-1	Och-ATum_009-Ex1
OcA0101003E	Och-ATum_010-Ex1-3E-lcwgs-2-1	Och-ATum_010-Ex1
OcA0101104E	Och-ATum_011-Ex1-4E-lcwgs-2-1	Och-ATum_011-Ex1
OcA0101205E	Och-ATum_012-Ex1-5E-lcwgs-2-1	Och-ATum_012-Ex1
OcA0101306E	Och-ATum_013-Ex1-6E-lcwgs-2-1	Och-ATum_013-Ex1
OcA0101407E	Och-ATum_014-Ex1-7E-lcwgs-2-1	Och-ATum_014-Ex1
OcA0101508E	Och-ATum_015-Ex1-8E-lcwgs-2-1	Och-ATum_015-Ex1
OcA0101609E	Och-ATum_016-Ex1-9E-lcwgs-2-1	Och-ATum_016-Ex1
OcA0101710E	Och-ATum_017-Ex1-10E-lcwgs-2-1	Och-ATum_017-Ex1
OcA0101811E	Och-ATum_018-Ex1-11E-lcwgs-2-1	Och-ATum_018-Ex1
OcA0101912E	Och-ATum_019-Ex1-12E-lcwgs-2-1	Och-ATum_019-Ex1
OcA0102001F	Och-ATum_020-Ex1-1F-lcwgs-2-1	Och-ATum_020-Ex1
OcA0102102F	Och-ATum_021-Ex1-2F-lcwgs-2-1	Och-ATum_021-Ex1
OcA0102203F	Och-ATum_022-Ex1-3F-lcwgs-2-1	Och-ATum_022-Ex1
OcA0102304F	Och-ATum_023-Ex1-4F-lcwgs-2-1	Och-ATum_023-Ex1
OcA0102405F	Och-ATum_024-Ex1-5F-lcwgs-2-1	Och-ATum_024-Ex1
OcA0102506F	Och-ATum_025-Ex1-6F-lcwgs-2-1	Och-ATum_025-Ex1
OcA0102607F	Och-ATum_026-Ex1-7F-lcwgs-2-1	Och-ATum_026-Ex1
OcA0102708F	Och-ATum_027-Ex1-8F-lcwgs-2-1	Och-ATum_027-Ex1
OcA0102809F	Och-ATum_028-Ex1-9F-lcwgs-2-1	Och-ATum_028-Ex1
OcA0102910F	Och-ATum_029-Ex1-10F-lcwgs-2-1	Och-ATum_029-Ex1
OcA0103011F	Och-ATum_030-Ex1-11F-lcwgs-2-1	Och-ATum_030-Ex1
OcA0103112F	Och-ATum_031-Ex1-12F-lcwgs-2-1	Och-ATum_031-Ex1
OcA0103201G	Och-ATum_032-Ex1-1G-lcwgs-2-1	Och-ATum_032-Ex1
OcA0103302G	Och-ATum_033-Ex1-2G-lcwgs-2-1	Och-ATum_033-Ex1
OcA0103403G	Och-ATum_034-Ex1-3G-lcwgs-2-1	Och-ATum_034-Ex1
OcA0103504G	Och-ATum_035-Ex1-4G-lcwgs-2-1	Och-ATum_035-Ex1
OcA0103605G	Och-ATum_036-Ex1-5G-lcwgs-2-1	Och-ATum_036-Ex1
OcC0800105A	Och-CTum_001-Ex1-5A-lcwgs-1-1	Och-CTum_001-Ex1
OcC0800205B	Och-CTum_002-Ex1-5B-lcwgs-1-1	Och-CTum_002-Ex1
OcC0800305C	Och-CTum_003-Ex1-5C-lcwgs-1-1	Och-CTum_003-Ex1
OcC0800405D	Och-CTum_004-Ex1-5D-lcwgs-1-1	Och-CTum_004-Ex1
OcC0800505E	Och-CTum_005-Ex1-5E-lcwgs-1-1	Och-CTum_005-Ex1
OcC0800605F	Och-CTum_006-Ex1-5F-lcwgs-1-1	Och-CTum_006-Ex1
OcC0800705G	Och-CTum_007-Ex1-5G-lcwgs-1-1	Och-CTum_007-Ex1
OcC0800805H	Och-CTum_008-Ex1-5H-lcwgs-1-1	Och-CTum_008-Ex1
OcC0800906A	Och-CTum_009-Ex1-6A-lcwgs-1-1	Och-CTum_009-Ex1
OcC0801006B	Och-CTum_010-Ex1-6B-lcwgs-1-1	Och-CTum_010-Ex1
OcC0801106C	Och-CTum_011-Ex1-6C-lcwgs-1-1	Och-CTum_011-Ex1
OcC0801206D	Och-CTum_012-Ex1-6D-lcwgs-1-1	Och-CTum_012-Ex1
OcC0801306E	Och-CTum_013-Ex1-6E-lcwgs-1-1	Och-CTum_013-Ex1
OcC0801406F	Och-CTum_014-Ex1-6F-lcwgs-1-1	Och-CTum_014-Ex1
OcC0801506G	Och-CTum_015-Ex1-6G-lcwgs-1-1	Och-CTum_015-Ex1
OcC0801606H	Och-CTum_016-Ex1-6H-lcwgs-1-1	Och-CTum_016-Ex1
OcC0801707A	Och-CTum_017-Ex1-7A-lcwgs-1-1	Och-CTum_017-Ex1
OcC0801807B	Och-CTum_018-Ex1-7B-lcwgs-1-1	Och-CTum_018-Ex1
OcC0801907C	Och-CTum_019-Ex1-7C-lcwgs-1-1	Och-CTum_019-Ex1
OcC0802007D	Och-CTum_020-Ex1-7D-lcwgs-1-1	Och-CTum_020-Ex1
OcC0802107E	Och-CTum_021-Ex1-7E-lcwgs-1-1	Och-CTum_021-Ex1
OcC0802207F	Och-CTum_022-Ex1-7F-lcwgs-1-1	Och-CTum_022-Ex1
OcC0802307G	Och-CTum_023-Ex1-7G-lcwgs-1-1	Och-CTum_023-Ex1
OcC0802407H	Och-CTum_024-Ex1-7H-lcwgs-1-1	Och-CTum_024-Ex1
OcC0802508A	Och-CTum_025-Ex1-8A-lcwgs-1-1	Och-CTum_025-Ex1
OcC0802608B	Och-CTum_026-Ex1-8B-lcwgs-1-1	Och-CTum_026-Ex1
OcC0802708C	Och-CTum_027-Ex1-8C-lcwgs-1-1	Och-CTum_027-Ex1
OcC0802808D	Och-CTum_028-Ex1-8D-lcwgs-1-1	Och-CTum_028-Ex1
OcC0802908E	Och-CTum_029-Ex1-8E-lcwgs-1-1	Och-CTum_029-Ex1
OcC0803008F	Och-CTum_030-Ex1-8F-lcwgs-1-1	Och-CTum_030-Ex1
OcC0803108G	Och-CTum_031-Ex1-8G-lcwgs-1-1	Och-CTum_031-Ex1
OcC0803208H	Och-CTum_032-Ex1-8H-lcwgs-1-1	Och-CTum_032-Ex1
OcC0803309A	Och-CTum_033-Ex1-9A-lcwgs-1-1	Och-CTum_033-Ex1
OcC0803409B	Och-CTum_034-Ex1-9B-lcwgs-1-1	Och-CTum_034-Ex1
OcC0803509C	Och-CTum_035-Ex1-9C-lcwgs-1-1	Och-CTum_035-Ex1
OcC0803609D	Och-CTum_036-Ex1-9D-lcwgs-1-1	Och-CTum_036-Ex1
OcC0803709E	Och-CTum_037-Ex1-9E-lcwgs-1-1	Och-CTum_037-Ex1
OcC0803809F	Och-CTum_038-Ex1-9F-lcwgs-1-1	Och-CTum_038-Ex1
OcC0803909G	Och-CTum_039-Ex1-9G-lcwgs-1-1	Och-CTum_039-Ex1
OcC0804009H	Och-CTum_040-Ex1-9H-lcwgs-1-1	Och-CTum_040-Ex1
OcC0804110A	Och-CTum_041-Ex1-10A-lcwgs-1-1	Och-CTum_041-Ex1
OcC0804210B	Och-CTum_042-Ex1-10B-lcwgs-1-1	Och-CTum_042-Ex1
OcC0804310C	Och-CTum_043-Ex1-10C-lcwgs-1-1	Och-CTum_043-Ex1
OcC0804410D	Och-CTum_044-Ex1-10D-lcwgs-1-1	Och-CTum_044-Ex1
OcC0804510E	Och-CTum_045-Ex1-10E-lcwgs-1-1	Och-CTum_045-Ex1
OcC0804710G	Och-CTum_047-Ex1-10G-lcwgs-1-1	Och-CTum_047-Ex1
OcC0804810H	Och-CTum_048-Ex1-10H-lcwgs-1-1	Och-CTum_048-Ex1
OcC0804911A	Och-CTum_049-Ex1-11A-lcwgs-1-1	Och-CTum_049-Ex1
OcC0805011B	Och-CTum_050-Ex1-11B-lcwgs-1-1	Och-CTum_050-Ex1
OcC0805111C	Och-CTum_051-Ex1-11C-lcwgs-1-1	Och-CTum_051-Ex1
OcA0100704A	Och-ACat_007-Ex1-4A-lcwgs-1-1	Och-ACat_007-Ex1
OcA0100904C	Och-ACat_009-Ex1-4C-lcwgs-1-1	Och-ACat_009-Ex1
OcA0101505A	Och-ACat_015-Ex1-5A-lcwgs-1-1	Och-ACat_015-Ex1
OcA0103207B	Och-ACat_032-Ex1-7B-lcwgs-1-1	Och-ACat_032-Ex1
OcA0103908A	Och-ACat_039-Ex1-8A-lcwgs-1-1	Och-ACat_039-Ex1
OcA0102311B	Och-ATum_023-Ex1-11B-lcwgs-1-1	Och-ATum_023-Ex1
OcA0103312D	Och-ATum_033-Ex1-12D-lcwgs-1-1	Och-ATum_033-Ex1
OcC0200101A	Och-CCat_001-Ex1-1A-lcwgs-1-1	Och-CCat_001-Ex1
OcC0200201B	Och-CCat_002-Ex1-1B-lcwgs-1-1	Och-CCat_002-Ex1
OcC0200301C	Och-CCat_003-Ex1-1C-lcwgs-1-1	Och-CCat_003-Ex1
OcC0200401D	Och-CCat_004-Ex1-1D-lcwgs-1-1	Och-CCat_004-Ex1
OcC0200501E	Och-CCat_005-Ex1-1E-lcwgs-1-1	Och-CCat_005-Ex1
OcC0200601F	Och-CCat_006-Ex1-1F-lcwgs-1-1	Och-CCat_006-Ex1
OcC0200701G	Och-CCat_007-Ex1-1G-lcwgs-1-1	Och-CCat_007-Ex1
OcC0200801H	Och-CCat_008-Ex1-1H-lcwgs-1-1	Och-CCat_008-Ex1
OcC0200902A	Och-CCat_009-Ex1-2A-lcwgs-1-1	Och-CCat_009-Ex1
OcC0201002B	Och-CCat_010-Ex1-2B-lcwgs-1-1	Och-CCat_010-Ex1
OcC0201102C	Och-CCat_011-Ex1-2C-lcwgs-1-1	Och-CCat_011-Ex1
OcC0201202D	Och-CCat_012-Ex1-2D-lcwgs-1-1	Och-CCat_012-Ex1
OcC0201302E	Och-CCat_013-Ex1-2E-lcwgs-1-1	Och-CCat_013-Ex1
OcC0201402F	Och-CCat_014-Ex1-2F-lcwgs-1-1	Och-CCat_014-Ex1
OcC0201502G	Och-CCat_015-Ex1-2G-lcwgs-1-1	Och-CCat_015-Ex1
OcC0201602H	Och-CCat_016-Ex1-2H-lcwgs-1-1	Och-CCat_016-Ex1
OcC0201703A	Och-CCat_017-Ex1-3A-lcwgs-1-1	Och-CCat_017-Ex1
OcC0201803B	Och-CCat_018-Ex1-3B-lcwgs-1-1	Och-CCat_018-Ex1
OcC0201903C	Och-CCat_019-Ex1-3C-lcwgs-1-1	Och-CCat_019-Ex1
OcC0202003D	Och-CCat_020-Ex1-3D-lcwgs-1-1	Och-CCat_020-Ex1
OcC0202103E	Och-CCat_021-Ex1-3E-lcwgs-1-1	Och-CCat_021-Ex1
OcC0202203F	Och-CCat_022-Ex1-3F-lcwgs-1-1	Och-CCat_022-Ex1
OcC0203103G	Och-CCat_031-Ex1-3G-lcwgs-1-1	Och-CCat_031-Ex1
OcC0202903H	Och-CCat_029-Ex1-3H-lcwgs-1-1	Och-CCat_029-Ex1
OcC0202504A	Och-CCat_025-Ex1-4A-lcwgs-1-1	Och-CCat_025-Ex1
OcC0203704B	Och-CCat_037-Ex1-4B-lcwgs-1-1	Och-CCat_037-Ex1
OcC0203804C	Och-CCat_038-Ex1-4C-lcwgs-1-1	Och-CCat_038-Ex1
OcC0209404D	Och-CCat_094-Ex1-4D-lcwgs-1-1	Och-CCat_094-Ex1
OcC0202304E	Och-CCat_023-Ex1-4E-lcwgs-1-1	Och-CCat_023-Ex1
OcC0206504F	Och-CCat_065-Ex1-4F-lcwgs-1-1	Och-CCat_065-Ex1
OcC0206804G	Och-CCat_068-Ex1-4G-lcwgs-1-1	Och-CCat_068-Ex1
OcC0204704H	Och-CCat_047-Ex1-4H-lcwgs-1-1	Och-CCat_047-Ex1
OcC0207705A	Och-CCat_077-Ex1-5A-lcwgs-1-1	Och-CCat_077-Ex1
OcC0207505B	Och-CCat_075-Ex1-5B-lcwgs-1-1	Och-CCat_075-Ex1
OcC0202805C	Och-CCat_028-Ex1-5C-lcwgs-1-1	Och-CCat_028-Ex1
OcC0203605D	Och-CCat_036-Ex1-5D-lcwgs-1-1	Och-CCat_036-Ex1
OcC0206305E	Och-CCat_063-Ex1-5E-lcwgs-1-1	Och-CCat_063-Ex1
OcC0206905F	Och-CCat_069-Ex1-5F-lcwgs-1-1	Och-CCat_069-Ex1
OcC0202405G	Och-CCat_024-Ex1-5G-lcwgs-1-1	Och-CCat_024-Ex1
OcC0207605H	Och-CCat_076-Ex1-5H-lcwgs-1-1	Och-CCat_076-Ex1
OcC0203506A	Och-CCat_035-Ex1-6A-lcwgs-1-1	Och-CCat_035-Ex1
OcC0209606B	Och-CCat_096-Ex1-6B-lcwgs-1-1	Och-CCat_096-Ex1
OcC0208706C	Och-CCat_087-Ex1-6C-lcwgs-1-1	Och-CCat_087-Ex1
OcC0207406E	Och-CCat_074-Ex1-6E-lcwgs-1-1	Och-CCat_074-Ex1
OcC0208306F	Och-CCat_083-Ex1-6F-lcwgs-1-1	Och-CCat_083-Ex1
OcC0208506G	Och-CCat_085-Ex1-6G-lcwgs-1-1	Och-CCat_085-Ex1
OcC0208206H	Och-CCat_082-Ex1-6H-lcwgs-1-1	Och-CCat_082-Ex1
OcC0206607A	Och-CCat_066-Ex1-7A-lcwgs-1-1	Och-CCat_066-Ex1
OcC0209507B	Och-CCat_095-Ex1-7B-lcwgs-1-1	Och-CCat_095-Ex1
OcC0208007C	Och-CCat_080-Ex1-7C-lcwgs-1-1	Och-CCat_080-Ex1
OcC0208407D	Och-CCat_084-Ex1-7D-lcwgs-1-1	Och-CCat_084-Ex1
OcC0207207E	Och-CCat_072-Ex1-7E-lcwgs-1-1	Och-CCat_072-Ex1
OcC0207007F	Och-CCat_070-Ex1-7F-lcwgs-1-1	Och-CCat_070-Ex1
OcC0209107G	Och-CCat_091-Ex1-7G-lcwgs-1-1	Och-CCat_091-Ex1
OcC0208807H	Och-CCat_088-Ex1-7H-lcwgs-1-1	Och-CCat_088-Ex1
OcC0207908A	Och-CCat_079-Ex1-8A-lcwgs-1-1	Och-CCat_079-Ex1
OcC0205108B	Och-CCat_051-Ex1-8B-lcwgs-1-1	Och-CCat_051-Ex1
OcC0205908C	Och-CCat_059-Ex1-8C-lcwgs-1-1	Och-CCat_059-Ex1
OcC0208108D	Och-CCat_081-Ex1-8D-lcwgs-1-1	Och-CCat_081-Ex1
OcC0208608E	Och-CCat_086-Ex1-8E-lcwgs-1-1	Och-CCat_086-Ex1
OcC0209208F	Och-CCat_092-Ex1-8F-lcwgs-1-1	Och-CCat_092-Ex1
OcC0209008G	Och-CCat_090-Ex1-8G-lcwgs-1-1	Och-CCat_090-Ex1
OcC0207108H	Och-CCat_071-Ex1-8H-lcwgs-1-1	Och-CCat_071-Ex1
OcA0500101A	Och-ACan_001-Ex1-1A-lcwgs-1-1	Och-ACan_001-Ex1
OcA0500202A	Och-ACan_002-Ex1-2A-lcwgs-1-1	Och-ACan_002-Ex1
OcA0500303A	Och-ACan_003-Ex1-3A-lcwgs-1-1	Och-ACan_003-Ex1
OcA0500404A	Och-ACan_004-Ex1-4A-lcwgs-1-1	Och-ACan_004-Ex1
OcA0500505A	Och-ACan_005-Ex1-5A-lcwgs-1-1	Och-ACan_005-Ex1
OcA0500606A	Och-ACan_006-Ex1-6A-lcwgs-1-1	Och-ACan_006-Ex1
OcA0500707A	Och-ACan_007-Ex1-7A-lcwgs-1-1	Och-ACan_007-Ex1
OcA0500808A	Och-ACan_008-Ex1-8A-lcwgs-1-1	Och-ACan_008-Ex1
OcA0500909A	Och-ACan_009-Ex1-9A-lcwgs-1-1	Och-ACan_009-Ex1
OcA0501010A	Och-ACan_010-Ex1-10A-lcwgs-1-1	Och-ACan_010-Ex1
OcA0501111A	Och-ACan_011-Ex1-11A-lcwgs-1-1	Och-ACan_011-Ex1
OcA0501212A	Och-ACan_012-Ex1-12A-lcwgs-1-1	Och-ACan_012-Ex1
OcA0501301B	Och-ACan_013-Ex1-1B-lcwgs-1-1	Och-ACan_013-Ex1
OcA0501402B	Och-ACan_014-Ex1-2B-lcwgs-1-1	Och-ACan_014-Ex1
OcA0501503B	Och-ACan_015-Ex1-3B-lcwgs-1-1	Och-ACan_015-Ex1
OcA0501604B	Och-ACan_016-Ex1-4B-lcwgs-1-1	Och-ACan_016-Ex1
OcA0501705B	Och-ACan_017-Ex1-5B-lcwgs-1-1	Och-ACan_017-Ex1
OcA0501806B	Och-ACan_018-Ex1-6B-lcwgs-1-1	Och-ACan_018-Ex1
OcA0501907B	Och-ACan_019-Ex1-7B-lcwgs-1-1	Och-ACan_019-Ex1
OcA0502008B	Och-ACan_020-Ex1-8B-lcwgs-1-1	Och-ACan_020-Ex1
OcA0502109B	Och-ACan_021-Ex1-9B-lcwgs-1-1	Och-ACan_021-Ex1
OcA0502210B	Och-ACan_022-Ex1-10B-lcwgs-1-1	Och-ACan_022-Ex1
OcA0502311B	Och-ACan_023-Ex1-11B-lcwgs-1-1	Och-ACan_023-Ex1
OcA0502412B	Och-ACan_024-Ex1-12B-lcwgs-1-1	Och-ACan_024-Ex1
OcC0101301A	Och-CBur_013_Ex1-1A-lcwgs-1-1	Och-CBur_013-Ex1
OcC0102501B	Och-CBur_025_Ex1-1B-lcwgs-1-1	Och-CBur_025-Ex1
OcC0103701C	Och-CBur_037_Ex1-1C-lcwgs-1-1	Och-CBur_037-Ex1
OcC0104901D	Och-CBur_049_Ex1-1D-lcwgs-1-1	Och-CBur_049-Ex1
OcC0106101E	Och-CBur_061_Ex1-1E-lcwgs-1-1	Och-CBur_061-Ex1
OcC0107301F	Och-CBur_073_Ex1-1F-lcwgs-1-1	Och-CBur_073-Ex1
OcC0101401G	Och-CBur_014_Ex1-1G-lcwgs-1-1	Och-CBur_014-Ex1
OcC0102601H	Och-CBur_026_Ex1-1H-lcwgs-1-1	Och-CBur_026-Ex1
OcC0103802A	Och-CBur_038_Ex1-2A-lcwgs-1-1	Och-CBur_038-Ex1
OcC0106202B	Och-CBur_062_Ex1-2B-lcwgs-1-1	Och-CBur_062-Ex1
OcC0107402C	Och-CBur_074_Ex1-2C-lcwgs-1-1	Och-CBur_074-Ex1
OcC0108602D	Och-CBur_086_Ex1-2D-lcwgs-1-1	Och-CBur_086-Ex1
OcC0101502E	Och-CBur_015_Ex1-2E-lcwgs-1-1	Och-CBur_015-Ex1
OcC0105102F	Och-CBur_051_Ex1-2F-lcwgs-1-1	Och-CBur_051-Ex1
OcC0106302G	Och-CBur_063_Ex1-2G-lcwgs-1-1	Och-CBur_063-Ex1
OcC0108702H	Och-CBur_087_Ex1-2H-lcwgs-1-1	Och-CBur_087-Ex1
OcC0101603A	Och-CBur_016_Ex1-3A-lcwgs-1-1	Och-CBur_016-Ex1
OcC0102803B	Och-CBur_028_Ex1-3B-lcwgs-1-1	Och-CBur_028-Ex1
OcC0104003C	Och-CBur_040_Ex1-3C-lcwgs-1-1	Och-CBur_040-Ex1
OcC0105203D	Och-CBur_052_Ex1-3D-lcwgs-1-1	Och-CBur_052-Ex1
OcC0106403E	Och-CBur_064_Ex1-3E-lcwgs-1-1	Och-CBur_064-Ex1
OcC0107603F	Och-CBur_076_Ex1-3F-lcwgs-1-1	Och-CBur_076-Ex1
OcC0108803G	Och-CBur_088_Ex1-3G-lcwgs-1-1	Och-CBur_088-Ex1
OcC0101703H	Och-CBur_017_Ex1-3H-lcwgs-1-1	Och-CBur_017-Ex1
OcC0102904A	Och-CBur_029_Ex1-4A-lcwgs-1-1	Och-CBur_029-Ex1
OcC0104104B	Och-CBur_041_Ex1-4B-lcwgs-1-1	Och-CBur_041-Ex1
OcC0105304C	Och-CBur_053_Ex1-4C-lcwgs-1-1	Och-CBur_053-Ex1
OcC0106504D	Och-CBur_065_Ex1-4D-lcwgs-1-1	Och-CBur_065-Ex1
OcC0107704E	Och-CBur_077_Ex1-4E-lcwgs-1-1	Och-CBur_077-Ex1
OcC0108904F	Och-CBur_089_Ex1-4F-lcwgs-1-1	Och-CBur_089-Ex1
OcC0101804G	Och-CBur_018_Ex1-4G-lcwgs-1-1	Och-CBur_018-Ex1
OcC0103004H	Och-CBur_030_Ex1-4H-lcwgs-1-1	Och-CBur_030-Ex1
OcC0104205A	Och-CBur_042_Ex1-5A-lcwgs-1-1	Och-CBur_042-Ex1
OcC0105405B	Och-CBur_054_Ex1-5B-lcwgs-1-1	Och-CBur_054-Ex1
OcC0106605C	Och-CBur_066_Ex1-5C-lcwgs-1-1	Och-CBur_066-Ex1
OcC0107805D	Och-CBur_078_Ex1-5D-lcwgs-1-1	Och-CBur_078-Ex1
OcC0103105E	Och-CBur_031_Ex1-5E-lcwgs-1-1	Och-CBur_031-Ex1
OcC0104305F	Och-CBur_043_Ex1-5F-lcwgs-1-1	Och-CBur_043-Ex1
OcC0105505G	Och-CBur_055_Ex1-5G-lcwgs-1-1	Och-CBur_055-Ex1
OcC0106705H	Och-CBur_067_Ex1-5H-lcwgs-1-1	Och-CBur_067-Ex1
OcC0107906A	Och-CBur_079_Ex1-6A-lcwgs-1-1	Och-CBur_079-Ex1
OcC0103206B	Och-CBur_032_Ex1-6B-lcwgs-1-1	Och-CBur_032-Ex1
OcC0104406C	Och-CBur_044_Ex1-6C-lcwgs-1-1	Och-CBur_044-Ex1
OcC0105606D	Och-CBur_056_Ex1-6D-lcwgs-1-1	Och-CBur_056-Ex1
OcC0108006E	Och-CBur_080_Ex1-6E-lcwgs-1-1	Och-CBur_080-Ex1
OcC0102106F	Och-CBur_021_Ex1-6F-lcwgs-1-1	Och-CBur_021-Ex1
OcC0104506G	Och-CBur_045_Ex1-6G-lcwgs-1-1	Och-CBur_045-Ex1
OcC0105706H	Och-CBur_057_Ex1-6H-lcwgs-1-1	Och-CBur_057-Ex1
OcC0106907A	Och-CBur_069_Ex1-7A-lcwgs-1-1	Och-CBur_069-Ex1
OcC0102207B	Och-CBur_022_Ex1-7B-lcwgs-1-1	Och-CBur_022-Ex1
OcC0103407C	Och-CBur_034_Ex1-7C-lcwgs-1-1	Och-CBur_034-Ex1
OcC0105807D	Och-CBur_058_Ex1-7D-lcwgs-1-1	Och-CBur_058-Ex1
OcC0107007E	Och-CBur_070_Ex1-7E-lcwgs-1-1	Och-CBur_070-Ex1
OcC0108207F	Och-CBur_082_Ex1-7F-lcwgs-1-1	Och-CBur_082-Ex1
OcC0102307G	Och-CBur_023_Ex1-7G-lcwgs-1-1	Och-CBur_023-Ex1
OcC0103507H	Och-CBur_035_Ex1-7H-lcwgs-1-1	Och-CBur_035-Ex1
OcC0104708A	Och-CBur_047_Ex1-8A-lcwgs-1-1	Och-CBur_047-Ex1
OcC0105908B	Och-CBur_059_Ex1-8B-lcwgs-1-1	Och-CBur_059-Ex1
OcC0107108C	Och-CBur_071_Ex1-8C-lcwgs-1-1	Och-CBur_071-Ex1
OcC0108308D	Och-CBur_083_Ex1-8D-lcwgs-1-1	Och-CBur_083-Ex1
OcC0102408E	Och-CBur_024_Ex1-8E-lcwgs-1-1	Och-CBur_024-Ex1
OcC0106008F	Och-CBur_060_Ex1-8F-lcwgs-1-1	Och-CBur_060-Ex1
OcC0107208G	Och-CBur_072_Ex1-8G-lcwgs-1-1	Och-CBur_072-Ex1
OcC0108408H	Och-CBur_084_Ex1-8H-lcwgs-1-1	Och-CBur_084-Ex1
PbA0900501A	Pbb-AGal_005-Ex1-1A-lcwgs-1-2	Pbb-AGal_005-Ex1
PbA0900601B	Pbb-AGal_006-Ex1-1B-lcwgs-1-2	Pbb-AGal_006-Ex1
PbA0900701C	Pbb-AGal_007-Ex1-1C-lcwgs-1-2	Pbb-AGal_007-Ex1
PbA0900801D	Pbb-AGal_008-Ex1-1D-lcwgs-1-2	Pbb-AGal_008-Ex1
PbA0900901E	Pbb-AGal_009-Ex1-1E-lcwgs-1-2	Pbb-AGal_009-Ex1
PbA0901001F	Pbb-AGal_010-Ex1-1F-lcwgs-1-2	Pbb-AGal_010-Ex1
PbA0901201H	Pbb-AGal_012-Ex1-1H-lcwgs-1-2	Pbb-AGal_012-Ex1
PbA0901302A	Pbb-AGal_013-Ex1-2A-lcwgs-1-2	Pbb-AGal_013-Ex1
PbA0901402B	Pbb-AGal_014-Ex1-2B-lcwgs-1-2	Pbb-AGal_014-Ex1
PbA0901502C	Pbb-AGal_015-Ex1-2C-lcwgs-1-2	Pbb-AGal_015-Ex1
PbA0901602D	Pbb-AGal_016-Ex1-2D-lcwgs-1-2	Pbb-AGal_016-Ex1
PbA0901702E	Pbb-AGal_017-Ex1-2E-lcwgs-1-2	Pbb-AGal_017-Ex1
PbA0901802F	Pbb-AGal_018-Ex1-2F-lcwgs-1-2	Pbb-AGal_018-Ex1
PbA0901902G	Pbb-AGal_019-Ex1-2G-lcwgs-1-2	Pbb-AGal_019-Ex1
PbA0902002H	Pbb-AGal_020-Ex1-2H-lcwgs-1-2	Pbb-AGal_020-Ex1
PbA0902103A	Pbb-AGal_021-Ex1-3A-lcwgs-1-2	Pbb-AGal_021-Ex1
PbA0902203B	Pbb-AGal_022-Ex1-3B-lcwgs-1-2	Pbb-AGal_022-Ex1
PbA0902403D	Pbb-AGal_024-Ex1-3D-lcwgs-1-2	Pbb-AGal_024-Ex1
PbA0902703G	Pbb-AGal_027-Ex1-3G-lcwgs-1-2	Pbb-AGal_027-Ex1
PbA0902803H	Pbb-AGal_028-Ex1-3H-lcwgs-1-2	Pbb-AGal_028-Ex1
PbA0902904A	Pbb-AGal_029-Ex1-4A-lcwgs-1-2	Pbb-AGal_029-Ex1
PbA0903004B	Pbb-AGal_030-Ex1-4B-lcwgs-1-2	Pbb-AGal_030-Ex1
PbA0903104C	Pbb-AGal_031-Ex1-4C-lcwgs-1-2	Pbb-AGal_031-Ex1
PbA0903204D	Pbb-AGal_032-Ex1-4D-lcwgs-1-2	Pbb-AGal_032-Ex1
PbA0903504G	Pbb-AGal_035-Ex1-4G-lcwgs-1-2	Pbb-AGal_035-Ex1
PbA0903604H	Pbb-AGal_036-Ex1-4H-lcwgs-1-2	Pbb-AGal_036-Ex1
PbA0902603F	Pbb-AGal_026-Ex1-3F-lcwgs-1-2	Pbb-AGal_026-Ex1
PbA0903404F	Pbb-AGal_034-Ex1-4F-lcwgs-1-2	Pbb-AGal_034-Ex1
PbA0900112E	Pbb-AGal_001-Ex1-12E-lcwgs-1-2	Pbb-AGal_001-Ex1
PbA0900212F	Pbb-AGal_002-Ex1-12F-lcwgs-1-2	Pbb-AGal_002-Ex1
PbA0900312G	Pbb-AGal_003-Ex1-12G-lcwgs-1-2	Pbb-AGal_003-Ex1
PbA0900412H	Pbb-AGal_004-Ex1-12H-lcwgs-1-2	Pbb-AGal_004-Ex1
PbC0700105A	Pbb-CGal_001-Ex1-5A-lcwgs-1-2	Pbb-CGal_001-Ex1
PbC0700205B	Pbb-CGal_002-Ex1-5B-lcwgs-1-2	Pbb-CGal_002-Ex1
PbC0700305C	Pbb-CGal_003-Ex1-5C-lcwgs-1-2	Pbb-CGal_003-Ex1
PbC0700405D	Pbb-CGal_004-Ex1-5D-lcwgs-1-2	Pbb-CGal_004-Ex1
PbC0700505E	Pbb-CGal_005-Ex1-5E-lcwgs-1-2	Pbb-CGal_005-Ex1
PbC0700605F	Pbb-CGal_006-Ex1-5F-lcwgs-1-2	Pbb-CGal_006-Ex1
PbC0700705G	Pbb-CGal_007-Ex1-5G-lcwgs-1-2	Pbb-CGal_007-Ex1
PbC0700805H	Pbb-CGal_008-Ex1-5H-lcwgs-4-2	Pbb-CGal_008-Ex1
PbC1100906A	Pbb-CVer_009-Ex1-6A-lcwgs-1-2	Pbb-CVer_009-Ex1
PbC1101006B	Pbb-CVer_010-Ex1-6B-lcwgs-1-2	Pbb-CVer_010-Ex1
PbC1101106C	Pbb-CVer_011-Ex1-6C-lcwgs-1-2	Pbb-CVer_011-Ex1
PbC1101206D	Pbb-CVer_012-Ex1-6D-lcwgs-1-2	Pbb-CVer_012-Ex1
PbC1101306E	Pbb-CVer_013-Ex1-6E-lcwgs-1-2	Pbb-CVer_013-Ex1
PbC1101406F	Pbb-CVer_014-Ex1-6F-lcwgs-1-2	Pbb-CVer_014-Ex1
PbC1101506G	Pbb-CVer_015-Ex1-6G-lcwgs-1-2	Pbb-CVer_015-Ex1
PbC1101606H	Pbb-CVer_016-Ex1-6H-lcwgs-1-2	Pbb-CVer_016-Ex1
PbC1101707A	Pbb-CVer_017-Ex1-7A-lcwgs-1-2	Pbb-CVer_017-Ex1
PbC1101807B	Pbb-CVer_018-Ex1-7B-lcwgs-1-2	Pbb-CVer_018-Ex1
PbC1101907C	Pbb-CVer_019-Ex1-7C-lcwgs-1-2	Pbb-CVer_019-Ex1
PbC1102007D	Pbb-CVer_020-Ex1-7D-lcwgs-1-2	Pbb-CVer_020-Ex1
PbC1102107E	Pbb-CVer_021-Ex1-7E-lcwgs-1-2	Pbb-CVer_021-Ex1
PbC1102207F	Pbb-CVer_022-Ex1-7F-lcwgs-1-2	Pbb-CVer_022-Ex1
PbC1102307G	Pbb-CVer_023-Ex1-7G-lcwgs-1-2	Pbb-CVer_023-Ex1
PbC1102407H	Pbb-CVer_024-Ex1-7H-lcwgs-1-2	Pbb-CVer_024-Ex1
PbC1102508A	Pbb-CVer_025-Ex1-8A-lcwgs-1-2	Pbb-CVer_025-Ex1
PbC1102608B	Pbb-CVer_026-Ex1-8B-lcwgs-1-2	Pbb-CVer_026-Ex1
PbC1102708C	Pbb-CVer_027-Ex1-8C-lcwgs-1-2	Pbb-CVer_027-Ex1
PbC1102808D	Pbb-CVer_028-Ex1-8D-lcwgs-1-2	Pbb-CVer_028-Ex1
PbC1102908E	Pbb-CVer_029-Ex1-8E-lcwgs-1-2	Pbb-CVer_029-Ex1
PbC1103008F	Pbb-CVer_030-Ex1-8F-lcwgs-1-2	Pbb-CVer_030-Ex1
PbC1103108G	Pbb-CVer_031-Ex1-8G-lcwgs-1-2	Pbb-CVer_031-Ex1
PbC1103208H	Pbb-CVer_032-Ex1-8H-lcwgs-1-2	Pbb-CVer_032-Ex1
PbC1103309A	Pbb-CVer_033-Ex1-9A-lcwgs-1-2	Pbb-CVer_033-Ex1
PbC1103409B	Pbb-CVer_034-Ex1-9B-lcwgs-1-2	Pbb-CVer_034-Ex1
PbC1103509C	Pbb-CVer_035-Ex1-9C-lcwgs-1-2	Pbb-CVer_035-Ex1
PbC1103609D	Pbb-CVer_036-Ex1-9D-lcwgs-1-2	Pbb-CVer_036-Ex1
PbC1103709E	Pbb-CVer_037-Ex1-9E-lcwgs-1-2	Pbb-CVer_037-Ex1
PbC1103809F	Pbb-CVer_038-Ex1-9F-lcwgs-1-2	Pbb-CVer_038-Ex1
PbC1103909G	Pbb-CVer_039-Ex1-9G-lcwgs-1-2	Pbb-CVer_039-Ex1
PbC1104009H	Pbb-CVer_040-Ex1-9H-lcwgs-1-2	Pbb-CVer_040-Ex1
PbC1104110A	Pbb-CVer_041-Ex1-10A-lcwgs-1-2	Pbb-CVer_041-Ex1
PbC1104210B	Pbb-CVer_042-Ex1-10B-lcwgs-1-2	Pbb-CVer_042-Ex1
PbC1104310C	Pbb-CVer_043-Ex1-10C-lcwgs-1-2	Pbb-CVer_043-Ex1
PbC1104410D	Pbb-CVer_044-Ex1-10D-lcwgs-1-2	Pbb-CVer_044-Ex1
PbA0900112E	Pbb-AGal_001-Ex1-12E-lcwgs-1-1	Pbb-AGal_001-Ex1
PbA0900212F	Pbb-AGal_002-Ex1-12F-lcwgs-1-1	Pbb-AGal_002-Ex1
PbA0900312G	Pbb-AGal_003-Ex1-12G-lcwgs-1-1	Pbb-AGal_003-Ex1
PbA0900412H	Pbb-AGal_004-Ex1-12H-lcwgs-1-1	Pbb-AGal_004-Ex1
PbA0900501A	Pbb-AGal_005-Ex1-1A-lcwgs-1-1	Pbb-AGal_005-Ex1
PbA0900601B	Pbb-AGal_006-Ex1-1B-lcwgs-1-1	Pbb-AGal_006-Ex1
PbA0900701C	Pbb-AGal_007-Ex1-1C-lcwgs-1-1	Pbb-AGal_007-Ex1
PbA0900801D	Pbb-AGal_008-Ex1-1D-lcwgs-1-1	Pbb-AGal_008-Ex1
PbA0900901E	Pbb-AGal_009-Ex1-1E-lcwgs-1-1	Pbb-AGal_009-Ex1
PbA0901001F	Pbb-AGal_010-Ex1-1F-lcwgs-1-1	Pbb-AGal_010-Ex1
PbA0901101G	Pbb-AGal_011-Ex1-1G-lcwgs-1-1	Pbb-AGal_011-Ex1
PbA0901201H	Pbb-AGal_012-Ex1-1H-lcwgs-1-1	Pbb-AGal_012-Ex1
PbA0901302A	Pbb-AGal_013-Ex1-2A-lcwgs-1-1	Pbb-AGal_013-Ex1
PbA0901402B	Pbb-AGal_014-Ex1-2B-lcwgs-1-1	Pbb-AGal_014-Ex1
PbA0901502C	Pbb-AGal_015-Ex1-2C-lcwgs-1-1	Pbb-AGal_015-Ex1
PbA0901602D	Pbb-AGal_016-Ex1-2D-lcwgs-1-1	Pbb-AGal_016-Ex1
PbA0901702E	Pbb-AGal_017-Ex1-2E-lcwgs-1-1	Pbb-AGal_017-Ex1
PbA0901802F	Pbb-AGal_018-Ex1-2F-lcwgs-1-1	Pbb-AGal_018-Ex1
PbA0901902G	Pbb-AGal_019-Ex1-2G-lcwgs-1-1	Pbb-AGal_019-Ex1
PbA0902002H	Pbb-AGal_020-Ex1-2H-lcwgs-1-1	Pbb-AGal_020-Ex1
PbA0902103A	Pbb-AGal_021-Ex1-3A-lcwgs-1-1	Pbb-AGal_021-Ex1
PbA0902203B	Pbb-AGal_022-Ex1-3B-lcwgs-1-1	Pbb-AGal_022-Ex1
PbA0902303C	Pbb-AGal_023-Ex1-3C-lcwgs-1-1	Pbb-AGal_023-Ex1
PbA0902403D	Pbb-AGal_024-Ex1-3D-lcwgs-1-1	Pbb-AGal_024-Ex1
PbA0902503E	Pbb-AGal_025-Ex1-3E-lcwgs-1-1	Pbb-AGal_025-Ex1
PbA0902603F	Pbb-AGal_026-Ex1-3F-lcwgs-1-1	Pbb-AGal_026-Ex1
PbA0902703G	Pbb-AGal_027-Ex1-3G-lcwgs-1-1	Pbb-AGal_027-Ex1
PbA0902803H	Pbb-AGal_028-Ex1-3H-lcwgs-1-1	Pbb-AGal_028-Ex1
PbA0902904A	Pbb-AGal_029-Ex1-4A-lcwgs-1-1	Pbb-AGal_029-Ex1
PbA0903004B	Pbb-AGal_030-Ex1-4B-lcwgs-1-1	Pbb-AGal_030-Ex1
PbA0903104C	Pbb-AGal_031-Ex1-4C-lcwgs-1-1	Pbb-AGal_031-Ex1
PbA0903204D	Pbb-AGal_032-Ex1-4D-lcwgs-1-1	Pbb-AGal_032-Ex1
PbA0903304E	Pbb-AGal_033-Ex1-4E-lcwgs-1-1	Pbb-AGal_033-Ex1
PbA0903404F	Pbb-AGal_034-Ex1-4F-lcwgs-1-1	Pbb-AGal_034-Ex1
PbA0903504G	Pbb-AGal_035-Ex1-4G-lcwgs-1-1	Pbb-AGal_035-Ex1
PbA0903604H	Pbb-AGal_036-Ex1-4H-lcwgs-1-1	Pbb-AGal_036-Ex1
PbC0700105A	Pbb-CGal_001-Ex1-5A-lcwgs-1-1	Pbb-CGal_001-Ex1
PbC0700205B	Pbb-CGal_002-Ex1-5B-lcwgs-1-1	Pbb-CGal_002-Ex1
PbC0700305C	Pbb-CGal_003-Ex1-5C-lcwgs-1-1	Pbb-CGal_003-Ex1
PbC0700405D	Pbb-CGal_004-Ex1-5D-lcwgs-1-1	Pbb-CGal_004-Ex1
PbC0700505E	Pbb-CGal_005-Ex1-5E-lcwgs-1-1	Pbb-CGal_005-Ex1
PbC0700605F	Pbb-CGal_006-Ex1-5F-lcwgs-1-1	Pbb-CGal_006-Ex1
PbC0700705G	Pbb-CGal_007-Ex1-5G-lcwgs-1-1	Pbb-CGal_007-Ex1
PbC0700805H	Pbb-CGal_008-Ex1-5H-lcwgs-4-1	Pbb-CGal_008-Ex1
PbC1100906A	Pbb-CVer_009-Ex1-6A-lcwgs-1-1	Pbb-CVer_009-Ex1
PbC1101006B	Pbb-CVer_010-Ex1-6B-lcwgs-1-1	Pbb-CVer_010-Ex1
PbC1101106C	Pbb-CVer_011-Ex1-6C-lcwgs-1-1	Pbb-CVer_011-Ex1
PbC1101206D	Pbb-CVer_012-Ex1-6D-lcwgs-1-1	Pbb-CVer_012-Ex1
PbC1101306E	Pbb-CVer_013-Ex1-6E-lcwgs-1-1	Pbb-CVer_013-Ex1
PbC1101406F	Pbb-CVer_014-Ex1-6F-lcwgs-1-1	Pbb-CVer_014-Ex1
PbC1101506G	Pbb-CVer_015-Ex1-6G-lcwgs-1-1	Pbb-CVer_015-Ex1
PbC1101606H	Pbb-CVer_016-Ex1-6H-lcwgs-1-1	Pbb-CVer_016-Ex1
PbC1101707A	Pbb-CVer_017-Ex1-7A-lcwgs-1-1	Pbb-CVer_017-Ex1
PbC1101807B	Pbb-CVer_018-Ex1-7B-lcwgs-1-1	Pbb-CVer_018-Ex1
PbC1101907C	Pbb-CVer_019-Ex1-7C-lcwgs-1-1	Pbb-CVer_019-Ex1
PbC1102007D	Pbb-CVer_020-Ex1-7D-lcwgs-1-1	Pbb-CVer_020-Ex1
PbC1102107E	Pbb-CVer_021-Ex1-7E-lcwgs-1-1	Pbb-CVer_021-Ex1
PbC1102207F	Pbb-CVer_022-Ex1-7F-lcwgs-1-1	Pbb-CVer_022-Ex1
PbC1102307G	Pbb-CVer_023-Ex1-7G-lcwgs-1-1	Pbb-CVer_023-Ex1
PbC1102407H	Pbb-CVer_024-Ex1-7H-lcwgs-1-1	Pbb-CVer_024-Ex1
PbC1102508A	Pbb-CVer_025-Ex1-8A-lcwgs-1-1	Pbb-CVer_025-Ex1
PbC1102608B	Pbb-CVer_026-Ex1-8B-lcwgs-1-1	Pbb-CVer_026-Ex1
PbC1102708C	Pbb-CVer_027-Ex1-8C-lcwgs-1-1	Pbb-CVer_027-Ex1
PbC1102808D	Pbb-CVer_028-Ex1-8D-lcwgs-1-1	Pbb-CVer_028-Ex1
PbC1102908E	Pbb-CVer_029-Ex1-8E-lcwgs-1-1	Pbb-CVer_029-Ex1
PbC1103008F	Pbb-CVer_030-Ex1-8F-lcwgs-1-1	Pbb-CVer_030-Ex1
PbC1103108G	Pbb-CVer_031-Ex1-8G-lcwgs-1-1	Pbb-CVer_031-Ex1
PbC1103208H	Pbb-CVer_032-Ex1-8H-lcwgs-1-1	Pbb-CVer_032-Ex1
PbC1103309A	Pbb-CVer_033-Ex1-9A-lcwgs-1-1	Pbb-CVer_033-Ex1
PbC1103409B	Pbb-CVer_034-Ex1-9B-lcwgs-1-1	Pbb-CVer_034-Ex1
PbC1103509C	Pbb-CVer_035-Ex1-9C-lcwgs-1-1	Pbb-CVer_035-Ex1
PbC1103609D	Pbb-CVer_036-Ex1-9D-lcwgs-1-1	Pbb-CVer_036-Ex1
PbC1103709E	Pbb-CVer_037-Ex1-9E-lcwgs-1-1	Pbb-CVer_037-Ex1
PbC1103809F	Pbb-CVer_038-Ex1-9F-lcwgs-1-1	Pbb-CVer_038-Ex1
PbC1103909G	Pbb-CVer_039-Ex1-9G-lcwgs-1-1	Pbb-CVer_039-Ex1
PbC1104009H	Pbb-CVer_040-Ex1-9H-lcwgs-1-1	Pbb-CVer_040-Ex1
PbC1104110A	Pbb-CVer_041-Ex1-10A-lcwgs-1-1	Pbb-CVer_041-Ex1
PbC1104210B	Pbb-CVer_042-Ex1-10B-lcwgs-1-1	Pbb-CVer_042-Ex1
PbC1104310C	Pbb-CVer_043-Ex1-10C-lcwgs-1-1	Pbb-CVer_043-Ex1
PbC1104410D	Pbb-CVer_044-Ex1-10D-lcwgs-1-1	Pbb-CVer_044-Ex1
PaC0108502D	Par-CPas-085-Ex1-2D3F-lcwgs-1and2-1	Par-CPas_085-Ex1
PaC0102702E	Par-CPas-027-Ex1-2E-lcwgs-1-1	Par-CPas_027-Ex1
PaC0101302F	Par-CPas-013-Ex1-2F3G-lcwgs-1and2-1	Par-CPas_013-Ex1
PaC0103502G	Par-CPas-035-Ex1-2G3H-lcwgs-1and2-1	Par-CPas_035-Ex1
PaC0104702H	Par-CPas-047-Ex1-2H-lcwgs-1-1	Par-CPas_047-Ex1
PaC0105903A	Par-CPas-059-Ex1-3A-lcwgs-1-1	Par-CPas_059-Ex1
PaC0102803C	Par-CPas-028-Ex1-3C-lcwgs-1-1	Par-CPas_028-Ex1
PaC0106103D	Par-CPas-061-Ex1-3D-lcwgs-1-1	Par-CPas_061-Ex1
PaC0106503E	Par-CPas-065-Ex1-3E-lcwgs-1-1	Par-CPas_065-Ex1
PaC0108403F	Par-CPas-084-Ex1-3F4F-lcwgs-1and2-1	Par-CPas_084-Ex1
PaC0104603G	Par-CPas-046-Ex1-3G-lcwgs-1-1	Par-CPas_046-Ex1
PaC0101803H	Par-CPas-018-Ex1-3H4H-lcwgs-1and2-1	Par-CPas_018-Ex1
PaC0108304A	Par-CPas-083-Ex1-4A-lcwgs-1-1	Par-CPas_083-Ex1
PaC0104904B	Par-CPas-049-Ex1-4B-lcwgs-1-1	Par-CPas_049-Ex1
PaC0107004C	Par-CPas-070-Ex1-4C2D-lcwgs-1and2-1	Par-CPas_070-Ex1
PaC0103804D	Par-CPas-038-Ex1-4D-lcwgs-1-1	Par-CPas_038-Ex1
PaC0104804E	Par-CPas-048-Ex1-4E-lcwgs-1-1	Par-CPas_048-Ex1
PaC0105504F	Par-CPas-055-Ex1-4F5E-lcwgs-1and2-1	Par-CPas_055-Ex1
PaC0107404G	Par-CPas-074-Ex1-4G-lcwgs-1-1	Par-CPas_074-Ex1
PaC0106804H	Par-CPas-068-Ex1-4H-lcwgs-1-1	Par-CPas_068-Ex1
PaC0101005A	Par-CPas-010-Ex1-5A-lcwgs-1-1	Par-CPas_010-Ex1
PaC0106905B	Par-CPas-069-Ex1-5B-lcwgs-1-1	Par-CPas_069-Ex1
PaC0100305C	Par-CPas-003-Ex1-5C-lcwgs-1-1	Par-CPas_003-Ex1
PaC0105805D	Par-CPas-058-Ex1-5D-lcwgs-1-1	Par-CPas_058-Ex1
PaC0106205E	Par-CPas-062-Ex1-5E-lcwgs-1-1	Par-CPas_062-Ex1
PaC0103305F	Par-CPas-033-Ex1-5F-lcwgs-1-1	Par-CPas_033-Ex1
PaC0107605G	Par-CPas-076-Ex1-5G-lcwgs-1-1	Par-CPas_076-Ex1
PaC0108705H	Par-CPas-087-Ex1-5H-lcwgs-1-1	Par-CPas_087-Ex1
PaC0102006A	Par-CPas-020-Ex1-6A-lcwgs-1-1	Par-CPas_020-Ex1
PaC0107106B	Par-CPas-071-Ex1-6B-lcwgs-1-1	Par-CPas_071-Ex1
PaC0106406C	Par-CPas-064-Ex1-6C6D-lcwgs-1and2-1	Par-CPas_064-Ex1
PaC0107206D	Par-CPas-072-Ex1-6D6E-lcwgs-1and2-1	Par-CPas_072-Ex1
PaC0100806E	Par-CPas-008-Ex1-6E6F-lcwgs-1and2-1	Par-CPas_008-Ex1
PaC0101606F	Par-CPas-016-Ex1-6F6G-lcwgs-1and2-1	Par-CPas_016-Ex1
PaC0108206G	Par-CPas-082-Ex1-6G6H-lcwgs-1and2-1	Par-CPas_082-Ex1
PaC0104506H	Par-CPas-045-Ex1-6H7A-lcwgs-1and2-1	Par-CPas_045-Ex1
PaC0103707C	Par-CPas-037-Ex1-7C7D-lcwgs-1and2-1	Par-CPas_037-Ex1
PaC0100407D	Par-CPas-004-Ex1-7D7E-lcwgs-1and2-1	Par-CPas_004-Ex1
PaC0106707E	Par-CPas-067-Ex1-7E7F-lcwgs-1and2-1	Par-CPas_067-Ex1
PaC0104307F	Par-CPas-043-Ex1-7F7G-lcwgs-1and2-1	Par-CPas_043-Ex1
PaC0107707G	Par-CPas-077-Ex1-7G7H-lcwgs-1and2-1	Par-CPas_077-Ex1
PaC0101507H	Par-CPas-015-Ex1-7H-lcwgs-1-1	Par-CPas_015-Ex1
PaC0107508A	Par-CPas-075-Ex1-8A8B-lcwgs-1and2-1	Par-CPas_075-Ex1
PaC0106308B	Par-CPas-063-Ex1-8B8C-lcwgs-1and2-1	Par-CPas_063-Ex1
PaC0107908C	Par-CPas-079-Ex1-8C-lcwgs-1-1	Par-CPas_079-Ex1
PaC0104408D	Par-CPas-044-Ex1-8D-lcwgs-1-1	Par-CPas_044-Ex1
PaC0107308E	Par-CPas-073-Ex1-8E8F-lcwgs-1and2-1	Par-CPas_073-Ex1
PaC0104108F	Par-CPas-041-Ex1-8F-lcwgs-1-1	Par-CPas_041-Ex1
PaC0106608G	Par-CPas-066-Ex1-8G-lcwgs-1-1	Par-CPas_066-Ex1
PaC0102308H	Par-CPas-023-Ex1-8H-lcwgs-1-1	Par-CPas_023-Ex1
PaA0100106G	Par-ARag-001-Ex1-6G-lcwgs-2-1	Par-ARag_001-Ex1
PaA0100206H	Par-ARag-002-Ex1-6H-lcwgs-2-1	Par-ARag_002-Ex1
PaA0100607C	Par-ARag-006-Ex1-7C-lcwgs-2-1	Par-ARag_006-Ex1
PaA0100707D	Par-ARag-007-Ex1-7D-lcwgs-2-1	Par-ARag_007-Ex1
PaA0100807E	Par-ARag-008-Ex1-7E-lcwgs-2-1	Par-ARag_008-Ex1
PaA0100907F	Par-ARag-009-Ex1-7F-lcwgs-2-1	Par-ARag_009-Ex1
PaA0101007G	Par-ARag-010-Ex1-7G-lcwgs-2-1	Par-ARag_010-Ex1
PaA0101107H	Par-ARag-011-Ex1-7H-lcwgs-2-1	Par-ARag_011-Ex1
PaA0101208A	Par-ARag-012-Ex1-8A-lcwgs-2-1	Par-ARag_012-Ex1
PaA0101308B	Par-ARag-013-Ex1-8B-lcwgs-2-1	Par-ARag_013-Ex1
PaA0101408C	Par-ARag-014-Ex1-8C-lcwgs-2-1	Par-ARag_014-Ex1
PaA0101708E	Par-ARag-017-Ex1-8E-lcwgs-2-1	Par-ARag_017-Ex1
PaA0101908F	Par-ARag-019-Ex1-8F-lcwgs-2-1	Par-ARag_019-Ex1
PaA0102008G	Par-ARag-020-Ex1-8G-lcwgs-2-1	Par-ARag_020-Ex1
PaA0102108H	Par-ARag-021-Ex1-8H-lcwgs-2-1	Par-ARag_021-Ex1
PaA0102209A	Par-ARag-022-Ex1-9A-lcwgs-2-1	Par-ARag_022-Ex1
PaA0102509D	Par-ARag-025-Ex1-9D-lcwgs-2-1	Par-ARag_025-Ex1
PaA0102709F	Par-ARag-027-Ex1-9F-lcwgs-2-1	Par-ARag_027-Ex1
PaA0102809G	Par-ARag-028-Ex1-9G-lcwgs-2-1	Par-ARag_028-Ex1
PaA0102909H	Par-ARag-029-Ex1-9H-lcwgs-2-1	Par-ARag_029-Ex1
PaA0103010A	Par-ARag-030-Ex1-10A-lcwgs-2-1	Par-ARag_030-Ex1
PaA0100106G	Par-ARag_001-Ex1-6G-lcwgs-2-T	Par-ARag_001-Ex1
PaA0100206H	Par-ARag_002-Ex1-6H-lcwgs-2-T	Par-ARag_002-Ex1
PaA0100607C	Par-ARag_006-Ex1-7C-lcwgs-2-T	Par-ARag_006-Ex1
PaA0100707D	Par-ARag_007-Ex1-7D-lcwgs-2-T	Par-ARag_007-Ex1
PaA0100807E	Par-ARag_008-Ex1-7E-lcwgs-2-T	Par-ARag_008-Ex1
PaA0100907F	Par-ARag_009-Ex1-7F-lcwgs-2-T	Par-ARag_009-Ex1
PaA0101007G	Par-ARag_010-Ex1-7G-lcwgs-2-T	Par-ARag_010-Ex1
PaA0101107H	Par-ARag_011-Ex1-7H-lcwgs-2-T	Par-ARag_011-Ex1
PaA0101208A	Par-ARag_012-Ex1-8A-lcwgs-2-T	Par-ARag_012-Ex1
PaA0101308B	Par-ARag_013-Ex1-8B-lcwgs-2-T	Par-ARag_013-Ex1
PaA0101408C	Par-ARag_014-Ex1-8C-lcwgs-2-T	Par-ARag_014-Ex1
PaA0101708E	Par-ARag_017-Ex1-8E-lcwgs-2-T	Par-ARag_017-Ex1
PaA0101908F	Par-ARag_019-Ex1-8F-lcwgs-2-T	Par-ARag_019-Ex1
PaA0102008G	Par-ARag_020-Ex1-8G-lcwgs-2-T	Par-ARag_020-Ex1
PaA0102108H	Par-ARag_021-Ex1-8H-lcwgs-2-T	Par-ARag_021-Ex1
PaA0102209A	Par-ARag_022-Ex1-9A-lcwgs-2-T	Par-ARag_022-Ex1
PaA0102509D	Par-ARag_025-Ex1-9D-lcwgs-2-T	Par-ARag_025-Ex1
PaA0102709F	Par-ARag_027-Ex1-9F-lcwgs-2-T	Par-ARag_027-Ex1
PaA0102809G	Par-ARag_028-Ex1-9G-lcwgs-2-T	Par-ARag_028-Ex1
PaA0102909H	Par-ARag_029-Ex1-9H-lcwgs-2-T	Par-ARag_029-Ex1
PaA0103010A	Par-ARag_030-Ex1-10A-lcwgs-2-T	Par-ARag_030-Ex1
PaC0108502D	Par-CPas_085-Ex1-2D3F-lcwgs-1and2-T	Par-CPas_085-Ex1
PaC0102702E	Par-CPas_027-Ex1-2E-lcwgs-1-T	Par-CPas_027-Ex1
PaC0101302F	Par-CPas_013-Ex1-2F3G-lcwgs-1and2-T	Par-CPas_013-Ex1
PaC0103502G	Par-CPas_035-Ex1-2G3H-lcwgs-1and2-T	Par-CPas_035-Ex1
PaC0104702H	Par-CPas_047-Ex1-2H-lcwgs-1-T	Par-CPas_047-Ex1
PaC0105903A	Par-CPas_059-Ex1-3A-lcwgs-1-T	Par-CPas_059-Ex1
PaC0102803C	Par-CPas_028-Ex1-3C-lcwgs-1-T	Par-CPas_028-Ex1
PaC0106103D	Par-CPas_061-Ex1-3D-lcwgs-1-T	Par-CPas_061-Ex1
PaC0106503E	Par-CPas_065-Ex1-3E-lcwgs-1-T	Par-CPas_065-Ex1
PaC0108403F	Par-CPas_084-Ex1-3F4F-lcwgs-1and2-T	Par-CPas_084-Ex1
PaC0104603G	Par-CPas_046-Ex1-3G-lcwgs-1-T	Par-CPas_046-Ex1
PaC0101803H	Par-CPas_018-Ex1-3H4H-lcwgs-1and2-T	Par-CPas_018-Ex1
PaC0108304A	Par-CPas_083-Ex1-4A-lcwgs-1-T	Par-CPas_083-Ex1
PaC0104904B	Par-CPas_049-Ex1-4B-lcwgs-1-T	Par-CPas_049-Ex1
PaC0107004C	Par-CPas_070-Ex1-4C2D-lcwgs-1and2-T	Par-CPas_070-Ex1
PaC0103804D	Par-CPas_038-Ex1-4D-lcwgs-1-T	Par-CPas_038-Ex1
PaC0104804E	Par-CPas_048-Ex1-4E-lcwgs-1-T	Par-CPas_048-Ex1
PaC0105504F	Par-CPas_055-Ex1-4F5E-lcwgs-1and2-T	Par-CPas_055-Ex1
PaC0107404G	Par-CPas_074-Ex1-4G-lcwgs-1-T	Par-CPas_074-Ex1
PaC0106804H	Par-CPas_068-Ex1-4H-lcwgs-1-T	Par-CPas_068-Ex1
PaC0101005A	Par-CPas_010-Ex1-5A-lcwgs-1-T	Par-CPas_010-Ex1
PaC0106905B	Par-CPas_069-Ex1-5B-lcwgs-1-T	Par-CPas_069-Ex1
PaC0100305C	Par-CPas_003-Ex1-5C-lcwgs-1-T	Par-CPas_003-Ex1
PaC0105805D	Par-CPas_058-Ex1-5D-lcwgs-1-T	Par-CPas_058-Ex1
PaC0106205E	Par-CPas_062-Ex1-5E-lcwgs-1-T	Par-CPas_062-Ex1
PaC0103305F	Par-CPas_033-Ex1-5F-lcwgs-1-T	Par-CPas_033-Ex1
PaC0107605G	Par-CPas_076-Ex1-5G-lcwgs-1-T	Par-CPas_076-Ex1
PaC0108705H	Par-CPas_087-Ex1-5H-lcwgs-1-T	Par-CPas_087-Ex1
PaC0102006A	Par-CPas_020-Ex1-6A-lcwgs-1-T	Par-CPas_020-Ex1
PaC0107106B	Par-CPas_071-Ex1-6B-lcwgs-1-T	Par-CPas_071-Ex1
PaC0106406C	Par-CPas_064-Ex1-6C6D-lcwgs-1and2-T	Par-CPas_064-Ex1
PaC0107206D	Par-CPas_072-Ex1-6D6E-lcwgs-1and2-T	Par-CPas_072-Ex1
PaC0100806E	Par-CPas_008-Ex1-6E6F-lcwgs-1and2-T	Par-CPas_008-Ex1
PaC0101606F	Par-CPas_016-Ex1-6F6G-lcwgs-1and2-T	Par-CPas_016-Ex1
PaC0108206G	Par-CPas_082-Ex1-6G6H-lcwgs-1and2-T	Par-CPas_082-Ex1
PaC0104506H	Par-CPas_045-Ex1-6H7A-lcwgs-1and2-T	Par-CPas_045-Ex1
PaC0103707C	Par-CPas_037-Ex1-7C7D-lcwgs-1and2-T	Par-CPas_037-Ex1
PaC0100407D	Par-CPas_004-Ex1-7D7E-lcwgs-1and2-T	Par-CPas_004-Ex1
PaC0106707E	Par-CPas_067-Ex1-7E7F-lcwgs-1and2-T	Par-CPas_067-Ex1
PaC0104307F	Par-CPas_043-Ex1-7F7G-lcwgs-1and2-T	Par-CPas_043-Ex1
PaC0107707G	Par-CPas_077-Ex1-7G7H-lcwgs-1and2-T	Par-CPas_077-Ex1
PaC0101507H	Par-CPas_015-Ex1-7H-lcwgs-1-T	Par-CPas_015-Ex1
PaC0107508A	Par-CPas_075-Ex1-8A8B-lcwgs-1and2-T	Par-CPas_075-Ex1
PaC0106308B	Par-CPas_063-Ex1-8B8C-lcwgs-1and2-T	Par-CPas_063-Ex1
PaC0107908C	Par-CPas_079-Ex1-8C-lcwgs-1-T	Par-CPas_079-Ex1
PaC0104408D	Par-CPas_044-Ex1-8D-lcwgs-1-T	Par-CPas_044-Ex1
PaC0107308E	Par-CPas_073-Ex1-8E8F-lcwgs-1and2-T	Par-CPas_073-Ex1
PaC0104108F	Par-CPas_041-Ex1-8F-lcwgs-1-T	Par-CPas_041-Ex1
PaC0106608G	Par-CPas_066-Ex1-8G-lcwgs-1-T	Par-CPas_066-Ex1
PaC0102308H	Par-CPas_023-Ex1-8H-lcwgs-1-T	Par-CPas_023-Ex1
PlA0100401A_1	Pli-AMvi_004-Ex1-1A-lcwgs-1-1	Pli-AMvi_004-Ex1
PlA0100801B_1	Pli-AMvi_008_Ex1-1B-lcwgs-1-1	Pli-AMvi_008-Ex1
PlA0101801C_1	Pli-AMvi_018_Ex1-1C-lcwgs-1-1	Pli-AMvi_018-Ex1
PlA0102801D_1	Pli-AMvi_028_Ex1-1D-lcwgs-1-1	Pli-AMvi_028-Ex1
PlA0104601E_1	Pli-AMvi_046_Ex1-1E-lcwgs-1-1	Pli-AMvi_046-Ex1
PlA0106801E_1	Pli-AMvi_068_Ex1-1E-lcwgs-1-1	Pli-AMvi_068-Ex1
PlA0105801F_1	Pli-AMvi_058_Ex1-1F-lcwgs-1-1	Pli-AMvi_058-Ex1
PlA0107001G_1	Pli-AMvi_070_Ex1-1G-lcwgs-1-1	Pli-AMvi_070-Ex1
PlA0108201H_1	Pli-AMvi_082_Ex1-1H-lcwgs-1-1	Pli-AMvi_082-Ex1
PlA0100502A_1	Pli-AMvi_005-Ex1-2A-lcwgs-1-1	Pli-AMvi_005-Ex1
PlA0100902B_1	Pli-AMvi_009_Ex1-2B-lcwgs-1-1	Pli-AMvi_009-Ex1
PlA0101902C_1	Pli-AMvi_019_Ex1-2C-lcwgs-1-1	Pli-AMvi_019-Ex1
PlA0102902D_1	Pli-AMvi_029_Ex1-2D-lcwgs-1-1	Pli-AMvi_029-Ex1
PlA0104702E_1	Pli-AMvi_047_Ex1-2E-lcwgs-1-1	Pli-AMvi_047-Ex1
PlA0105902F_1	Pli-AMvi_059_Ex1-2F-lcwgs-1-1	Pli-AMvi_059-Ex1
PlA0107102G_1	Pli-AMvi_071_Ex1-2G-lcwgs-1-1	Pli-AMvi_071-Ex1
PlA0108302H_1	Pli-AMvi_083_Ex1-2H-lcwgs-1-1	Pli-AMvi_083-Ex1
PlA0100603A_1	Pli-AMvi_006_Ex1-3A-lcwgs-1-1	Pli-AMvi_006-Ex1
PlA0101603B_1	Pli-AMvi_016_Ex1-3B-lcwgs-1-1	Pli-AMvi_016-Ex1
PlA0102003C_1	Pli-AMvi_020_Ex1-3C-lcwgs-1-1	Pli-AMvi_020-Ex1
PlA0103003D_1	Pli-AMvi_030_Ex1-3D-lcwgs-1-1	Pli-AMvi_030-Ex1
PlA0104803E_1	Pli-AMvi_048_Ex1-3E-lcwgs-1-1	Pli-AMvi_048-Ex1
PlA0106003F_1	Pli-AMvi_060_Ex1-3F-lcwgs-1-1	Pli-AMvi_060-Ex1
PlA0107203G_1	Pli-AMvi_072_Ex1-3G-lcwgs-1-1	Pli-AMvi_072-Ex1
PlA0108403H_1	Pli-AMvi_084_Ex1-3H-lcwgs-1-1	Pli-AMvi_084-Ex1
PlA0100704A_1	Pli-AMvi_007_Ex1-4A-lcwgs-1-1	Pli-AMvi_007-Ex1
PlA0101704B_1	Pli-AMvi_017_Ex1-4B-lcwgs-1-1	Pli-AMvi_017-Ex1
PlA0102104C_1	Pli-AMvi_021_Ex1-4C-lcwgs-1-1	Pli-AMvi_021-Ex1
PlA0103104D_1	Pli-AMvi_031_Ex1-4D-lcwgs-1-1	Pli-AMvi_031-Ex1
PlA0104904E_1	Pli-AMvi_049_Ex1-4E-lcwgs-1-1	Pli-AMvi_049-Ex1
PlA0106104F_1	Pli-AMvi_061_Ex1-4F-lcwgs-1-1	Pli-AMvi_061-Ex1
PlA0107304G_1	Pli-AMvi_073_Ex1-4G-lcwgs-1-1	Pli-AMvi_073-Ex1
PlA0108504H_1	Pli-AMvi_085_Ex1-4H-lcwgs-1-1	Pli-AMvi_085-Ex1
PlA0104005A_1	Pli-AMvi_040_Ex1-5A-lcwgs-1-1	Pli-AMvi_040-Ex1
PlA0104205B_1	Pli-AMvi_042_Ex1-5B-lcwgs-1-1	Pli-AMvi_042-Ex1
PlA0103205C_1	Pli-AMvi_032_Ex1-5C-lcwgs-1-1	Pli-AMvi_032-Ex1
PlA0104405D_1	Pli-AMvi_044_Ex1-5D-lcwgs-1-1	Pli-AMvi_044-Ex1
PlA0105005E_1	Pli-AMvi_050_Ex1-5E-lcwgs-1-1	Pli-AMvi_050-Ex1
PlA0106205F_1	Pli-AMvi_062_Ex1-5F-lcwgs-1-1	Pli-AMvi_062-Ex1
PlA0107405G_1	Pli-AMvi_074_Ex1-5G-lcwgs-1-1	Pli-AMvi_074-Ex1
PlA0108605H_1	Pli-AMvi_086_Ex1-5H-lcwgs-1-1	Pli-AMvi_086-Ex1
PlA0104106A_1	Pli-AMvi_041_Ex1-6A-lcwgs-1-1	Pli-AMvi_041-Ex1
PlA0104306B_1	Pli-AMvi_043_Ex1-6B-lcwgs-1-1	Pli-AMvi_043-Ex1
PlA0103306C_1	Pli-AMvi_033_Ex1-6C-lcwgs-1-1	Pli-AMvi_033-Ex1
PlA0104506D_1	Pli-AMvi_045_Ex1-6D-lcwgs-1-1	Pli-AMvi_045-Ex1
PlA0105106E_1	Pli-AMvi_051_Ex1-6E-lcwgs-1-1	Pli-AMvi_051-Ex1
PlA0106306F_1	Pli-AMvi_063_Ex1-6F-lcwgs-1-1	Pli-AMvi_063-Ex1
PlA0107506G_1	Pli-AMvi_075_Ex1-6G-lcwgs-1-1	Pli-AMvi_075-Ex1
PlA0108706H_1	Pli-AMvi_087_Ex1-6H-lcwgs-1-1	Pli-AMvi_087-Ex1
PlA0101007A_1	Pli-AMvi_010_Ex1-7A-lcwgs-1-1	Pli-AMvi_010-Ex1
PlA0102207B_1	Pli-AMvi_022_Ex1-7B-lcwgs-1-1	Pli-AMvi_022-Ex1
PlA0103407C_1	Pli-AMvi_034_Ex1-7C-lcwgs-1-1	Pli-AMvi_034-Ex1
PlA0105207D_1	Pli-AMvi_052_Ex1-7D-lcwgs-1-1	Pli-AMvi_052-Ex1
PlA0106407E_1	Pli-AMvi_064_Ex1-7E-lcwgs-1-1	Pli-AMvi_064-Ex1
PlA0107607F_1	Pli-AMvi_076_Ex1-7F-lcwgs-1-1	Pli-AMvi_076-Ex1
PlA0108807G_1	Pli-AMvi_088_Ex1-7G-lcwgs-1-1	Pli-AMvi_088-Ex1
PlA0109407H_1	Pli-AMvi_094_Ex1-7H-lcwgs-1-1	Pli-AMvi_094-Ex1
PlA0101108A_1	Pli-AMvi_011_Ex1-8A-lcwgs-1-1	Pli-AMvi_011-Ex1
PlA0102308B_1	Pli-AMvi_023_Ex1-8B-lcwgs-1-1	Pli-AMvi_023-Ex1
PlA0103508C_1	Pli-AMvi_035_Ex1-8C-lcwgs-1-1	Pli-AMvi_035-Ex1
PlA0105308D_1	Pli-AMvi_053_Ex1-8D-lcwgs-1-1	Pli-AMvi_053-Ex1
PlA0106508E_1	Pli-AMvi_065_Ex1-8E-lcwgs-1-1	Pli-AMvi_065-Ex1
PlA0107708F_1	Pli-AMvi_077_Ex1-8F-lcwgs-1-1	Pli-AMvi_077-Ex1
PlA0108908G_1	Pli-AMvi_089_Ex1-8G-lcwgs-1-1	Pli-AMvi_089-Ex1
PlA0109508H_1	Pli-AMvi_095_Ex1-8H-lcwgs-1-1	Pli-AMvi_095-Ex1
PlA0101209A_1	Pli-AMvi_012_Ex1-9A-lcwgs-1-1	Pli-AMvi_012-Ex1
PlA0102409B_1	Pli-AMvi_024_Ex1-9B-lcwgs-1-1	Pli-AMvi_024-Ex1
PlA0103609C_1	Pli-AMvi_036_Ex1-9C-lcwgs-1-1	Pli-AMvi_036-Ex1
PlA0105409D_1	Pli-AMvi_054_Ex1-9D-lcwgs-1-1	Pli-AMvi_054-Ex1
PlA0106609E_1	Pli-AMvi_066_Ex1-9E-lcwgs-1-1	Pli-AMvi_066-Ex1
PlA0107809F_1	Pli-AMvi_078_Ex1-9F-lcwgs-1-1	Pli-AMvi_078-Ex1
PlA0109009G_1	Pli-AMvi_090_Ex1-9G-lcwgs-1-1	Pli-AMvi_090-Ex1
PlA0109609H_1	Pli-AMvi_096_Ex1-9H-lcwgs-1-1	Pli-AMvi_096-Ex1
PlA0101310A_1	Pli-AMvi_013_Ex1-10A-lcwgs-1-1	Pli-AMvi_013-Ex1
PlA0102510B_1	Pli-AMvi_025_Ex1-10B-lcwgs-1-1	Pli-AMvi_025-Ex1
PlA0103710C_1	Pli-AMvi_037_Ex1-10C-lcwgs-1-1	Pli-AMvi_037-Ex1
PlA0105510D_1	Pli-AMvi_055_Ex1-10D-lcwgs-1-1	Pli-AMvi_055-Ex1
PlA0106710E_1	Pli-AMvi_067_Ex1-10E-lcwgs-1-1	Pli-AMvi_067-Ex1
PlA0107910F_1	Pli-AMvi_079_Ex1-10F-lcwgs-1-1	Pli-AMvi_079-Ex1
PlA0109110G_1	Pli-AMvi_091_Ex1-10G-lcwgs-1-1	Pli-AMvi_091-Ex1
PlA0109710H_1	Pli-AMvi_097_Ex1-10H-lcwgs-1-1	Pli-AMvi_097-Ex1
PlA0101411A_1	Pli-AMvi_014_Ex1-11A-lcwgs-1-1	Pli-AMvi_014-Ex1
PlA0102611B_1	Pli-AMvi_026_Ex1-11B-lcwgs-1-1	Pli-AMvi_026-Ex1
PlA0103811C_1	Pli-AMvi_038_Ex1-11C-lcwgs-1-1	Pli-AMvi_038-Ex1
PlA0105611D_1	Pli-AMvi_056_Ex1-11D-lcwgs-1-1	Pli-AMvi_056-Ex1
PlA0108011F_1	Pli-AMvi_080_Ex1-11F-lcwgs-1-1	Pli-AMvi_080-Ex1
PlA0109211G_1	Pli-AMvi_092_Ex1-11G-lcwgs-1-1	Pli-AMvi_092-Ex1
PlA0109811H_1	Pli-AMvi_098_Ex1-11H-lcwgs-1-1	Pli-AMvi_098-Ex1
PlA0101512A_1	Pli-AMvi_015_Ex1-12A-lcwgs-1-1	Pli-AMvi_015-Ex1
PlA0102712B_1	Pli-AMvi_027_Ex1-12B-lcwgs-1-1	Pli-AMvi_027-Ex1
PlA0103912C_1	Pli-AMvi_039_Ex1-12C-lcwgs-1-1	Pli-AMvi_039-Ex1
PlA0105712D_1	Pli-AMvi_057_Ex1-12D-lcwgs-1-1	Pli-AMvi_057-Ex1
PlA0106912E_1	Pli-AMvi_069_Ex1-12E-lcwgs-1-1	Pli-AMvi_069-Ex1
PlA0108112F_1	Pli-AMvi_081_Ex1-12F-lcwgs-1-1	Pli-AMvi_081-Ex1
PlA0109312G_1	Pli-AMvi_093_Ex1-12G-lcwgs-1-1	Pli-AMvi_093-Ex1
PlA0109912H_1	Pli-AMvi_099_Ex1-12H-lcwgs-1-1	Pli-AMvi_099-Ex1
PlA0100401A_2	Pli-AMvi_004-Ex1-1A-lcwgs-2-1	Pli-AMvi_004-Ex1
PlA0100801B_2	Pli-AMvi_008_Ex1-1B-lcwgs-2-1	Pli-AMvi_008-Ex1
PlA0101801C_2	Pli-AMvi_018_Ex1-1C-lcwgs-2-1	Pli-AMvi_018-Ex1
PlA0102801D_2	Pli-AMvi_028_Ex1-1D-lcwgs-2-1	Pli-AMvi_028-Ex1
PlA0104601E_2	Pli-AMvi_046_Ex1-1E-lcwgs-2-1	Pli-AMvi_046-Ex1
PlA0106801E_2	Pli-AMvi_068_Ex1-1E-lcwgs-2-1	Pli-AMvi_068-Ex1
PlA0105801F_2	Pli-AMvi_058_Ex1-1F-lcwgs-2-1	Pli-AMvi_058-Ex1
PlA0107001G_2	Pli-AMvi_070_Ex1-1G-lcwgs-2-1	Pli-AMvi_070-Ex1
PlA0108201H_2	Pli-AMvi_082_Ex1-1H-lcwgs-2-1	Pli-AMvi_082-Ex1
PlA0100502A_2	Pli-AMvi_005-Ex1-2A-lcwgs-2-1	Pli-AMvi_005-Ex1
PlA0100902B_2	Pli-AMvi_009_Ex1-2B-lcwgs-2-1	Pli-AMvi_009-Ex1
PlA0101902C_2	Pli-AMvi_019_Ex1-2C-lcwgs-2-1	Pli-AMvi_019-Ex1
PlA0102902D_2	Pli-AMvi_029_Ex1-2D-lcwgs-2-1	Pli-AMvi_029-Ex1
PlA0104702E_2	Pli-AMvi_047_Ex1-2E-lcwgs-2-1	Pli-AMvi_047-Ex1
PlA0105902F_2	Pli-AMvi_059_Ex1-2F-lcwgs-2-1	Pli-AMvi_059-Ex1
PlA0107102G_2	Pli-AMvi_071_Ex1-2G-lcwgs-2-1	Pli-AMvi_071-Ex1
PlA0108302H_2	Pli-AMvi_083_Ex1-2H-lcwgs-2-1	Pli-AMvi_083-Ex1
PlA0100603A_2	Pli-AMvi_006_Ex1-3A-lcwgs-2-1	Pli-AMvi_006-Ex1
PlA0101603B_2	Pli-AMvi_016_Ex1-3B-lcwgs-2-1	Pli-AMvi_016-Ex1
PlA0102003C_2	Pli-AMvi_020_Ex1-3C-lcwgs-2-1	Pli-AMvi_020-Ex1
PlA0103003D_2	Pli-AMvi_030_Ex1-3D-lcwgs-2-1	Pli-AMvi_030-Ex1
PlA0104803E_2	Pli-AMvi_048_Ex1-3E-lcwgs-2-1	Pli-AMvi_048-Ex1
PlA0106003F_2	Pli-AMvi_060_Ex1-3F-lcwgs-2-1	Pli-AMvi_060-Ex1
PlA0107203G_2	Pli-AMvi_072_Ex1-3G-lcwgs-2-1	Pli-AMvi_072-Ex1
PlA0108403H_2	Pli-AMvi_084_Ex1-3H-lcwgs-2-1	Pli-AMvi_084-Ex1
PlA0100704A_2	Pli-AMvi_007_Ex1-4A-lcwgs-2-1	Pli-AMvi_007-Ex1
PlA0101704B_2	Pli-AMvi_017_Ex1-4B-lcwgs-2-1	Pli-AMvi_017-Ex1
PlA0102104C_2	Pli-AMvi_021_Ex1-4C-lcwgs-2-1	Pli-AMvi_021-Ex1
PlA0103104D_2	Pli-AMvi_031_Ex1-4D-lcwgs-2-1	Pli-AMvi_031-Ex1
PlA0104904E_2	Pli-AMvi_049_Ex1-4E-lcwgs-2-1	Pli-AMvi_049-Ex1
PlA0106104F_2	Pli-AMvi_061_Ex1-4F-lcwgs-2-1	Pli-AMvi_061-Ex1
PlA0107304G_2	Pli-AMvi_073_Ex1-4G-lcwgs-2-1	Pli-AMvi_073-Ex1
PlA0108504H_2	Pli-AMvi_085_Ex1-4H-lcwgs-2-1	Pli-AMvi_085-Ex1
PlA0104005A_2	Pli-AMvi_040_Ex1-5A-lcwgs-2-1	Pli-AMvi_040-Ex1
PlA0104205B_2	Pli-AMvi_042_Ex1-5B-lcwgs-2-1	Pli-AMvi_042-Ex1
PlA0103205C_2	Pli-AMvi_032_Ex1-5C-lcwgs-2-1	Pli-AMvi_032-Ex1
PlA0104405D_2	Pli-AMvi_044_Ex1-5D-lcwgs-2-1	Pli-AMvi_044-Ex1
PlA0105005E_2	Pli-AMvi_050_Ex1-5E-lcwgs-2-1	Pli-AMvi_050-Ex1
PlA0106205F_2	Pli-AMvi_062_Ex1-5F-lcwgs-2-1	Pli-AMvi_062-Ex1
PlA0107405G_2	Pli-AMvi_074_Ex1-5G-lcwgs-2-1	Pli-AMvi_074-Ex1
PlA0108605H_2	Pli-AMvi_086_Ex1-5H-lcwgs-2-1	Pli-AMvi_086-Ex1
PlA0104106A_2	Pli-AMvi_041_Ex1-6A-lcwgs-2-1	Pli-AMvi_041-Ex1
PlA0104306B_2	Pli-AMvi_043_Ex1-6B-lcwgs-2-1	Pli-AMvi_043-Ex1
PlA0103306C_2	Pli-AMvi_033_Ex1-6C-lcwgs-2-1	Pli-AMvi_033-Ex1
PlA0104506D_2	Pli-AMvi_045_Ex1-6D-lcwgs-2-1	Pli-AMvi_045-Ex1
PlA0105106E_2	Pli-AMvi_051_Ex1-6E-lcwgs-2-1	Pli-AMvi_051-Ex1
PlA0106306F_2	Pli-AMvi_063_Ex1-6F-lcwgs-2-1	Pli-AMvi_063-Ex1
PlA0107506G_2	Pli-AMvi_075_Ex1-6G-lcwgs-2-1	Pli-AMvi_075-Ex1
PlA0108706H_2	Pli-AMvi_087_Ex1-6H-lcwgs-2-1	Pli-AMvi_087-Ex1
PlA0101007A_2	Pli-AMvi_010_Ex1-7A-lcwgs-2-1	Pli-AMvi_010-Ex1
PlA0102207B_2	Pli-AMvi_022_Ex1-7B-lcwgs-2-1	Pli-AMvi_022-Ex1
PlA0103407C_2	Pli-AMvi_034_Ex1-7C-lcwgs-2-1	Pli-AMvi_034-Ex1
PlA0105207D_2	Pli-AMvi_052_Ex1-7D-lcwgs-2-1	Pli-AMvi_052-Ex1
PlA0106407E_2	Pli-AMvi_064_Ex1-7E-lcwgs-2-1	Pli-AMvi_064-Ex1
PlA0107607F_2	Pli-AMvi_076_Ex1-7F-lcwgs-2-1	Pli-AMvi_076-Ex1
PlA0108807G_2	Pli-AMvi_088_Ex1-7G-lcwgs-2-1	Pli-AMvi_088-Ex1
PlA0109407H_2	Pli-AMvi_094_Ex1-7H-lcwgs-2-1	Pli-AMvi_094-Ex1
PlA0101108A_2	Pli-AMvi_011_Ex1-8A-lcwgs-2-1	Pli-AMvi_011-Ex1
PlA0102308B_2	Pli-AMvi_023_Ex1-8B-lcwgs-2-1	Pli-AMvi_023-Ex1
PlA0103508C_2	Pli-AMvi_035_Ex1-8C-lcwgs-2-1	Pli-AMvi_035-Ex1
PlA0105308D_2	Pli-AMvi_053_Ex1-8D-lcwgs-2-1	Pli-AMvi_053-Ex1
PlA0106508E_2	Pli-AMvi_065_Ex1-8E-lcwgs-2-1	Pli-AMvi_065-Ex1
PlA0107708F_2	Pli-AMvi_077_Ex1-8F-lcwgs-2-1	Pli-AMvi_077-Ex1
PlA0108908G_2	Pli-AMvi_089_Ex1-8G-lcwgs-2-1	Pli-AMvi_089-Ex1
PlA0109508H_2	Pli-AMvi_095_Ex1-8H-lcwgs-2-1	Pli-AMvi_095-Ex1
PlA0101209A_2	Pli-AMvi_012_Ex1-9A-lcwgs-2-1	Pli-AMvi_012-Ex1
PlA0102409B_2	Pli-AMvi_024_Ex1-9B-lcwgs-2-1	Pli-AMvi_024-Ex1
PlA0103609C_2	Pli-AMvi_036_Ex1-9C-lcwgs-2-1	Pli-AMvi_036-Ex1
PlA0105409D_2	Pli-AMvi_054_Ex1-9D-lcwgs-2-1	Pli-AMvi_054-Ex1
PlA0106609E_2	Pli-AMvi_066_Ex1-9E-lcwgs-2-1	Pli-AMvi_066-Ex1
PlA0107809F_2	Pli-AMvi_078_Ex1-9F-lcwgs-2-1	Pli-AMvi_078-Ex1
PlA0109009G_2	Pli-AMvi_090_Ex1-9G-lcwgs-2-1	Pli-AMvi_090-Ex1
PlA0109609H_2	Pli-AMvi_096_Ex1-9H-lcwgs-2-1	Pli-AMvi_096-Ex1
PlA0101310A_2	Pli-AMvi_013_Ex1-10A-lcwgs-2-1	Pli-AMvi_013-Ex1
PlA0102510B_2	Pli-AMvi_025_Ex1-10B-lcwgs-2-1	Pli-AMvi_025-Ex1
PlA0103710C_2	Pli-AMvi_037_Ex1-10C-lcwgs-2-1	Pli-AMvi_037-Ex1
PlA0105510D_2	Pli-AMvi_055_Ex1-10D-lcwgs-2-1	Pli-AMvi_055-Ex1
PlA0106710E_2	Pli-AMvi_067_Ex1-10E-lcwgs-2-1	Pli-AMvi_067-Ex1
PlA0107910F_2	Pli-AMvi_079_Ex1-10F-lcwgs-2-1	Pli-AMvi_079-Ex1
PlA0109110G_2	Pli-AMvi_091_Ex1-10G-lcwgs-2-1	Pli-AMvi_091-Ex1
PlA0109710H_2	Pli-AMvi_097_Ex1-10H-lcwgs-2-1	Pli-AMvi_097-Ex1
PlA0101411A_2	Pli-AMvi_014_Ex1-11A-lcwgs-2-1	Pli-AMvi_014-Ex1
PlA0102611B_2	Pli-AMvi_026_Ex1-11B-lcwgs-2-1	Pli-AMvi_026-Ex1
PlA0103811C_2	Pli-AMvi_038_Ex1-11C-lcwgs-2-1	Pli-AMvi_038-Ex1
PlA0105611D_2	Pli-AMvi_056_Ex1-11D-lcwgs-2-1	Pli-AMvi_056-Ex1
PlA0108011F_2	Pli-AMvi_080_Ex1-11F-lcwgs-2-1	Pli-AMvi_080-Ex1
PlA0109211G_2	Pli-AMvi_092_Ex1-11G-lcwgs-2-1	Pli-AMvi_092-Ex1
PlA0109811H_2	Pli-AMvi_098_Ex1-11H-lcwgs-2-1	Pli-AMvi_098-Ex1
PlA0101512A_2	Pli-AMvi_015_Ex1-12A-lcwgs-2-1	Pli-AMvi_015-Ex1
PlA0102712B_2	Pli-AMvi_027_Ex1-12B-lcwgs-2-1	Pli-AMvi_027-Ex1
PlA0103912C_2	Pli-AMvi_039_Ex1-12C-lcwgs-2-1	Pli-AMvi_039-Ex1
PlA0105712D_2	Pli-AMvi_057_Ex1-12D-lcwgs-2-1	Pli-AMvi_057-Ex1
PlA0106912E_2	Pli-AMvi_069_Ex1-12E-lcwgs-2-1	Pli-AMvi_069-Ex1
PlA0108112F_2	Pli-AMvi_081_Ex1-12F-lcwgs-2-1	Pli-AMvi_081-Ex1
PlA0109312G_2	Pli-AMvi_093_Ex1-12G-lcwgs-2-1	Pli-AMvi_093-Ex1
PlA0109912H_2	Pli-AMvi_099_Ex1-12H-lcwgs-2-1	Pli-AMvi_099-Ex1
PlC0100101B	Pli-CMvi_001_Ex1-1B-lcwgs-1-1	Pli-CMvi_001-Ex1
PlC0101301C	Pli-CMvi_013_Ex1-1C-lcwgs-1-1	Pli-CMvi_013-Ex1
PlC0102501D	Pli-CMvi_025_Ex1-1D-lcwgs-1-1	Pli-CMvi_025-Ex1
PlC0103701E	Pli-CMvi_037_Ex1-1E-lcwgs-1-1	Pli-CMvi_037-Ex1
PlC0104901F	Pli-CMvi_049_Ex1-1F-lcwgs-1-1	Pli-CMvi_049-Ex1
PlC0107301G	Pli-CMvi_073_Ex1-1G-lcwgs-1-1	Pli-CMvi_073-Ex1
PlC0108501H	Pli-CMvi_085_Ex1-1H-lcwgs-1-1	Pli-CMvi_085-Ex1
PlC0100202A	Pli-CMvi_002_Ex1-2A-lcwgs-1-1	Pli-CMvi_002-Ex1
PlC0101402B	Pli-CMvi_014_Ex1-2B-lcwgs-1-1	Pli-CMvi_014-Ex1
PlC0103802C	Pli-CMvi_038_Ex1-2C-lcwgs-1-1	Pli-CMvi_038-Ex1
PlC0106202D	Pli-CMvi_062_Ex1-2D-lcwgs-1-1	Pli-CMvi_062-Ex1
PlC0107402E	Pli-CMvi_074_Ex1-2E-lcwgs-1-1	Pli-CMvi_074-Ex1
PlC0108602F	Pli-CMvi_086_Ex1-2F-lcwgs-1-1	Pli-CMvi_086-Ex1
PlC0100302G	Pli-CMvi_003_Ex1-2G-lcwgs-1-1	Pli-CMvi_003-Ex1
PlC0101502H	Pli-CMvi_015_Ex1-2H-lcwgs-1-1	Pli-CMvi_015-Ex1
PlC0103903A	Pli-CMvi_039_Ex1-3A-lcwgs-1-1	Pli-CMvi_039-Ex1
PlC0105103B	Pli-CMvi_051_Ex1-3B-lcwgs-1-1	Pli-CMvi_051-Ex1
PlC0106303C	Pli-CMvi_063_Ex1-3C-lcwgs-1-1	Pli-CMvi_063-Ex1
PlC0107503D	Pli-CMvi_075_Ex1-3D-lcwgs-1-1	Pli-CMvi_075-Ex1
PlC0108703E	Pli-CMvi_087_Ex1-3E-lcwgs-1-1	Pli-CMvi_087-Ex1
PlC0100403F	Pli-CMvi_004_Ex1-3F-lcwgs-1-1	Pli-CMvi_004-Ex1
PlC0102803G	Pli-CMvi_028_Ex1-3G-lcwgs-1-1	Pli-CMvi_028-Ex1
PlC0104003H	Pli-CMvi_040_Ex1-3H-lcwgs-1-1	Pli-CMvi_040-Ex1
PlC0106404A	Pli-CMvi_064_Ex1-4A-lcwgs-1-1	Pli-CMvi_064-Ex1
PlC0107604B	Pli-CMvi_076_Ex1-4B-lcwgs-1-1	Pli-CMvi_076-Ex1
PlC0100504C	Pli-CMvi_005_Ex1-4C-lcwgs-1-1	Pli-CMvi_005-Ex1
PlC0104104E	Pli-CMvi_041_Ex1-4E-lcwgs-1-1	Pli-CMvi_041-Ex1
PlC0105304F	Pli-CMvi_053_Ex1-4F-lcwgs-1-1	Pli-CMvi_053-Ex1
PlC0106504G	Pli-CMvi_065_Ex1-4G-lcwgs-1-1	Pli-CMvi_065-Ex1
PlC0108904H	Pli-CMvi_089_Ex1-4H-lcwgs-1-1	Pli-CMvi_089-Ex1
PlC0100605A	Pli-CMvi_006_Ex1-5A-lcwgs-1-1	Pli-CMvi_006-Ex1
PlC0103005B	Pli-CMvi_030_Ex1-5B-lcwgs-1-1	Pli-CMvi_030-Ex1
PlC0104205C	Pli-CMvi_042_Ex1-5C-lcwgs-1-1	Pli-CMvi_042-Ex1
PlC0105405D	Pli-CMvi_054_Ex1-5D-lcwgs-1-1	Pli-CMvi_054-Ex1
PlC0106605E	Pli-CMvi_066_Ex1-5E-lcwgs-1-1	Pli-CMvi_066-Ex1
PlC0107805F	Pli-CMvi_078_Ex1-5F-lcwgs-1-1	Pli-CMvi_078-Ex1
PlC0100705G	Pli-CMvi_007_Ex1-5G-lcwgs-1-1	Pli-CMvi_007-Ex1
PlC0103105H	Pli-CMvi_031_Ex1-5H-lcwgs-1-1	Pli-CMvi_031-Ex1
PlC0102006D	Pli-CMvi_020_Ex1-6D-lcwgs-1-1	Pli-CMvi_020-Ex1
PlC0102106G	Pli-CMvi_021_Ex1-6G-lcwgs-1-1	Pli-CMvi_021-Ex1
PlC0109307A	Pli-CMvi_093_Ex1-7A-lcwgs-1-1	Pli-CMvi_093-Ex1
PlC0102207B	Pli-CMvi_022_Ex1-7B-lcwgs-1-1	Pli-CMvi_022-Ex1
PlC0103407C	Pli-CMvi_034_Ex1-7C-lcwgs-1-1	Pli-CMvi_034-Ex1
PlC0107007D	Pli-CMvi_070_Ex1-7D-lcwgs-1-1	Pli-CMvi_070-Ex1
PlC0108207E	Pli-CMvi_082_Ex1-7E-lcwgs-1-1	Pli-CMvi_082-Ex1
PlC0102307F	Pli-CMvi_023_Ex1-7F-lcwgs-1-1	Pli-CMvi_023-Ex1
PlC0104707G	Pli-CMvi_047_Ex1-7G-lcwgs-1-1	Pli-CMvi_047-Ex1
PlC0105907H	Pli-CMvi_059_Ex1-7H-lcwgs-1-1	Pli-CMvi_059-Ex1
PlC0107108A	Pli-CMvi_071_Ex1-8A-lcwgs-1-1	Pli-CMvi_071-Ex1
PlC0108308B	Pli-CMvi_083_Ex1-8B-lcwgs-1-1	Pli-CMvi_083-Ex1
PlC0109508C	Pli-CMvi_095_Ex1-8C-lcwgs-1-1	Pli-CMvi_095-Ex1
PlC0106008F	Pli-CMvi_060_Ex1-8F-lcwgs-1-1	Pli-CMvi_060-Ex1
PlC0107208G	Pli-CMvi_072_Ex1-8G-lcwgs-1-1	Pli-CMvi_072-Ex1
PlC0108408H	Pli-CMvi_084_Ex1-8H-lcwgs-1-1	Pli-CMvi_084-Ex1
PlA0100401A_1	Pli-AMvi_004-Ex1-1A-lcwgs-1-2	Pli-AMvi_004-Ex1
PlA0100704A_1	Pli-AMvi_007-Ex1-4A-lcwgs-1-2	Pli-AMvi_007-Ex1
PlA0100801B_1	Pli-AMvi_008-Ex1-1B-lcwgs-1-2	Pli-AMvi_008-Ex1
PlA0101007A_2	Pli-AMvi_010-Ex1-7A-lcwgs-2-2	Pli-AMvi_010-Ex1
PlA0101108A_2	Pli-AMvi_011-Ex1-8A-lcwgs-2-2	Pli-AMvi_011-Ex1
PlA0101209A_2	Pli-AMvi_012-Ex1-9A-lcwgs-2-2	Pli-AMvi_012-Ex1
PlA0101310A_1	Pli-AMvi_013-Ex1-10A-lcwgs-1-2	Pli-AMvi_013-Ex1
PlA0101411A_1	Pli-AMvi_014-Ex1-11A-lcwgs-1-2	Pli-AMvi_014-Ex1
PlA0102104C_2	Pli-AMvi_021-Ex1-4C-lcwgs-2-2	Pli-AMvi_021-Ex1
PlA0102207B_2	Pli-AMvi_022-Ex1-7B-lcwgs-2-2	Pli-AMvi_022-Ex1
PlA0102308B_2	Pli-AMvi_023-Ex1-8B-lcwgs-2-2	Pli-AMvi_023-Ex1
PlA0102409B_2	Pli-AMvi_024-Ex1-9B-lcwgs-2-2	Pli-AMvi_024-Ex1
PlA0102510B_1	Pli-AMvi_025-Ex1-10B-lcwgs-1-2	Pli-AMvi_025-Ex1
PlA0102611B_1	Pli-AMvi_026-Ex1-11B-lcwgs-1-2	Pli-AMvi_026-Ex1
PlA0102902D_1	Pli-AMvi_029-Ex1-2D-lcwgs-1-2	Pli-AMvi_029-Ex1
PlA0103003D_1	Pli-AMvi_030-Ex1-3D-lcwgs-1-2	Pli-AMvi_030-Ex1
PlA0103205C_2	Pli-AMvi_032-Ex1-5C-lcwgs-2-2	Pli-AMvi_032-Ex1
PlA0103306C_2	Pli-AMvi_033-Ex1-6C-lcwgs-2-2	Pli-AMvi_033-Ex1
PlA0103609C_2	Pli-AMvi_036-Ex1-9C-lcwgs-2-2	Pli-AMvi_036-Ex1
PlA0103710C_1	Pli-AMvi_037-Ex1-10C-lcwgs-1-2	Pli-AMvi_037-Ex1
PlA0103811C_1	Pli-AMvi_038-Ex1-11C-lcwgs-1-2	Pli-AMvi_038-Ex1
PlA0103912C_2	Pli-AMvi_039-Ex1-12C-lcwgs-2-2	Pli-AMvi_039-Ex1
PlA0104005A_2	Pli-AMvi_040-Ex1-5A-lcwgs-2-2	Pli-AMvi_040-Ex1
PlA0104106A_2	Pli-AMvi_041-Ex1-6A-lcwgs-2-2	Pli-AMvi_041-Ex1
PlA0104306B_2	Pli-AMvi_043-Ex1-6B-lcwgs-2-2	Pli-AMvi_043-Ex1
PlA0104405D_2	Pli-AMvi_044-Ex1-5D-lcwgs-2-2	Pli-AMvi_044-Ex1
PlA0104601E_2	Pli-AMvi_046-Ex1-1E-lcwgs-2-2	Pli-AMvi_046-Ex1
PlA0104702E_1	Pli-AMvi_047-Ex1-2E-lcwgs-1-2	Pli-AMvi_047-Ex1
PlA0105207D_1	Pli-AMvi_052-Ex1-7D-lcwgs-1-2	Pli-AMvi_052-Ex1
PlA0105510D_1	Pli-AMvi_055-Ex1-10D-lcwgs-1-2	Pli-AMvi_055-Ex1
PlA0105801F_2	Pli-AMvi_058-Ex1-1F-lcwgs-2-2	Pli-AMvi_058-Ex1
PlA0106407E_1	Pli-AMvi_064-Ex1-7E-lcwgs-1-2	Pli-AMvi_064-Ex1
PlA0106912E_2	Pli-AMvi_069-Ex1-12E-lcwgs-2-2	Pli-AMvi_069-Ex1
PlA0107001G_2	Pli-AMvi_070-Ex1-1G-lcwgs-2-2	Pli-AMvi_070-Ex1
PlA0107102G_2	Pli-AMvi_071-Ex1-2G-lcwgs-2-2	Pli-AMvi_071-Ex1
PlA0107506G_2	Pli-AMvi_075-Ex1-6G-lcwgs-2-2	Pli-AMvi_075-Ex1
PlA0108112F_2	Pli-AMvi_081-Ex1-12F-lcwgs-2-2	Pli-AMvi_081-Ex1
PlA0108201H_1	Pli-AMvi_082-Ex1-1H-lcwgs-1-2	Pli-AMvi_082-Ex1
PlA0108302H_1	Pli-AMvi_083-Ex1-2H-lcwgs-1-2	Pli-AMvi_083-Ex1
PlA0108403H_1	Pli-AMvi_084-Ex1-3H-lcwgs-1-2	Pli-AMvi_084-Ex1
PlA0108504H_1	Pli-AMvi_085-Ex1-4H-lcwgs-1-2	Pli-AMvi_085-Ex1
PlA0108605H_2	Pli-AMvi_086-Ex1-5H-lcwgs-2-2	Pli-AMvi_086-Ex1
PlA0108706H_1	Pli-AMvi_087-Ex1-6H-lcwgs-1-2	Pli-AMvi_087-Ex1
PlA0108807G_2	Pli-AMvi_088-Ex1-7G-lcwgs-2-2	Pli-AMvi_088-Ex1
PlA0109312G_2	Pli-AMvi_093-Ex1-12G-lcwgs-2-2	Pli-AMvi_093-Ex1
PlA0109407H_2	Pli-AMvi_094-Ex1-7H-lcwgs-2-2	Pli-AMvi_094-Ex1
PlA0109508H_1	Pli-AMvi_095-Ex1-8H-lcwgs-1-2	Pli-AMvi_095-Ex1
PlA0109912H_2	Pli-AMvi_099-Ex1-12H-lcwgs-2-2	Pli-AMvi_099-Ex1
PlC0100302G	Pli-CMvi_003-Ex1-2G-lcwgs-1-2	Pli-CMvi_003-Ex1
PlC0100605A	Pli-CMvi_006-Ex1-5A-lcwgs-1-2	Pli-CMvi_006-Ex1
PlC0100705G	Pli-CMvi_007-Ex1-5G-lcwgs-1-2	Pli-CMvi_007-Ex1
PlC0101402B	Pli-CMvi_014-Ex1-2B-lcwgs-1-2	Pli-CMvi_014-Ex1
PlC0102207B	Pli-CMvi_022-Ex1-7B-lcwgs-1-2	Pli-CMvi_022-Ex1
PlC0103005B	Pli-CMvi_030-Ex1-5B-lcwgs-1-2	Pli-CMvi_030-Ex1
PlC0103407C	Pli-CMvi_034-Ex1-7C-lcwgs-1-2	Pli-CMvi_034-Ex1
PlC0103802C	Pli-CMvi_038-Ex1-2C-lcwgs-1-2	Pli-CMvi_038-Ex1
PlC0105304F	Pli-CMvi_053-Ex1-4F-lcwgs-1-2	Pli-CMvi_053-Ex1
PlC0106504G	Pli-CMvi_065-Ex1-4G-lcwgs-1-2	Pli-CMvi_065-Ex1
PlC0107007D	Pli-CMvi_070-Ex1-7D-lcwgs-1-2	Pli-CMvi_070-Ex1
PlC0107208G	Pli-CMvi_072-Ex1-8G-lcwgs-1-2	Pli-CMvi_072-Ex1
PlC0107402E	Pli-CMvi_074-Ex1-2E-lcwgs-1-2	Pli-CMvi_074-Ex1
PlC0107503D	Pli-CMvi_075-Ex1-3D-lcwgs-1-2	Pli-CMvi_075-Ex1
PlC0107604B	Pli-CMvi_076-Ex1-4B-lcwgs-1-2	Pli-CMvi_076-Ex1
PlC0108308B	Pli-CMvi_083-Ex1-8B-lcwgs-1-2	Pli-CMvi_083-Ex1
PlC0109307A	Pli-CMvi_093-Ex1-7A-lcwgs-1-2	Pli-CMvi_093-Ex1
PlC0109508C	Pli-CMvi_095-Ex1-8C-lcwgs-1-2	Pli-CMvi_095-Ex1
PlC0100101B	Pli-CMvi_001-Ex1-1B-lcwgs-1-2	Pli-CMvi_001-Ex1
PlC0101301C	Pli-CMvi_013-Ex1-1C-lcwgs-1-2	Pli-CMvi_013-Ex1
PlC0103701E	Pli-CMvi_037-Ex1-1E-lcwgs-1-2	Pli-CMvi_037-Ex1
PlC0104901F	Pli-CMvi_049-Ex1-1F-lcwgs-1-2	Pli-CMvi_049-Ex1
PlC0107301G	Pli-CMvi_073-Ex1-1G-lcwgs-1-2	Pli-CMvi_073-Ex1
PlC0108501H	Pli-CMvi_085-Ex1-1H-lcwgs-1-2	Pli-CMvi_085-Ex1
PlC0100202A	Pli-CMvi_002-Ex1-2A-lcwgs-1-2	Pli-CMvi_002-Ex1
PlC0106202D	Pli-CMvi_062-Ex1-2D-lcwgs-1-2	Pli-CMvi_062-Ex1
PlC0108602F	Pli-CMvi_086-Ex1-2F-lcwgs-1-2	Pli-CMvi_086-Ex1
PlC0101502H	Pli-CMvi_015-Ex1-2H-lcwgs-1-2	Pli-CMvi_015-Ex1
PlC0103903A	Pli-CMvi_039-Ex1-3A-lcwgs-1-2	Pli-CMvi_039-Ex1
PlC0105103B	Pli-CMvi_051-Ex1-3B-lcwgs-1-2	Pli-CMvi_051-Ex1
PlC0106303C	Pli-CMvi_063-Ex1-3C-lcwgs-1-2	Pli-CMvi_063-Ex1
PlC0108703E	Pli-CMvi_087-Ex1-3E-lcwgs-1-2	Pli-CMvi_087-Ex1
PlC0100403F	Pli-CMvi_004-Ex1-3F-lcwgs-1-2	Pli-CMvi_004-Ex1
PlC0102803G	Pli-CMvi_028-Ex1-3G-lcwgs-1-2	Pli-CMvi_028-Ex1
PlC0104003H	Pli-CMvi_040-Ex1-3H-lcwgs-1-2	Pli-CMvi_040-Ex1
PlC0106404A	Pli-CMvi_064-Ex1-4A-lcwgs-1-2	Pli-CMvi_064-Ex1
PlC0104104E	Pli-CMvi_041-Ex1-4E-lcwgs-1-2	Pli-CMvi_041-Ex1
PlC0108904H	Pli-CMvi_089-Ex1-4H-lcwgs-1-2	Pli-CMvi_089-Ex1
PlC0104205C	Pli-CMvi_042-Ex1-5C-lcwgs-1-2	Pli-CMvi_042-Ex1
PlC0105405D	Pli-CMvi_054-Ex1-5D-lcwgs-1-2	Pli-CMvi_054-Ex1
PlC0106605E	Pli-CMvi_066-Ex1-5E-lcwgs-1-2	Pli-CMvi_066-Ex1
PlC0103105H	Pli-CMvi_031-Ex1-5H-lcwgs-1-2	Pli-CMvi_031-Ex1
PlC0102006D	Pli-CMvi_020-Ex1-6D-lcwgs-1-2	Pli-CMvi_020-Ex1
PlC0102106G	Pli-CMvi_021-Ex1-6G-lcwgs-1-2	Pli-CMvi_021-Ex1
PlC0102307F	Pli-CMvi_023-Ex1-7F-lcwgs-1-2	Pli-CMvi_023-Ex1
PlC0104707G	Pli-CMvi_047-Ex1-7G-lcwgs-1-2	Pli-CMvi_047-Ex1
PlC0105907H	Pli-CMvi_059-Ex1-7H-lcwgs-1-2	Pli-CMvi_059-Ex1
PlC0108408H	Pli-CMvi_084-Ex1-8H-lcwgs-1-2	Pli-CMvi_084-Ex1
PlA0100401A_1	Pli-AMvi_004-Ex1-1A-lcwgs-1-3	Pli-AMvi_004-Ex1
PlA0100704A_1	Pli-AMvi_007-Ex1-4A-lcwgs-1-3	Pli-AMvi_007-Ex1
PlA0100801B_1	Pli-AMvi_008-Ex1-1B-lcwgs-1-3	Pli-AMvi_008-Ex1
PlA0101007A_2	Pli-AMvi_010-Ex1-7A-lcwgs-2-3	Pli-AMvi_010-Ex1
PlA0101108A_2	Pli-AMvi_011-Ex1-8A-lcwgs-2-3	Pli-AMvi_011-Ex1
PlA0101209A_2	Pli-AMvi_012-Ex1-9A-lcwgs-2-3	Pli-AMvi_012-Ex1
PlA0101310A_1	Pli-AMvi_013-Ex1-10A-lcwgs-1-3	Pli-AMvi_013-Ex1
PlA0101411A_1	Pli-AMvi_014-Ex1-11A-lcwgs-1-3	Pli-AMvi_014-Ex1
PlA0102104C_2	Pli-AMvi_021-Ex1-4C-lcwgs-2-3	Pli-AMvi_021-Ex1
PlA0102207B_2	Pli-AMvi_022-Ex1-7B-lcwgs-2-3	Pli-AMvi_022-Ex1
PlA0102308B_2	Pli-AMvi_023-Ex1-8B-lcwgs-2-3	Pli-AMvi_023-Ex1
PlA0102409B_2	Pli-AMvi_024-Ex1-9B-lcwgs-2-3	Pli-AMvi_024-Ex1
PlA0102510B_1	Pli-AMvi_025-Ex1-10B-lcwgs-1-3	Pli-AMvi_025-Ex1
PlA0102611B_1	Pli-AMvi_026-Ex1-11B-lcwgs-1-3	Pli-AMvi_026-Ex1
PlA0102902D_1	Pli-AMvi_029-Ex1-2D-lcwgs-1-3	Pli-AMvi_029-Ex1
PlA0103003D_1	Pli-AMvi_030-Ex1-3D-lcwgs-1-3	Pli-AMvi_030-Ex1
PlA0103205C_2	Pli-AMvi_032-Ex1-5C-lcwgs-2-3	Pli-AMvi_032-Ex1
PlA0103306C_2	Pli-AMvi_033-Ex1-6C-lcwgs-2-3	Pli-AMvi_033-Ex1
PlA0103609C_2	Pli-AMvi_036-Ex1-9C-lcwgs-2-3	Pli-AMvi_036-Ex1
PlA0103710C_1	Pli-AMvi_037-Ex1-10C-lcwgs-1-3	Pli-AMvi_037-Ex1
PlA0103811C_1	Pli-AMvi_038-Ex1-11C-lcwgs-1-3	Pli-AMvi_038-Ex1
PlA0104005A_2	Pli-AMvi_040-Ex1-5A-lcwgs-2-3	Pli-AMvi_040-Ex1
PlA0104106A_2	Pli-AMvi_041-Ex1-6A-lcwgs-2-3	Pli-AMvi_041-Ex1
PlA0104306B_2	Pli-AMvi_043-Ex1-6B-lcwgs-2-3	Pli-AMvi_043-Ex1
PlA0104405D_2	Pli-AMvi_044-Ex1-5D-lcwgs-2-3	Pli-AMvi_044-Ex1
PlA0104601E_2	Pli-AMvi_046-Ex1-1E-lcwgs-2-3	Pli-AMvi_046-Ex1
PlA0104702E_1	Pli-AMvi_047-Ex1-2E-lcwgs-1-3	Pli-AMvi_047-Ex1
PlA0105207D_1	Pli-AMvi_052-Ex1-7D-lcwgs-1-3	Pli-AMvi_052-Ex1
PlA0105510D_1	Pli-AMvi_055-Ex1-10D-lcwgs-1-3	Pli-AMvi_055-Ex1
PlA0106407E_1	Pli-AMvi_064-Ex1-7E-lcwgs-1-3	Pli-AMvi_064-Ex1
PlA0107001G_2	Pli-AMvi_070-Ex1-1G-lcwgs-2-3	Pli-AMvi_070-Ex1
PlA0107102G_2	Pli-AMvi_071-Ex1-2G-lcwgs-2-3	Pli-AMvi_071-Ex1
PlA0107506G_2	Pli-AMvi_075-Ex1-6G-lcwgs-2-3	Pli-AMvi_075-Ex1
PlA0108201H_1	Pli-AMvi_082-Ex1-1H-lcwgs-1-3	Pli-AMvi_082-Ex1
PlA0108302H_1	Pli-AMvi_083-Ex1-2H-lcwgs-1-3	Pli-AMvi_083-Ex1
PlA0108403H_1	Pli-AMvi_084-Ex1-3H-lcwgs-1-3	Pli-AMvi_084-Ex1
PlA0108504H_1	Pli-AMvi_085-Ex1-4H-lcwgs-1-3	Pli-AMvi_085-Ex1
PlA0108605H_2	Pli-AMvi_086-Ex1-5H-lcwgs-2-3	Pli-AMvi_086-Ex1
PlA0108706H_1	Pli-AMvi_087-Ex1-6H-lcwgs-1-3	Pli-AMvi_087-Ex1
PlA0108807G_2	Pli-AMvi_088-Ex1-7G-lcwgs-2-3	Pli-AMvi_088-Ex1
PlA0109407H_2	Pli-AMvi_094-Ex1-7H-lcwgs-2-3	Pli-AMvi_094-Ex1
PlA0109508H_1	Pli-AMvi_095-Ex1-8H-lcwgs-1-3	Pli-AMvi_095-Ex1
PlC0100101B	Pli-CMvi_001-Ex1-1B-lcwgs-1-3	Pli-CMvi_001-Ex1
PlC0100202A	Pli-CMvi_002-Ex1-2A-lcwgs-1-3	Pli-CMvi_002-Ex1
PlC0100302G	Pli-CMvi_003-Ex1-2G-lcwgs-1-3	Pli-CMvi_003-Ex1
PlC0100403F	Pli-CMvi_004-Ex1-3F-lcwgs-1-3	Pli-CMvi_004-Ex1
PlC0100605A	Pli-CMvi_006-Ex1-5A-lcwgs-1-3	Pli-CMvi_006-Ex1
PlC0100705G	Pli-CMvi_007-Ex1-5G-lcwgs-1-3	Pli-CMvi_007-Ex1
PlC0101301C	Pli-CMvi_013-Ex1-1C-lcwgs-1-3	Pli-CMvi_013-Ex1
PlC0101402B	Pli-CMvi_014-Ex1-2B-lcwgs-1-3	Pli-CMvi_014-Ex1
PlC0101502H	Pli-CMvi_015-Ex1-2H-lcwgs-1-3	Pli-CMvi_015-Ex1
PlC0102006D	Pli-CMvi_020-Ex1-6D-lcwgs-1-3	Pli-CMvi_020-Ex1
PlC0102106G	Pli-CMvi_021-Ex1-6G-lcwgs-1-3	Pli-CMvi_021-Ex1
PlC0102207B	Pli-CMvi_022-Ex1-7B-lcwgs-1-3	Pli-CMvi_022-Ex1
PlC0102307F	Pli-CMvi_023-Ex1-7F-lcwgs-1-3	Pli-CMvi_023-Ex1
PlC0102803G	Pli-CMvi_028-Ex1-3G-lcwgs-1-3	Pli-CMvi_028-Ex1
PlC0103005B	Pli-CMvi_030-Ex1-5B-lcwgs-1-3	Pli-CMvi_030-Ex1
PlC0103105H	Pli-CMvi_031-Ex1-5H-lcwgs-1-3	Pli-CMvi_031-Ex1
PlC0103407C	Pli-CMvi_034-Ex1-7C-lcwgs-1-3	Pli-CMvi_034-Ex1
PlC0103701E	Pli-CMvi_037-Ex1-1E-lcwgs-1-3	Pli-CMvi_037-Ex1
PlC0103802C	Pli-CMvi_038-Ex1-2C-lcwgs-1-3	Pli-CMvi_038-Ex1
PlC0103903A	Pli-CMvi_039-Ex1-3A-lcwgs-1-3	Pli-CMvi_039-Ex1
PlC0104003H	Pli-CMvi_040-Ex1-3H-lcwgs-1-3	Pli-CMvi_040-Ex1
PlC0104104E	Pli-CMvi_041-Ex1-4E-lcwgs-1-3	Pli-CMvi_041-Ex1
PlC0104205C	Pli-CMvi_042-Ex1-5C-lcwgs-1-3	Pli-CMvi_042-Ex1
PlC0104707G	Pli-CMvi_047-Ex1-7G-lcwgs-1-3	Pli-CMvi_047-Ex1
PlC0104901F	Pli-CMvi_049-Ex1-1F-lcwgs-1-3	Pli-CMvi_049-Ex1
PlC0105103B	Pli-CMvi_051-Ex1-3B-lcwgs-1-3	Pli-CMvi_051-Ex1
PlC0105304F	Pli-CMvi_053-Ex1-4F-lcwgs-1-3	Pli-CMvi_053-Ex1
PlC0105405D	Pli-CMvi_054-Ex1-5D-lcwgs-1-3	Pli-CMvi_054-Ex1
PlC0105907H	Pli-CMvi_059-Ex1-7H-lcwgs-1-3	Pli-CMvi_059-Ex1
PlC0106202D	Pli-CMvi_062-Ex1-2D-lcwgs-1-3	Pli-CMvi_062-Ex1
PlC0106303C	Pli-CMvi_063-Ex1-3C-lcwgs-1-3	Pli-CMvi_063-Ex1
PlC0106404A	Pli-CMvi_064-Ex1-4A-lcwgs-1-3	Pli-CMvi_064-Ex1
PlC0106504G	Pli-CMvi_065-Ex1-4G-lcwgs-1-3	Pli-CMvi_065-Ex1
PlC0106605E	Pli-CMvi_066-Ex1-5E-lcwgs-1-3	Pli-CMvi_066-Ex1
PlC0107007D	Pli-CMvi_070-Ex1-7D-lcwgs-1-3	Pli-CMvi_070-Ex1
PlC0107208G	Pli-CMvi_072-Ex1-8G-lcwgs-1-3	Pli-CMvi_072-Ex1
PlC0107301G	Pli-CMvi_073-Ex1-1G-lcwgs-1-3	Pli-CMvi_073-Ex1
PlC0107402E	Pli-CMvi_074-Ex1-2E-lcwgs-1-3	Pli-CMvi_074-Ex1
PlC0107503D	Pli-CMvi_075-Ex1-3D-lcwgs-1-3	Pli-CMvi_075-Ex1
PlC0107604B	Pli-CMvi_076-Ex1-4B-lcwgs-1-3	Pli-CMvi_076-Ex1
PlC0108308B	Pli-CMvi_083-Ex1-8B-lcwgs-1-3	Pli-CMvi_083-Ex1
PlC0108408H	Pli-CMvi_084-Ex1-8H-lcwgs-1-3	Pli-CMvi_084-Ex1
PlC0108501H	Pli-CMvi_085-Ex1-1H-lcwgs-1-3	Pli-CMvi_085-Ex1
PlC0108602F	Pli-CMvi_086-Ex1-2F-lcwgs-1-3	Pli-CMvi_086-Ex1
PlC0108703E	Pli-CMvi_087-Ex1-3E-lcwgs-1-3	Pli-CMvi_087-Ex1
PlC0108904H	Pli-CMvi_089-Ex1-4H-lcwgs-1-3	Pli-CMvi_089-Ex1
PlC0109307A	Pli-CMvi_093-Ex1-7A-lcwgs-1-3	Pli-CMvi_093-Ex1
PlC0109508C	Pli-CMvi_095-Ex1-8C-lcwgs-1-3	Pli-CMvi_095-Ex1
PbA0800107H	Pba-ABir_001-Ex1-7H-lcwgs-1-2	Pba-ABir_001-Ex1
PbA0800208H	Pba-ABir_002-Ex1-8H-lcwgs-1-2	Pba-ABir_002-Ex1
PbA0800309H	Pba-ABir_003-Ex1-9H-lcwgs-1-2	Pba-ABir_003-Ex1
PbA0800410H	Pba-ABir_004-Ex1-10H-lcwgs-1-2	Pba-ABir_004-Ex1
PbA0800511H	Pba-ABir_005-Ex1-11H-lcwgs-1-2	Pba-ABir_005-Ex1
PbA0800612H	Pba-ABir_006-Ex1-12H-lcwgs-1-2	Pba-ABir_006-Ex1
PbA0800705B	Pba-ABir_007-Ex1-5B-lcwgs-1-2	Pba-ABir_007-Ex1
PbA0800905D	Pba-ABir_009-Ex1-5D-lcwgs-1-2	Pba-ABir_009-Ex1
PbA0801005E	Pba-ABir_010-Ex1-5E-lcwgs-1-2	Pba-ABir_010-Ex1
PbA0801105F	Pba-ABir_011-Ex1-5F-lcwgs-1-2	Pba-ABir_011-Ex1
PbA0801205G	Pba-ABir_012-Ex1-5G-lcwgs-1-2	Pba-ABir_012-Ex1
PbA0801305H	Pba-ABir_013-Ex1-5H-lcwgs-1-2	Pba-ABir_013-Ex1
PbA0801406A	Pba-ABir_014-Ex1-6A-lcwgs-1-2	Pba-ABir_014-Ex1
PbA0800107E	Pba-APal_001-Ex1-7E-lcwgs-1-2	Pba-APal_001-Ex1
PbA0800207F	Pba-APal_002-Ex1-7F-lcwgs-1-2	Pba-APal_002-Ex1
PbA0800307G	Pba-APal_003-Ex1-7G-lcwgs-1-2	Pba-APal_003-Ex1
PbA0800407H	Pba-APal_004-Ex1-7H-lcwgs-1-2	Pba-APal_004-Ex1
PbA0800508A	Pba-APal_005-Ex1-8A-lcwgs-1-2	Pba-APal_005-Ex1
PbA0800608B	Pba-APal_006-Ex1-8B-lcwgs-1-2	Pba-APal_006-Ex1
PbA0800708C	Pba-APal_007-Ex1-8C-lcwgs-1-2	Pba-APal_007-Ex1
PbA0800808D	Pba-APal_008-Ex1-8D-lcwgs-1-2	Pba-APal_008-Ex1
PbA0800908E	Pba-APal_009-Ex1-8E-lcwgs-1-2	Pba-APal_009-Ex1
PbA0801008F	Pba-APal_010-Ex1-8F-lcwgs-1-2	Pba-APal_010-Ex1
PbA0100101A	Pba-ABur_001-Ex1-1A-lcwgs-1-2	Pba-ABur_001-Ex1
PbA0101301B	Pba-ABur_013-Ex1-1B-lcwgs-1-2	Pba-ABur_013-Ex1
PbA0102501C	Pba-ABur_025-Ex1-1C-lcwgs-1-2	Pba-ABur_025-Ex1
PbA0103801D	Pba-ABur_038-Ex1-1D-lcwgs-1-2	Pba-ABur_038-Ex1
PbA0100202A	Pba-ABur_002-Ex1-2A-lcwgs-1-2	Pba-ABur_002-Ex1
PbA0101402B	Pba-ABur_014-Ex1-2B-lcwgs-1-2	Pba-ABur_014-Ex1
PbA0102602C	Pba-ABur_026-Ex1-2C-lcwgs-1-2	Pba-ABur_026-Ex1
PbA0103902D	Pba-ABur_039-Ex1-2D-lcwgs-1-2	Pba-ABur_039-Ex1
PbA0105102E	Pba-ABur_051-Ex1-2E-lcwgs-1-2	Pba-ABur_051-Ex1
PbA0100303A	Pba-ABur_003-Ex1-3A-lcwgs-1-2	Pba-ABur_003-Ex1
PbA0101503B	Pba-ABur_015-Ex1-3B-lcwgs-1-2	Pba-ABur_015-Ex1
PbA0102703C	Pba-ABur_027-Ex1-3C-lcwgs-1-2	Pba-ABur_027-Ex1
PbA0104003D	Pba-ABur_040-Ex1-3D-lcwgs-1-2	Pba-ABur_040-Ex1
PbA0105203E	Pba-ABur_052-Ex1-3E-lcwgs-1-2	Pba-ABur_052-Ex1
PbA0100404A	Pba-ABur_004-Ex1-4A-lcwgs-1-2	Pba-ABur_004-Ex1
PbA0101604B	Pba-ABur_016-Ex1-4B-lcwgs-1-2	Pba-ABur_016-Ex1
PbA0102804C	Pba-ABur_028-Ex1-4C-lcwgs-1-2	Pba-ABur_028-Ex1
PbA0104104D	Pba-ABur_041-Ex1-4D-lcwgs-1-2	Pba-ABur_041-Ex1
PbA0105304E	Pba-ABur_053-Ex1-4E-lcwgs-1-2	Pba-ABur_053-Ex1
PbA0100505A	Pba-ABur_005-Ex1-5A-lcwgs-1-2	Pba-ABur_005-Ex1
PbA0101705B	Pba-ABur_017-Ex1-5B-lcwgs-1-2	Pba-ABur_017-Ex1
PbA0104205D	Pba-ABur_042-Ex1-5D-lcwgs-1-2	Pba-ABur_042-Ex1
PbA0105405E	Pba-ABur_054-Ex1-5E-lcwgs-1-2	Pba-ABur_054-Ex1
PbA0100606A	Pba-ABur_006-Ex1-6A-lcwgs-1-2	Pba-ABur_006-Ex1
PbA0101806B	Pba-ABur_018-Ex1-6B-lcwgs-1-2	Pba-ABur_018-Ex1
PbA0103006C	Pba-ABur_030-Ex1-6C-lcwgs-1-2	Pba-ABur_030-Ex1
PbA0104306D	Pba-ABur_043-Ex1-6D-lcwgs-1-2	Pba-ABur_043-Ex1
PbA0105506E	Pba-ABur_055-Ex1-6E-lcwgs-1-2	Pba-ABur_055-Ex1
PbA0100707A	Pba-ABur_007-Ex1-7A-lcwgs-1-2	Pba-ABur_007-Ex1
PbA0103107C	Pba-ABur_031-Ex1-7C-lcwgs-1-2	Pba-ABur_031-Ex1
PbA0104407D	Pba-ABur_044-Ex1-7D-lcwgs-1-2	Pba-ABur_044-Ex1
PbA0105607E	Pba-ABur_056-Ex1-7E-lcwgs-1-2	Pba-ABur_056-Ex1
PbA0100808A	Pba-ABur_008-Ex1-8A-lcwgs-1-2	Pba-ABur_008-Ex1
PbA0102008B	Pba-ABur_020-Ex1-8B-lcwgs-1-2	Pba-ABur_020-Ex1
PbA0104508D	Pba-ABur_045-Ex1-8D-lcwgs-1-2	Pba-ABur_045-Ex1
PbA0105708E	Pba-ABur_057-Ex1-8E-lcwgs-1-2	Pba-ABur_057-Ex1
PbA0100909A	Pba-ABur_009-Ex1-9A-lcwgs-1-2	Pba-ABur_009-Ex1
PbA0102109B	Pba-ABur_021-Ex1-9B-lcwgs-1-2	Pba-ABur_021-Ex1
PbA0104609D	Pba-ABur_046-Ex1-9D-lcwgs-1-2	Pba-ABur_046-Ex1
PbA0101010A	Pba-ABur_010-Ex1-10A-lcwgs-1-2	Pba-ABur_010-Ex1
PbA0102210B	Pba-ABur_022-Ex1-10B-lcwgs-1-2	Pba-ABur_022-Ex1
PbA0103410C	Pba-ABur_034-Ex1-10C-lcwgs-1-2	Pba-ABur_034-Ex1
PbA0101111A	Pba-ABur_011-Ex1-11A-lcwgs-1-2	Pba-ABur_011-Ex1
PbA0102311B	Pba-ABur_023-Ex1-11B-lcwgs-1-2	Pba-ABur_023-Ex1
PbA0104811D	Pba-ABur_048-Ex1-11D-lcwgs-1-2	Pba-ABur_048-Ex1
PbA0101212A	Pba-ABur_012-Ex1-12A-lcwgs-1-2	Pba-ABur_012-Ex1
PbA0102412B	Pba-ABur_024-Ex1-12B-lcwgs-1-2	Pba-ABur_024-Ex1
PbA0104912D	Pba-ABur_049-Ex1-12D-lcwgs-1-2	Pba-ABur_049-Ex1
PbA0700108G	Pba-AGal_001-Ex1-8G-lcwgs-1-2	Pba-AGal_001-Ex1
PbA0700208H	Pba-AGal_001-Ex1-8H-lcwgs-1-2	Pba-AGal_001-Ex1
PbA0700309A	Pba-AGal_002-Ex1-9A-lcwgs-1-2	Pba-AGal_003-Ex1
PbA0700409B	Pba-AGal_003-Ex1-9B-lcwgs-1-2	Pba-AGal_004-Ex1
PbA0701709C	Pba-AGal_017-Ex1-9C-lcwgs-1-2	Pba-AGal_017-Ex1
PbA0700609D	Pba-AGal_005-Ex1-9D-lcwgs-1-2	Pba-AGal_006-Ex1
PbA0700709E	Pba-AGal_006-Ex1-9E-lcwgs-1-2	Pba-AGal_007-Ex1
PbA0700809F	Pba-AGal_007-Ex1-9F-lcwgs-1-2	Pba-AGal_008-Ex1
PbA0700909G	Pba-AGal_008-Ex1-9G-lcwgs-1-2	Pba-AGal_009-Ex1
PbA0701009H	Pba-AGal_009-Ex1-9H-lcwgs-1-2	Pba-AGal_010-Ex1
PbA0701110A	Pba-AGal_010-Ex1-10A-lcwgs-1-2	Pba-AGal_011-Ex1
PbA0701210B	Pba-AGal_011-Ex1-10B-lcwgs-1-2	Pba-AGal_012-Ex1
PbA0701310C	Pba-AGal_013-Ex1-10C-lcwgs-1-2	Pba-AGal_013-Ex1
PbA0701410D	Pba-AGal_014-Ex1-10D-lcwgs-1-2	Pba-AGal_014-Ex1
PbA0701510E	Pba-AGal_015-Ex1-10E-lcwgs-1-2	Pba-AGal_015-Ex1
PbA0701610F	Pba-AGal_016-Ex1-10F-lcwgs-1-2	Pba-AGal_016-Ex1
PbA0700510G	Pba-AGal_004-Ex1-10G-lcwgs-1-2	Pba-AGal_005-Ex1
PbA0701810H	Pba-AGal_018-Ex1-10H-lcwgs-1-2	Pba-AGal_018-Ex1
PbA0701911A	Pba-AGal_019-Ex1-11A-lcwgs-1-2	Pba-AGal_019-Ex1
PbA0702011B	Pba-AGal_020-Ex1-11B-lcwgs-1-2	Pba-AGal_020-Ex1
PbA0700103F	Pba-AMar_001-Ex1-3F-lcwgs-1-2	Pba-AMar_001-Ex1
PbA0700203G	Pba-AMar_002-Ex1-3G-lcwgs-1-2	Pba-AMar_002-Ex1
PbA0700303H	Pba-AMar_003-Ex1-3H-lcwgs-1-2	Pba-AMar_003-Ex1
PbA0700404A	Pba-AMar_004-Ex1-4A-lcwgs-1-2	Pba-AMar_004-Ex1
PbA0700504B	Pba-AMar_005-Ex1-4B-lcwgs-1-2	Pba-AMar_005-Ex1
PbA0700604C	Pba-AMar_006-Ex1-4C-lcwgs-1-2	Pba-AMar_006-Ex1
PbA0700704D	Pba-AMar_007-Ex1-4D-lcwgs-1-2	Pba-AMar_007-Ex1
PbA0700804E	Pba-AMar_008-Ex1-4E-lcwgs-1-2	Pba-AMar_008-Ex1
PbA0700904F	Pba-AMar_009-Ex1-4F-lcwgs-1-2	Pba-AMar_009-Ex1
PbA0701004G	Pba-AMar_010-Ex1-4G-lcwgs-1-2	Pba-AMar_010-Ex1
PbA0701104H	Pba-AMar_011-Ex1-4H-lcwgs-1-2	Pba-AMar_011-Ex1
PbA0701205A	Pba-AMar_012-Ex1-5A-lcwgs-1-2	Pba-AMar_012-Ex1
PbA0701305B	Pba-AMar_013-Ex1-5B-lcwgs-1-2	Pba-AMar_013-Ex1
PbA0701405C	Pba-AMar_014-Ex1-5C-lcwgs-1-2	Pba-AMar_014-Ex1
PbA0100501F	Pba-ATat_005-Ex1-1F-lcwgs-1-2	Pba-ATat_005-Ex1
PbA0101701G	Pba-ATat_017-Ex1-1G-lcwgs-1-2	Pba-ATat_017-Ex1
PbA0100602F	Pba-ATat_006-Ex1-2F-lcwgs-1-2	Pba-ATat_006-Ex1
PbA0101802G	Pba-ATat_018-Ex1-2G-lcwgs-1-2	Pba-ATat_018-Ex1
PbA0100703F	Pba-ATat_007-Ex1-3F-lcwgs-1-2	Pba-ATat_007-Ex1
PbA0101903G	Pba-ATat_019-Ex1-3G-lcwgs-1-2	Pba-ATat_019-Ex1
PbA0100804F	Pba-ATat_008-Ex1-4F-lcwgs-1-2	Pba-ATat_008-Ex1
PbA0102004G	Pba-ATat_020-Ex1-4G-lcwgs-1-2	Pba-ATat_020-Ex1
PbA0100905F	Pba-ATat_009-Ex1-5F-lcwgs-1-2	Pba-ATat_009-Ex1
PbA0102105G	Pba-ATat_021-Ex1-5G-lcwgs-1-2	Pba-ATat_021-Ex1
PbA0101006F	Pba-ATat_010-Ex1-6F-lcwgs-1-2	Pba-ATat_010-Ex1
PbA0101107F	Pba-ATat_011-Ex1-7F-lcwgs-1-2	Pba-ATat_011-Ex1
PbA0101208F	Pba-ATat_012-Ex1-8F-lcwgs-1-2	Pba-ATat_012-Ex1
PbA0100109E	Pba-ATat_001-Ex1-9E-lcwgs-1-2	Pba-ATat_001-Ex1
PbA0101309F	Pba-ATat_013-Ex1-9F-lcwgs-1-2	Pba-ATat_013-Ex1
PbA0100210E	Pba-ATat_002-Ex1-10E-lcwgs-1-2	Pba-ATat_002-Ex1
PbA0101410F	Pba-ATat_014-Ex1-10F-lcwgs-1-2	Pba-ATat_014-Ex1
PbA0100311E	Pba-ATat_003-Ex1-11E-lcwgs-1-2	Pba-ATat_003-Ex1
PbA0101511F	Pba-ATat_015-Ex1-11F-lcwgs-1-2	Pba-ATat_015-Ex1
PbA0100412E	Pba-ATat_004-Ex1-12E-lcwgs-1-2	Pba-ATat_004-Ex1
PbA0101612F	Pba-ATat_016-Ex1-12F-lcwgs-1-2	Pba-ATat_016-Ex1
PbC1002901A	Pba-CCab_029-Ex1-1A-lcwgs-1-2	Pba-CCab_029-Ex1
PbC1006401B	Pba-CCab_064-Ex1-1B-lcwgs-1-2	Pba-CCab_064-Ex1
PbC1003701C	Pba-CCab_037-Ex1-1C-lcwgs-1-2	Pba-CCab_037-Ex1
PbC1002701D	Pba-CCab_027-Ex1-1D-lcwgs-1-2	Pba-CCab_027-Ex1
PbC1005602A	Pba-CCab_056-Ex1-2A-lcwgs-1-2	Pba-CCab_056-Ex1
PbC1003202B	Pba-CCab_032-Ex1-2B-lcwgs-1-2	Pba-CCab_032-Ex1
PbC1003002C	Pba-CCab_030-Ex1-2C-lcwgs-1-2	Pba-CCab_030-Ex1
PbC1006003A	Pba-CCab_060-Ex1-3A-lcwgs-1-2	Pba-CCab_060-Ex1
PbC1004503B	Pba-CCab_045-Ex1-3B-lcwgs-1-2	Pba-CCab_045-Ex1
PbC1002603C	Pba-CCab_026-Ex1-3C-lcwgs-1-2	Pba-CCab_026-Ex1
PbC1006604A	Pba-CCab_066-Ex1-4A-lcwgs-1-2	Pba-CCab_066-Ex1
PbC1002404B	Pba-CCab_024-Ex1-4B-lcwgs-1-2	Pba-CCab_024-Ex1
PbC1001604C	Pba-CCab_016-Ex1-4C-lcwgs-1-2	Pba-CCab_016-Ex1
PbC1005405A	Pba-CCab_054-Ex1-5A-lcwgs-1-2	Pba-CCab_054-Ex1
PbC1001905B	Pba-CCab_019-Ex1-5B-lcwgs-1-2	Pba-CCab_019-Ex1
PbC1006205C	Pba-CCab_062-Ex1-5C-lcwgs-1-2	Pba-CCab_062-Ex1
PbC1000906A	Pba-CCab_009-Ex1-6A-lcwgs-1-2	Pba-CCab_009-Ex1
PbC1002306B	Pba-CCab_023-Ex1-6B-lcwgs-1-2	Pba-CCab_023-Ex1
PbC1002006C	Pba-CCab_020-Ex1-6C-lcwgs-1-2	Pba-CCab_020-Ex1
PbC1004907A	Pba-CCab_049-Ex1-7A-lcwgs-1-2	Pba-CCab_049-Ex1
PbC1005307B	Pba-CCab_053-Ex1-7B-lcwgs-1-2	Pba-CCab_053-Ex1
PbC1000307C	Pba-CCab_003-Ex1-7C-lcwgs-1-2	Pba-CCab_003-Ex1
PbC1004408B	Pba-CCab_044-Ex1-8B-lcwgs-1-2	Pba-CCab_044-Ex1
PbC1001209A	Pba-CCab_012-Ex1-9A-lcwgs-1-2	Pba-CCab_012-Ex1
PbC1003909B	Pba-CCab_039-Ex1-9B-lcwgs-1-2	Pba-CCab_039-Ex1
PbC1000609C	Pba-CCab_006-Ex1-9C-lcwgs-1-2	Pba-CCab_006-Ex1
PbC1005010A	Pba-CCab_050-Ex1-10A-lcwgs-1-2	Pba-CCab_050-Ex1
PbC1005210B	Pba-CCab_052-Ex1-10B-lcwgs-1-2	Pba-CCab_052-Ex1
PbC1002810C	Pba-CCab_028-Ex1-10C-lcwgs-1-2	Pba-CCab_028-Ex1
PbC1006311A	Pba-CCab_063-Ex1-11A-lcwgs-1-2	Pba-CCab_063-Ex1
PbC1003311B	Pba-CCab_033-Ex1-11B-lcwgs-1-2	Pba-CCab_033-Ex1
PbC1004311C	Pba-CCab_043-Ex1-11C-lcwgs-1-2	Pba-CCab_043-Ex1
PbC1005112A	Pba-CCab_051-Ex1-12A-lcwgs-1-2	Pba-CCab_051-Ex1
PbC1004212B	Pba-CCab_042-Ex1-12B-lcwgs-1-2	Pba-CCab_042-Ex1
PbC1002112C	Pba-CCab_021-Ex1-12C-lcwgs-1-2	Pba-CCab_021-Ex1
PbC1006808D	Pba-CCab_068-Ex1-8D-lcwgs-1-2	Pba-CCab_068-Ex1
PbC1007409B	Pba-CCab_074-Ex1-9B-lcwgs-1-2	Pba-CCab_074-Ex1
PbC1007609D	Pba-CCab_076-Ex1-9D-lcwgs-1-2	Pba-CCab_076-Ex1
PbC1007909G	Pba-CCab_079-Ex1-9G-lcwgs-1-2	Pba-CCab_079-Ex1
PbC1008009H	Pba-CCab_080-Ex1-9H-lcwgs-1-2	Pba-CCab_080-Ex1
PbC1008110A	Pba-CCab_081-Ex1-10A-lcwgs-1-2	Pba-CCab_081-Ex1
PbC1008210B	Pba-CCab_082-Ex1-10B-lcwgs-1-2	Pba-CCab_082-Ex1
PbC1008510E	Pba-CCab_085-Ex1-10E-lcwgs-1-2	Pba-CCab_085-Ex1
PbC1008610F	Pba-CCab_086-Ex1-10F-lcwgs-1-2	Pba-CCab_086-Ex1
PbC1008810H	Pba-CCab_088-Ex1-10H-lcwgs-1-2	Pba-CCab_088-Ex1
PbC1009211D	Pba-CCab_092-Ex1-11D-lcwgs-1-2	Pba-CCab_092-Ex1
PbC1009311E	Pba-CCab_093-Ex1-11E-lcwgs-1-2	Pba-CCab_093-Ex1
PbC1009611H	Pba-CCab_096-Ex1-11H-lcwgs-1-2	Pba-CCab_096-Ex1
PbC1100105A	Pba-CMas_001-Ex1-5A-lcwgs-1-2	Pba-CMas_001-Ex1
PbC1100205B	Pba-CMas_002-Ex1-5B-lcwgs-1-2	Pba-CMas_002-Ex1
PbC1100305C	Pba-CMas_003-Ex1-5C-lcwgs-1-2	Pba-CMas_003-Ex1
PbC1100405D	Pba-CMas_004-Ex1-5D-lcwgs-1-2	Pba-CMas_004-Ex1
PbC1100505E	Pba-CMas_005-Ex1-5E-lcwgs-1-2	Pba-CMas_005-Ex1
PbC1100605F	Pba-CMas_006-Ex1-5F-lcwgs-1-2	Pba-CMas_006-Ex1
PbC1100705G	Pba-CMas_007-Ex1-5G-lcwgs-1-2	Pba-CMas_007-Ex1
PbC1100805H	Pba-CMas_008-Ex1-5H-lcwgs-1-2	Pba-CMas_008-Ex1
PbC1100906A	Pba-CMas_009-Ex1-6A-lcwgs-1-2	Pba-CMas_009-Ex1
PbC1101006B	Pba-CMas_010-Ex1-6B-lcwgs-1-2	Pba-CMas_010-Ex1
PbC1101106C	Pba-CMas_011-Ex1-6C-lcwgs-1-2	Pba-CMas_011-Ex1
PbC1101206D	Pba-CMas_012-Ex1-6D-lcwgs-1-2	Pba-CMas_012-Ex1
PbC1101306E	Pba-CMas_013-Ex1-6E-lcwgs-1-2	Pba-CMas_013-Ex1
PbC1101406F	Pba-CMas_014-Ex1-6F-lcwgs-1-2	Pba-CMas_014-Ex1
PbC1101506G	Pba-CMas_015-Ex1-6G-lcwgs-1-2	Pba-CMas_015-Ex1
PbC1101606H	Pba-CMas_016-Ex1-6H-lcwgs-1-2	Pba-CMas_016-Ex1
PbC1101707A	Pba-CMas_017-Ex1-7A-lcwgs-1-2	Pba-CMas_017-Ex1
PbC1101807B	Pba-CMas_018-Ex1-7B-lcwgs-1-2	Pba-CMas_018-Ex1
PbC1101907C	Pba-CMas_019-Ex1-7C-lcwgs-1-2	Pba-CMas_019-Ex1
PbC1102007D	Pba-CMas_020-Ex1-7D-lcwgs-1-2	Pba-CMas_020-Ex1
PbC1102107E	Pba-CMas_021-Ex1-7E-lcwgs-1-2	Pba-CMas_021-Ex1
PbC1102207F	Pba-CMas_022-Ex1-7F-lcwgs-1-2	Pba-CMas_022-Ex1
PbC1102307G	Pba-CMas_023-Ex1-7G-lcwgs-1-2	Pba-CMas_023-Ex1
PbC1102407H	Pba-CMas_024-Ex1-7H-lcwgs-1-2	Pba-CMas_024-Ex1
PbC1102508A	Pba-CMas_025-Ex1-8A-lcwgs-1-2	Pba-CMas_025-Ex1
PbC0203301A	Pba-CTat_033-Ex1-1A-lcwgs-1-2	Pba-CTat_033-Ex1
PbC0209401B	Pba-CTat_094-Ex1-1B-lcwgs-1-2	Pba-CTat_094-Ex1
PbC0200901D	Pba-CTat_009-Ex1-1D-lcwgs-1-2	Pba-CTat_009-Ex1
PbC0206401G	Pba-CTat_064-Ex1-1G-lcwgs-1-2	Pba-CTat_064-Ex1
PbC0203602A	Pba-CTat_036-Ex1-2A-lcwgs-1-2	Pba-CTat_036-Ex1
PbC0202402B	Pba-CTat_024-Ex1-2B-lcwgs-1-2	Pba-CTat_024-Ex1
PbC0206102C	Pba-CTat_061-Ex1-2C-lcwgs-1-2	Pba-CTat_061-Ex1
PbC0204902D	Pba-CTat_049-Ex1-2D-lcwgs-1-2	Pba-CTat_049-Ex1
PbC0205502F	Pba-CTat_055-Ex1-2F-lcwgs-1-2	Pba-CTat_055-Ex1
PbC0208202G	Pba-CTat_082-Ex1-2G-lcwgs-1-2	Pba-CTat_082-Ex1
PbC0202103A	Pba-CTat_021-Ex1-3A-lcwgs-1-2	Pba-CTat_021-Ex1
PbC0205203B	Pba-CTat_052-Ex1-3B-lcwgs-1-2	Pba-CTat_052-Ex1
PbC0204503C	Pba-CTat_045-Ex1-3C-lcwgs-1-2	Pba-CTat_045-Ex1
PbC0207303D	Pba-CTat_073-Ex1-3D-lcwgs-1-2	Pba-CTat_073-Ex1
PbC0203903F	Pba-CTat_039-Ex1-3F-lcwgs-1-2	Pba-CTat_039-Ex1
PbC0204603G	Pba-CTat_046-Ex1-3G-lcwgs-1-2	Pba-CTat_046-Ex1
PbC0203704A	Pba-CTat_037-Ex1-4A-lcwgs-1-2	Pba-CTat_037-Ex1
PbC0208304B	Pba-CTat_083-Ex1-4B-lcwgs-1-2	Pba-CTat_083-Ex1
PbC0204804C	Pba-CTat_048-Ex1-4C-lcwgs-1-2	Pba-CTat_048-Ex1
PbC0201704D	Pba-CTat_017-Ex1-4D-lcwgs-1-2	Pba-CTat_017-Ex1
PbC0207805A	Pba-CTat_078-Ex1-5A-lcwgs-1-2	Pba-CTat_078-Ex1
PbC0207705B	Pba-CTat_077-Ex1-5B-lcwgs-1-2	Pba-CTat_077-Ex1
PbC0208705C	Pba-CTat_087-Ex1-5C-lcwgs-1-2	Pba-CTat_087-Ex1
PbC0202905D	Pba-CTat_029-Ex1-5D-lcwgs-1-2	Pba-CTat_029-Ex1
PbC0205305E	Pba-CTat_053-Ex1-5E-lcwgs-1-2	Pba-CTat_053-Ex1
PbC0201905F	Pba-CTat_019-Ex1-5F-lcwgs-1-2	Pba-CTat_019-Ex1
PbC0202205G	Pba-CTat_022-Ex1-5G-lcwgs-1-2	Pba-CTat_022-Ex1
PbC0201305H	Pba-CTat_013-Ex1-5H-lcwgs-1-2	Pba-CTat_013-Ex1
PbC0207506A	Pba-CTat_075-Ex1-6A-lcwgs-1-2	Pba-CTat_075-Ex1
PbC0201006B	Pba-CTat_010-Ex1-6B-lcwgs-1-2	Pba-CTat_010-Ex1
PbC0209506C	Pba-CTat_095-Ex1-6C-lcwgs-1-2	Pba-CTat_095-Ex1
PbC0205006D	Pba-CTat_050-Ex1-6D-lcwgs-1-2	Pba-CTat_050-Ex1
PbC0205406E	Pba-CTat_054-Ex1-6E-lcwgs-1-2	Pba-CTat_054-Ex1
PbC0206006F	Pba-CTat_060-Ex1-6F-lcwgs-1-2	Pba-CTat_060-Ex1
PbC0206506G	Pba-CTat_065-Ex1-6G-lcwgs-1-2	Pba-CTat_065-Ex1
PbC0208406H	Pba-CTat_084-Ex1-6H-lcwgs-1-2	Pba-CTat_084-Ex1
PbC0205107A	Pba-CTat_051-Ex1-7A-lcwgs-1-2	Pba-CTat_051-Ex1
PbC0207407B	Pba-CTat_074-Ex1-7B-lcwgs-1-2	Pba-CTat_074-Ex1
PbC0203807D	Pba-CTat_038-Ex1-7D-lcwgs-1-2	Pba-CTat_038-Ex1
PbC0203407F	Pba-CTat_034-Ex1-7F-lcwgs-1-2	Pba-CTat_034-Ex1
PbC0202507G	Pba-CTat_025-Ex1-7G-lcwgs-1-2	Pba-CTat_025-Ex1
PbC0209307H	Pba-CTat_093-Ex1-7H-lcwgs-1-2	Pba-CTat_093-Ex1
PbC0204708A	Pba-CTat_047-Ex1-8A-lcwgs-1-2	Pba-CTat_047-Ex1
PbC0202008B	Pba-CTat_020-Ex1-8B-lcwgs-1-2	Pba-CTat_020-Ex1
PbC0206308D	Pba-CTat_063-Ex1-8D-lcwgs-1-2	Pba-CTat_063-Ex1
PbC0203208E	Pba-CTat_032-Ex1-8E-lcwgs-1-2	Pba-CTat_032-Ex1
PbC0208608F	Pba-CTat_086-Ex1-8F-lcwgs-1-2	Pba-CTat_086-Ex1
PbC0202608G	Pba-CTat_026-Ex1-8G-lcwgs-1-2	Pba-CTat_026-Ex1
PbC0103609C	Pba-CVer_036-Ex1-9C-lcwgs-1-2	Pba-CVer_036-Ex1
PbC0104909D	Pba-CVer_049-Ex1-9D-lcwgs-1-2	Pba-CVer_049-Ex1
PbC0105109E	Pba-CVer_051-Ex1-9E-lcwgs-1-2	Pba-CVer_051-Ex1
PbC0105809F	Pba-CVer_058-Ex1-9F-lcwgs-1-2	Pba-CVer_058-Ex1
PbC0105909G	Pba-CVer_059-Ex1-9G-lcwgs-1-2	Pba-CVer_059-Ex1
PbC0107109H	Pba-CVer_071-Ex1-9H-lcwgs-1-2	Pba-CVer_071-Ex1
PbC0107310A	Pba-CVer_073-Ex1-10A-lcwgs-1-2	Pba-CVer_073-Ex1
PbC0107510C	Pba-CVer_075-Ex1-10C-lcwgs-1-2	Pba-CVer_075-Ex1
PbC0108210D	Pba-CVer_082-Ex1-10D-lcwgs-1-2	Pba-CVer_082-Ex1
PbC0108310E	Pba-CVer_083-Ex1-10E-lcwgs-1-2	Pba-CVer_083-Ex1
PbC0108410F	Pba-CVer_084-Ex1-10F-lcwgs-1-2	Pba-CVer_084-Ex1
PbC0108510G	Pba-CVer_085-Ex1-10G-lcwgs-1-2	Pba-CVer_085-Ex1
PbC0109410H	Pba-CVer_094-Ex1-10H-lcwgs-1-2	Pba-CVer_094-Ex1
PbC0109511A	Pba-CVer_095-Ex1-11A-lcwgs-1-2	Pba-CVer_095-Ex1
PbC0109611B	Pba-CVer_096-Ex1-11B-lcwgs-1-2	Pba-CVer_096-Ex1
PbC0100111C	Pba-CVer_001-Ex2-11C-lcwgs-1-2	Pba-CVer_001-Ex2
PbC0100211D	Pba-CVer_002-Ex2-11D-lcwgs-1-2	Pba-CVer_002-Ex2
PbC0100311E	Pba-CVer_003-Ex2-11E-lcwgs-1-2	Pba-CVer_003-Ex2
PbC0100411F	Pba-CVer_004-Ex2-11F-lcwgs-1-2	Pba-CVer_004-Ex2
PbC0100511G	Pba-CVer_005-Ex2-11G-lcwgs-1-2	Pba-CVer_005-Ex2
PbC0100611H	Pba-CVer_006-Ex2-11H-lcwgs-1-2	Pba-CVer_006-Ex2
PbC0100712A	Pba-CVer_007-Ex2-12A-lcwgs-1-2	Pba-CVer_007-Ex2
PbC0100812B	Pba-CVer_008-Ex2-12B-lcwgs-1-2	Pba-CVer_008-Ex2
PbC0101212D	Pba-CVer_012-Ex2-12D-lcwgs-1-2	Pba-CVer_012-Ex2
PbC0102012E	Pba-CVer_020-Ex2-12E-lcwgs-1-2	Pba-CVer_020-Ex2
PbC0102112F	Pba-CVer_021-Ex2-12F-lcwgs-1-2	Pba-CVer_021-Ex2
PbC0102212G	Pba-CVer_022-Ex2-12G-lcwgs-1-2	Pba-CVer_022-Ex2
PbC0102312H	Pba-CVer_023-Ex2-12H-lcwgs-1-2	Pba-CVer_023-Ex2
PbC0102401A	Pba-CVer_024-Ex2-1A-lcwgs-1-2	Pba-CVer_024-Ex2
PbC0103201B	Pba-CVer_032-Ex2-1B-lcwgs-1-2	Pba-CVer_032-Ex2
PbC0103301C	Pba-CVer_033-Ex2-1C-lcwgs-1-2	Pba-CVer_033-Ex2
PbC0103401D	Pba-CVer_034-Ex2-1D-lcwgs-1-2	Pba-CVer_034-Ex2
PbC0103901E	Pba-CVer_039-Ex2-1E-lcwgs-1-2	Pba-CVer_039-Ex2
PbC0104401F	Pba-CVer_044-Ex2-1F-lcwgs-1-2	Pba-CVer_044-Ex2
PbC0104601G	Pba-CVer_046-Ex2-1G-lcwgs-1-2	Pba-CVer_046-Ex2
PbC0104701H	Pba-CVer_047-Ex2-1H-lcwgs-1-2	Pba-CVer_047-Ex2
PbC0104802A	Pba-CVer_048-Ex2-2A-lcwgs-1-2	Pba-CVer_048-Ex2
PbC0105702B	Pba-CVer_057-Ex2-2B-lcwgs-1-2	Pba-CVer_057-Ex2
PbC0106002C	Pba-CVer_060-Ex2-2C-lcwgs-1-2	Pba-CVer_060-Ex2
PbC0106802E	Pba-CVer_068-Ex2-2E-lcwgs-1-2	Pba-CVer_068-Ex2
PbC0106902F	Pba-CVer_069-Ex2-2F-lcwgs-1-2	Pba-CVer_069-Ex2
PbC0107202H	Pba-CVer_072-Ex2-2H-lcwgs-1-2	Pba-CVer_072-Ex2
PbC0107603A	Pba-CVer_076-Ex2-3A-lcwgs-1-2	Pba-CVer_076-Ex2
PbC0109203D	Pba-CVer_092-Ex2-3D-lcwgs-1-2	Pba-CVer_092-Ex2
PbC0109303E	Pba-CVer_093-Ex2-3E-lcwgs-1-2	Pba-CVer_093-Ex2
PbA0100101A	Pba-ABur_001-Ex1-1A-lcwgs-1-1	Pba-ABur_001-Ex1
PbA0100109E	Pba-ATat_001-Ex1-9E-lcwgs-1-1	Pba-ATat_001-Ex1
PbA0100202A	Pba-ABur_002-Ex1-2A-lcwgs-1-1	Pba-ABur_002-Ex1
PbA0100210E	Pba-ATat_002-Ex1-10E-lcwgs-1-1	Pba-ATat_002-Ex1
PbA0100303A	Pba-ABur_003-Ex1-3A-lcwgs-1-1	Pba-ABur_003-Ex1
PbA0100311E	Pba-ATat_003-Ex1-11E-lcwgs-1-1	Pba-ATat_003-Ex1
PbA0100404A	Pba-ABur_004-Ex1-4A-lcwgs-1-1	Pba-ABur_004-Ex1
PbA0100412E	Pba-ATat_004-Ex1-12E-lcwgs-1-1	Pba-ATat_004-Ex1
PbA0100505A	Pba-ABur_005-Ex1-5A-lcwgs-1-1	Pba-ABur_005-Ex1
PbA0100501F	Pba-ATat_005-Ex1-1F-lcwgs-1-1	Pba-ATat_005-Ex1
PbA0100606A	Pba-ABur_006-Ex1-6A-lcwgs-1-1	Pba-ABur_006-Ex1
PbA0100602F	Pba-ATat_006-Ex1-2F-lcwgs-1-1	Pba-ATat_006-Ex1
PbA0100707A	Pba-ABur_007-Ex1-7A-lcwgs-1-1	Pba-ABur_007-Ex1
PbA0100703F	Pba-ATat_007-Ex1-3F-lcwgs-1-1	Pba-ATat_007-Ex1
PbA0100808A	Pba-ABur_008-Ex1-8A-lcwgs-1-1	Pba-ABur_008-Ex1
PbA0100804F	Pba-ATat_008-Ex1-4F-lcwgs-1-1	Pba-ATat_008-Ex1
PbA0100909A	Pba-ABur_009-Ex1-9A-lcwgs-1-1	Pba-ABur_009-Ex1
PbA0100905F	Pba-ATat_009-Ex1-5F-lcwgs-1-1	Pba-ATat_009-Ex1
PbA0101010A	Pba-ABur_010-Ex1-10A-lcwgs-1-1	Pba-ABur_010-Ex1
PbA0101006F	Pba-ATat_010-Ex1-6F-lcwgs-1-1	Pba-ATat_010-Ex1
PbA0101111A	Pba-ABur_011-Ex1-11A-lcwgs-1-1	Pba-ABur_011-Ex1
PbA0101107F	Pba-ATat_011-Ex1-7F-lcwgs-1-1	Pba-ATat_011-Ex1
PbA0101212A	Pba-ABur_012-Ex1-12A-lcwgs-1-1	Pba-ABur_012-Ex1
PbA0101208F	Pba-ATat_012-Ex1-8F-lcwgs-1-1	Pba-ATat_012-Ex1
PbA0101301B	Pba-ABur_013-Ex1-1B-lcwgs-1-1	Pba-ABur_013-Ex1
PbA0101309F	Pba-ATat_013-Ex1-9F-lcwgs-1-1	Pba-ATat_013-Ex1
PbA0101402B	Pba-ABur_014-Ex1-2B-lcwgs-1-1	Pba-ABur_014-Ex1
PbA0101410F	Pba-ATat_014-Ex1-10F-lcwgs-1-1	Pba-ATat_014-Ex1
PbA0101503B	Pba-ABur_015-Ex1-3B-lcwgs-1-1	Pba-ABur_015-Ex1
PbA0101511F	Pba-ATat_015-Ex1-11F-lcwgs-1-1	Pba-ATat_015-Ex1
PbA0101604B	Pba-ABur_016-Ex1-4B-lcwgs-1-1	Pba-ABur_016-Ex1
PbA0101612F	Pba-ATat_016-Ex1-12F-lcwgs-1-1	Pba-ATat_016-Ex1
PbA0101705B	Pba-ABur_017-Ex1-5B-lcwgs-1-1	Pba-ABur_017-Ex1
PbA0101701G	Pba-ATat_017-Ex1-1G-lcwgs-1-1	Pba-ATat_017-Ex1
PbA0101806B	Pba-ABur_018-Ex1-6B-lcwgs-1-1	Pba-ABur_018-Ex1
PbA0101802G	Pba-ATat_018-Ex1-2G-lcwgs-1-1	Pba-ATat_018-Ex1
PbA0101907B	Pba-ABur_019-Ex1-7B-lcwgs-1-1	Pba-ABur_019-Ex1
PbA0101903G	Pba-ATat_019-Ex1-3G-lcwgs-1-1	Pba-ATat_019-Ex1
PbA0102008B	Pba-ABur_020-Ex1-8B-lcwgs-1-1	Pba-ABur_020-Ex1
PbA0102004G	Pba-ATat_020-Ex1-4G-lcwgs-1-1	Pba-ATat_020-Ex1
PbA0102109B	Pba-ABur_021-Ex1-9B-lcwgs-1-1	Pba-ABur_021-Ex1
PbA0102105G	Pba-ATat_021-Ex1-5G-lcwgs-1-1	Pba-ATat_021-Ex1
PbA0102210B	Pba-ABur_022-Ex1-10B-lcwgs-1-1	Pba-ABur_022-Ex1
PbA0102311B	Pba-ABur_023-Ex1-11B-lcwgs-1-1	Pba-ABur_023-Ex1
PbA0102412B	Pba-ABur_024-Ex1-12B-lcwgs-1-1	Pba-ABur_024-Ex1
PbA0102501C	Pba-ABur_025-Ex1-1C-lcwgs-1-1	Pba-ABur_025-Ex1
PbA0102602C	Pba-ABur_026-Ex1-2C-lcwgs-1-1	Pba-ABur_026-Ex1
PbA0102703C	Pba-ABur_027-Ex1-3C-lcwgs-1-1	Pba-ABur_027-Ex1
PbA0102804C	Pba-ABur_028-Ex1-4C-lcwgs-1-1	Pba-ABur_028-Ex1
PbA0102905C	Pba-ABur_029-Ex1-5C-lcwgs-1-1	Pba-ABur_029-Ex1
PbA0103006C	Pba-ABur_030-Ex1-6C-lcwgs-1-1	Pba-ABur_030-Ex1
PbA0103107C	Pba-ABur_031-Ex1-7C-lcwgs-1-1	Pba-ABur_031-Ex1
PbA0103208C	Pba-ABur_032-Ex1-8C-lcwgs-1-1	Pba-ABur_032-Ex1
PbA0103309C	Pba-ABur_033-Ex1-9C-lcwgs-1-1	Pba-ABur_033-Ex1
PbA0103410C	Pba-ABur_034-Ex1-10C-lcwgs-1-1	Pba-ABur_034-Ex1
PbA0103611C	Pba-ABur_036-Ex1-11C-lcwgs-1-1	Pba-ABur_036-Ex1
PbA0103712C	Pba-ABur_037-Ex1-12C-lcwgs-1-1	Pba-ABur_037-Ex1
PbA0103801D	Pba-ABur_038-Ex1-1D-lcwgs-1-1	Pba-ABur_038-Ex1
PbA0103902D	Pba-ABur_039-Ex1-2D-lcwgs-1-1	Pba-ABur_039-Ex1
PbA0104003D	Pba-ABur_040-Ex1-3D-lcwgs-1-1	Pba-ABur_040-Ex1
PbA0104104D	Pba-ABur_041-Ex1-4D-lcwgs-1-1	Pba-ABur_041-Ex1
PbA0104205D	Pba-ABur_042-Ex1-5D-lcwgs-1-1	Pba-ABur_042-Ex1
PbA0104306D	Pba-ABur_043-Ex1-6D-lcwgs-1-1	Pba-ABur_043-Ex1
PbA0104407D	Pba-ABur_044-Ex1-7D-lcwgs-1-1	Pba-ABur_044-Ex1
PbA0104508D	Pba-ABur_045-Ex1-8D-lcwgs-1-1	Pba-ABur_045-Ex1
PbA0104609D	Pba-ABur_046-Ex1-9D-lcwgs-1-1	Pba-ABur_046-Ex1
PbA0104710D	Pba-ABur_047-Ex1-10D-lcwgs-1-1	Pba-ABur_047-Ex1
PbA0104811D	Pba-ABur_048-Ex1-11D-lcwgs-1-1	Pba-ABur_048-Ex1
PbA0104912D	Pba-ABur_049-Ex1-12D-lcwgs-1-1	Pba-ABur_049-Ex1
PbA0105001E	Pba-ABur_050-Ex1-1E-lcwgs-1-1	Pba-ABur_050-Ex1
PbA0105102E	Pba-ABur_051-Ex1-2E-lcwgs-1-1	Pba-ABur_051-Ex1
PbA0105203E	Pba-ABur_052-Ex1-3E-lcwgs-1-1	Pba-ABur_052-Ex1
PbA0105304E	Pba-ABur_053-Ex1-4E-lcwgs-1-1	Pba-ABur_053-Ex1
PbA0105405E	Pba-ABur_054-Ex1-5E-lcwgs-1-1	Pba-ABur_054-Ex1
PbA0105506E	Pba-ABur_055-Ex1-6E-lcwgs-1-1	Pba-ABur_055-Ex1
PbA0105607E	Pba-ABur_056-Ex1-7E-lcwgs-1-1	Pba-ABur_056-Ex1
PbA0105708E	Pba-ABur_057-Ex1-8E-lcwgs-1-1	Pba-ABur_057-Ex1
PbA0700108G	Pba-AGal_001-Ex1-8G-lcwgs-1-1	Pba-AGal_001-Ex1
PbA0700103F	Pba-AMar_001-Ex1-3F-lcwgs-1-1	Pba-AMar_001-Ex1
PbA0700208H	Pba-AGal_001-Ex1-8H-lcwgs-1-1	Pba-AGal_001-Ex1
PbA0700203G	Pba-AMar_002-Ex1-3G-lcwgs-1-1	Pba-AMar_002-Ex1
PbA0700309A	Pba-AGal_002-Ex1-9A-lcwgs-1-1	Pba-AGal_002-Ex1
PbA0700303H	Pba-AMar_003-Ex1-3H-lcwgs-1-1	Pba-AMar_003-Ex1
PbA0700409B	Pba-AGal_003-Ex1-9B-lcwgs-1-1	Pba-AGal_003-Ex1
PbA0700404A	Pba-AMar_004-Ex1-4A-lcwgs-1-1	Pba-AMar_004-Ex1
PbA0700510G	Pba-AGal_004-Ex1-10G-lcwgs-1-1	Pba-AGal_004-Ex1
PbA0700504B	Pba-AMar_005-Ex1-4B-lcwgs-1-1	Pba-AMar_005-Ex1
PbA0700609D	Pba-AGal_005-Ex1-9D-lcwgs-1-1	Pba-AGal_005-Ex1
PbA0700604C	Pba-AMar_006-Ex1-4C-lcwgs-1-1	Pba-AMar_006-Ex1
PbA0700709E	Pba-AGal_006-Ex1-9E-lcwgs-1-1	Pba-AGal_006-Ex1
PbA0700704D	Pba-AMar_007-Ex1-4D-lcwgs-1-1	Pba-AMar_007-Ex1
PbA0700809F	Pba-AGal_007-Ex1-9F-lcwgs-1-1	Pba-AGal_007-Ex1
PbA0700804E	Pba-AMar_008-Ex1-4E-lcwgs-1-1	Pba-AMar_008-Ex1
PbA0700909G	Pba-AGal_008-Ex1-9G-lcwgs-1-1	Pba-AGal_008-Ex1
PbA0700904F	Pba-AMar_009-Ex1-4F-lcwgs-1-1	Pba-AMar_009-Ex1
PbA0701009H	Pba-AGal_009-Ex1-9H-lcwgs-1-1	Pba-AGal_009-Ex1
PbA0701004G	Pba-AMar_010-Ex1-4G-lcwgs-1-1	Pba-AMar_010-Ex1
PbA0701110A	Pba-AGal_010-Ex1-10A-lcwgs-1-1	Pba-AGal_010-Ex1
PbA0701104H	Pba-AMar_011-Ex1-4H-lcwgs-1-1	Pba-AMar_011-Ex1
PbA0701210B	Pba-AGal_011-Ex1-10B-lcwgs-1-1	Pba-AGal_011-Ex1
PbA0701205A	Pba-AMar_012-Ex1-5A-lcwgs-1-1	Pba-AMar_012-Ex1
PbA0701310C	Pba-AGal_013-Ex1-10C-lcwgs-1-1	Pba-AGal_013-Ex1
PbA0701305B	Pba-AMar_013-Ex1-5B-lcwgs-1-1	Pba-AMar_013-Ex1
PbA0701410D	Pba-AGal_014-Ex1-10D-lcwgs-1-1	Pba-AGal_014-Ex1
PbA0701405C	Pba-AMar_014-Ex1-5C-lcwgs-1-1	Pba-AMar_014-Ex1
PbA0701510E	Pba-AGal_015-Ex1-10E-lcwgs-1-1	Pba-AGal_015-Ex1
PbA0701610F	Pba-AGal_016-Ex1-10F-lcwgs-1-1	Pba-AGal_016-Ex1
PbA0701709C	Pba-AGal_017-Ex1-9C-lcwgs-1-1	Pba-AGal_017-Ex1
PbA0701810H	Pba-AGal_018-Ex1-10H-lcwgs-1-1	Pba-AGal_018-Ex1
PbA0701911A	Pba-AGal_019-Ex1-11A-lcwgs-1-1	Pba-AGal_019-Ex1
PbA0702011B	Pba-AGal_020-Ex1-11B-lcwgs-1-1	Pba-AGal_020-Ex1
PbA0800107H	Pba-ABir_001-Ex1-7H-lcwgs-1-1	Pba-ABir_001-Ex1
PbA0800107E	Pba-APal_001-Ex1-7E-lcwgs-1-1	Pba-APal_001-Ex1
PbA0800208H	Pba-ABir_002-Ex1-8H-lcwgs-1-1	Pba-ABir_002-Ex1
PbA0800207F	Pba-APal_002-Ex1-7F-lcwgs-1-1	Pba-APal_002-Ex1
PbA0800309H	Pba-ABir_003-Ex1-9H-lcwgs-1-1	Pba-ABir_003-Ex1
PbA0800307G	Pba-APal_003-Ex1-7G-lcwgs-1-1	Pba-APal_003-Ex1
PbA0800410H	Pba-ABir_004-Ex1-10H-lcwgs-1-1	Pba-ABir_004-Ex1
PbA0800407H	Pba-APal_004-Ex1-7H-lcwgs-1-1	Pba-APal_004-Ex1
PbA0800511H	Pba-ABir_005-Ex1-11H-lcwgs-1-1	Pba-ABir_005-Ex1
PbA0800508A	Pba-APal_005-Ex1-8A-lcwgs-1-1	Pba-APal_005-Ex1
PbA0800612H	Pba-ABir_006-Ex1-12H-lcwgs-1-1	Pba-ABir_006-Ex1
PbA0800608B	Pba-APal_006-Ex1-8B-lcwgs-1-1	Pba-APal_006-Ex1
PbA0800705B	Pba-ABir_007-Ex1-5B-lcwgs-1-1	Pba-ABir_007-Ex1
PbA0800708C	Pba-APal_007-Ex1-8C-lcwgs-1-1	Pba-APal_007-Ex1
PbA0800808D	Pba-APal_008-Ex1-8D-lcwgs-1-1	Pba-APal_008-Ex1
PbA0800905D	Pba-ABir_009-Ex1-5D-lcwgs-1-1	Pba-ABir_009-Ex1
PbA0800908E	Pba-APal_009-Ex1-8E-lcwgs-1-1	Pba-APal_009-Ex1
PbA0801005E	Pba-ABir_010-Ex1-5E-lcwgs-1-1	Pba-ABir_010-Ex1
PbA0801008F	Pba-APal_010-Ex1-8F-lcwgs-1-1	Pba-APal_010-Ex1
PbA0801105F	Pba-ABir_011-Ex1-5F-lcwgs-1-1	Pba-ABir_011-Ex1
PbA0801205G	Pba-ABir_012-Ex1-5G-lcwgs-1-1	Pba-ABir_012-Ex1
PbA0801305H	Pba-ABir_013-Ex1-5H-lcwgs-1-1	Pba-ABir_013-Ex1
PbA0801406A	Pba-ABir_014-Ex1-6A-lcwgs-1-1	Pba-ABir_014-Ex1
PbC0100111C	Pba-CVer_001-Ex2-11C-lcwgs-1-1	Pba-CVer_001-Ex2
PbC0100211D	Pba-CVer_002-Ex2-11D-lcwgs-1-1	Pba-CVer_002-Ex2
PbC0100311E	Pba-CVer_003-Ex2-11E-lcwgs-1-1	Pba-CVer_003-Ex2
PbC0100411F	Pba-CVer_004-Ex2-11F-lcwgs-1-1	Pba-CVer_004-Ex2
PbC0100511G	Pba-CVer_005-Ex2-11G-lcwgs-1-1	Pba-CVer_005-Ex2
PbC0100611H	Pba-CVer_006-Ex2-11H-lcwgs-1-1	Pba-CVer_006-Ex2
PbC0100712A	Pba-CVer_007-Ex2-12A-lcwgs-1-1	Pba-CVer_007-Ex2
PbC0100812B	Pba-CVer_008-Ex2-12B-lcwgs-1-1	Pba-CVer_008-Ex2
PbC0101212D	Pba-CVer_012-Ex2-12D-lcwgs-1-1	Pba-CVer_012-Ex2
PbC0102012E	Pba-CVer_020-Ex2-12E-lcwgs-1-1	Pba-CVer_020-Ex2
PbC0102112F	Pba-CVer_021-Ex2-12F-lcwgs-1-1	Pba-CVer_021-Ex2
PbC0102212G	Pba-CVer_022-Ex2-12G-lcwgs-1-1	Pba-CVer_022-Ex2
PbC0102312H	Pba-CVer_023-Ex2-12H-lcwgs-1-1	Pba-CVer_023-Ex2
PbC0102401A	Pba-CVer_024-Ex2-1A-lcwgs-1-1	Pba-CVer_024-Ex2
PbC0103201B	Pba-CVer_032-Ex2-1B-lcwgs-1-1	Pba-CVer_032-Ex2
PbC0103301C	Pba-CVer_033-Ex2-1C-lcwgs-1-1	Pba-CVer_033-Ex2
PbC0103401D	Pba-CVer_034-Ex2-1D-lcwgs-1-1	Pba-CVer_034-Ex2
PbC0103609C	Pba-CVer_036-Ex1-9C-lcwgs-1-1	Pba-CVer_036-Ex1
PbC0103901E	Pba-CVer_039-Ex2-1E-lcwgs-1-1	Pba-CVer_039-Ex2
PbC0104401F	Pba-CVer_044-Ex2-1F-lcwgs-1-1	Pba-CVer_044-Ex2
PbC0104601G	Pba-CVer_046-Ex2-1G-lcwgs-1-1	Pba-CVer_046-Ex2
PbC0104701H	Pba-CVer_047-Ex2-1H-lcwgs-1-1	Pba-CVer_047-Ex2
PbC0104802A	Pba-CVer_048-Ex2-2A-lcwgs-1-1	Pba-CVer_048-Ex2
PbC0104909D	Pba-CVer_049-Ex1-9D-lcwgs-1-1	Pba-CVer_049-Ex1
PbC0105109E	Pba-CVer_051-Ex1-9E-lcwgs-1-1	Pba-CVer_051-Ex1
PbC0105702B	Pba-CVer_057-Ex2-2B-lcwgs-1-1	Pba-CVer_057-Ex2
PbC0105809F	Pba-CVer_058-Ex1-9F-lcwgs-1-1	Pba-CVer_058-Ex1
PbC0105909G	Pba-CVer_059-Ex1-9G-lcwgs-1-1	Pba-CVer_059-Ex1
PbC0106002C	Pba-CVer_060-Ex2-2C-lcwgs-1-1	Pba-CVer_060-Ex2
PbC0106802E	Pba-CVer_068-Ex2-2E-lcwgs-1-1	Pba-CVer_068-Ex2
PbC0106902F	Pba-CVer_069-Ex2-2F-lcwgs-1-1	Pba-CVer_069-Ex2
PbC0107109H	Pba-CVer_071-Ex1-9H-lcwgs-1-1	Pba-CVer_071-Ex1
PbC0107202H	Pba-CVer_072-Ex2-2H-lcwgs-1-1	Pba-CVer_072-Ex2
PbC0107310A	Pba-CVer_073-Ex1-10A-lcwgs-1-1	Pba-CVer_073-Ex1
PbC0107510C	Pba-CVer_075-Ex1-10C-lcwgs-1-1	Pba-CVer_075-Ex1
PbC0107603A	Pba-CVer_076-Ex2-3A-lcwgs-1-1	Pba-CVer_076-Ex2
PbC0108210D	Pba-CVer_082-Ex1-10D-lcwgs-1-1	Pba-CVer_082-Ex1
PbC0108310E	Pba-CVer_083-Ex1-10E-lcwgs-1-1	Pba-CVer_083-Ex1
PbC0108410F	Pba-CVer_084-Ex1-10F-lcwgs-1-1	Pba-CVer_084-Ex1
PbC0108510G	Pba-CVer_085-Ex1-10G-lcwgs-1-1	Pba-CVer_085-Ex1
PbC0109203D	Pba-CVer_092-Ex2-3D-lcwgs-1-1	Pba-CVer_092-Ex2
PbC0109303E	Pba-CVer_093-Ex2-3E-lcwgs-1-1	Pba-CVer_093-Ex2
PbC0109410H	Pba-CVer_094-Ex1-10H-lcwgs-1-1	Pba-CVer_094-Ex1
PbC0109511A	Pba-CVer_095-Ex1-11A-lcwgs-1-1	Pba-CVer_095-Ex1
PbC0109611B	Pba-CVer_096-Ex1-11B-lcwgs-1-1	Pba-CVer_096-Ex1
PbC0200901D	Pba-CTat_009-Ex1-1D-lcwgs-1-1	Pba-CTat_009-Ex1
PbC0201006B	Pba-CTat_010-Ex1-6B-lcwgs-1-1	Pba-CTat_010-Ex1
PbC0201202H	Pba-CTat_012-Ex1-2H-lcwgs-1-1	Pba-CTat_012-Ex1
PbC0201305H	Pba-CTat_013-Ex1-5H-lcwgs-1-1	Pba-CTat_013-Ex1
PbC0201501C	Pba-CTat_015-Ex1-1C-lcwgs-1-1	Pba-CTat_015-Ex1
PbC0201604E	Pba-CTat_016-Ex1-4E-lcwgs-1-1	Pba-CTat_016-Ex1
PbC0201704D	Pba-CTat_017-Ex1-4D-lcwgs-1-1	Pba-CTat_017-Ex1
PbC0201801E	Pba-CTat_018-Ex1-1E-lcwgs-1-1	Pba-CTat_018-Ex1
PbC0201905F	Pba-CTat_019-Ex1-5F-lcwgs-1-1	Pba-CTat_019-Ex1
PbC0202008B	Pba-CTat_020-Ex1-8B-lcwgs-1-1	Pba-CTat_020-Ex1
PbC0202103A	Pba-CTat_021-Ex1-3A-lcwgs-1-1	Pba-CTat_021-Ex1
PbC0202205G	Pba-CTat_022-Ex1-5G-lcwgs-1-1	Pba-CTat_022-Ex1
PbC0202304G	Pba-CTat_023-Ex1-4G-lcwgs-1-1	Pba-CTat_023-Ex1
PbC0202402B	Pba-CTat_024-Ex1-2B-lcwgs-1-1	Pba-CTat_024-Ex1
PbC0202507G	Pba-CTat_025-Ex1-7G-lcwgs-1-1	Pba-CTat_025-Ex1
PbC0202608G	Pba-CTat_026-Ex1-8G-lcwgs-1-1	Pba-CTat_026-Ex1
PbC0202702E	Pba-CTat_027-Ex1-2E-lcwgs-1-1	Pba-CTat_027-Ex1
PbC0202905D	Pba-CTat_029-Ex1-5D-lcwgs-1-1	Pba-CTat_029-Ex1
PbC0203208E	Pba-CTat_032-Ex1-8E-lcwgs-1-1	Pba-CTat_032-Ex1
PbC0203301A	Pba-CTat_033-Ex1-1A-lcwgs-1-1	Pba-CTat_033-Ex1
PbC0203407F	Pba-CTat_034-Ex1-7F-lcwgs-1-1	Pba-CTat_034-Ex1
PbC0203602A	Pba-CTat_036-Ex1-2A-lcwgs-1-1	Pba-CTat_036-Ex1
PbC0203704A	Pba-CTat_037-Ex1-4A-lcwgs-1-1	Pba-CTat_037-Ex1
PbC0203807D	Pba-CTat_038-Ex1-7D-lcwgs-1-1	Pba-CTat_038-Ex1
PbC0203903F	Pba-CTat_039-Ex1-3F-lcwgs-1-1	Pba-CTat_039-Ex1
PbC0204107E	Pba-CTat_041-Ex1-7E-lcwgs-1-1	Pba-CTat_041-Ex1
PbC0204503C	Pba-CTat_045-Ex1-3C-lcwgs-1-1	Pba-CTat_045-Ex1
PbC0204603G	Pba-CTat_046-Ex1-3G-lcwgs-1-1	Pba-CTat_046-Ex1
PbC0204708A	Pba-CTat_047-Ex1-8A-lcwgs-1-1	Pba-CTat_047-Ex1
PbC0204804C	Pba-CTat_048-Ex1-4C-lcwgs-1-1	Pba-CTat_048-Ex1
PbC0204902D	Pba-CTat_049-Ex1-2D-lcwgs-1-1	Pba-CTat_049-Ex1
PbC0205006D	Pba-CTat_050-Ex1-6D-lcwgs-1-1	Pba-CTat_050-Ex1
PbC0205107A	Pba-CTat_051-Ex1-7A-lcwgs-1-1	Pba-CTat_051-Ex1
PbC0205203B	Pba-CTat_052-Ex1-3B-lcwgs-1-1	Pba-CTat_052-Ex1
PbC0205305E	Pba-CTat_053-Ex1-5E-lcwgs-1-1	Pba-CTat_053-Ex1
PbC0205406E	Pba-CTat_054-Ex1-6E-lcwgs-1-1	Pba-CTat_054-Ex1
PbC0205502F	Pba-CTat_055-Ex1-2F-lcwgs-1-1	Pba-CTat_055-Ex1
PbC0205608C	Pba-CTat_056-Ex1-8C-lcwgs-1-1	Pba-CTat_056-Ex1
PbC0205801H	Pba-CTat_058-Ex1-1H-lcwgs-1-1	Pba-CTat_058-Ex1
PbC0205908H	Pba-CTat_059-Ex1-8H-lcwgs-1-1	Pba-CTat_059-Ex1
PbC0206006F	Pba-CTat_060-Ex1-6F-lcwgs-1-1	Pba-CTat_060-Ex1
PbC0206102C	Pba-CTat_061-Ex1-2C-lcwgs-1-1	Pba-CTat_061-Ex1
PbC0206207C	Pba-CTat_062-Ex1-7C-lcwgs-1-1	Pba-CTat_062-Ex1
PbC0206308D	Pba-CTat_063-Ex1-8D-lcwgs-1-1	Pba-CTat_063-Ex1
PbC0206401G	Pba-CTat_064-Ex1-1G-lcwgs-1-1	Pba-CTat_064-Ex1
PbC0206506G	Pba-CTat_065-Ex1-6G-lcwgs-1-1	Pba-CTat_065-Ex1
PbC0206904H	Pba-CTat_069-Ex1-4H-lcwgs-1-1	Pba-CTat_069-Ex1
PbC0207204F	Pba-CTat_072-Ex1-4F-lcwgs-1-1	Pba-CTat_072-Ex1
PbC0207303D	Pba-CTat_073-Ex1-3D-lcwgs-1-1	Pba-CTat_073-Ex1
PbC0207407B	Pba-CTat_074-Ex1-7B-lcwgs-1-1	Pba-CTat_074-Ex1
PbC0207506A	Pba-CTat_075-Ex1-6A-lcwgs-1-1	Pba-CTat_075-Ex1
PbC0207705B	Pba-CTat_077-Ex1-5B-lcwgs-1-1	Pba-CTat_077-Ex1
PbC0207805A	Pba-CTat_078-Ex1-5A-lcwgs-1-1	Pba-CTat_078-Ex1
PbC0208202G	Pba-CTat_082-Ex1-2G-lcwgs-1-1	Pba-CTat_082-Ex1
PbC0208304B	Pba-CTat_083-Ex1-4B-lcwgs-1-1	Pba-CTat_083-Ex1
PbC0208406H	Pba-CTat_084-Ex1-6H-lcwgs-1-1	Pba-CTat_084-Ex1
PbC0208501F	Pba-CTat_085-Ex1-1F-lcwgs-1-1	Pba-CTat_085-Ex1
PbC0208608F	Pba-CTat_086-Ex1-8F-lcwgs-1-1	Pba-CTat_086-Ex1
PbC0208705C	Pba-CTat_087-Ex1-5C-lcwgs-1-1	Pba-CTat_087-Ex1
PbC0208803E	Pba-CTat_088-Ex1-3E-lcwgs-1-1	Pba-CTat_088-Ex1
PbC0209203H	Pba-CTat_092-Ex1-3H-lcwgs-1-1	Pba-CTat_092-Ex1
PbC0209307H	Pba-CTat_093-Ex1-7H-lcwgs-1-1	Pba-CTat_093-Ex1
PbC0209401B	Pba-CTat_094-Ex1-1B-lcwgs-1-1	Pba-CTat_094-Ex1
PbC0209506C	Pba-CTat_095-Ex1-6C-lcwgs-1-1	Pba-CTat_095-Ex1
PbC1000307C	Pba-CCab_003-Ex1-7C-lcwgs-1-1	Pba-CCab_003-Ex1
PbC1000609C	Pba-CCab_006-Ex1-9C-lcwgs-1-1	Pba-CCab_006-Ex1
PbC1000906A	Pba-CCab_009-Ex1-6A-lcwgs-1-1	Pba-CCab_009-Ex1
PbC1001209A	Pba-CCab_012-Ex1-9A-lcwgs-1-1	Pba-CCab_012-Ex1
PbC1001604C	Pba-CCab_016-Ex1-4C-lcwgs-1-1	Pba-CCab_016-Ex1
PbC1001905B	Pba-CCab_019-Ex1-5B-lcwgs-1-1	Pba-CCab_019-Ex1
PbC1002006C	Pba-CCab_020-Ex1-6C-lcwgs-1-1	Pba-CCab_020-Ex1
PbC1002112C	Pba-CCab_021-Ex1-12C-lcwgs-1-1	Pba-CCab_021-Ex1
PbC1002306B	Pba-CCab_023-Ex1-6B-lcwgs-1-1	Pba-CCab_023-Ex1
PbC1002404B	Pba-CCab_024-Ex1-4B-lcwgs-1-1	Pba-CCab_024-Ex1
PbC1002603C	Pba-CCab_026-Ex1-3C-lcwgs-1-1	Pba-CCab_026-Ex1
PbC1002701D	Pba-CCab_027-Ex1-1D-lcwgs-1-1	Pba-CCab_027-Ex1
PbC1002810C	Pba-CCab_028-Ex1-10C-lcwgs-1-1	Pba-CCab_028-Ex1
PbC1002901A	Pba-CCab_029-Ex1-1A-lcwgs-1-1	Pba-CCab_029-Ex1
PbC1003002C	Pba-CCab_030-Ex1-2C-lcwgs-1-1	Pba-CCab_030-Ex1
PbC1003202B	Pba-CCab_032-Ex1-2B-lcwgs-1-1	Pba-CCab_032-Ex1
PbC1003311B	Pba-CCab_033-Ex1-11B-lcwgs-1-1	Pba-CCab_033-Ex1
PbC1003701C	Pba-CCab_037-Ex1-1C-lcwgs-1-1	Pba-CCab_037-Ex1
PbC1003909B	Pba-CCab_039-Ex1-9B-lcwgs-1-1	Pba-CCab_039-Ex1
PbC1004108C	Pba-CCab_041-Ex1-8C-lcwgs-1-1	Pba-CCab_041-Ex1
PbC1004212B	Pba-CCab_042-Ex1-12B-lcwgs-1-1	Pba-CCab_042-Ex1
PbC1004311C	Pba-CCab_043-Ex1-11C-lcwgs-1-1	Pba-CCab_043-Ex1
PbC1004408B	Pba-CCab_044-Ex1-8B-lcwgs-1-1	Pba-CCab_044-Ex1
PbC1004503B	Pba-CCab_045-Ex1-3B-lcwgs-1-1	Pba-CCab_045-Ex1
PbC1004708A	Pba-CCab_047-Ex1-8A-lcwgs-1-1	Pba-CCab_047-Ex1
PbC1004907A	Pba-CCab_049-Ex1-7A-lcwgs-1-1	Pba-CCab_049-Ex1
PbC1005010A	Pba-CCab_050-Ex1-10A-lcwgs-1-1	Pba-CCab_050-Ex1
PbC1005112A	Pba-CCab_051-Ex1-12A-lcwgs-1-1	Pba-CCab_051-Ex1
PbC1005210B	Pba-CCab_052-Ex1-10B-lcwgs-1-1	Pba-CCab_052-Ex1
PbC1005307B	Pba-CCab_053-Ex1-7B-lcwgs-1-1	Pba-CCab_053-Ex1
PbC1005405A	Pba-CCab_054-Ex1-5A-lcwgs-1-1	Pba-CCab_054-Ex1
PbC1005602A	Pba-CCab_056-Ex1-2A-lcwgs-1-1	Pba-CCab_056-Ex1
PbC1006003A	Pba-CCab_060-Ex1-3A-lcwgs-1-1	Pba-CCab_060-Ex1
PbC1006205C	Pba-CCab_062-Ex1-5C-lcwgs-1-1	Pba-CCab_062-Ex1
PbC1006311A	Pba-CCab_063-Ex1-11A-lcwgs-1-1	Pba-CCab_063-Ex1
PbC1006401B	Pba-CCab_064-Ex1-1B-lcwgs-1-1	Pba-CCab_064-Ex1
PbC1006604A	Pba-CCab_066-Ex1-4A-lcwgs-1-1	Pba-CCab_066-Ex1
PbC1006608B	Pba-CCab_066-Ex1-8B-lcwgs-1-1	Pba-CCab_097-Ex1
PbC1006708C	Pba-CCab_067-Ex1-8C-lcwgs-1-1	Pba-CCab_067-Ex1
PbC1006808D	Pba-CCab_068-Ex1-8D-lcwgs-1-1	Pba-CCab_068-Ex1
PbC1006908E	Pba-CCab_069-Ex1-8E-lcwgs-1-1	Pba-CCab_069-Ex1
PbC1007008F	Pba-CCab_070-Ex1-8F-lcwgs-1-1	Pba-CCab_070-Ex1
PbC1007108G	Pba-CCab_071-Ex1-8G-lcwgs-1-1	Pba-CCab_071-Ex1
PbC1007208H	Pba-CCab_072-Ex1-8H-lcwgs-1-1	Pba-CCab_072-Ex1
PbC1007309A	Pba-CCab_073-Ex1-9A-lcwgs-1-1	Pba-CCab_073-Ex1
PbC1007409B	Pba-CCab_074-Ex1-9B-lcwgs-1-1	Pba-CCab_074-Ex1
PbC1007509C	Pba-CCab_075-Ex1-9C-lcwgs-1-1	Pba-CCab_075-Ex1
PbC1007609D	Pba-CCab_076-Ex1-9D-lcwgs-1-1	Pba-CCab_076-Ex1
PbC1007709E	Pba-CCab_077-Ex1-9E-lcwgs-1-1	Pba-CCab_077-Ex1
PbC1007809F	Pba-CCab_078-Ex1-9F-lcwgs-1-1	Pba-CCab_078-Ex1
PbC1007909G	Pba-CCab_079-Ex1-9G-lcwgs-1-1	Pba-CCab_079-Ex1
PbC1008009H	Pba-CCab_080-Ex1-9H-lcwgs-1-1	Pba-CCab_080-Ex1
PbC1008110A	Pba-CCab_081-Ex1-10A-lcwgs-1-1	Pba-CCab_081-Ex1
PbC1008210B	Pba-CCab_082-Ex1-10B-lcwgs-1-1	Pba-CCab_082-Ex1
PbC1008310C	Pba-CCab_083-Ex1-10C-lcwgs-1-1	Pba-CCab_083-Ex1
PbC1008410D	Pba-CCab_084-Ex1-10D-lcwgs-1-1	Pba-CCab_084-Ex1
PbC1008510E	Pba-CCab_085-Ex1-10E-lcwgs-1-1	Pba-CCab_085-Ex1
PbC1008610F	Pba-CCab_086-Ex1-10F-lcwgs-1-1	Pba-CCab_086-Ex1
PbC1008710G	Pba-CCab_087-Ex1-10G-lcwgs-1-1	Pba-CCab_087-Ex1
PbC1008810H	Pba-CCab_088-Ex1-10H-lcwgs-1-1	Pba-CCab_088-Ex1
PbC1008911A	Pba-CCab_089-Ex1-11A-lcwgs-1-1	Pba-CCab_089-Ex1
PbC1009011B	Pba-CCab_090-Ex1-11B-lcwgs-1-1	Pba-CCab_090-Ex1
PbC1009111C	Pba-CCab_091-Ex1-11C-lcwgs-1-1	Pba-CCab_091-Ex1
PbC1009211D	Pba-CCab_092-Ex1-11D-lcwgs-1-1	Pba-CCab_092-Ex1
PbC1009311E	Pba-CCab_093-Ex1-11E-lcwgs-1-1	Pba-CCab_093-Ex1
PbC1009411F	Pba-CCab_094-Ex1-11F-lcwgs-1-1	Pba-CCab_094-Ex1
PbC1009511G	Pba-CCab_095-Ex1-11G-lcwgs-1-1	Pba-CCab_095-Ex1
PbC1009611H	Pba-CCab_096-Ex1-11H-lcwgs-1-1	Pba-CCab_096-Ex1
PbC1100105A	Pba-CMas_001-Ex1-5A-lcwgs-1-1	Pba-CMas_001-Ex1
PbC1100205B	Pba-CMas_002-Ex1-5B-lcwgs-1-1	Pba-CMas_002-Ex1
PbC1100305C	Pba-CMas_003-Ex1-5C-lcwgs-1-1	Pba-CMas_003-Ex1
PbC1100405D	Pba-CMas_004-Ex1-5D-lcwgs-1-1	Pba-CMas_004-Ex1
PbC1100505E	Pba-CMas_005-Ex1-5E-lcwgs-1-1	Pba-CMas_005-Ex1
PbC1100605F	Pba-CMas_006-Ex1-5F-lcwgs-1-1	Pba-CMas_006-Ex1
PbC1100705G	Pba-CMas_007-Ex1-5G-lcwgs-1-1	Pba-CMas_007-Ex1
PbC1100805H	Pba-CMas_008-Ex1-5H-lcwgs-1-1	Pba-CMas_008-Ex1
PbC1100906A	Pba-CMas_009-Ex1-6A-lcwgs-1-1	Pba-CMas_009-Ex1
PbC1101006B	Pba-CMas_010-Ex1-6B-lcwgs-1-1	Pba-CMas_010-Ex1
PbC1101106C	Pba-CMas_011-Ex1-6C-lcwgs-1-1	Pba-CMas_011-Ex1
PbC1101206D	Pba-CMas_012-Ex1-6D-lcwgs-1-1	Pba-CMas_012-Ex1
PbC1101306E	Pba-CMas_013-Ex1-6E-lcwgs-1-1	Pba-CMas_013-Ex1
PbC1101406F	Pba-CMas_014-Ex1-6F-lcwgs-1-1	Pba-CMas_014-Ex1
PbC1101506G	Pba-CMas_015-Ex1-6G-lcwgs-1-1	Pba-CMas_015-Ex1
PbC1101606H	Pba-CMas_016-Ex1-6H-lcwgs-1-1	Pba-CMas_016-Ex1
PbC1101707A	Pba-CMas_017-Ex1-7A-lcwgs-1-1	Pba-CMas_017-Ex1
PbC1101807B	Pba-CMas_018-Ex1-7B-lcwgs-1-1	Pba-CMas_018-Ex1
PbC1101907C	Pba-CMas_019-Ex1-7C-lcwgs-1-1	Pba-CMas_019-Ex1
PbC1102007D	Pba-CMas_020-Ex1-7D-lcwgs-1-1	Pba-CMas_020-Ex1
PbC1102107E	Pba-CMas_021-Ex1-7E-lcwgs-1-1	Pba-CMas_021-Ex1
PbC1102207F	Pba-CMas_022-Ex1-7F-lcwgs-1-1	Pba-CMas_022-Ex1
PbC1102307G	Pba-CMas_023-Ex1-7G-lcwgs-1-1	Pba-CMas_023-Ex1
PbC1102407H	Pba-CMas_024-Ex1-7H-lcwgs-1-1	Pba-CMas_024-Ex1
PbC1102508A	Pba-CMas_025-Ex1-8A-lcwgs-1-1	Pba-CMas_025-Ex1
AbC0205109C	Abu-CPnd_051_Ex1-9C-ssl	Abu-CPnd_051-Ex1
AbC0205109D	Abu-CPnd_051_Ex1-9D-ssl	Abu-CPnd_051-Ex1
AbC0205109E	Abu-CPnd_051_Ex1-9E-ssl	Abu-CPnd_051-Ex1
CvC0107901A	Cvi-CPal_079-Ex1-1A-ssl-1-1	Cvi-CPal_079-Ex1
CvC0107901B	Cvi-CPal_079-Ex1-1B-ssl-1-1	Cvi-CPal_079-Ex1
CvC0107901C	Cvi-CPal_079-Ex1-1C-ssl-1-1	Cvi-CPal_079-Ex1
DaC0700307A	Dar-CJol_003-Ex1-7A-ssl-1-1	Dar-CJol_003-Ex1
DaC0700308A	Dar-CJol_003-Ex1-8A-ssl-1-1	Dar-CJol_003-Ex1
DaC0700309A	Dar-CJol_003-Ex1-9A-ssl-1-1	Dar-CJol_003-Ex1
EpC010431B	Eps-CBai_043_Ex1-1B	Eps-CBai_043-Ex1
EpC010432A	Eps-CBai_043_Ex1-2A	Eps-CBai_043-Ex1
EpC010432H	Eps-CBai_043_Ex1-2H	Eps-CBai_043-Ex1
ChC050011A	Cha-CPnd_001_Ex1-1A	Cha-CPnd_001-Ex1
ChC050011H	Cha-CPnd_001_Ex1-1H	Cha-CPnd_001-Ex1
ChC050012G	Cha-CPnd_001_Ex1-2G	Cha-CPnd_001-Ex1
GmC050011C	Gma-CRag_001-Ex1-11C-ssl-1-1	Gma-CRag_001-Ex1
GmC050012B	Gma-CRag_001-Ex1-12B-ssl-1-1	Gma-CRag_001-Ex1
GmC050013A	Gma-CRag_001-Ex1-13A-ssl-1-1	Gma-CRag_001-Ex1
PbC0700801A	Pbb-CGal_008-Ex1-1A-ssl-1-1	Pbb-CGal_008-Ex1
PbC0700803A	Pbb-CGal_008-Ex1-3A-ssl-1-1	Pbb-CGal_008-Ex1
PsC0700504A	Psq-CGal_005-Ex1-4A-ssl-1-1	Psq-CGal_005-Ex1
PsC0700505A	Psq-CGal_005-Ex1-5A-ssl-1-1	Psq-CGal_005-Ex1
PsC0700506A	Psq-CGal_005-Ex1-5A-ssl-1-2	Psq-CGal_005-Ex1
SfC0703710A	Sfu-CBai_037-Ex1-10A-ssl-1-1	Sfu-CBai_037-Ex1
SfC0703711A	Sfu-CBai_037-Ex1-11A-ssl-1-1	Sfu-CBai_037-Ex1
SfC0703712A	Sfu-CBai_037-Ex1-12A-ssl-1-1	Sfu-CBai_037-Ex1
TcC0700602B	Tcr-CJol_006-Ex1-2B-ssl-1-1	Tcr-CJol_006-Ex1
TcC0700602C	Tcr-CJol_006-Ex1-2C-ssl-1-1	Tcr-CJol_006-Ex1
OcC050011D	Och_CTum_001_Ex1-1D	Och-CTum_001-Ex1
OcC050012C	Och_CTum_001_Ex1-2C	Och-CTum_001-Ex1
OcC050013B	Och_CTum_001_Ex1-3B	Och-CTum_001-Ex1
PbC050011E	Pba-CTat_001_Ex1-1E	Pba-CTat_001-Ex1
PbC050012D	Pba-CTat_001_Ex1-2D	Pba-CTat_001-Ex1
PbC050013C	Pba-CTat_001_Ex1-3C	Pba-CTat_001-Ex1
PpC050011F	Ppa-CPnd_001_Ex1-1F	Ppa-CPnd_001-Ex1
PpC050012E	Ppa-CPnd_001_Ex1-2E	Ppa-CPnd_001-Ex1
PpC050013D	Ppa-CPnd_001_Ex1-3D	Ppa-CPnd_001-Ex1
SdC0106107A	Sde-C01_061-Ex1-7A-ssl-1-1	Sde-CMat_061-Ex1
SdC0106108A	Sde-C01_061-Ex1-8A-ssl-1-1	Sde-CMat_061-Ex1
SdC0106109A	Sde-C01_061-Ex1-9A-ssl-1-1	Sde-CMat_061-Ex1
SiC050011G	Sin-CPnd_001_Ex1-1G	Sin-CPnd_001-Ex1
SiC050012F	Sin-CPnd_001_Ex1-2F	Sin-CPnd_001-Ex1
SiC050013E	Sin-CPnd_001_Ex1-3E	Sin-CPnd_001-Ex1
SnC010513F	Sne-CTaw_051_Ex1-3F	Sne-CTaw_051-Ex1
SnC010513G	Sne-CTaw_051_Ex1-3G	Sne-CTaw_051-Ex1
SnC010513H	Sne-CTaw_051_Ex13H	Sne-CTaw_051-Ex1
SoC0301809F	Sob-CKal_018_Ex2-9F-ssl	Sob-CKal_018-Ex2
SoC0301809G	Sob-CKal_018_Ex2-9G-ssl	Sob-CKal_018-Ex2
SoC0301809H	Sob-CKal_018_Ex2-9H-ssl	Sob-CKal_018-Ex2
PsA0102703C	Psq-AGal_027-Ex1-3C-lcwgs-1-2	Psq-AGal_027-Ex1
PsA0103006C	Psq-AGal_030-Ex1-6C-lcwgs-1-2	Psq-AGal_030-Ex1
PsA0103107C	Psq-AGal_031-Ex1-7C-lcwgs-1-2	Psq-AGal_031-Ex1
PsA0103309C	Psq-AGal_033-Ex1-9C-lcwgs-1-2	Psq-AGal_033-Ex1
PsA0103802D	Psq-AGal_038-Ex1-2D-lcwgs-1-2	Psq-AGal_038-Ex1
PsA0103903D	Psq-AGal_039-Ex1-3D-lcwgs-1-2	Psq-AGal_039-Ex1
PsA0104004D	Psq-AGal_040-Ex1-4D-lcwgs-1-2	Psq-AGal_040-Ex1
PsA0104105D	Psq-AGal_041-Ex1-5D-lcwgs-1-2	Psq-AGal_041-Ex1
PsA0104206D	Psq-AGal_042-Ex1-6D-lcwgs-1-2	Psq-AGal_042-Ex1
PsA0104610D	Psq-AGal_046-Ex1-10D-lcwgs-1-2	Psq-AGal_046-Ex1
PsA0104812D	Psq-AGal_048-Ex1-12D-lcwgs-1-2	Psq-AGal_048-Ex1
PsA0105002E	Psq-AGal_050-Ex1-2E-lcwgs-1-2	Psq-AGal_050-Ex1
PsA0105103E	Psq-AGal_051-Ex1-3E-lcwgs-1-2	Psq-AGal_051-Ex1
PsA0105204E	Psq-AGal_052-Ex1-4E-lcwgs-1-2	Psq-AGal_052-Ex1
PsA0105305E	Psq-AGal_053-Ex1-5E-lcwgs-1-2	Psq-AGal_053-Ex1
PsA0105406E	Psq-AGal_054-Ex1-6E-lcwgs-1-2	Psq-AGal_054-Ex1
PsA0105608E	Psq-AGal_056-Ex1-8E-lcwgs-1-2	Psq-AGal_056-Ex1
PsA0105709E	Psq-AGal_057-Ex1-9E-lcwgs-1-2	Psq-AGal_057-Ex1
PsA0105911E	Psq-AGal_059-Ex1-11E-lcwgs-1-2	Psq-AGal_059-Ex1
PsA0106012E	Psq-AGal_060-Ex1-12E-lcwgs-1-2	Psq-AGal_060-Ex1
PsA0106101F	Psq-AGal_061-Ex1-1F-lcwgs-1-2	Psq-AGal_061-Ex1
PsA0106202F	Psq-AGal_062-Ex1-2F-lcwgs-1-2	Psq-AGal_062-Ex1
PsA0106303F	Psq-AGal_063-Ex1-3F-lcwgs-1-2	Psq-AGal_063-Ex1
PsA0106404F	Psq-AGal_064-Ex1-4F-lcwgs-1-2	Psq-AGal_064-Ex1
PsA0106505F	Psq-AGal_065-Ex1-5F-lcwgs-1-2	Psq-AGal_065-Ex1
PsA0106606F	Psq-AGal_066-Ex1-6F-lcwgs-1-2	Psq-AGal_066-Ex1
PsA0106707F	Psq-AGal_067-Ex1-7F-lcwgs-1-2	Psq-AGal_067-Ex1
PsA0106808F	Psq-AGal_068-Ex1-8F-lcwgs-1-2	Psq-AGal_068-Ex1
PsA0106909F	Psq-AGal_069-Ex1-9F-lcwgs-1-2	Psq-AGal_069-Ex1
PsA0107010F	Psq-AGal_070-Ex1-10F-lcwgs-1-2	Psq-AGal_070-Ex1
PsA0107111F	Psq-AGal_071-Ex1-11F-lcwgs-1-2	Psq-AGal_071-Ex1
PsA0107212F	Psq-AGal_072-Ex1-12F-lcwgs-1-2	Psq-AGal_072-Ex1
PsA0107402G	Psq-AGal_074-Ex1-2G-lcwgs-1-2	Psq-AGal_074-Ex1
PsA0107503G	Psq-AGal_075-Ex1-3G-lcwgs-1-2	Psq-AGal_075-Ex1
PsA0107705G	Psq-AGal_077-Ex1-5G-lcwgs-1-2	Psq-AGal_077-Ex1
PsA0107806G	Psq-AGal_078-Ex1-6G-lcwgs-1-2	Psq-AGal_078-Ex1
PsA0107907G	Psq-AGal_079-Ex1-7G-lcwgs-1-2	Psq-AGal_079-Ex1
PsA0108109G	Psq-AGal_081-Ex1-9G-lcwgs-1-2	Psq-AGal_081-Ex1
PsA0108311G	Psq-AGal_083-Ex1-11G-lcwgs-1-2	Psq-AGal_083-Ex1
PsA0108412G	Psq-AGal_084-Ex1-12G-lcwgs-1-2	Psq-AGal_084-Ex1
PsA0108602H	Psq-AGal_086-Ex1-2H-lcwgs-1-2	Psq-AGal_086-Ex1
PsA0108703H	Psq-AGal_087-Ex1-3H-lcwgs-1-2	Psq-AGal_087-Ex1
PsA0108905H	Psq-AGal_089-Ex1-5H-lcwgs-1-2	Psq-AGal_089-Ex1
PsA0109006H	Psq-AGal_090-Ex1-6H-lcwgs-1-2	Psq-AGal_090-Ex1
PsA0109208H	Psq-AGal_092-Ex1-8H-lcwgs-1-2	Psq-AGal_092-Ex1
PsA0109309H	Psq-AGal_093-Ex1-9H-lcwgs-1-2	Psq-AGal_093-Ex1
PsA0109511H	Psq-AGal_095-Ex1-11H-lcwgs-1-2	Psq-AGal_095-Ex1
PsA0109612H	Psq-AGal_096-Ex1-12H-lcwgs-1-2	Psq-AGal_096-Ex1
PsC0107009A	Psq-CVer_070-Ex1-9A-lcwgs-1-2	Psq-CVer_070-Ex1
PsC0105509D	Psq-CVer_055-Ex1-9D-lcwgs-1-2	Psq-CVer_055-Ex1
PsC0102109E	Psq-CVer_021-Ex1-9E-lcwgs-1-2	Psq-CVer_021-Ex1
PsC0107609G	Psq-CVer_076-Ex1-9G-lcwgs-1-2	Psq-CVer_076-Ex1
PsC0103409H	Psq-CVer_034-Ex1-9H-lcwgs-1-2	Psq-CVer_034-Ex1
PsC0101010A	Psq-CVer_010-Ex1-10A-lcwgs-1-2	Psq-CVer_010-Ex1
PsC0102310D	Psq-CVer_023-Ex1-10D-lcwgs-1-2	Psq-CVer_023-Ex1
PsC0104510E	Psq-CVer_045-Ex1-10E-lcwgs-1-2	Psq-CVer_045-Ex1
PsC0102410H	Psq-CVer_024-Ex1-10H-lcwgs-1-2	Psq-CVer_024-Ex1
PsC0105611A	Psq-CVer_056-Ex1-11A-lcwgs-1-2	Psq-CVer_056-Ex1
PsC0108011B	Psq-CVer_080-Ex1-11B-lcwgs-1-2	Psq-CVer_080-Ex1
PsC0103311C	Psq-CVer_033-Ex1-11C-lcwgs-1-2	Psq-CVer_033-Ex1
PsC0108511E	Psq-CVer_085-Ex1-11E-lcwgs-1-2	Psq-CVer_085-Ex1
PsC0104712A	Psq-CVer_047-Ex1-12A-lcwgs-1-2	Psq-CVer_047-Ex1
PsC0107512C	Psq-CVer_075-Ex1-12C-lcwgs-1-2	Psq-CVer_075-Ex1
PsC0107212D	Psq-CVer_072-Ex1-12D-lcwgs-1-2	Psq-CVer_072-Ex1
PsC0108312E	Psq-CVer_083-Ex1-12E-lcwgs-1-2	Psq-CVer_083-Ex1
PsC0108212G	Psq-CVer_082-Ex1-12G-lcwgs-1-2	Psq-CVer_082-Ex1
PsC0103912H	Psq-CVer_039-Ex1-12H-lcwgs-1-2	Psq-CVer_039-Ex1
PsC0101501A	Psq-CVer_015-Ex1-1A-lcwgs-1-2	Psq-CVer_015-Ex1
PsC0106201B	Psq-CVer_062-Ex1-1B-lcwgs-1-2	Psq-CVer_062-Ex1
PsC0105301C	Psq-CVer_053-Ex1-1C-lcwgs-1-2	Psq-CVer_053-Ex1
PsC0106101D	Psq-CVer_061-Ex1-1D-lcwgs-1-2	Psq-CVer_061-Ex1
PsC0106401E	Psq-CVer_064-Ex1-1E-lcwgs-1-2	Psq-CVer_064-Ex1
PsC0102801F	Psq-CVer_028-Ex1-1F-lcwgs-1-2	Psq-CVer_028-Ex1
PsC0105001G	Psq-CVer_050-Ex1-1G-lcwgs-1-2	Psq-CVer_050-Ex1
PsC0105401H	Psq-CVer_054-Ex1-1H-lcwgs-1-2	Psq-CVer_054-Ex1
PsC0108902A	Psq-CVer_089-Ex1-2A-lcwgs-1-2	Psq-CVer_089-Ex1
PsC0102502B	Psq-CVer_025-Ex1-2B-lcwgs-1-2	Psq-CVer_025-Ex1
PsC0106302C	Psq-CVer_063-Ex1-2C-lcwgs-1-2	Psq-CVer_063-Ex1
PsC0104102D	Psq-CVer_041-Ex1-2D-lcwgs-1-2	Psq-CVer_041-Ex1
PsC0108102E	Psq-CVer_081-Ex1-2E-lcwgs-1-2	Psq-CVer_081-Ex1
PsC0106802F	Psq-CVer_068-Ex1-2F-lcwgs-1-2	Psq-CVer_068-Ex1
PsC0102903A	Psq-CVer_029-Ex1-3A-lcwgs-1-2	Psq-CVer_029-Ex1
PsC0107303B	Psq-CVer_073-Ex1-3B-lcwgs-1-2	Psq-CVer_073-Ex1
PsC0102703C	Psq-CVer_027-Ex1-3C-lcwgs-1-2	Psq-CVer_027-Ex1
PsC0103103D	Psq-CVer_031-Ex1-3D-lcwgs-1-2	Psq-CVer_031-Ex1
PsC0108803E	Psq-CVer_088-Ex1-3E-lcwgs-1-2	Psq-CVer_088-Ex1
PsC0109003F	Psq-CVer_090-Ex1-3F-lcwgs-1-2	Psq-CVer_090-Ex1
PsC0108603G	Psq-CVer_086-Ex1-3G-lcwgs-1-2	Psq-CVer_086-Ex1
PsC0103803H	Psq-CVer_038-Ex1-3H-lcwgs-1-2	Psq-CVer_038-Ex1
PsC0106504A	Psq-CVer_065-Ex1-4A-lcwgs-1-2	Psq-CVer_065-Ex1
PsC0107904B	Psq-CVer_079-Ex1-4B-lcwgs-1-2	Psq-CVer_079-Ex1
PsC0107704C	Psq-CVer_077-Ex1-4C-lcwgs-1-2	Psq-CVer_077-Ex1
PsC0106604D	Psq-CVer_066-Ex1-4D-lcwgs-1-2	Psq-CVer_066-Ex1
PsC0107404E	Psq-CVer_074-Ex1-4E-lcwgs-1-2	Psq-CVer_074-Ex1
PsC0108704G	Psq-CVer_087-Ex1-4G-lcwgs-1-2	Psq-CVer_087-Ex1
PsC0107804H	Psq-CVer_078-Ex1-4H-lcwgs-1-2	Psq-CVer_078-Ex1
PsC0107009A	Psq-CVer_070_Ex1-9A-lcwgs-1-1	Psq-CVer_070-Ex1
PsC0104309B	Psq-CVer_043_Ex1-9B-lcwgs-1-1	Psq-CVer_043-Ex1
PsC0101809C	Psq-CVer_018_Ex1-9C-lcwgs-1-1	Psq-CVer_018-Ex1
PsC0105509D	Psq-CVer_055_Ex1-9D-lcwgs-1-1	Psq-CVer_055-Ex1
PsC0105209F	Psq-CVer_052_Ex1-9F-lcwgs-1-1	Psq-CVer_052-Ex1
PsC0102109E	Psq-CVer_021_Ex1-9E-lcwgs-1-1	Psq-CVer_021-Ex1
PsC0107609G	Psq-CVer_076_Ex1-9G-lcwgs-1-1	Psq-CVer_076-Ex1
PsC0103409H	Psq-CVer_034_Ex1-9H-lcwgs-1-1	Psq-CVer_034-Ex1
PsC0101010A	Psq-CVer_010_Ex1-10A-lcwgs-1-1	Psq-CVer_010-Ex1
PsC0103210B	Psq-CVer_032_Ex1-10B-lcwgs-1-1	Psq-CVer_032-Ex1
PsC0101210C	Psq-CVer_012_Ex1-10C-lcwgs-1-1	Psq-CVer_012-Ex1
PsC0102310D	Psq-CVer_023_Ex1-10D-lcwgs-1-1	Psq-CVer_023-Ex1
PsC0104910F	Psq-CVer_049_Ex1-10F-lcwgs-1-1	Psq-CVer_049-Ex1
PsC0104510E	Psq-CVer_045_Ex1-10E-lcwgs-1-1	Psq-CVer_045-Ex1
PsC0105710G	Psq-CVer_057_Ex1-10G-lcwgs-1-1	Psq-CVer_057-Ex1
PsC0102410H	Psq-CVer_024_Ex1-10H-lcwgs-1-1	Psq-CVer_024-Ex1
PsC0105611A	Psq-CVer_056_Ex1-11A-lcwgs-1-1	Psq-CVer_056-Ex1
PsC0108011B	Psq-CVer_080_Ex1-11B-lcwgs-1-1	Psq-CVer_080-Ex1
PsC0103311C	Psq-CVer_033_Ex1-11C-lcwgs-1-1	Psq-CVer_033-Ex1
PsC0105111D	Psq-CVer_051_Ex1-11D-lcwgs-1-1	Psq-CVer_051-Ex1
PsC0104811F	Psq-CVer_048_Ex1-11F-lcwgs-1-1	Psq-CVer_048-Ex1
PsC0108511E	Psq-CVer_085_Ex1-11E-lcwgs-1-1	Psq-CVer_085-Ex1
PsC0106711G	Psq-CVer_067_Ex1-11G-lcwgs-1-1	Psq-CVer_067-Ex1
PsC0103011H	Psq-CVer_030_Ex1-11H-lcwgs-1-1	Psq-CVer_030-Ex1
PsC0104712A	Psq-CVer_047_Ex1-12A-lcwgs-1-1	Psq-CVer_047-Ex1
PsC0103712B	Psq-CVer_037_Ex1-12B-lcwgs-1-1	Psq-CVer_037-Ex1
PsC0107512C	Psq-CVer_075_Ex1-12C-lcwgs-1-1	Psq-CVer_075-Ex1
PsC0107212D	Psq-CVer_072_Ex1-12D-lcwgs-1-1	Psq-CVer_072-Ex1
PsC0103612F	Psq-CVer_036_Ex1-12F-lcwgs-1-1	Psq-CVer_036-Ex1
PsC0108312E	Psq-CVer_083_Ex1-12E-lcwgs-1-1	Psq-CVer_083-Ex1
PsC0108212G	Psq-CVer_082_Ex1-12G-lcwgs-1-1	Psq-CVer_082-Ex1
PsC0103912H	Psq-CVer_039_Ex1-12H-lcwgs-1-1	Psq-CVer_039-Ex1
PsA0102501C	Psq-AGal_025_E1-1C-lcwgs-1-1	Psq-AGal_025-Ex1
PsA0103701D	Psq-AGal_037_E1-1D-lcwgs-1-1	Psq-AGal_037-Ex1
PsA0104901E	Psq-AGal_049_E1-1E-lcwgs-1-1	Psq-AGal_049-Ex1
PsA0106101F	Psq-AGal_061_E1-1F-lcwgs-1-1	Psq-AGal_061-Ex1
PsA0107301G	Psq-AGal_073_E1-1G-lcwgs-1-1	Psq-AGal_073-Ex1
PsA0101402B	Psq-AGal_014_E1-2B-lcwgs-1-1	Psq-AGal_014-Ex1
PsA0102602C	Psq-AGal_026_E1-2C-lcwgs-1-1	Psq-AGal_026-Ex1
PsA0103802D	Psq-AGal_038_E1-2D-lcwgs-1-1	Psq-AGal_038-Ex1
PsA0105002E	Psq-AGal_050_E1-2E-lcwgs-1-1	Psq-AGal_050-Ex1
PsA0106202F	Psq-AGal_062_E1-2F-lcwgs-1-1	Psq-AGal_062-Ex1
PsA0107402G	Psq-AGal_074_E1-2G-lcwgs-1-1	Psq-AGal_074-Ex1
PsA0108602H	Psq-AGal_086_E1-2H-lcwgs-1-1	Psq-AGal_086-Ex1
PsA0100303A	Psq-AGal_003_E1-3A-lcwgs-1-1	Psq-AGal_003-Ex1
PsA0101503B	Psq-AGal_015_E1-3B-lcwgs-1-1	Psq-AGal_015-Ex1
PsA0102703C	Psq-AGal_027_E1-3C-lcwgs-1-1	Psq-AGal_027-Ex1
PsA0103903D	Psq-AGal_039_E1-3D-lcwgs-1-1	Psq-AGal_039-Ex1
PsA0105103E	Psq-AGal_051_E1-3E-lcwgs-1-1	Psq-AGal_051-Ex1
PsA0106303F	Psq-AGal_063_E1-3F-lcwgs-1-1	Psq-AGal_063-Ex1
PsA0107503G	Psq-AGal_075_E1-3G-lcwgs-1-1	Psq-AGal_075-Ex1
PsA0108703H	Psq-AGal_087_E1-3H-lcwgs-1-1	Psq-AGal_087-Ex1
PsA0100404A	Psq-AGal_004_E1-4A-lcwgs-1-1	Psq-AGal_004-Ex1
PsA0102804C	Psq-AGal_028_E1-4C-lcwgs-1-1	Psq-AGal_028-Ex1
PsA0104004D	Psq-AGal_040_E1-4D-lcwgs-1-1	Psq-AGal_040-Ex1
PsA0105204E	Psq-AGal_052_E1-4E-lcwgs-1-1	Psq-AGal_052-Ex1
PsA0106404F	Psq-AGal_064_E1-4F-lcwgs-1-1	Psq-AGal_064-Ex1
PsA0107604G	Psq-AGal_076_E1-4G-lcwgs-1-1	Psq-AGal_076-Ex1
PsA0108804H	Psq-AGal_088_E1-4H-lcwgs-1-1	Psq-AGal_088-Ex1
PsA0100505A	Psq-AGal_005_E1-5A-lcwgs-1-1	Psq-AGal_005-Ex1
PsA0101705B	Psq-AGal_017_E1-5B-lcwgs-1-1	Psq-AGal_017-Ex1
PsA0102905C	Psq-AGal_029_E1-5C-lcwgs-1-1	Psq-AGal_029-Ex1
PsA0104105D	Psq-AGal_041_E1-5D-lcwgs-1-1	Psq-AGal_041-Ex1
PsA0105305E	Psq-AGal_053_E1-5E-lcwgs-1-1	Psq-AGal_053-Ex1
PsA0106505F	Psq-AGal_065_E1-5F-lcwgs-1-1	Psq-AGal_065-Ex1
PsA0107705G	Psq-AGal_077_E1-5G-lcwgs-1-1	Psq-AGal_077-Ex1
PsA0108905H	Psq-AGal_089_E1-5H-lcwgs-1-1	Psq-AGal_089-Ex1
PsA0103006C	Psq-AGal_030_E1-6C-lcwgs-1-1	Psq-AGal_030-Ex1
PsA0104206D	Psq-AGal_042_E1-6D-lcwgs-1-1	Psq-AGal_042-Ex1
PsA0105406E	Psq-AGal_054_E1-6E-lcwgs-1-1	Psq-AGal_054-Ex1
PsA0106606F	Psq-AGal_066_E1-6F-lcwgs-1-1	Psq-AGal_066-Ex1
PsA0107806G	Psq-AGal_078_E1-6G-lcwgs-1-1	Psq-AGal_078-Ex1
PsA0109006H	Psq-AGal_090_E1-6H-lcwgs-1-1	Psq-AGal_090-Ex1
PsA0101907B	Psq-AGal_019_E1-7B-lcwgs-1-1	Psq-AGal_019-Ex1
PsA0103107C	Psq-AGal_031_E1-7C-lcwgs-1-1	Psq-AGal_031-Ex1
PsA0104307D	Psq-AGal_043_E1-7D-lcwgs-1-1	Psq-AGal_043-Ex1
PsA0105507E	Psq-AGal_055_E1-7E-lcwgs-1-1	Psq-AGal_055-Ex1
PsA0106707F	Psq-AGal_067_E1-7F-lcwgs-1-1	Psq-AGal_067-Ex1
PsA0107907G	Psq-AGal_079_E1-7G-lcwgs-1-1	Psq-AGal_079-Ex1
PsA0109107H	Psq-AGal_091_E1-7H-lcwgs-1-1	Psq-AGal_091-Ex1
PsA0100808A	Psq-AGal_008_E1-8A-lcwgs-1-1	Psq-AGal_008-Ex1
PsA0102008B	Psq-AGal_020_E1-8B-lcwgs-1-1	Psq-AGal_020-Ex1
PsA0103208C	Psq-AGal_032_E1-8C-lcwgs-1-1	Psq-AGal_032-Ex1
PsA0104408D	Psq-AGal_044_E1-8D-lcwgs-1-1	Psq-AGal_044-Ex1
PsA0105608E	Psq-AGal_056_E1-8E-lcwgs-1-1	Psq-AGal_056-Ex1
PsA0106808F	Psq-AGal_068_E1-8F-lcwgs-1-1	Psq-AGal_068-Ex1
PsA0108008G	Psq-AGal_080_E1-8G-lcwgs-1-1	Psq-AGal_080-Ex1
PsA0109208H	Psq-AGal_092_E1-8H-lcwgs-1-1	Psq-AGal_092-Ex1
PsA0100909A	Psq-AGal_009_E1-9A-lcwgs-1-1	Psq-AGal_009-Ex1
PsA0102109B	Psq-AGal_021_E1-9B-lcwgs-1-1	Psq-AGal_021-Ex1
PsA0103309C	Psq-AGal_033_E1-9C-lcwgs-1-1	Psq-AGal_033-Ex1
PsA0104509D	Psq-AGal_045_E1-9D-lcwgs-1-1	Psq-AGal_045-Ex1
PsA0105709E	Psq-AGal_057_E1-9E-lcwgs-1-1	Psq-AGal_057-Ex1
PsA0106909F	Psq-AGal_069_E1-9F-lcwgs-1-1	Psq-AGal_069-Ex1
PsA0108109G	Psq-AGal_081_E1-9G-lcwgs-1-1	Psq-AGal_081-Ex1
PsA0109309H	Psq-AGal_093_E1-9H-lcwgs-1-1	Psq-AGal_093-Ex1
PsA0101010A	Psq-AGal_010_E1-10A-lcwgs-1-1	Psq-AGal_010-Ex1
PsA0102210B	Psq-AGal_022_E1-10B-lcwgs-1-1	Psq-AGal_022-Ex1
PsA0103410C	Psq-AGal_034_E1-10C-lcwgs-1-1	Psq-AGal_034-Ex1
PsA0104610D	Psq-AGal_046_E1-10D-lcwgs-1-1	Psq-AGal_046-Ex1
PsA0105810E	Psq-AGal_058_E1-10E-lcwgs-1-1	Psq-AGal_058-Ex1
PsA0107010F	Psq-AGal_070_E1-10F-lcwgs-1-1	Psq-AGal_070-Ex1
PsA0108210G	Psq-AGal_082_E1-10G-lcwgs-1-1	Psq-AGal_082-Ex1
PsA0109410H	Psq-AGal_094_E1-10H-lcwgs-1-1	Psq-AGal_094-Ex1
PsA0101111A	Psq-AGal_011_E1-11A-lcwgs-1-1	Psq-AGal_011-Ex1
PsA0102311B	Psq-AGal_023_E1-11B-lcwgs-1-1	Psq-AGal_023-Ex1
PsA0103511C	Psq-AGal_035_E1-11C-lcwgs-1-1	Psq-AGal_035-Ex1
PsA0104711D	Psq-AGal_047_E1-11D-lcwgs-1-1	Psq-AGal_047-Ex1
PsA0105911E	Psq-AGal_059_E1-11E-lcwgs-1-1	Psq-AGal_059-Ex1
PsA0107111F	Psq-AGal_071_E1-11F-lcwgs-1-1	Psq-AGal_071-Ex1
PsA0108311G	Psq-AGal_083_E1-11G-lcwgs-1-1	Psq-AGal_083-Ex1
PsA0109511H	Psq-AGal_095_E1-11H-lcwgs-1-1	Psq-AGal_095-Ex1
PsA0102412B	Psq-AGal_024_E1-12B-lcwgs-1-1	Psq-AGal_024-Ex1
PsA0103612C	Psq-AGal_036_E1-12C-lcwgs-1-1	Psq-AGal_036-Ex1
PsA0104812D	Psq-AGal_048_E1-12D-lcwgs-1-1	Psq-AGal_048-Ex1
PsA0106012E	Psq-AGal_060_E1-12E-lcwgs-1-1	Psq-AGal_060-Ex1
PsA0107212F	Psq-AGal_072_E1-12F-lcwgs-1-1	Psq-AGal_072-Ex1
PsA0108412G	Psq-AGal_084_E1-12G-lcwgs-1-1	Psq-AGal_084-Ex1
PsA0109612H	Psq-AGal_096_E1-12H-lcwgs-1-1	Psq-AGal_096-Ex1
PsC0101501A	Psq-CVer_015_Ex1-1A-lcwgs-1-1	Psq-CVer_015-Ex1
PsC0106201B	Psq-CVer_062_Ex1-1B-lcwgs-1-1	Psq-CVer_062-Ex1
PsC0105301C	Psq-CVer_053_Ex1-1C-lcwgs-1-1	Psq-CVer_053-Ex1
PsC0106101D	Psq-CVer_061_Ex1-1D-lcwgs-1-1	Psq-CVer_061-Ex1
PsC0106401E	Psq-CVer_064_Ex1-1E-lcwgs-1-1	Psq-CVer_064-Ex1
PsC0102801F	Psq-CVer_028_Ex1-1F-lcwgs-1-1	Psq-CVer_028-Ex1
PsC0105001G	Psq-CVer_050_Ex1-1G-lcwgs-1-1	Psq-CVer_050-Ex1
PsC0105401H	Psq-CVer_054_Ex1-1H-lcwgs-1-1	Psq-CVer_054-Ex1
PsC0108902A	Psq-CVer_089_Ex1-2A-lcwgs-1-1	Psq-CVer_089-Ex1
PsC0102502B	Psq-CVer_025_Ex1-2B-lcwgs-1-1	Psq-CVer_025-Ex1
PsC0106302C	Psq-CVer_063_Ex1-2C-lcwgs-1-1	Psq-CVer_063-Ex1
PsC0104102D	Psq-CVer_041_Ex1-2D-lcwgs-1-1	Psq-CVer_041-Ex1
PsC0108102E	Psq-CVer_081_Ex1-2E-lcwgs-1-1	Psq-CVer_081-Ex1
PsC0106802F	Psq-CVer_068_Ex1-2F-lcwgs-1-1	Psq-CVer_068-Ex1
PsC0106002G	Psq-CVer_060_Ex1-2G-lcwgs-1-1	Psq-CVer_060-Ex1
PsC0104202H	Psq-CVer_042_Ex1-2H-lcwgs-1-1	Psq-CVer_042-Ex1
PsC0102903A	Psq-CVer_029_Ex1-3A-lcwgs-1-1	Psq-CVer_029-Ex1
PsC0107303B	Psq-CVer_073_Ex1-3B-lcwgs-1-1	Psq-CVer_073-Ex1
PsC0102703C	Psq-CVer_027_Ex1-3C-lcwgs-1-1	Psq-CVer_027-Ex1
PsC0103103D	Psq-CVer_031_Ex1-3D-lcwgs-1-1	Psq-CVer_031-Ex1
PsC0108803E	Psq-CVer_088_Ex1-3E-lcwgs-1-1	Psq-CVer_088-Ex1
PsC0109003F	Psq-CVer_090_Ex1-3F-lcwgs-1-1	Psq-CVer_090-Ex1
PsC0108603G	Psq-CVer_086_Ex1-3G-lcwgs-1-1	Psq-CVer_086-Ex1
PsC0103803H	Psq-CVer_038_Ex1-3H-lcwgs-1-1	Psq-CVer_038-Ex1
PsC0106504A	Psq-CVer_065_Ex1-4A-lcwgs-1-1	Psq-CVer_065-Ex1
PsC0107904B	Psq-CVer_079_Ex1-4B-lcwgs-1-1	Psq-CVer_079-Ex1
PsC0107704C	Psq-CVer_077_Ex1-4C-lcwgs-1-1	Psq-CVer_077-Ex1
PsC0106604D	Psq-CVer_066_Ex1-4D-lcwgs-1-1	Psq-CVer_066-Ex1
PsC0107404E	Psq-CVer_074_Ex1-4E-lcwgs-1-1	Psq-CVer_074-Ex1
PsC0102604F	Psq-CVer_026_Ex1-4F-lcwgs-1-1	Psq-CVer_026-Ex1
PsC0108704G	Psq-CVer_087_Ex1-4G-lcwgs-1-1	Psq-CVer_087-Ex1
PsC0107804H	Psq-CVer_078_Ex1-4H-lcwgs-1-1	Psq-CVer_078-Ex1
SfA01001	Sfa-ABas_001_Ex1-cssl	Sfa-ABas_001-Ex1
SfA01013	Sfa-ABas_013_Ex1-cssl	Sfa-ABas_013-Ex1
SfA01025	Sfa-ABas_025_Ex1-cssl	Sfa-ABas_025-Ex1
SfA01002	Sfa-ABas_002_Ex1-cssl	Sfa-ABas_002-Ex1
SfA01014	Sfa-ABas_014_Ex1-cssl	Sfa-ABas_014-Ex1
SfA01026	Sfa-ABas_026_Ex1-cssl	Sfa-ABas_026-Ex1
SfA01003	Sfa-ABas_003_Ex1-cssl	Sfa-ABas_003-Ex1
SfA01027	Sfa-ABas_027_Ex1-cssl	Sfa-ABas_027-Ex1
SfA01004	Sfa-ABas_004_Ex1-cssl	Sfa-ABas_004-Ex1
SfA01016	Sfa-ABas_016_Ex1-cssl	Sfa-ABas_016-Ex1
SfA01028	Sfa-ABas_028_Ex1-cssl	Sfa-ABas_028-Ex1
SfA01005	Sfa-ABas_005_Ex1-cssl	Sfa-ABas_005-Ex1
SfA01017	Sfa-ABas_017_Ex1-cssl	Sfa-ABas_017-Ex1
SfA01029	Sfa-ABas_029_Ex1-cssl	Sfa-ABas_029-Ex1
SfA01006	Sfa-ABas_006_Ex1-cssl	Sfa-ABas_006-Ex1
SfA01018	Sfa-ABas_018_Ex1-cssl	Sfa-ABas_018-Ex1
SfA01030	Sfa-ABas_030_Ex1-cssl	Sfa-ABas_030-Ex1
SfA01007	Sfa-ABas_007_Ex1-cssl	Sfa-ABas_007-Ex1
SfA01019	Sfa-ABas_019_Ex1-cssl	Sfa-ABas_019-Ex1
SfA01031	Sfa-ABas_031_Ex1-cssl	Sfa-ABas_031-Ex1
SfA01008	Sfa-ABas_008_Ex1-cssl	Sfa-ABas_008-Ex1
SfA01020	Sfa-ABas_020_Ex1-cssl	Sfa-ABas_020-Ex1
SfA01032	Sfa-ABas_032_Ex1-cssl	Sfa-ABas_032-Ex1
SfA01009	Sfa-ABas_009_Ex1-cssl	Sfa-ABas_009-Ex1
SfA01021	Sfa-ABas_021_Ex1-cssl	Sfa-ABas_021-Ex1
SfA01033	Sfa-ABas_033_Ex1-cssl	Sfa-ABas_033-Ex1
SfA01010	Sfa-ABas_010_Ex1-cssl	Sfa-ABas_010-Ex1
SfA01022	Sfa-ABas_022_Ex1-cssl	Sfa-ABas_022-Ex1
SfA01034	Sfa-ABas_034_Ex1-cssl	Sfa-ABas_034-Ex1
SfA01023	Sfa-ABas_023_Ex1-cssl	Sfa-ABas_023-Ex1
SfA01035	Sfa-ABas_035_Ex1-cssl	Sfa-ABas_035-Ex1
SfA01024	Sfa-ABas_024_Ex1-cssl	Sfa-ABas_024-Ex1
SfC01088	Sfa-CBas_088_Ex1-cssl	Sfa-CBas_088-Ex1
SfC01066	Sfa-CBas_066_Ex1-cssl	Sfa-CBas_066-Ex1
SfC01061	Sfa-CBas_061_Ex1-cssl	Sfa-CBas_061-Ex1
SfC01017	Sfa-CBas_017_Ex1-cssl	Sfa-CBas_017-Ex1
SfC01033	Sfa-CBas_033_Ex1-cssl	Sfa-CBas_033-Ex1
SfC01078	Sfa-CBas_078_Ex1-cssl	Sfa-CBas_078-Ex1
SfC01003	Sfa-CBas_003_Ex1-cssl	Sfa-CBas_003-Ex1
SfC01067	Sfa-CBas_067_Ex1-cssl	Sfa-CBas_067-Ex1
SfC01002	Sfa-CBas_002_Ex1-cssl	Sfa-CBas_002-Ex1
SfC01076	Sfa-CBas_076_Ex1-cssl	Sfa-CBas_076-Ex1
SfC01084	Sfa-CBas_084_Ex1-cssl	Sfa-CBas_084-Ex1
SfC01036	Sfa-CBas_036_Ex1-cssl	Sfa-CBas_036-Ex1
SfC01048	Sfa-CBas_048_Ex1-cssl	Sfa-CBas_048-Ex1
SfC01086	Sfa-CBas_086_Ex1-cssl	Sfa-CBas_086-Ex1
SfC01023	Sfa-CBas_023_Ex1-cssl	Sfa-CBas_023-Ex1
SfC01008	Sfa-CBas_008_Ex1-cssl	Sfa-CBas_008-Ex1
SfC01019	Sfa-CBas_019_Ex1-cssl	Sfa-CBas_019-Ex1
SfC01091	Sfa-CBas_091_Ex1-cssl	Sfa-CBas_091-Ex1
SfC01027	Sfa-CBas_027_Ex1-cssl	Sfa-CBas_027-Ex1
SfC01001	Sfa-CBas_001_Ex1-cssl	Sfa-CBas_001-Ex1
SfC01029	Sfa-CBas_029_Ex1-cssl	Sfa-CBas_029-Ex1
SfC01041	Sfa-CBas_041_Ex1-cssl	Sfa-CBas_041-Ex1
SfC01010	Sfa-CBas_010_Ex1-cssl	Sfa-CBas_010-Ex1
SfC01026	Sfa-CBas_026_Ex1-cssl	Sfa-CBas_026-Ex1
SfC01009	Sfa-CBas_009_Ex1-cssl	Sfa-CBas_009-Ex1
SfC01043	Sfa-CBas_043_Ex1-cssl	Sfa-CBas_043-Ex1
SfC01062	Sfa-CBas_062_Ex1-cssl	Sfa-CBas_062-Ex1
SfC01020	Sfa-CBas_020_Ex1-cssl	Sfa-CBas_020-Ex1
SfC01042	Sfa-CBas_042_Ex1-cssl	Sfa-CBas_042-Ex1
SfC01015	Sfa-CBas_015_Ex1-cssl	Sfa-CBas_015-Ex1
SfC01007	Sfa-CBas_007_Ex1-cssl	Sfa-CBas_007-Ex1
SfC01032	Sfa-CBas_032_Ex1-cssl	Sfa-CBas_032-Ex1
SfC01031	Sfa-CBas_031_Ex1-cssl	Sfa-CBas_031-Ex1
SfC01016	Sfa-CBas_016_Ex1-cssl	Sfa-CBas_016-Ex1
SfC01059	Sfa-CBas_059_Ex1-cssl	Sfa-CBas_059-Ex1
SfC01030	Sfa-CBas_030_Ex1-cssl	Sfa-CBas_030-Ex1
SfC01014	Sfa-CBas_014_Ex1-cssl	Sfa-CBas_014-Ex1
SfC01021	Sfa-CBas_021_Ex1-cssl	Sfa-CBas_021-Ex1
SfC01028	Sfa-CBas_028_Ex1-cssl	Sfa-CBas_028-Ex1
SfC01056	Sfa-CBas_056_Ex1-cssl	Sfa-CBas_056-Ex1
SfC01025	Sfa-CBas_025_Ex1-cssl	Sfa-CBas_025-Ex1
SfC01044	Sfa-CBas_044_Ex1-cssl	Sfa-CBas_044-Ex1
SfC01073	Sfa-CBas_073_Ex1-cssl	Sfa-CBas_073-Ex1
SfC01039	Sfa-CBas_039_Ex1-cssl	Sfa-CBas_039-Ex1
SfC01046	Sfa-CBas_046_Ex1-cssl	Sfa-CBas_046-Ex1
SfC01092	Sfa-CBas_092_Ex1-cssl	Sfa-CBas_092-Ex1
SfC01006	Sfa-CBas_006_Ex1-cssl	Sfa-CBas_006-Ex1
SfC01090	Sfa-CBas_090_Ex1-cssl	Sfa-CBas_090-Ex1
SfC01096	Sfa-CBas_096_Ex1-cssl	Sfa-CBas_096-Ex1
SfA0100107A	Sfa-ABas_001-Ex1-7A-lcwgs-1-3	Sfa-ABas_001-Ex1
SfA0100207D	Sfa-ABas_002-Ex1-7D-lcwgs-1-3	Sfa-ABas_002-Ex1
SfA0100307G	Sfa-ABas_003-Ex1-7G-lcwgs-1-3	Sfa-ABas_003-Ex1
SfA0100408B	Sfa-ABas_004-Ex1-8B-lcwgs-1-3	Sfa-ABas_004-Ex1
SfA0100508E	Sfa-ABas_005-Ex1-8E-lcwgs-1-3	Sfa-ABas_005-Ex1
SfA0100608H	Sfa-ABas_006-Ex1-8H-lcwgs-1-3	Sfa-ABas_006-Ex1
SfA0100709C	Sfa-ABas_007-Ex1-9C-lcwgs-1-3	Sfa-ABas_007-Ex1
SfA0100809F	Sfa-ABas_008-Ex1-9F-lcwgs-1-3	Sfa-ABas_008-Ex1
SfA0100910A	Sfa-ABas_009-Ex1-10A-lcwgs-1-3	Sfa-ABas_009-Ex1
SfA0101010D	Sfa-ABas_010-Ex1-10D-lcwgs-1-3	Sfa-ABas_010-Ex1
SfA0101110G	Sfa-ABas_011-Ex1-10G-lcwgs-1-3	Sfa-ABas_011-Ex1
SfA0101211B	Sfa-ABas_012-Ex1-11B-lcwgs-1-3	Sfa-ABas_012-Ex1
SfA0101307B	Sfa-ABas_013-Ex1-7B-lcwgs-1-3	Sfa-ABas_013-Ex1
SfA0101407E	Sfa-ABas_014-Ex1-7E-lcwgs-1-3	Sfa-ABas_014-Ex1
SfA0101507H	Sfa-ABas_015-Ex1-7H-lcwgs-1-3	Sfa-ABas_015-Ex1
SfA0101608C	Sfa-ABas_016-Ex1-8C-lcwgs-1-3	Sfa-ABas_016-Ex1
SfA0101708F	Sfa-ABas_017-Ex1-8F-lcwgs-1-3	Sfa-ABas_017-Ex1
SfA0101809A	Sfa-ABas_018-Ex1-9A-lcwgs-1-3	Sfa-ABas_018-Ex1
SfA0101909D	Sfa-ABas_019-Ex1-9D-lcwgs-1-3	Sfa-ABas_019-Ex1
SfA0102001A	Sfa-ABas_020-Ex1-1A-lcwgs-2-3	Sfa-ABas_020-Ex1
SfA0102102A	Sfa-ABas_021-Ex1-2A-lcwgs-2-3	Sfa-ABas_021-Ex1
SfA0102210E	Sfa-ABas_022-Ex1-10E-lcwgs-1-3	Sfa-ABas_022-Ex1
SfA0102310H	Sfa-ABas_023-Ex1-10H-lcwgs-1-3	Sfa-ABas_023-Ex1
SfA0102404A	Sfa-ABas_024-Ex1-4A-lcwgs-2-3	Sfa-ABas_024-Ex1
SfA0102507C	Sfa-ABas_025-Ex1-7C-lcwgs-1-3	Sfa-ABas_025-Ex1
SfA0102607F	Sfa-ABas_026-Ex1-7F-lcwgs-1-3	Sfa-ABas_026-Ex1
SfA0102708A	Sfa-ABas_027-Ex1-8A-lcwgs-1-3	Sfa-ABas_027-Ex1
SfA0102808D	Sfa-ABas_028-Ex1-8D-lcwgs-1-3	Sfa-ABas_028-Ex1
SfA0102908G	Sfa-ABas_029-Ex1-8G-lcwgs-1-3	Sfa-ABas_029-Ex1
SfA0103009B	Sfa-ABas_030-Ex1-9B-lcwgs-1-3	Sfa-ABas_030-Ex1
SfA0103109E	Sfa-ABas_031-Ex1-9E-lcwgs-1-3	Sfa-ABas_031-Ex1
SfA0103209H	Sfa-ABas_032-Ex1-9H-lcwgs-1-3	Sfa-ABas_032-Ex1
SfA0103310C	Sfa-ABas_033-Ex1-10C-lcwgs-1-3	Sfa-ABas_033-Ex1
SfA0103410F	Sfa-ABas_034-Ex1-10F-lcwgs-1-3	Sfa-ABas_034-Ex1
SfA0103503A	Sfa-ABas_035-Ex1-3A-lcwgs-2-3	Sfa-ABas_035-Ex1
SfC0100112A	Sfa-CBas_001-Ex1-12A-lcwgs-2-3	Sfa-CBas_001-Ex1
SfC0100203C	Sfa-CBas_002-Ex1-3C-lcwgs-1-3	Sfa-CBas_002-Ex1
SfC0100303A	Sfa-CBas_003-Ex1-3A-lcwgs-1-3	Sfa-CBas_003-Ex1
SfC0100601F	Sfa-CBas_006-Ex1-1F-lcwgs-1-3	Sfa-CBas_006-Ex1
SfC0100707D	Sfa-CBas_007-Ex1-7D-lcwgs-1-3	Sfa-CBas_007-Ex1
SfC0100804H	Sfa-CBas_008-Ex1-4H-lcwgs-1-3	Sfa-CBas_008-Ex1
SfC0100906E	Sfa-CBas_009-Ex1-6E-lcwgs-1-3	Sfa-CBas_009-Ex1
SfC0101006C	Sfa-CBas_010-Ex1-6C-lcwgs-1-3	Sfa-CBas_010-Ex1
SfC0101105F	Sfa-CBas_011-Ex1-5F-lcwgs-1-3	Sfa-CBas_011-Ex1
SfC0101408C	Sfa-CBas_014-Ex1-8C-lcwgs-1-3	Sfa-CBas_014-Ex1
SfC0101507C	Sfa-CBas_015-Ex1-7C-lcwgs-1-3	Sfa-CBas_015-Ex1
SfC0101607G	Sfa-CBas_016-Ex1-7G-lcwgs-1-3	Sfa-CBas_016-Ex1
SfC0101705A	Sfa-CBas_017-Ex1-5A-lcwgs-2-3	Sfa-CBas_017-Ex1
SfC0101905A	Sfa-CBas_019-Ex1-5A-lcwgs-1-3	Sfa-CBas_019-Ex1
SfC0102007A	Sfa-CBas_020-Ex1-7A-lcwgs-1-3	Sfa-CBas_020-Ex1
SfC0102108D	Sfa-CBas_021-Ex1-8D-lcwgs-1-3	Sfa-CBas_021-Ex1
SfC0102304G	Sfa-CBas_023-Ex1-4G-lcwgs-1-3	Sfa-CBas_023-Ex1
SfC0102403G	Sfa-CBas_024-Ex1-3G-lcwgs-1-3	Sfa-CBas_024-Ex1
SfC0102508H	Sfa-CBas_025-Ex1-8H-lcwgs-1-3	Sfa-CBas_025-Ex1
SfC0102606D	Sfa-CBas_026-Ex1-6D-lcwgs-1-3	Sfa-CBas_026-Ex1
SfC0102711A	Sfa-CBas_027-Ex1-11A-lcwgs-2-3	Sfa-CBas_027-Ex1
SfC0102806B	Sfa-CBas_028-Ex1-6B-lcwgs-2-3	Sfa-CBas_028-Ex1
SfC0102901B	Sfa-CBas_029-Ex1-1B-lcwgs-2-3	Sfa-CBas_029-Ex1
SfC0103104B	Sfa-CBas_031-Ex1-4B-lcwgs-2-3	Sfa-CBas_031-Ex1
SfC0103207E	Sfa-CBas_032-Ex1-7E-lcwgs-1-3	Sfa-CBas_032-Ex1
SfC0103610A	Sfa-CBas_036-Ex1-10A-lcwgs-2-3	Sfa-CBas_036-Ex1
SfC0103910B	Sfa-CBas_039-Ex1-10B-lcwgs-2-3	Sfa-CBas_039-Ex1
SfC0104106A	Sfa-CBas_041-Ex1-6A-lcwgs-1-3	Sfa-CBas_041-Ex1
SfC0104306F	Sfa-CBas_043-Ex1-6F-lcwgs-1-3	Sfa-CBas_043-Ex1
SfC0104611B	Sfa-CBas_046-Ex1-11B-lcwgs-2-3	Sfa-CBas_046-Ex1
SfC0104804C	Sfa-CBas_048-Ex1-4C-lcwgs-1-3	Sfa-CBas_048-Ex1
SfC0105607B	Sfa-CBas_056-Ex1-7B-lcwgs-2-3	Sfa-CBas_056-Ex1
SfC0105907H	Sfa-CBas_059-Ex1-7H-lcwgs-1-3	Sfa-CBas_059-Ex1
SfC0106102D	Sfa-CBas_061-Ex1-2D-lcwgs-1-3	Sfa-CBas_061-Ex1
SfC0106202B	Sfa-CBas_062-Ex1-2B-lcwgs-2-3	Sfa-CBas_062-Ex1
SfC0106602C	Sfa-CBas_066-Ex1-2C-lcwgs-1-3	Sfa-CBas_066-Ex1
SfC0106703B	Sfa-CBas_067-Ex1-3B-lcwgs-1-3	Sfa-CBas_067-Ex1
SfC0107309B	Sfa-CBas_073-Ex1-9B-lcwgs-2-3	Sfa-CBas_073-Ex1
SfC0107402A	Sfa-CBas_074-Ex1-2A-lcwgs-1-3	Sfa-CBas_074-Ex1
SfC0107608A	Sfa-CBas_076-Ex1-8A-lcwgs-2-3	Sfa-CBas_076-Ex1
SfC0107807A	Sfa-CBas_078-Ex1-7A-lcwgs-2-3	Sfa-CBas_078-Ex1
SfC0108409A	Sfa-CBas_084-Ex1-9A-lcwgs-2-3	Sfa-CBas_084-Ex1
SfC0108604D	Sfa-CBas_086-Ex1-4D-lcwgs-1-3	Sfa-CBas_086-Ex1
SfC0108802B	Sfa-CBas_088-Ex1-2B-lcwgs-1-3	Sfa-CBas_088-Ex1
SfC0109012B	Sfa-CBas_090-Ex1-12B-lcwgs-2-3	Sfa-CBas_090-Ex1
SfC0109105B	Sfa-CBas_091-Ex1-5B-lcwgs-1-3	Sfa-CBas_091-Ex1
SfC0109201E	Sfa-CBas_092-Ex1-1E-lcwgs-1-3	Sfa-CBas_092-Ex1
SfC0109601H	Sfa-CBas_096-Ex1-1H-lcwgs-1-3	Sfa-CBas_096-Ex1
SfA01001	Sfa-ABas_001_Ex1	Sfa-ABas_001-Ex1
SfA01013	Sfa-ABas_013_Ex1	Sfa-ABas_013-Ex1
SfA01025	Sfa-ABas_025_Ex1	Sfa-ABas_025-Ex1
SfA01002	Sfa-ABas_002_Ex1	Sfa-ABas_002-Ex1
SfA01014	Sfa-ABas_014_Ex1	Sfa-ABas_014-Ex1
SfA01026	Sfa-ABas_026_Ex1	Sfa-ABas_026-Ex1
SfA01003	Sfa-ABas_003_Ex1	Sfa-ABas_003-Ex1
SfA01027	Sfa-ABas_027_Ex1	Sfa-ABas_027-Ex1
SfA01004	Sfa-ABas_004_Ex1	Sfa-ABas_004-Ex1
SfA01016	Sfa-ABas_016_Ex1	Sfa-ABas_016-Ex1
SfA01028	Sfa-ABas_028_Ex1	Sfa-ABas_028-Ex1
SfA01005	Sfa-ABas_005_Ex1	Sfa-ABas_005-Ex1
SfA01017	Sfa-ABas_017_Ex1	Sfa-ABas_017-Ex1
SfA01029	Sfa-ABas_029_Ex1	Sfa-ABas_029-Ex1
SfA01006	Sfa-ABas_006_Ex1	Sfa-ABas_006-Ex1
SfA01018	Sfa-ABas_018_Ex1	Sfa-ABas_018-Ex1
SfA01030	Sfa-ABas_030_Ex1	Sfa-ABas_030-Ex1
SfA01007	Sfa-ABas_007_Ex1	Sfa-ABas_007-Ex1
SfA01019	Sfa-ABas_019_Ex1	Sfa-ABas_019-Ex1
SfA01031	Sfa-ABas_031_Ex1	Sfa-ABas_031-Ex1
SfA01008	Sfa-ABas_008_Ex1	Sfa-ABas_008-Ex1
SfA01020	Sfa-ABas_020_Ex1	Sfa-ABas_020-Ex1
SfA01032	Sfa-ABas_032_Ex1	Sfa-ABas_032-Ex1
SfA01009	Sfa-ABas_009_Ex1	Sfa-ABas_009-Ex1
SfA01021	Sfa-ABas_021_Ex1	Sfa-ABas_021-Ex1
SfA01033	Sfa-ABas_033_Ex1	Sfa-ABas_033-Ex1
SfA01010	Sfa-ABas_010_Ex1	Sfa-ABas_010-Ex1
SfA01022	Sfa-ABas_022_Ex1	Sfa-ABas_022-Ex1
SfA01034	Sfa-ABas_034_Ex1	Sfa-ABas_034-Ex1
SfA01023	Sfa-ABas_023_Ex1	Sfa-ABas_023-Ex1
SfA01035	Sfa-ABas_035_Ex1	Sfa-ABas_035-Ex1
SfA01024	Sfa-ABas_024_Ex1	Sfa-ABas_024-Ex1
SfC01088	Sfa-CBas_088_Ex1	Sfa-CBas_088-Ex1
SfC01066	Sfa-CBas_066_Ex1	Sfa-CBas_066-Ex1
SfC01061	Sfa-CBas_061_Ex1	Sfa-CBas_061-Ex1
SfC01017	Sfa-CBas_017_Ex1	Sfa-CBas_017-Ex1
SfC01033	Sfa-CBas_033_Ex1	Sfa-CBas_033-Ex1
SfC01078	Sfa-CBas_078_Ex1	Sfa-CBas_078-Ex1
SfC01003	Sfa-CBas_003_Ex1	Sfa-CBas_003-Ex1
SfC01067	Sfa-CBas_067_Ex1	Sfa-CBas_067-Ex1
SfC01002	Sfa-CBas_002_Ex1	Sfa-CBas_002-Ex1
SfC01076	Sfa-CBas_076_Ex1	Sfa-CBas_076-Ex1
SfC01084	Sfa-CBas_084_Ex1	Sfa-CBas_084-Ex1
SfC01036	Sfa-CBas_036_Ex1	Sfa-CBas_036-Ex1
SfC01048	Sfa-CBas_048_Ex1	Sfa-CBas_048-Ex1
SfC01086	Sfa-CBas_086_Ex1	Sfa-CBas_086-Ex1
SfC01023	Sfa-CBas_023_Ex1	Sfa-CBas_023-Ex1
SfC01008	Sfa-CBas_008_Ex1	Sfa-CBas_008-Ex1
SfC01019	Sfa-CBas_019_Ex1	Sfa-CBas_019-Ex1
SfC01091	Sfa-CBas_091_Ex1	Sfa-CBas_091-Ex1
SfC01027	Sfa-CBas_027_Ex1	Sfa-CBas_027-Ex1
SfC01001	Sfa-CBas_001_Ex1	Sfa-CBas_001-Ex1
SfC01029	Sfa-CBas_029_Ex1	Sfa-CBas_029-Ex1
SfC01041	Sfa-CBas_041_Ex1	Sfa-CBas_041-Ex1
SfC01010	Sfa-CBas_010_Ex1	Sfa-CBas_010-Ex1
SfC01026	Sfa-CBas_026_Ex1	Sfa-CBas_026-Ex1
SfC01009	Sfa-CBas_009_Ex1	Sfa-CBas_009-Ex1
SfC01043	Sfa-CBas_043_Ex1	Sfa-CBas_043-Ex1
SfC01062	Sfa-CBas_062_Ex1	Sfa-CBas_062-Ex1
SfC01020	Sfa-CBas_020_Ex1	Sfa-CBas_020-Ex1
SfC01042	Sfa-CBas_042_Ex1	Sfa-CBas_042-Ex1
SfC01015	Sfa-CBas_015_Ex1	Sfa-CBas_015-Ex1
SfC01007	Sfa-CBas_007_Ex1	Sfa-CBas_007-Ex1
SfC01032	Sfa-CBas_032_Ex1	Sfa-CBas_032-Ex1
SfC01031	Sfa-CBas_031_Ex1	Sfa-CBas_031-Ex1
SfC01016	Sfa-CBas_016_Ex1	Sfa-CBas_016-Ex1
SfC01059	Sfa-CBas_059_Ex1	Sfa-CBas_059-Ex1
SfC01030	Sfa-CBas_030_Ex1	Sfa-CBas_030-Ex1
SfC01014	Sfa-CBas_014_Ex1	Sfa-CBas_014-Ex1
SfC01021	Sfa-CBas_021_Ex1	Sfa-CBas_021-Ex1
SfC01028	Sfa-CBas_028_Ex1	Sfa-CBas_028-Ex1
SfC01056	Sfa-CBas_056_Ex1	Sfa-CBas_056-Ex1
SfC01025	Sfa-CBas_025_Ex1	Sfa-CBas_025-Ex1
SfC01044	Sfa-CBas_044_Ex1	Sfa-CBas_044-Ex1
SfC01073	Sfa-CBas_073_Ex1	Sfa-CBas_073-Ex1
SfC01039	Sfa-CBas_039_Ex1	Sfa-CBas_039-Ex1
SfC01046	Sfa-CBas_046_Ex1	Sfa-CBas_046-Ex1
SfC01092	Sfa-CBas_092_Ex1	Sfa-CBas_092-Ex1
SfC01006	Sfa-CBas_006_Ex1	Sfa-CBas_006-Ex1
SfC01090	Sfa-CBas_090_Ex1	Sfa-CBas_090-Ex1
SfC01096	Sfa-CBas_096_Ex1	Sfa-CBas_096-Ex1
SfA0102708A	Sfa-ABas_027-Ex1-8A-lcwgs-1-T	Sfa-ABas_027-Ex1
SfA0100408B	Sfa-ABas_004-Ex1-8B-lcwgs-1-T	Sfa-ABas_004-Ex1
SfA0101608C	Sfa-ABas_016-Ex1-8C-lcwgs-1-T	Sfa-ABas_016-Ex1
SfA0102808D	Sfa-ABas_028-Ex1-8D-lcwgs-1-T	Sfa-ABas_028-Ex1
SfA0100508E	Sfa-ABas_005-Ex1-8E-lcwgs-1-T	Sfa-ABas_005-Ex1
SfA0101708F	Sfa-ABas_017-Ex1-8F-lcwgs-1-T	Sfa-ABas_017-Ex1
SfA0102908G	Sfa-ABas_029-Ex1-8G-lcwgs-1-T	Sfa-ABas_029-Ex1
SfA0100608H	Sfa-ABas_006-Ex1-8H-lcwgs-1-T	Sfa-ABas_006-Ex1
SfA0101809A	Sfa-ABas_018-Ex1-9A-lcwgs-1-T	Sfa-ABas_018-Ex1
SfA0103009B	Sfa-ABas_030-Ex1-9B-lcwgs-1-T	Sfa-ABas_030-Ex1
SfA0100709C	Sfa-ABas_007-Ex1-9C-lcwgs-1-T	Sfa-ABas_007-Ex1
SfA0101909D	Sfa-ABas_019-Ex1-9D-lcwgs-1-T	Sfa-ABas_019-Ex1
SfA0103209H	Sfa-ABas_032-Ex1-9H-lcwgs-1-T	Sfa-ABas_032-Ex1
SfA0100910A	Sfa-ABas_009-Ex1-10A-lcwgs-1-T	Sfa-ABas_009-Ex1
SfA0103310C	Sfa-ABas_033-Ex1-10C-lcwgs-1-T	Sfa-ABas_033-Ex1
SfA0101010D	Sfa-ABas_010-Ex1-10D-lcwgs-1-T	Sfa-ABas_010-Ex1
SfA0102210E	Sfa-ABas_022-Ex1-10E-lcwgs-1-T	Sfa-ABas_022-Ex1
SfA0103410F	Sfa-ABas_034-Ex1-10F-lcwgs-1-T	Sfa-ABas_034-Ex1
SfA0101110G	Sfa-ABas_011-Ex1-10G-lcwgs-1-T	Sfa-ABas_011-Ex1
SfA0102310H	Sfa-ABas_023-Ex1-10H-lcwgs-1-T	Sfa-ABas_023-Ex1
SfA0101211B	Sfa-ABas_012-Ex1-11B-lcwgs-1-T	Sfa-ABas_012-Ex1
SfA0100107A	Sfa-ABas_001-Ex1-7A-lcwgs-1-T	Sfa-ABas_001-Ex1
SfA0101307B	Sfa-ABas_013-Ex1-7B-lcwgs-1-T	Sfa-ABas_013-Ex1
SfA0102507C	Sfa-ABas_025-Ex1-7C-lcwgs-1-T	Sfa-ABas_025-Ex1
SfA0100207D	Sfa-ABas_002-Ex1-7D-lcwgs-1-T	Sfa-ABas_002-Ex1
SfA0101407E	Sfa-ABas_014-Ex1-7E-lcwgs-1-T	Sfa-ABas_014-Ex1
SfA0102607F	Sfa-ABas_026-Ex1-7F-lcwgs-1-T	Sfa-ABas_026-Ex1
SfA0100307G	Sfa-ABas_003-Ex1-7G-lcwgs-1-T	Sfa-ABas_003-Ex1
SfA0101507H	Sfa-ABas_015-Ex1-7H-lcwgs-1-T	Sfa-ABas_015-Ex1
SfA0103109E	Sfa-ABas_031-Ex1-9E-lcwgs-1-T	Sfa-ABas_031-Ex1
SfA0100809F	Sfa-ABas_008-Ex1-9F-lcwgs-1-T	Sfa-ABas_008-Ex1
SfA0102001A	Sfa-ABas_020-Ex1-1A-lcwgs-2-T	Sfa-ABas_020-Ex1
SfA0102102A	Sfa-ABas_021-Ex1-2A-lcwgs-2-T	Sfa-ABas_021-Ex1
SfA0103503A	Sfa-ABas_035-Ex1-3A-lcwgs-2-T	Sfa-ABas_035-Ex1
SfA0102404A	Sfa-ABas_024-Ex1-4A-lcwgs-2-T	Sfa-ABas_024-Ex1
SfC0107701A	Sfa-CBas_077-Ex1-1A-lcwgs-1-T	Sfa-CBas_077-Ex1
SfC0109201E	Sfa-CBas_092-Ex1-1E-lcwgs-1-T	Sfa-CBas_092-Ex1
SfC0100601F	Sfa-CBas_006-Ex1-1F-lcwgs-1-T	Sfa-CBas_006-Ex1
SfC0109601H	Sfa-CBas_096-Ex1-1H-lcwgs-1-T	Sfa-CBas_096-Ex1
SfC0106602C	Sfa-CBas_066-Ex1-2C-lcwgs-1-T	Sfa-CBas_066-Ex1
SfC0106102D	Sfa-CBas_061-Ex1-2D-lcwgs-1-T	Sfa-CBas_061-Ex1
SfC0100303A	Sfa-CBas_003-Ex1-3A-lcwgs-1-T	Sfa-CBas_003-Ex1
SfC0106703B	Sfa-CBas_067-Ex1-3B-lcwgs-1-T	Sfa-CBas_067-Ex1
SfC0100203C	Sfa-CBas_002-Ex1-3C-lcwgs-1-T	Sfa-CBas_002-Ex1
SfC0106403F	Sfa-CBas_064-Ex1-3F-lcwgs-1-T	Sfa-CBas_064-Ex1
SfC0102403G	Sfa-CBas_024-Ex1-3G-lcwgs-1-T	Sfa-CBas_024-Ex1
SfC0103803H	Sfa-CBas_038-Ex1-3H-lcwgs-1-T	Sfa-CBas_038-Ex1
SfC0100404B	Sfa-CBas_004-Ex1-4B-lcwgs-1-T	Sfa-CBas_004-Ex1
SfC0104804C	Sfa-CBas_048-Ex1-4C-lcwgs-1-T	Sfa-CBas_048-Ex1
SfC0108604D	Sfa-CBas_086-Ex1-4D-lcwgs-1-T	Sfa-CBas_086-Ex1
SfC0103704E	Sfa-CBas_037-Ex1-4E-lcwgs-1-T	Sfa-CBas_037-Ex1
SfC0104504F	Sfa-CBas_045-Ex1-4F-lcwgs-1-T	Sfa-CBas_045-Ex1
SfC0102304G	Sfa-CBas_023-Ex1-4G-lcwgs-1-T	Sfa-CBas_023-Ex1
SfC0100804H	Sfa-CBas_008-Ex1-4H-lcwgs-1-T	Sfa-CBas_008-Ex1
SfC0101905A	Sfa-CBas_019-Ex1-5A-lcwgs-1-T	Sfa-CBas_019-Ex1
SfC0109105B	Sfa-CBas_091-Ex1-5B-lcwgs-1-T	Sfa-CBas_091-Ex1
SfC0101105F	Sfa-CBas_011-Ex1-5F-lcwgs-1-T	Sfa-CBas_011-Ex1
SfC0103505G	Sfa-CBas_035-Ex1-5G-lcwgs-1-T	Sfa-CBas_035-Ex1
SfC0101805H	Sfa-CBas_018-Ex1-5H-lcwgs-1-T	Sfa-CBas_018-Ex1
SfC0101306B	Sfa-CBas_013-Ex1-6B-lcwgs-1-T	Sfa-CBas_013-Ex1
SfC0102606D	Sfa-CBas_026-Ex1-6D-lcwgs-1-T	Sfa-CBas_026-Ex1
SfC0100906E	Sfa-CBas_009-Ex1-6E-lcwgs-1-T	Sfa-CBas_009-Ex1
SfC0104306F	Sfa-CBas_043-Ex1-6F-lcwgs-1-T	Sfa-CBas_043-Ex1
SfC0102206G	Sfa-CBas_022-Ex1-6G-lcwgs-1-T	Sfa-CBas_022-Ex1
SfC0102007A	Sfa-CBas_020-Ex1-7A-lcwgs-1-T	Sfa-CBas_020-Ex1
SfC0101507C	Sfa-CBas_015-Ex1-7C-lcwgs-1-T	Sfa-CBas_015-Ex1
SfC0100707D	Sfa-CBas_007-Ex1-7D-lcwgs-1-T	Sfa-CBas_007-Ex1
SfC0103207E	Sfa-CBas_032-Ex1-7E-lcwgs-1-T	Sfa-CBas_032-Ex1
SfC0101607G	Sfa-CBas_016-Ex1-7G-lcwgs-1-T	Sfa-CBas_016-Ex1
SfC0105208A	Sfa-CBas_052-Ex1-8A-lcwgs-1-T	Sfa-CBas_052-Ex1
SfC0101408C	Sfa-CBas_014-Ex1-8C-lcwgs-1-T	Sfa-CBas_014-Ex1
SfC0102108D	Sfa-CBas_021-Ex1-8D-lcwgs-1-T	Sfa-CBas_021-Ex1
SfC0105808E	Sfa-CBas_058-Ex1-8E-lcwgs-1-T	Sfa-CBas_058-Ex1
SfC0107402A	Sfa-CBas_074-Ex1-2A-lcwgs-1-T	Sfa-CBas_074-Ex1
SfC0108802B	Sfa-CBas_088-Ex1-2B-lcwgs-1-T	Sfa-CBas_088-Ex1
SfC0104106A	Sfa-CBas_041-Ex1-6A-lcwgs-1-T	Sfa-CBas_041-Ex1
SfC0101006C	Sfa-CBas_010-Ex1-6C-lcwgs-1-T	Sfa-CBas_010-Ex1
SfC0105907H	Sfa-CBas_059-Ex1-7H-lcwgs-1-T	Sfa-CBas_059-Ex1
SfC0102508H	Sfa-CBas_025-Ex1-8H-lcwgs-1-T	Sfa-CBas_025-Ex1
SfC0101705A	Sfa-CBas_017-Ex1-5A-lcwgs-2-T	Sfa-CBas_017-Ex1
SfC0103306A	Sfa-CBas_033-Ex1-6A-lcwgs-2-T	Sfa-CBas_033-Ex1
SfC0107807A	Sfa-CBas_078-Ex1-7A-lcwgs-2-T	Sfa-CBas_078-Ex1
SfC0107608A	Sfa-CBas_076-Ex1-8A-lcwgs-2-T	Sfa-CBas_076-Ex1
SfC0108409A	Sfa-CBas_084-Ex1-9A-lcwgs-2-T	Sfa-CBas_084-Ex1
SfC0103610A	Sfa-CBas_036-Ex1-10A-lcwgs-2-T	Sfa-CBas_036-Ex1
SfC0102711A	Sfa-CBas_027-Ex1-11A-lcwgs-2-T	Sfa-CBas_027-Ex1
SfC0100112A	Sfa-CBas_001-Ex1-12A-lcwgs-2-T	Sfa-CBas_001-Ex1
SfC0102901B	Sfa-CBas_029-Ex1-1B-lcwgs-2-T	Sfa-CBas_029-Ex1
SfC0106202B	Sfa-CBas_062-Ex1-2B-lcwgs-2-T	Sfa-CBas_062-Ex1
SfC0104203B	Sfa-CBas_042-Ex1-3B-lcwgs-2-T	Sfa-CBas_042-Ex1
SfC0103104B	Sfa-CBas_031-Ex1-4B-lcwgs-2-T	Sfa-CBas_031-Ex1
SfC0103005B	Sfa-CBas_030-Ex1-5B-lcwgs-2-T	Sfa-CBas_030-Ex1
SfC0102806B	Sfa-CBas_028-Ex1-6B-lcwgs-2-T	Sfa-CBas_028-Ex1
SfC0105607B	Sfa-CBas_056-Ex1-7B-lcwgs-2-T	Sfa-CBas_056-Ex1
SfC0104408B	Sfa-CBas_044-Ex1-8B-lcwgs-2-T	Sfa-CBas_044-Ex1
SfC0107309B	Sfa-CBas_073-Ex1-9B-lcwgs-2-T	Sfa-CBas_073-Ex1
SfC0103910B	Sfa-CBas_039-Ex1-10B-lcwgs-2-T	Sfa-CBas_039-Ex1
SfC0104611B	Sfa-CBas_046-Ex1-11B-lcwgs-2-T	Sfa-CBas_046-Ex1
SfC0109012B	Sfa-CBas_090-Ex1-12B-lcwgs-2-T	Sfa-CBas_090-Ex1
SfA0400501A	Sfu-ABai_005_Ex1-1A-lcwgs-1-1	Sfu-ABai_005-Ex1
SfA0400601B	Sfu-ABai_006_Ex1-1B-lcwgs-1-1	Sfu-ABai_006-Ex1
SfA0400701C	Sfu-ABai_007_Ex1-1C-lcwgs-1-1	Sfu-ABai_007-Ex1
SfA0400801D	Sfu-ABai_008_Ex1-1D-lcwgs-1-1	Sfu-ABai_008-Ex1
SfA0400901E	Sfu-ABai_009_Ex1-1E-lcwgs-1-1	Sfu-ABai_009-Ex1
SfA0401001F	Sfu-ABai_010_Ex1-1F-lcwgs-1-1	Sfu-ABai_010-Ex1
SfA0401101G	Sfu-ABai_011_Ex1-1G-lcwgs-1-1	Sfu-ABai_011-Ex1
SfA0401201H	Sfu-ABai_012_Ex1-1H-lcwgs-1-1	Sfu-ABai_012-Ex1
SsC0100801A	Ssp-CGub_008-Ex1-cssl	Ssp-CGub_008-Ex1
SsC0103601B	Ssp-CGub_036-Ex1-cssl	Ssp-CGub_036-Ex1
SsC0103201C	Ssp-CGub_032-Ex1-cssl	Ssp-CGub_032-Ex1
SsC0107001D	Ssp-CGub_070-Ex1-cssl	Ssp-CGub_070-Ex1
SsC0106601E	Ssp-CGub_066-Ex1-cssl	Ssp-CGub_066-Ex1
SsC0100601F	Ssp-CGub_006-Ex1-cssl	Ssp-CGub_006-Ex1
SsC0100401G	Ssp-CGub_004-Ex1-cssl	Ssp-CGub_004-Ex1
SsC0101602A	Ssp-CGub_016-Ex1-cssl	Ssp-CGub_016-Ex1
SsC0101302B	Ssp-CGub_013-Ex1-cssl	Ssp-CGub_013-Ex1
SsC0101102D	Ssp-CGub_011-Ex1-cssl	Ssp-CGub_011-Ex1
SsC0100902F	Ssp-CGub_009-Ex1-cssl	Ssp-CGub_009-Ex1
SsC0102102G	Ssp-CGub_021-Ex1-cssl	Ssp-CGub_021-Ex1
SsC0103102H	Ssp-CGub_031-Ex1-cssl	Ssp-CGub_031-Ex1
SsC0103003A	Ssp-CGub_030-Ex1-cssl	Ssp-CGub_030-Ex1
SsC0103803B	Ssp-CGub_038-Ex1-cssl	Ssp-CGub_038-Ex1
SsC0103503C	Ssp-CGub_035-Ex1-cssl	Ssp-CGub_035-Ex1
SsC0103303D	Ssp-CGub_033-Ex1-cssl	Ssp-CGub_033-Ex1
SsC0104303E	Ssp-CGub_043-Ex1-cssl	Ssp-CGub_043-Ex1
SsC0104203F	Ssp-CGub_042-Ex1-cssl	Ssp-CGub_042-Ex1
SsC0104103G	Ssp-CGub_041-Ex1-cssl	Ssp-CGub_041-Ex1
SsC0105503H	Ssp-CGub_055-Ex1-cssl	Ssp-CGub_055-Ex1
SsC0105404A	Ssp-CGub_054-Ex1-cssl	Ssp-CGub_054-Ex1
SsC0105304B	Ssp-CGub_053-Ex1-cssl	Ssp-CGub_053-Ex1
SsC0105104C	Ssp-CGub_051-Ex1-cssl	Ssp-CGub_051-Ex1
SsC0105004D	Ssp-CGub_050-Ex1-cssl	Ssp-CGub_050-Ex1
SsC0105804F	Ssp-CGub_058-Ex1-cssl	Ssp-CGub_058-Ex1
SsC0105704G	Ssp-CGub_057-Ex1-cssl	Ssp-CGub_057-Ex1
SsC0108004H	Ssp-CGub_080-Ex1-cssl	Ssp-CGub_080-Ex1
SsC0107805A	Ssp-CGub_078-Ex1-cssl	Ssp-CGub_078-Ex1
SsC0107705B	Ssp-CGub_077-Ex1-cssl	Ssp-CGub_077-Ex1
SsC0107605C	Ssp-CGub_076-Ex1-cssl	Ssp-CGub_076-Ex1
SsC0107305D	Ssp-CGub_073-Ex1-cssl	Ssp-CGub_073-Ex1
SsC0109105G	Ssp-CGub_091-Ex1-cssl	Ssp-CGub_091-Ex1
SsC0109005H	Ssp-CGub_090-Ex1-cssl	Ssp-CGub_090-Ex1
SsC0108906A	Ssp-CGub_089-Ex1-cssl	Ssp-CGub_089-Ex1
SsC0103906B	Ssp-CGub_039-Ex1-cssl	Ssp-CGub_039-Ex1
SsC0106506D	Ssp-CGub_065-Ex1-cssl	Ssp-CGub_065-Ex1
SsC0102206F	Ssp-CGub_022-Ex1-cssl	Ssp-CGub_022-Ex1
SsC0101506G	Ssp-CGub_015-Ex1-cssl	Ssp-CGub_015-Ex1
SsC0101406H	Ssp-CGub_014-Ex1-cssl	Ssp-CGub_014-Ex1
SsC0102407A	Ssp-CGub_024-Ex1-cssl	Ssp-CGub_024-Ex1
SsC0102707B	Ssp-CGub_027-Ex1-cssl	Ssp-CGub_027-Ex1
SsC0104007C	Ssp-CGub_040-Ex1-cssl	Ssp-CGub_040-Ex1
SsC0105607E	Ssp-CGub_056-Ex1-cssl	Ssp-CGub_056-Ex1
SsC0105207F	Ssp-CGub_052-Ex1-cssl	Ssp-CGub_052-Ex1
SsC0104907G	Ssp-CGub_049-Ex1-cssl	Ssp-CGub_049-Ex1
SsC0106107H	Ssp-CGub_061-Ex1-cssl	Ssp-CGub_061-Ex1
SsC0105908A	Ssp-CGub_059-Ex1-cssl	Ssp-CGub_059-Ex1
SsC0106708B	Ssp-CGub_067-Ex1-cssl	Ssp-CGub_067-Ex1
SsC0108508C	Ssp-CGub_085-Ex1-cssl	Ssp-CGub_085-Ex1
SsC0108208D	Ssp-CGub_082-Ex1-cssl	Ssp-CGub_082-Ex1
SsC0109608E	Ssp-CGub_096-Ex1-cssl	Ssp-CGub_096-Ex1
SsC0109508F	Ssp-CGub_095-Ex1-cssl	Ssp-CGub_095-Ex1
SsC0109408G	Ssp-CGub_094-Ex1-cssl	Ssp-CGub_094-Ex1
SsC0109208H	Ssp-CGub_092-Ex1-cssl	Ssp-CGub_092-Ex1
SsA0100504E	Ssp-AAtu_005-Ex1-cssl	Ssp-AAtu_005-Ex1
SsA0100601A	Ssp-AAtu_006-Ex1-cssl	Ssp-AAtu_006-Ex1
SsA0100701B	Ssp-AAtu_007-Ex1-cssl	Ssp-AAtu_007-Ex1
SsA0100804G	Ssp-AAtu_008-Ex1-cssl	Ssp-AAtu_008-Ex1
SsA0100904E	Ssp-AAtu_009-Ex1-cssl	Ssp-AAtu_009-Ex1
SsA0101101C	Ssp-AAtu_011-Ex1-cssl	Ssp-AAtu_011-Ex1
SsA0101201D	Ssp-AAtu_012-Ex1-cssl	Ssp-AAtu_012-Ex1
SsA0101306F	Ssp-AAtu_013-Ex1-cssl	Ssp-AAtu_013-Ex1
SsA0101401E	Ssp-AAtu_014-Ex1-cssl	Ssp-AAtu_014-Ex1
SsA0101504F	Ssp-AAtu_015-Ex1-cssl	Ssp-AAtu_015-Ex1
SsA0101601F	Ssp-AAtu_016-Ex1-cssl	Ssp-AAtu_016-Ex1
SsA0101701G	Ssp-AAtu_017-Ex1-cssl	Ssp-AAtu_017-Ex1
SsA0101801H	Ssp-AAtu_018-Ex1-cssl	Ssp-AAtu_018-Ex1
SsA0101904H	Ssp-AAtu_019-Ex1-cssl	Ssp-AAtu_019-Ex1
SsA0102004B	Ssp-AAtu_020-Ex1-cssl	Ssp-AAtu_020-Ex1
SsA0102104C	Ssp-AAtu_021-Ex1-cssl	Ssp-AAtu_021-Ex1
SsA0102202A	Ssp-AAtu_022-Ex1-cssl	Ssp-AAtu_022-Ex1
SsA0102305D	Ssp-AAtu_023-Ex1-cssl	Ssp-AAtu_023-Ex1
SsA0102405C	Ssp-AAtu_024-Ex1-cssl	Ssp-AAtu_024-Ex1
SsA0102502B	Ssp-AAtu_025-Ex1-cssl	Ssp-AAtu_025-Ex1
SsA0102606A	Ssp-AAtu_026-Ex1-cssl	Ssp-AAtu_026-Ex1
SsA0102705B	Ssp-AAtu_027-Ex1-cssl	Ssp-AAtu_027-Ex1
SsA0102902C	Ssp-AAtu_029-Ex1-cssl	Ssp-AAtu_029-Ex1
SsA0103002D	Ssp-AAtu_030-Ex1-cssl	Ssp-AAtu_030-Ex1
SsA0103103F	Ssp-AAtu_031-Ex1-cssl	Ssp-AAtu_031-Ex1
SsA0103302E	Ssp-AAtu_033-Ex1-cssl	Ssp-AAtu_033-Ex1
SsA0103406B	Ssp-AAtu_034-Ex1-cssl	Ssp-AAtu_034-Ex1
SsA0103505E	Ssp-AAtu_035-Ex1-cssl	Ssp-AAtu_035-Ex1
SsA0103602F	Ssp-AAtu_036-Ex1-cssl	Ssp-AAtu_036-Ex1
SsA0103706D	Ssp-AAtu_037-Ex1-cssl	Ssp-AAtu_037-Ex1
SsA0103802G	Ssp-AAtu_038-Ex1-cssl	Ssp-AAtu_038-Ex1
SsA0103902H	Ssp-AAtu_039-Ex1-cssl	Ssp-AAtu_039-Ex1
SsA0104005E	Ssp-AAtu_040-Ex1-cssl	Ssp-AAtu_040-Ex1
SsA0104103A	Ssp-AAtu_041-Ex1-cssl	Ssp-AAtu_041-Ex1
SsA0104303G	Ssp-AAtu_043-Ex1-cssl	Ssp-AAtu_043-Ex1
SsA0104505H	Ssp-AAtu_045-Ex1-cssl	Ssp-AAtu_045-Ex1
SsA0104603C	Ssp-AAtu_046-Ex1-cssl	Ssp-AAtu_046-Ex1
SsA0104703D	Ssp-AAtu_047-Ex1-cssl	Ssp-AAtu_047-Ex1
SsA0104805G	Ssp-AAtu_048-Ex1-cssl	Ssp-AAtu_048-Ex1
SsA0104903H	Ssp-AAtu_049-Ex1-cssl	Ssp-AAtu_049-Ex1
SsA0105005F	Ssp-AAtu_050-Ex1-cssl	Ssp-AAtu_050-Ex1
SsA0105103E	Ssp-AAtu_051-Ex1-cssl	Ssp-AAtu_051-Ex1
SsA0105206E	Ssp-AAtu_052-Ex1-cssl	Ssp-AAtu_052-Ex1
SsA0100504E	Ssp-AAtu_005-Ex1-4E-cssl-1-2	Ssp-AAtu_005-Ex1
SsA0100601A	Ssp-AAtu_006-Ex1-1A-cssl-2-2	Ssp-AAtu_006-Ex1
SsA0100701B	Ssp-AAtu_007-Ex1-1B-cssl-2-2	Ssp-AAtu_007-Ex1
SsA0100804G	Ssp-AAtu_008-Ex1-4G-cssl-2-2	Ssp-AAtu_008-Ex1
SsA0100904E	Ssp-AAtu_009-Ex1-4E-cssl-2-2	Ssp-AAtu_009-Ex1
SsA0101101C	Ssp-AAtu_011-Ex1-1C-cssl-2-2	Ssp-AAtu_011-Ex1
SsA0101201D	Ssp-AAtu_012-Ex1-1D-cssl-2-2	Ssp-AAtu_012-Ex1
SsA0101306F	Ssp-AAtu_013-Ex1-6F-cssl-2-2	Ssp-AAtu_013-Ex1
SsA0101401E	Ssp-AAtu_014-Ex1-1E-cssl-2-2	Ssp-AAtu_014-Ex1
SsA0101504F	Ssp-AAtu_015-Ex1-4F-cssl-2-2	Ssp-AAtu_015-Ex1
SsA0101601F	Ssp-AAtu_016-Ex1-1F-cssl-2-2	Ssp-AAtu_016-Ex1
SsA0101701G	Ssp-AAtu_017-Ex1-1G-cssl-2-2	Ssp-AAtu_017-Ex1
SsA0101801H	Ssp-AAtu_018-Ex1-1H-cssl-2-2	Ssp-AAtu_018-Ex1
SsA0101904H	Ssp-AAtu_019-Ex1-4H-cssl-2-2	Ssp-AAtu_019-Ex1
SsA0102004B	Ssp-AAtu_020-Ex1-4B-cssl-2-2	Ssp-AAtu_020-Ex1
SsA0102104C	Ssp-AAtu_021-Ex1-4C-cssl-2-2	Ssp-AAtu_021-Ex1
SsA0102202A	Ssp-AAtu_022-Ex1-2A-cssl-2-2	Ssp-AAtu_022-Ex1
SsA0102305D	Ssp-AAtu_023-Ex1-5D-cssl-2-2	Ssp-AAtu_023-Ex1
SsA0102405C	Ssp-AAtu_024-Ex1-5C-cssl-2-2	Ssp-AAtu_024-Ex1
SsA0102502B	Ssp-AAtu_025-Ex1-2B-cssl-2-2	Ssp-AAtu_025-Ex1
SsA0102606A	Ssp-AAtu_026-Ex1-6A-cssl-2-2	Ssp-AAtu_026-Ex1
SsA0102705B	Ssp-AAtu_027-Ex1-5B-cssl-2-2	Ssp-AAtu_027-Ex1
SsA0102902C	Ssp-AAtu_029-Ex1-2C-cssl-2-2	Ssp-AAtu_029-Ex1
SsA0103002D	Ssp-AAtu_030-Ex1-2D-cssl-2-2	Ssp-AAtu_030-Ex1
SsA0103103F	Ssp-AAtu_031-Ex1-3F-cssl-2-2	Ssp-AAtu_031-Ex1
SsA0103302E	Ssp-AAtu_033-Ex1-2E-cssl-2-2	Ssp-AAtu_033-Ex1
SsA0103406B	Ssp-AAtu_034-Ex1-6B-cssl-2-2	Ssp-AAtu_034-Ex1
SsA0103505E	Ssp-AAtu_035-Ex1-5E-cssl-2-2	Ssp-AAtu_035-Ex1
SsA0103602F	Ssp-AAtu_036-Ex1-2F-cssl-2-2	Ssp-AAtu_036-Ex1
SsA0103706D	Ssp-AAtu_037-Ex1-6D-cssl-2-2	Ssp-AAtu_037-Ex1
SsA0103802G	Ssp-AAtu_038-Ex1-2G-cssl-2-2	Ssp-AAtu_038-Ex1
SsA0103902H	Ssp-AAtu_039-Ex1-2H-cssl-2-2	Ssp-AAtu_039-Ex1
SsA0104005E	Ssp-AAtu_040-Ex1-5E-cssl-1-2	Ssp-AAtu_040-Ex1
SsA0104103A	Ssp-AAtu_041-Ex1-3A-cssl-2-2	Ssp-AAtu_041-Ex1
SsA0104303G	Ssp-AAtu_043-Ex1-3G-cssl-2-2	Ssp-AAtu_043-Ex1
SsA0104505H	Ssp-AAtu_045-Ex1-5H-cssl-2-2	Ssp-AAtu_045-Ex1
SsA0104603C	Ssp-AAtu_046-Ex1-3C-cssl-2-2	Ssp-AAtu_046-Ex1
SsA0104703D	Ssp-AAtu_047-Ex1-3D-cssl-2-2	Ssp-AAtu_047-Ex1
SsA0104805G	Ssp-AAtu_048-Ex1-5G-cssl-2-2	Ssp-AAtu_048-Ex1
SsA0104903H	Ssp-AAtu_049-Ex1-3H-cssl-2-2	Ssp-AAtu_049-Ex1
SsA0105005F	Ssp-AAtu_050-Ex1-5F-cssl-2-2	Ssp-AAtu_050-Ex1
SsA0105103E	Ssp-AAtu_051-Ex1-3E-cssl-2-2	Ssp-AAtu_051-Ex1
SsA0105206E	Ssp-AAtu_052-Ex1-6E-cssl-2-2	Ssp-AAtu_052-Ex1
SnA0501510G	Sne-ABir_015-Ex1-10G-lcwgs-1-2	Sne-ABir_015-Ex1
SnA0501310E	Sne-ABir_013-Ex1-10E-lcwgs-1-2	Sne-ABir_013-Ex1
SnA0502512A	Sne-ABir_025-Ex1-12A-lcwgs-1-2	Sne-ABir_025-Ex1
SnA0502612B	Sne-ABir_026-Ex1-12B-lcwgs-1-2	Sne-ABir_026-Ex1
SnA0502411H	Sne-ABir_024-Ex1-11H-lcwgs-1-2	Sne-ABir_024-Ex1
SnA0502011D	Sne-ABir_020-Ex1-11D-lcwgs-1-2	Sne-ABir_020-Ex1
SnA0501911C	Sne-ABir_019-Ex1-11C-lcwgs-1-2	Sne-ABir_019-Ex1
SnA0502211F	Sne-ABir_022-Ex1-11F-lcwgs-1-2	Sne-ABir_022-Ex1
SnA0501811B	Sne-ABir_018-Ex1-11B-lcwgs-1-2	Sne-ABir_018-Ex1
SnA0501610H	Sne-ABir_016-Ex1-10H-lcwgs-1-2	Sne-ABir_016-Ex1
SnA0502111E	Sne-ABir_021-Ex1-11E-lcwgs-1-2	Sne-ABir_021-Ex1
SnA0501210D	Sne-ABir_012-Ex1-10D-lcwgs-1-2	Sne-ABir_012-Ex1
SnA0502311G	Sne-ABir_023-Ex1-11G-lcwgs-1-2	Sne-ABir_023-Ex1
SnA0501110C	Sne-ABir_011-Ex1-10C-lcwgs-1-2	Sne-ABir_011-Ex1
SnA0501410F	Sne-ABir_014-Ex1-10F-lcwgs-1-2	Sne-ABir_014-Ex1
SnA0501711A	Sne-ABir_017-Ex1-11A-lcwgs-1-2	Sne-ABir_017-Ex1
SnA0502712C	Sne-ABir_027-Ex1-12C-lcwgs-1-2	Sne-ABir_027-Ex1
SnC0303803G	Sne-CCab_038-Ex1-3G-lcwgs-1-2	Sne-CCab_038-Ex1
SnC0302602C	Sne-CCab_026-Ex1-2C-lcwgs-1-2	Sne-CCab_026-Ex1
SnC0303503D	Sne-CCab_035-Ex1-3D-lcwgs-1-2	Sne-CCab_035-Ex1
SnC0303903H	Sne-CCab_039-Ex1-3H-lcwgs-1-2	Sne-CCab_039-Ex1
SnC0303603E	Sne-CCab_036-Ex1-3E-lcwgs-1-2	Sne-CCab_036-Ex1
SnC0303403C	Sne-CCab_034-Ex1-3C-lcwgs-1-2	Sne-CCab_034-Ex1
SnC0302802E	Sne-CCab_028-Ex1-2E-lcwgs-1-2	Sne-CCab_028-Ex1
SnC0302201G	Sne-CCab_022-Ex1-1G-lcwgs-1-2	Sne-CCab_022-Ex1
SnA0502812D	Sne-ABir_028-Ex1-12D-lcwgs-1-2	Sne-ABir_028-Ex1
SnC0303002G	Sne-CCab_030-Ex1-2G-lcwgs-1-2	Sne-CCab_030-Ex1
SnC0306006E	Sne-CCab_060-Ex1-6E-lcwgs-1-2	Sne-CCab_060-Ex1
SnC0301901D	Sne-CCab_019-Ex1-1D-lcwgs-1-2	Sne-CCab_019-Ex1
SnC0302902F	Sne-CCab_029-Ex1-2F-lcwgs-1-2	Sne-CCab_029-Ex1
SnC0303203A	Sne-CCab_032-Ex1-3A-lcwgs-1-2	Sne-CCab_032-Ex1
SnC0304805A	Sne-CCab_048-Ex1-5A-lcwgs-1-2	Sne-CCab_048-Ex1
SnC0304304D	Sne-CCab_043-Ex1-4D-lcwgs-1-2	Sne-CCab_043-Ex1
SnC0305806C	Sne-CCab_058-Ex1-6C-lcwgs-1-2	Sne-CCab_058-Ex1
SnC0307808G	Sne-CCab_078-Ex1-8G-lcwgs-1-2	Sne-CCab_078-Ex1
SnC0306106F	Sne-CCab_061-Ex1-6F-lcwgs-1-2	Sne-CCab_061-Ex1
SnC0303303B	Sne-CCab_033-Ex1-3B-lcwgs-1-2	Sne-CCab_033-Ex1
SnA0500309C	Sne-ABir_003-Ex1-9C-lcwgs-1-2	Sne-ABir_003-Ex1
SnC0306607C	Sne-CCab_066-Ex1-7C-lcwgs-1-2	Sne-CCab_066-Ex1
SnC0302101F	Sne-CCab_021-Ex1-1F-lcwgs-1-2	Sne-CCab_021-Ex1
SnC0306807E	Sne-CCab_068-Ex1-7E-lcwgs-1-2	Sne-CCab_068-Ex1
SnC0304504F	Sne-CCab_045-Ex1-4F-lcwgs-1-2	Sne-CCab_045-Ex1
SnC0303703F	Sne-CCab_037-Ex1-3F-lcwgs-1-2	Sne-CCab_037-Ex1
SnC0306707D	Sne-CCab_067-Ex1-7D-lcwgs-1-2	Sne-CCab_067-Ex1
SnC0302001E	Sne-CCab_020-Ex1-1E-lcwgs-1-2	Sne-CCab_020-Ex1
SnC0306907F	Sne-CCab_069-Ex1-7F-lcwgs-1-2	Sne-CCab_069-Ex1
SnC0302502B	Sne-CCab_025-Ex1-2B-lcwgs-1-2	Sne-CCab_025-Ex1
SnC0307708F	Sne-CCab_077-Ex1-8F-lcwgs-1-2	Sne-CCab_077-Ex1
SnC0305005C	Sne-CCab_050-Ex1-5C-lcwgs-1-2	Sne-CCab_050-Ex1
SnC0307007G	Sne-CCab_070-Ex1-7G-lcwgs-1-2	Sne-CCab_070-Ex1
SnC0307608E	Sne-CCab_076-Ex1-8E-lcwgs-1-2	Sne-CCab_076-Ex1
SnC0302402A	Sne-CCab_024-Ex1-2A-lcwgs-1-2	Sne-CCab_024-Ex1
SnC0304004A	Sne-CCab_040-Ex1-4A-lcwgs-1-2	Sne-CCab_040-Ex1
SnC0302301H	Sne-CCab_023-Ex1-1H-lcwgs-1-2	Sne-CCab_023-Ex1
SnC0307908H	Sne-CCab_079-Ex1-8H-lcwgs-1-2	Sne-CCab_079-Ex1
SnC0306407A	Sne-CCab_064-Ex1-7A-lcwgs-1-2	Sne-CCab_064-Ex1
SnC0302702D	Sne-CCab_027-Ex1-2D-lcwgs-1-2	Sne-CCab_027-Ex1
SnC0305606A	Sne-CCab_056-Ex1-6A-lcwgs-1-2	Sne-CCab_056-Ex1
SnC0305706B	Sne-CCab_057-Ex1-6B-lcwgs-1-2	Sne-CCab_057-Ex1
SnC0305405G	Sne-CCab_054-Ex1-5G-lcwgs-1-2	Sne-CCab_054-Ex1
SnC0301601A	Sne-CCab_016-Ex1-1A-lcwgs-1-2	Sne-CCab_016-Ex1
SnA0500910A	Sne-ABir_009-Ex1-10A-lcwgs-1-2	Sne-ABir_009-Ex1
SnC0304204C	Sne-CCab_042-Ex1-4C-lcwgs-1-2	Sne-CCab_042-Ex1
SnC0306306H	Sne-CCab_063-Ex1-6H-lcwgs-1-2	Sne-CCab_063-Ex1
SnC0304104B	Sne-CCab_041-Ex1-4B-lcwgs-1-2	Sne-CCab_041-Ex1
SnC0305906D	Sne-CCab_059-Ex1-6D-lcwgs-1-2	Sne-CCab_059-Ex1
SnA0500109A	Sne-ABir_001-Ex1-9A-lcwgs-1-2	Sne-ABir_001-Ex1
SnA0501010B	Sne-ABir_010-Ex1-10B-lcwgs-1-2	Sne-ABir_010-Ex1
SnC0301701B	Sne-CCab_017-Ex1-1B-lcwgs-1-2	Sne-CCab_017-Ex1
SnA0500809H	Sne-ABir_008-Ex1-9H-lcwgs-1-2	Sne-ABir_008-Ex1
SnC0301801C	Sne-CCab_018-Ex1-1C-lcwgs-1-2	Sne-CCab_018-Ex1
SnA0500709G	Sne-ABir_007-Ex1-9G-lcwgs-1-2	Sne-ABir_007-Ex1
SnA0500209B	Sne-ABir_002-Ex1-9B-lcwgs-1-2	Sne-ABir_002-Ex1
SnA0500409D	Sne-ABir_004-Ex1-9D-lcwgs-1-2	Sne-ABir_004-Ex1
SnA0500509E	Sne-ABir_005-Ex1-9E-lcwgs-1-2	Sne-ABir_005-Ex1
SnA0500609F	Sne-ABir_006-Ex1-9F-lcwgs-1-2	Sne-ABir_006-Ex1
SnA0500103E	Sne-ARom_001-Ex1-3E-lcwgs-1-2	Sne-ARom_001-Ex1
SnA0500203F	Sne-ARom_002-Ex1-3F-lcwgs-1-2	Sne-ARom_002-Ex1
SnA0500303G	Sne-ARom_003-Ex1-3G-lcwgs-1-2	Sne-ARom_003-Ex1
SnA0500403H	Sne-ARom_004-Ex1-3H-lcwgs-1-2	Sne-ARom_004-Ex1
SnA0500504A	Sne-ARom_005-Ex1-4A-lcwgs-1-2	Sne-ARom_005-Ex1
SnA0500604B	Sne-ARom_006-Ex1-4B-lcwgs-1-2	Sne-ARom_006-Ex1
SnA0500704C	Sne-ARom_007-Ex1-4C-lcwgs-1-2	Sne-ARom_007-Ex1
SnA0500804D	Sne-ARom_008-Ex1-4D-lcwgs-1-2	Sne-ARom_008-Ex1
SnA0500904E	Sne-ARom_009-Ex1-4E-lcwgs-1-2	Sne-ARom_009-Ex1
SnA0501004F	Sne-ARom_010-Ex1-4F-lcwgs-1-2	Sne-ARom_010-Ex1
SnA0501104G	Sne-ARom_011-Ex1-4G-lcwgs-1-2	Sne-ARom_011-Ex1
SnA0501204H	Sne-ARom_012-Ex1-4H-lcwgs-1-2	Sne-ARom_012-Ex1
SnA0501305A	Sne-ARom_013-Ex1-5A-lcwgs-1-2	Sne-ARom_013-Ex1
SnA0501405B	Sne-ARom_014-Ex1-5B-lcwgs-1-2	Sne-ARom_014-Ex1
SnA0501505C	Sne-ARom_015-Ex1-5C-lcwgs-1-2	Sne-ARom_015-Ex1
SnA0501605D	Sne-ARom_016-Ex1-5D-lcwgs-1-2	Sne-ARom_016-Ex1
SnA0501705E	Sne-ARom_017-Ex1-5E-lcwgs-1-2	Sne-ARom_017-Ex1
SnA0501805F	Sne-ARom_018-Ex1-5F-lcwgs-1-2	Sne-ARom_018-Ex1
SnA0501905G	Sne-ARom_019-Ex1-5G-lcwgs-1-2	Sne-ARom_019-Ex1
SnA0502005H	Sne-ARom_020-Ex1-5H-lcwgs-1-2	Sne-ARom_020-Ex1
SnA0502106A	Sne-ARom_021-Ex1-6A-lcwgs-1-2	Sne-ARom_021-Ex1
SnA0502206B	Sne-ARom_022-Ex1-6B-lcwgs-1-2	Sne-ARom_022-Ex1
SnA0502306C	Sne-ARom_023-Ex1-6C-lcwgs-1-2	Sne-ARom_023-Ex1
SnA0502406D	Sne-ARom_024-Ex1-6D-lcwgs-1-2	Sne-ARom_024-Ex1
SnA0502506E	Sne-ARom_025-Ex1-6E-lcwgs-1-2	Sne-ARom_025-Ex1
SnA0502606F	Sne-ARom_026-Ex1-6F-lcwgs-1-2	Sne-ARom_026-Ex1
SnA0502706G	Sne-ARom_027-Ex1-6G-lcwgs-1-2	Sne-ARom_027-Ex1
SnA0502806H	Sne-ARom_028-Ex1-6H-lcwgs-1-2	Sne-ARom_028-Ex1
SnA0502907A	Sne-ARom_029-Ex1-7A-lcwgs-1-2	Sne-ARom_029-Ex1
SnA0503007B	Sne-ARom_030-Ex1-7B-lcwgs-1-2	Sne-ARom_030-Ex1
SnA0503107C	Sne-ARom_031-Ex1-7C-lcwgs-1-2	Sne-ARom_031-Ex1
SnA0503207D	Sne-ARom_032-Ex1-7D-lcwgs-1-2	Sne-ARom_032-Ex1
SnA0503307E	Sne-ARom_033-Ex1-7E-lcwgs-1-2	Sne-ARom_033-Ex1
SnA0503407F	Sne-ARom_034-Ex1-7F-lcwgs-1-2	Sne-ARom_034-Ex1
SnA0503507G	Sne-ARom_035-Ex1-7G-lcwgs-1-2	Sne-ARom_035-Ex1
SnA0503607H	Sne-ARom_036-Ex1-7H-lcwgs-1-2	Sne-ARom_036-Ex1
SnA0503708A	Sne-ARom_037-Ex1-8A-lcwgs-1-2	Sne-ARom_037-Ex1
SnA0503808B	Sne-ARom_038-Ex1-8B-lcwgs-1-2	Sne-ARom_038-Ex1
SnA0503908C	Sne-ARom_039-Ex1-8C-lcwgs-1-2	Sne-ARom_039-Ex1
SnA0504008D	Sne-ARom_040-Ex1-8D-lcwgs-1-2	Sne-ARom_040-Ex1
SnA0504108E	Sne-ARom_041-Ex1-8E-lcwgs-1-2	Sne-ARom_041-Ex1
SnA0504208F	Sne-ARom_042-Ex1-8F-lcwgs-1-2	Sne-ARom_042-Ex1
SnA0504308G	Sne-ARom_043-Ex1-8G-lcwgs-1-2	Sne-ARom_043-Ex1
SnA0504408H	Sne-ARom_044-Ex1-8H-lcwgs-1-2	Sne-ARom_044-Ex1
SnC0200406G	Sne-CRom_004-Ex1-6G-lcwgs-1-2	Sne-CRom_004-Ex1
SnC0200806A	Sne-CRom_008-Ex1-6A-lcwgs-1-2	Sne-CRom_008-Ex1
SnC0201107B	Sne-CRom_011-Ex1-7B-lcwgs-1-2	Sne-CRom_011-Ex1
SnC0201405G	Sne-CRom_014-Ex1-5G-lcwgs-1-2	Sne-CRom_014-Ex1
SnC0201501B	Sne-CRom_015-Ex1-1B-lcwgs-1-2	Sne-CRom_015-Ex1
SnC0201702C	Sne-CRom_017-Ex1-2C-lcwgs-1-2	Sne-CRom_017-Ex1
SnC0201802D	Sne-CRom_018-Ex1-2D-lcwgs-1-2	Sne-CRom_018-Ex1
SnC0201906C	Sne-CRom_019-Ex1-6C-lcwgs-1-2	Sne-CRom_019-Ex1
SnC0202107E	Sne-CRom_021-Ex1-7E-lcwgs-1-2	Sne-CRom_021-Ex1
SnC0202205B	Sne-CRom_022-Ex1-5B-lcwgs-1-2	Sne-CRom_022-Ex1
SnC0202306B	Sne-CRom_023-Ex1-6B-lcwgs-1-2	Sne-CRom_023-Ex1
SnC0203201H	Sne-CRom_032-Ex1-1H-lcwgs-1-2	Sne-CRom_032-Ex1
SnC0203401C	Sne-CRom_034-Ex1-1C-lcwgs-1-2	Sne-CRom_034-Ex1
SnC0203501G	Sne-CRom_035-Ex1-1G-lcwgs-1-2	Sne-CRom_035-Ex1
SnC0203603D	Sne-CRom_036-Ex1-3D-lcwgs-1-2	Sne-CRom_036-Ex1
SnC0203801D	Sne-CRom_038-Ex1-1D-lcwgs-1-2	Sne-CRom_038-Ex1
SnC0204202F	Sne-CRom_042-Ex1-2F-lcwgs-1-2	Sne-CRom_042-Ex1
SnC0204506F	Sne-CRom_045-Ex1-6F-lcwgs-1-2	Sne-CRom_045-Ex1
SnC0204702B	Sne-CRom_047-Ex1-2B-lcwgs-1-2	Sne-CRom_047-Ex1
SnC0204805D	Sne-CRom_048-Ex1-5D-lcwgs-1-2	Sne-CRom_048-Ex1
SnC0205207D	Sne-CRom_052-Ex1-7D-lcwgs-1-2	Sne-CRom_052-Ex1
SnC0205303H	Sne-CRom_053-Ex1-3H-lcwgs-1-2	Sne-CRom_053-Ex1
SnC0205406D	Sne-CRom_054-Ex1-6D-lcwgs-1-2	Sne-CRom_054-Ex1
SnC0205607A	Sne-CRom_056-Ex1-7A-lcwgs-1-2	Sne-CRom_056-Ex1
SnC0205801F	Sne-CRom_058-Ex1-1F-lcwgs-1-2	Sne-CRom_058-Ex1
SnC0205902E	Sne-CRom_059-Ex1-2E-lcwgs-1-2	Sne-CRom_059-Ex1
SnC0206103F	Sne-CRom_061-Ex1-3F-lcwgs-1-2	Sne-CRom_061-Ex1
SnC0206307G	Sne-CRom_063-Ex1-7G-lcwgs-1-2	Sne-CRom_063-Ex1
SnC0206803C	Sne-CRom_068-Ex1-3C-lcwgs-1-2	Sne-CRom_068-Ex1
SnC0207002H	Sne-CRom_070-Ex1-2H-lcwgs-1-2	Sne-CRom_070-Ex1
SnC0207105C	Sne-CRom_071-Ex1-5C-lcwgs-1-2	Sne-CRom_071-Ex1
SnC0207206H	Sne-CRom_072-Ex1-6H-lcwgs-1-2	Sne-CRom_072-Ex1
SnC0207404C	Sne-CRom_074-Ex1-4C-lcwgs-1-2	Sne-CRom_074-Ex1
SnC0207502G	Sne-CRom_075-Ex1-2G-lcwgs-1-2	Sne-CRom_075-Ex1
SnC0207803G	Sne-CRom_078-Ex1-3G-lcwgs-1-2	Sne-CRom_078-Ex1
SnC0207907H	Sne-CRom_079-Ex1-7H-lcwgs-1-2	Sne-CRom_079-Ex1
SnC0208007C	Sne-CRom_080-Ex1-7C-lcwgs-1-2	Sne-CRom_080-Ex1
SnC0208103B	Sne-CRom_081-Ex1-3B-lcwgs-1-2	Sne-CRom_081-Ex1
SnC0208205E	Sne-CRom_082-Ex1-5E-lcwgs-1-2	Sne-CRom_082-Ex1
SnC0208303E	Sne-CRom_083-Ex1-3E-lcwgs-1-2	Sne-CRom_083-Ex1
SnC0208406E	Sne-CRom_084-Ex1-6E-lcwgs-1-2	Sne-CRom_084-Ex1
SnC0208602A	Sne-CRom_086-Ex1-2A-lcwgs-1-2	Sne-CRom_086-Ex1
SnC0208708E	Sne-CRom_087-Ex1-8E-lcwgs-1-2	Sne-CRom_087-Ex1
SnC0208807F	Sne-CRom_088-Ex1-7F-lcwgs-1-2	Sne-CRom_088-Ex1
SnC0208901E	Sne-CRom_089-Ex1-1E-lcwgs-1-2	Sne-CRom_089-Ex1
SnC0209105F	Sne-CRom_091-Ex1-5F-lcwgs-1-2	Sne-CRom_091-Ex1
SnC0209205H	Sne-CRom_092-Ex1-5H-lcwgs-1-2	Sne-CRom_092-Ex1
SnC0209304E	Sne-CRom_093-Ex1-4E-lcwgs-1-2	Sne-CRom_093-Ex1
SnA0500109A	Sne-ABir_001_Ex1-9A-lcwgs-1-1	Sne-ABir_001-Ex1
SnA0500209B	Sne-ABir_002_Ex1-9B-lcwgs-1-1	Sne-ABir_002-Ex1
SnA0500309C	Sne-ABir_003_Ex1-9C-lcwgs-1-1	Sne-ABir_003-Ex1
SnA0500409D	Sne-ABir_004_Ex1-9D-lcwgs-1-1	Sne-ABir_004-Ex1
SnA0500509E	Sne-ABir_005_Ex1-9E-lcwgs-1-1	Sne-ABir_005-Ex1
SnA0500609F	Sne-ABir_006_Ex1-9F-lcwgs-1-1	Sne-ABir_006-Ex1
SnA0500709G	Sne-ABir_007_Ex1-9G-lcwgs-1-1	Sne-ABir_007-Ex1
SnA0500809H	Sne-ABir_008_Ex1-9H-lcwgs-1-1	Sne-ABir_008-Ex1
SnA0500910A	Sne-ABir_009_Ex1-10A-lcwgs-1-1	Sne-ABir_009-Ex1
SnA0501010B	Sne-ABir_010_Ex1-10B-lcwgs-1-1	Sne-ABir_010-Ex1
SnA0501110C	Sne-ABir_011_Ex1-10C-lcwgs-1-1	Sne-ABir_011-Ex1
SnA0501210D	Sne-ABir_012_Ex1-10D-lcwgs-1-1	Sne-ABir_012-Ex1
SnA0501310E	Sne-ABir_013_Ex1-10E-lcwgs-1-1	Sne-ABir_013-Ex1
SnA0501410F	Sne-ABir_014_Ex1-10F-lcwgs-1-1	Sne-ABir_014-Ex1
SnA0501510G	Sne-ABir_015_Ex1-10G-lcwgs-1-1	Sne-ABir_015-Ex1
SnA0501610H	Sne-ABir_016_Ex1-10H-lcwgs-1-1	Sne-ABir_016-Ex1
SnA0501711A	Sne-ABir_017_Ex1-11A-lcwgs-1-1	Sne-ABir_017-Ex1
SnA0501811B	Sne-ABir_018_Ex1-11B-lcwgs-1-1	Sne-ABir_018-Ex1
SnA0501911C	Sne-ABir_019_Ex1-11C-lcwgs-1-1	Sne-ABir_019-Ex1
SnA0502011D	Sne-ABir_020_Ex1-11D-lcwgs-1-1	Sne-ABir_020-Ex1
SnA0502111E	Sne-ABir_021_Ex1-11E-lcwgs-1-1	Sne-ABir_021-Ex1
SnA0502211F	Sne-ABir_022_Ex1-11F-lcwgs-1-1	Sne-ABir_022-Ex1
SnA0502311G	Sne-ABir_023_Ex1-11G-lcwgs-1-1	Sne-ABir_023-Ex1
SnA0502411H	Sne-ABir_024_Ex1-11H-lcwgs-1-1	Sne-ABir_024-Ex1
SnA0502512A	Sne-ABir_025_Ex1-12A-lcwgs-1-1	Sne-ABir_025-Ex1
SnA0502612B	Sne-ABir_026_Ex1-12B-lcwgs-1-1	Sne-ABir_026-Ex1
SnA0502712C	Sne-ABir_027_Ex1-12C-lcwgs-1-1	Sne-ABir_027-Ex1
SnA0502812D	Sne-ABir_028_Ex1-12D-lcwgs-1-1	Sne-ABir_028-Ex1
SnC0301601A	Sne-CCab_016_Ex1-1A-lcwgs-1-1	Sne-CCab_016-Ex1
SnC0301701B	Sne-CCab_017_Ex1-1B-lcwgs-1-1	Sne-CCab_017-Ex1
SnC0301801C	Sne-CCab_018_Ex1-1C-lcwgs-1-1	Sne-CCab_018-Ex1
SnC0301901D	Sne-CCab_019_Ex1-1D-lcwgs-1-1	Sne-CCab_019-Ex1
SnC0302001E	Sne-CCab_020_Ex1-1E-lcwgs-1-1	Sne-CCab_020-Ex1
SnC0302101F	Sne-CCab_021_Ex1-1F-lcwgs-1-1	Sne-CCab_021-Ex1
SnC0302201G	Sne-CCab_022_Ex1-1G-lcwgs-1-1	Sne-CCab_022-Ex1
SnC0302301H	Sne-CCab_023_Ex1-1H-lcwgs-1-1	Sne-CCab_023-Ex1
SnC0302402A	Sne-CCab_024_Ex1-2A-lcwgs-1-1	Sne-CCab_024-Ex1
SnC0302502B	Sne-CCab_025_Ex1-2B-lcwgs-1-1	Sne-CCab_025-Ex1
SnC0302602C	Sne-CCab_026_Ex1-2C-lcwgs-1-1	Sne-CCab_026-Ex1
SnC0302702D	Sne-CCab_027_Ex1-2D-lcwgs-1-1	Sne-CCab_027-Ex1
SnC0302802E	Sne-CCab_028_Ex1-2E-lcwgs-1-1	Sne-CCab_028-Ex1
SnC0302902F	Sne-CCab_029_Ex1-2F-lcwgs-1-1	Sne-CCab_029-Ex1
SnC0303002G	Sne-CCab_030_Ex1-2G-lcwgs-1-1	Sne-CCab_030-Ex1
SnC0303102H	Sne-CCab_031_Ex1-2H-lcwgs-1-1	Sne-CCab_031-Ex1
SnC0303203A	Sne-CCab_032_Ex1-3A-lcwgs-1-1	Sne-CCab_032-Ex1
SnC0303303B	Sne-CCab_033_Ex1-3B-lcwgs-1-1	Sne-CCab_033-Ex1
SnC0303403C	Sne-CCab_034_Ex1-3C-lcwgs-1-1	Sne-CCab_034-Ex1
SnC0303503D	Sne-CCab_035_Ex1-3D-lcwgs-1-1	Sne-CCab_035-Ex1
SnC0303603E	Sne-CCab_036_Ex1-3E-lcwgs-1-1	Sne-CCab_036-Ex1
SnC0303703F	Sne-CCab_037_Ex1-3F-lcwgs-1-1	Sne-CCab_037-Ex1
SnC0303803G	Sne-CCab_038_Ex1-3G-lcwgs-1-1	Sne-CCab_038-Ex1
SnC0303903H	Sne-CCab_039_Ex1-3H-lcwgs-1-1	Sne-CCab_039-Ex1
SnC0304004A	Sne-CCab_040_Ex1-4A-lcwgs-1-1	Sne-CCab_040-Ex1
SnC0304104B	Sne-CCab_041_Ex1-4B-lcwgs-1-1	Sne-CCab_041-Ex1
SnC0304204C	Sne-CCab_042_Ex1-4C-lcwgs-1-1	Sne-CCab_042-Ex1
SnC0304304D	Sne-CCab_043_Ex1-4D-lcwgs-1-1	Sne-CCab_043-Ex1
SnC0304404E	Sne-CCab_044_Ex1-4E-lcwgs-1-1	Sne-CCab_044-Ex1
SnC0304504F	Sne-CCab_045_Ex1-4F-lcwgs-1-1	Sne-CCab_045-Ex1
SnC0304604G	Sne-CCab_046_Ex1-4G-lcwgs-1-1	Sne-CCab_046-Ex1
SnC0304704H	Sne-CCab_047_Ex1-4H-lcwgs-1-1	Sne-CCab_047-Ex1
SnC0304805A	Sne-CCab_048_Ex1-5A-lcwgs-1-1	Sne-CCab_048-Ex1
SnC0304905B	Sne-CCab_049_Ex1-5B-lcwgs-1-1	Sne-CCab_049-Ex1
SnC0305005C	Sne-CCab_050_Ex1-5C-lcwgs-1-1	Sne-CCab_050-Ex1
SnC0305105D	Sne-CCab_051_Ex1-5D-lcwgs-1-1	Sne-CCab_051-Ex1
SnC0305205E	Sne-CCab_052_Ex1-5E-lcwgs-1-1	Sne-CCab_052-Ex1
SnC0305305F	Sne-CCab_053_Ex1-5F-lcwgs-1-1	Sne-CCab_053-Ex1
SnC0305405G	Sne-CCab_054_Ex1-5G-lcwgs-1-1	Sne-CCab_054-Ex1
SnC0305505H	Sne-CCab_055_Ex1-5H-lcwgs-1-1	Sne-CCab_055-Ex1
SnC0305606A	Sne-CCab_056_Ex1-6A-lcwgs-1-1	Sne-CCab_056-Ex1
SnC0305706B	Sne-CCab_057_Ex1-6B-lcwgs-1-1	Sne-CCab_057-Ex1
SnC0305806C	Sne-CCab_058_Ex1-6C-lcwgs-1-1	Sne-CCab_058-Ex1
SnC0305906D	Sne-CCab_059_Ex1-6D-lcwgs-1-1	Sne-CCab_059-Ex1
SnC0306006E	Sne-CCab_060_Ex1-6E-lcwgs-1-1	Sne-CCab_060-Ex1
SnC0306106F	Sne-CCab_061_Ex1-6F-lcwgs-1-1	Sne-CCab_061-Ex1
SnC0306206G	Sne-CCab_062_Ex1-6G-lcwgs-1-1	Sne-CCab_062-Ex1
SnC0306306H	Sne-CCab_063_Ex1-6H-lcwgs-1-1	Sne-CCab_063-Ex1
SnC0306407A	Sne-CCab_064_Ex1-7A-lcwgs-1-1	Sne-CCab_064-Ex1
SnC0306507B	Sne-CCab_065_Ex1-7B-lcwgs-1-1	Sne-CCab_065-Ex1
SnC0306607C	Sne-CCab_066_Ex1-7C-lcwgs-1-1	Sne-CCab_066-Ex1
SnC0306707D	Sne-CCab_067_Ex1-7D-lcwgs-1-1	Sne-CCab_067-Ex1
SnC0306807E	Sne-CCab_068_Ex1-7E-lcwgs-1-1	Sne-CCab_068-Ex1
SnC0306907F	Sne-CCab_069_Ex1-7F-lcwgs-1-1	Sne-CCab_069-Ex1
SnC0307007G	Sne-CCab_070_Ex1-7G-lcwgs-1-1	Sne-CCab_070-Ex1
SnC0307107H	Sne-CCab_071_Ex1-7H-lcwgs-1-1	Sne-CCab_071-Ex1
SnC0307208A	Sne-CCab_072_Ex1-8A-lcwgs-1-1	Sne-CCab_072-Ex1
SnC0307308B	Sne-CCab_073_Ex1-8B-lcwgs-1-1	Sne-CCab_073-Ex1
SnC0307408C	Sne-CCab_074_Ex1-8C-lcwgs-1-1	Sne-CCab_074-Ex1
SnC0307508D	Sne-CCab_075_Ex1-8D-lcwgs-1-1	Sne-CCab_075-Ex1
SnC0307608E	Sne-CCab_076_Ex1-8E-lcwgs-1-1	Sne-CCab_076-Ex1
SnC0307708F	Sne-CCab_077_Ex1-8F-lcwgs-1-1	Sne-CCab_077-Ex1
SnC0307808G	Sne-CCab_078_Ex1-8G-lcwgs-1-1	Sne-CCab_078-Ex1
SnC0307908H	Sne-CCab_079_Ex1-8H-lcwgs-1-1	Sne-CCab_079-Ex1
SnA0500103E	Sne-ARom_001-Ex1-3E-lcwgs-1-4	Sne-ARom_001-Ex1
SnA0500203F	Sne-ARom_002-Ex1-3F-lcwgs-1-4	Sne-ARom_002-Ex1
SnA0500303G	Sne-ARom_003-Ex1-3G-lcwgs-1-4	Sne-ARom_003-Ex1
SnA0500403H	Sne-ARom_004-Ex1-3H-lcwgs-1-4	Sne-ARom_004-Ex1
SnA0500504A	Sne-ARom_005-Ex1-4A-lcwgs-1-4	Sne-ARom_005-Ex1
SnA0500604B	Sne-ARom_006-Ex1-4B-lcwgs-1-4	Sne-ARom_006-Ex1
SnA0500704C	Sne-ARom_007-Ex1-4C-lcwgs-1-4	Sne-ARom_007-Ex1
SnA0500804D	Sne-ARom_008-Ex1-4D-lcwgs-1-4	Sne-ARom_008-Ex1
SnA0500904E	Sne-ARom_009-Ex1-4E-lcwgs-1-4	Sne-ARom_009-Ex1
SnA0501004F	Sne-ARom_010-Ex1-4F-lcwgs-1-4	Sne-ARom_010-Ex1
SnA0501104G	Sne-ARom_011-Ex1-4G-lcwgs-1-4	Sne-ARom_011-Ex1
SnA0501204H	Sne-ARom_012-Ex1-4H-lcwgs-1-4	Sne-ARom_012-Ex1
SnA0501305A	Sne-ARom_013-Ex1-5A-lcwgs-1-4	Sne-ARom_013-Ex1
SnA0501405B	Sne-ARom_014-Ex1-5B-lcwgs-1-4	Sne-ARom_014-Ex1
SnA0501505C	Sne-ARom_015-Ex1-5C-lcwgs-1-4	Sne-ARom_015-Ex1
SnA0501605D	Sne-ARom_016-Ex1-5D-lcwgs-1-4	Sne-ARom_016-Ex1
SnA0501705E	Sne-ARom_017-Ex1-5E-lcwgs-1-4	Sne-ARom_017-Ex1
SnA0501805F	Sne-ARom_018-Ex1-5F-lcwgs-1-4	Sne-ARom_018-Ex1
SnA0501905G	Sne-ARom_019-Ex1-5G-lcwgs-1-4	Sne-ARom_019-Ex1
SnA0502005H	Sne-ARom_020-Ex1-5H-lcwgs-1-4	Sne-ARom_020-Ex1
SnA0502106A	Sne-ARom_021-Ex1-6A-lcwgs-1-4	Sne-ARom_021-Ex1
SnA0502206B	Sne-ARom_022-Ex1-6B-lcwgs-1-4	Sne-ARom_022-Ex1
SnA0502306C	Sne-ARom_023-Ex1-6C-lcwgs-1-4	Sne-ARom_023-Ex1
SnA0502406D	Sne-ARom_024-Ex1-6D-lcwgs-1-4	Sne-ARom_024-Ex1
SnA0502506E	Sne-ARom_025-Ex1-6E-lcwgs-1-4	Sne-ARom_025-Ex1
SnA0502606F	Sne-ARom_026-Ex1-6F-lcwgs-1-4	Sne-ARom_026-Ex1
SnA0502706G	Sne-ARom_027-Ex1-6G-lcwgs-1-4	Sne-ARom_027-Ex1
SnA0502806H	Sne-ARom_028-Ex1-6H-lcwgs-1-4	Sne-ARom_028-Ex1
SnA0502907A	Sne-ARom_029-Ex1-7A-lcwgs-1-4	Sne-ARom_029-Ex1
SnA0503007B	Sne-ARom_030-Ex1-7B-lcwgs-1-4	Sne-ARom_030-Ex1
SnA0503107C	Sne-ARom_031-Ex1-7C-lcwgs-1-4	Sne-ARom_031-Ex1
SnA0503207D	Sne-ARom_032-Ex1-7D-lcwgs-1-4	Sne-ARom_032-Ex1
SnA0503307E	Sne-ARom_033-Ex1-7E-lcwgs-1-4	Sne-ARom_033-Ex1
SnA0503407F	Sne-ARom_034-Ex1-7F-lcwgs-1-4	Sne-ARom_034-Ex1
SnA0503507G	Sne-ARom_035-Ex1-7G-lcwgs-1-4	Sne-ARom_035-Ex1
SnA0503607H	Sne-ARom_036-Ex1-7H-lcwgs-1-4	Sne-ARom_036-Ex1
SnA0503708A	Sne-ARom_037-Ex1-8A-lcwgs-1-4	Sne-ARom_037-Ex1
SnA0503808B	Sne-ARom_038-Ex1-8B-lcwgs-1-4	Sne-ARom_038-Ex1
SnA0503908C	Sne-ARom_039-Ex1-8C-lcwgs-1-4	Sne-ARom_039-Ex1
SnA0504008D	Sne-ARom_040-Ex1-8D-lcwgs-1-4	Sne-ARom_040-Ex1
SnA0504108E	Sne-ARom_041-Ex1-8E-lcwgs-1-4	Sne-ARom_041-Ex1
SnA0504208F	Sne-ARom_042-Ex1-8F-lcwgs-1-4	Sne-ARom_042-Ex1
SnA0504308G	Sne-ARom_043-Ex1-8G-lcwgs-1-4	Sne-ARom_043-Ex1
SnA0504408H	Sne-ARom_044-Ex1-8H-lcwgs-1-4	Sne-ARom_044-Ex1
SnC0202801A	Sne-CRom_028_E1-1A-lcwgs-1-4	Sne-CRom_028-Ex1
SnC0201501B	Sne-CRom_015_E1-1B-lcwgs-1-4	Sne-CRom_015-Ex1
SnC0203401C	Sne-CRom_034_E1-1C-lcwgs-1-4	Sne-CRom_034-Ex1
SnC0203801D	Sne-CRom_038_E1-1D-lcwgs-1-4	Sne-CRom_038-Ex1
SnC0208901E	Sne-CRom_089_E1-1E-lcwgs-1-4	Sne-CRom_089-Ex1
SnC0205801F	Sne-CRom_058_E1-1F-lcwgs-1-4	Sne-CRom_058-Ex1
SnC0203501G	Sne-CRom_035_E1-1G-lcwgs-1-4	Sne-CRom_035-Ex1
SnC0203201H	Sne-CRom_032_E1-1H-lcwgs-1-4	Sne-CRom_032-Ex1
SnC0208602A	Sne-CRom_086_E1-2A-lcwgs-1-4	Sne-CRom_086-Ex1
SnC0204702B	Sne-CRom_047_E1-2B-lcwgs-1-4	Sne-CRom_047-Ex1
SnC0201702C	Sne-CRom_017_E1-2C-lcwgs-1-4	Sne-CRom_017-Ex1
SnC0201802D	Sne-CRom_018_E1-2D-lcwgs-1-4	Sne-CRom_018-Ex1
SnC0205902E	Sne-CRom_059_E1-2E-lcwgs-1-4	Sne-CRom_059-Ex1
SnC0204202F	Sne-CRom_042_E1-2F-lcwgs-1-4	Sne-CRom_042-Ex1
SnC0207502G	Sne-CRom_075_E1-2G-lcwgs-1-4	Sne-CRom_075-Ex1
SnC0207002H	Sne-CRom_070_E1-2H-lcwgs-1-4	Sne-CRom_070-Ex1
SnC0206203A	Sne-CRom_062_E1-3A-lcwgs-1-4	Sne-CRom_062-Ex1
SnC0208103B	Sne-CRom_081_E1-3B-lcwgs-1-4	Sne-CRom_081-Ex1
SnC0206803C	Sne-CRom_068_E1-3C-lcwgs-1-4	Sne-CRom_068-Ex1
SnC0203603D	Sne-CRom_036_E1-3D-lcwgs-1-4	Sne-CRom_036-Ex1
SnC0208303E	Sne-CRom_083_E1-3E-lcwgs-1-4	Sne-CRom_083-Ex1
SnC0206103F	Sne-CRom_061_E1-3F-lcwgs-1-4	Sne-CRom_061-Ex1
SnC0207803G	Sne-CRom_078_E1-3G-lcwgs-1-4	Sne-CRom_078-Ex1
SnC0205303H	Sne-CRom_053_E1-3H-lcwgs-1-4	Sne-CRom_053-Ex1
SnC0206404A	Sne-CRom_064_E1-4A-lcwgs-1-4	Sne-CRom_064-Ex1
SnC0207704B	Sne-CRom_077_E1-4B-lcwgs-1-4	Sne-CRom_077-Ex1
SnC0207404C	Sne-CRom_074_E1-4C-lcwgs-1-4	Sne-CRom_074-Ex1
SnC0204104D	Sne-CRom_041_E1-4D-lcwgs-1-4	Sne-CRom_041-Ex1
SnC0209304E	Sne-CRom_093_E1-4E-lcwgs-1-4	Sne-CRom_093-Ex1
SnC0204904F	Sne-CRom_049_E1-4F-lcwgs-1-4	Sne-CRom_049-Ex1
SnC0205004G	Sne-CRom_050_E1-4G-lcwgs-1-4	Sne-CRom_050-Ex1
SnC0204304H	Sne-CRom_043_E1-4H-lcwgs-1-4	Sne-CRom_043-Ex1
SnC0201005A	Sne-CRom_010_E1-5A-lcwgs-1-4	Sne-CRom_010-Ex1
SnC0202205B	Sne-CRom_022_E1-5B-lcwgs-1-4	Sne-CRom_022-Ex1
SnC0207105C	Sne-CRom_071_E1-5C-lcwgs-1-4	Sne-CRom_071-Ex1
SnC0204805D	Sne-CRom_048_E1-5D-lcwgs-1-4	Sne-CRom_048-Ex1
SnC0208205E	Sne-CRom_082_E1-5E-lcwgs-1-4	Sne-CRom_082-Ex1
SnC0209105F	Sne-CRom_091_E1-5F-lcwgs-1-4	Sne-CRom_091-Ex1
SnC0201405G	Sne-CRom_014_E1-5G-lcwgs-1-4	Sne-CRom_014-Ex1
SnC0209205H	Sne-CRom_092_E1-5H-lcwgs-1-4	Sne-CRom_092-Ex1
SnC0200806A	Sne-CRom_008_E1-6A-lcwgs-1-4	Sne-CRom_008-Ex1
SnC0202306B	Sne-CRom_023_E1-6B-lcwgs-1-4	Sne-CRom_023-Ex1
SnC0201906C	Sne-CRom_019_E1-6C-lcwgs-1-4	Sne-CRom_019-Ex1
SnC0205406D	Sne-CRom_054_E1-6D-lcwgs-1-4	Sne-CRom_054-Ex1
SnC0208406E	Sne-CRom_084_E1-6E-lcwgs-1-4	Sne-CRom_084-Ex1
SnC0204506F	Sne-CRom_045_E1-6F-lcwgs-1-4	Sne-CRom_045-Ex1
SnC0200406G	Sne-CRom_004_E1-6G-lcwgs-1-4	Sne-CRom_004-Ex1
SnC0207206H	Sne-CRom_072_E1-6H-lcwgs-1-4	Sne-CRom_072-Ex1
SnC0205607A	Sne-CRom_056_E1-7A-lcwgs-1-4	Sne-CRom_056-Ex1
SnC0201107B	Sne-CRom_011_E1-7B-lcwgs-1-4	Sne-CRom_011-Ex1
SnC0208007C	Sne-CRom_080_E1-7C-lcwgs-1-4	Sne-CRom_080-Ex1
SnC0205207D	Sne-CRom_052_E1-7D-lcwgs-1-4	Sne-CRom_052-Ex1
SnC0202107E	Sne-CRom_021_E1-7E-lcwgs-1-4	Sne-CRom_021-Ex1
SnC0208807F	Sne-CRom_088_E1-7F-lcwgs-1-4	Sne-CRom_088-Ex1
SnC0206307G	Sne-CRom_063_E1-7G-lcwgs-1-4	Sne-CRom_063-Ex1
SnC0207907H	Sne-CRom_079_E1-7H-lcwgs-1-4	Sne-CRom_079-Ex1
SnC0209008A	Sne-CRom_090_E1-8A-lcwgs-1-4	Sne-CRom_090-Ex1
SnC0201208B	Sne-CRom_012_E1-8B-lcwgs-1-4	Sne-CRom_012-Ex1
SnC0209408C	Sne-CRom_094_E1-8C-lcwgs-1-4	Sne-CRom_094-Ex1
SnC0207308D	Sne-CRom_073_E1-8D-lcwgs-1-4	Sne-CRom_073-Ex1
SnC0208708E	Sne-CRom_087_E1-8E-lcwgs-1-4	Sne-CRom_087-Ex1
SnC0200208F	Sne-CRom_002_E1-8F-lcwgs-1-4	Sne-CRom_002-Ex1
SnC0200108G	Sne-CRom_001_E1-8G-lcwgs-1-4	Sne-CRom_001-Ex1
SnC0207608H	Sne-CRom_076_E1-8H-lcwgs-1-4	Sne-CRom_076-Ex1
SnC0100605Alcwgs	Sne-CTaw_006-Ex1-lcwgs	Sne-CTaw_006-Ex1
SnC0107301Blcwgs	Sne-CTaw_073-Ex1-lcwgs	Sne-CTaw_073-Ex1
SnC0100504Dlcwgs	Sne-CTaw_005-Ex1-lcwgs	Sne-CTaw_005-Ex1
SnC0103801Flcwgs	Sne-CTaw_038-Ex1-lcwgs	Sne-CTaw_038-Ex1
SnC0105505Elcwgs	Sne-CTaw_055-Ex1-lcwgs	Sne-CTaw_055-Ex1
SnC0106302Clcwgs	Sne-CTaw_063-Ex1-lcwgs	Sne-CTaw_063-Ex1
SnC0106705Blcwgs	Sne-CTaw_067-Ex1-lcwgs	Sne-CTaw_067-Ex1
SnC0108408Glcwgs	Sne-CTaw_084-Ex1-lcwgs	Sne-CTaw_084-Ex1
SnC0104901Dlcwgs	Sne-CTaw_049-Ex1-lcwgs	Sne-CTaw_049-Ex1
SnC0103701Elcwgs	Sne-CTaw_037-Ex1-lcwgs	Sne-CTaw_037-Ex1
SnC0106008Flcwgs	Sne-CTaw_060-Ex1-lcwgs	Sne-CTaw_060-Ex1
SnC0109306Elcwgs	Sne-CTaw_093-Ex1-lcwgs	Sne-CTaw_093-Ex1
SnC0107107Flcwgs	Sne-CTaw_071-Ex1-lcwgs	Sne-CTaw_071-Ex1
SnC0105706Dlcwgs	Sne-CTaw_057-Ex1-lcwgs	Sne-CTaw_057-Ex1
SnC0106202Alcwgs	Sne-CTaw_062-Ex1-lcwgs	Sne-CTaw_062-Ex1
SnC0103608Clcwgs	Sne-CTaw_036-Ex1-lcwgs	Sne-CTaw_036-Ex1
SnC0105002Blcwgs	Sne-CTaw_050-Ex1-lcwgs	Sne-CTaw_050-Ex1
SnC0107704Clcwgs	Sne-CTaw_077-Ex1-lcwgs	Sne-CTaw_077-Ex1
SnC0100906Flcwgs	Sne-CTaw_009-Ex1-lcwgs	Sne-CTaw_009-Ex1
SnC0107401Hlcwgs	Sne-CTaw_074-Ex1-lcwgs	Sne-CTaw_074-Ex1
SnC0102005Hlcwgs	Sne-CTaw_020-Ex1-lcwgs	Sne-CTaw_020-Ex1
SnC0103205Glcwgs	Sne-CTaw_032-Ex1-lcwgs	Sne-CTaw_032-Ex1
SnC0104305Flcwgs	Sne-CTaw_043-Ex1-lcwgs	Sne-CTaw_043-Ex1
SnC0109608Elcwgs	Sne-CTaw_096-Ex1-lcwgs	Sne-CTaw_096-Ex1
SnC0105304Elcwgs	Sne-CTaw_053-Ex1-lcwgs	Sne-CTaw_053-Ex1
SnC0101108Alcwgs	Sne-CTaw_011-Ex1-lcwgs	Sne-CTaw_011-Ex1
SnC0101603Dlcwgs	Sne-CTaw_016-Ex1-lcwgs	Sne-CTaw_016-Ex1
SnC0104808Blcwgs	Sne-CTaw_048-Ex1-lcwgs	Sne-CTaw_048-Ex1
SnC0105404Flcwgs	Sne-CTaw_054-Ex1-lcwgs	Sne-CTaw_054-Ex1
SnC0106504Blcwgs	Sne-CTaw_065-Ex1-lcwgs	Sne-CTaw_065-Ex1
SnC0101007Clcwgs	Sne-CTaw_010-Ex1-lcwgs	Sne-CTaw_010-Ex1
SnC0109406Hlcwgs	Sne-CTaw_094-Ex1-lcwgs	Sne-CTaw_094-Ex1
SnC0101502Dlcwgs	Sne-CTaw_015-Ex1-lcwgs	Sne-CTaw_015-Ex1
SnC0109507Dlcwgs	Sne-CTaw_095-Ex1-lcwgs	Sne-CTaw_095-Ex1
SnC0108702Flcwgs	Sne-CTaw_087-Ex1-lcwgs	Sne-CTaw_087-Ex1
SnC0105606Blcwgs	Sne-CTaw_056-Ex1-lcwgs	Sne-CTaw_056-Ex1
SnC0104104Alcwgs	Sne-CTaw_041-Ex1-lcwgs	Sne-CTaw_041-Ex1
SnC0106403Blcwgs	Sne-CTaw_064-Ex1-lcwgs	Sne-CTaw_064-Ex1
SnC0100806Clcwgs	Sne-CTaw_008-Ex1-lcwgs	Sne-CTaw_008-Ex1
SnC0104707Elcwgs	Sne-CTaw_047-Ex1-lcwgs	Sne-CTaw_047-Ex1
SnC0100403Alcwgs	Sne-CTaw_004-Ex1-lcwgs	Sne-CTaw_004-Ex1
SnC0107603Glcwgs	Sne-CTaw_076-Ex1-lcwgs	Sne-CTaw_076-Ex1
SnC0103507Glcwgs	Sne-CTaw_035-Ex1-lcwgs	Sne-CTaw_035-Ex1
SnC0108106Glcwgs	Sne-CTaw_081-Ex1-lcwgs	Sne-CTaw_081-Ex1
SnC0104406Alcwgs	Sne-CTaw_044-Ex1-lcwgs	Sne-CTaw_044-Ex1
SnC0107804Hlcwgs	Sne-CTaw_078-Ex1-lcwgs	Sne-CTaw_078-Ex1
SnC0107502Elcwgs	Sne-CTaw_075-Ex1-lcwgs	Sne-CTaw_075-Ex1
SnC0103902Glcwgs	Sne-CTaw_039-Ex1-lcwgs	Sne-CTaw_039-Ex1
SnC0108207Alcwgs	Sne-CTaw_082-Ex1-lcwgs	Sne-CTaw_082-Ex1
SnC0107208Dlcwgs	Sne-CTaw_072-Ex1-lcwgs	Sne-CTaw_072-Ex1
SnC0105807Blcwgs	Sne-CTaw_058-Ex1-lcwgs	Sne-CTaw_058-Ex1
SnC0104003Elcwgs	Sne-CTaw_040-Ex1-lcwgs	Sne-CTaw_040-Ex1
SnC0105203Flcwgs	Sne-CTaw_052-Ex1-lcwgs	Sne-CTaw_052-Ex1
SnC0101208Hlcwgs	Sne-CTaw_012-Ex1-lcwgs	Sne-CTaw_012-Ex1
SnC0105102Hlcwgs	Sne-CTaw_051-Ex1-lcwgs	Sne-CTaw_051-Ex1
SnC0108903Hlcwgs	Sne-CTaw_089-Ex1-lcwgs	Sne-CTaw_089-Ex1
SnA0100101Alcwgs	Sne-ATaw_001-Ex1-lcwgs	Sne-ATaw_001-Ex1
SnA0100201Blcwgs	Sne-ATaw_002-Ex1-lcwgs	Sne-ATaw_002-Ex1
SnA0100301Clcwgs	Sne-ATaw_003-Ex1-lcwgs	Sne-ATaw_003-Ex1
SnA0100401Dlcwgs	Sne-ATaw_004-Ex1-lcwgs	Sne-ATaw_004-Ex1
SnA0100501Elcwgs	Sne-ATaw_005-Ex1-lcwgs	Sne-ATaw_005-Ex1
SnA0100601Flcwgs	Sne-ATaw_006-Ex1-lcwgs	Sne-ATaw_006-Ex1
SnA0100701Glcwgs	Sne-ATaw_007-Ex1-lcwgs	Sne-ATaw_007-Ex1
SnA0100801Hlcwgs	Sne-ATaw_008-Ex1-lcwgs	Sne-ATaw_008-Ex1
SnA0100902Alcwgs	Sne-ATaw_009-Ex1-lcwgs	Sne-ATaw_009-Ex1
SnA0101002Blcwgs	Sne-ATaw_010-Ex1-lcwgs	Sne-ATaw_010-Ex1
SnA0101102Clcwgs	Sne-ATaw_011-Ex1-lcwgs	Sne-ATaw_011-Ex1
SnA0101202Dlcwgs	Sne-ATaw_012-Ex1-lcwgs	Sne-ATaw_012-Ex1
SnA0101302Elcwgs	Sne-ATaw_013-Ex1-lcwgs	Sne-ATaw_013-Ex1
SnA0101402Flcwgs	Sne-ATaw_014-Ex1-lcwgs	Sne-ATaw_014-Ex1
SnA0101502Glcwgs	Sne-ATaw_015-Ex1-lcwgs	Sne-ATaw_015-Ex1
SnA0101602Hlcwgs	Sne-ATaw_016-Ex1-lcwgs	Sne-ATaw_016-Ex1
SnA0101703Alcwgs	Sne-ATaw_017-Ex1-lcwgs	Sne-ATaw_017-Ex1
SnA0101803Blcwgs	Sne-ATaw_018-Ex1-lcwgs	Sne-ATaw_018-Ex1
SnA0101903Clcwgs	Sne-ATaw_019-Ex1-lcwgs	Sne-ATaw_019-Ex1
SnA0102003Dlcwgs	Sne-ATaw_020-Ex1-lcwgs	Sne-ATaw_020-Ex1
SnA0102103Elcwgs	Sne-ATaw_021-Ex1-lcwgs	Sne-ATaw_021-Ex1
SnA0102203Flcwgs	Sne-ATaw_022-Ex1-lcwgs	Sne-ATaw_022-Ex1
SnA0102303Glcwgs	Sne-ATaw_023-Ex1-lcwgs	Sne-ATaw_023-Ex1
SnA0102403Hlcwgs	Sne-ATaw_024-Ex1-lcwgs	Sne-ATaw_024-Ex1
SnA0102504Alcwgs	Sne-ATaw_025-Ex1-lcwgs	Sne-ATaw_025-Ex1
SnA0102604Blcwgs	Sne-ATaw_026-Ex1-lcwgs	Sne-ATaw_026-Ex1
SnA0102704Clcwgs	Sne-ATaw_027-Ex1-lcwgs	Sne-ATaw_027-Ex1
SoA0100108E	Sor-ACeb_001-Ex1-8E-lcwgs-1-3	Sor-ACeb_001-Ex1
SoA0100209E	Sor-ACeb_002-Ex1-9E-lcwgs-1-3	Sor-ACeb_002-Ex1
SoA0100310E	Sor-ACeb_003-Ex1-10E-lcwgs-1-3	Sor-ACeb_003-Ex1
SoA0100411E	Sor-ACeb_004-Ex1-11E-lcwgs-1-3	Sor-ACeb_004-Ex1
SoA0100512E	Sor-ACeb_005-Ex1-12E-lcwgs-1-3	Sor-ACeb_005-Ex1
SoA0100601F	Sor-ACeb_006-Ex1-1F-lcwgs-1-3	Sor-ACeb_006-Ex1
SoA0100702F	Sor-ACeb_007-Ex1-2F-lcwgs-1-3	Sor-ACeb_007-Ex1
SoA0100803F	Sor-ACeb_008-Ex1-3F-lcwgs-1-3	Sor-ACeb_008-Ex1
SoA0100904F	Sor-ACeb_009-Ex1-4F-lcwgs-1-3	Sor-ACeb_009-Ex1
SoA0101005F	Sor-ACeb_010-Ex1-5F-lcwgs-1-3	Sor-ACeb_010-Ex1
SoA0101106F	Sor-ACeb_011-Ex1-6F-lcwgs-1-3	Sor-ACeb_011-Ex1
SoA0101207F	Sor-ACeb_012-Ex1-7F-lcwgs-1-3	Sor-ACeb_012-Ex1
SoA0101308F	Sor-ACeb_013-Ex1-8F-lcwgs-1-3	Sor-ACeb_013-Ex1
SoA0101409F	Sor-ACeb_014-Ex1-9F-lcwgs-1-3	Sor-ACeb_014-Ex1
SoA0101510F	Sor-ACeb_015-Ex1-10F-lcwgs-1-3	Sor-ACeb_015-Ex1
SoA0101611F	Sor-ACeb_016-Ex1-11F-lcwgs-1-3	Sor-ACeb_016-Ex1
SoA0101712F	Sor-ACeb_017-Ex1-12F-lcwgs-1-3	Sor-ACeb_017-Ex1
SoA0101801G	Sor-ACeb_018-Ex1-1G-lcwgs-1-3	Sor-ACeb_018-Ex1
SoA0101903G	Sor-ACeb_019-Ex1-3G-lcwgs-1-3	Sor-ACeb_019-Ex1
SoA0102002G	Sor-ACeb_020-Ex1-2G-lcwgs-1-3	Sor-ACeb_020-Ex1
SoA0102104G	Sor-ACeb_021-Ex1-4G-lcwgs-1-3	Sor-ACeb_021-Ex1
SoA0102205G	Sor-ACeb_022-Ex1-5G-lcwgs-1-3	Sor-ACeb_022-Ex1
SoC0600801A	Sor-CPnd_008-Ex1-1A-lcwgs-1-3	Sor-CPnd_008-Ex1
SoC0601601B	Sor-CPnd_016-Ex1-1B-lcwgs-1-3	Sor-CPnd_016-Ex1
SoC0600701C	Sor-CPnd_007-Ex1-1C-lcwgs-1-3	Sor-CPnd_007-Ex1
SoC0604301D	Sor-CPnd_043-Ex1-1D-lcwgs-1-3	Sor-CPnd_043-Ex1
SoC0601801E	Sor-CPnd_018-Ex1-1E-lcwgs-1-3	Sor-CPnd_018-Ex1
SoC0601401F	Sor-CPnd_014-Ex1-1F-lcwgs-1-3	Sor-CPnd_014-Ex1
SoC0600401G	Sor-CPnd_004-Ex1-1G-lcwgs-1-3	Sor-CPnd_004-Ex1
SoC0601001H	Sor-CPnd_010-Ex1-1H-lcwgs-1-3	Sor-CPnd_010-Ex1
SoC0603802A	Sor-CPnd_038-Ex1-2A-lcwgs-1-3	Sor-CPnd_038-Ex1
SoC0600302B	Sor-CPnd_003-Ex1-2B-lcwgs-1-3	Sor-CPnd_003-Ex1
SoC0605302C	Sor-CPnd_053-Ex1-2C-lcwgs-1-3	Sor-CPnd_053-Ex1
SoC0600602D	Sor-CPnd_006-Ex1-2D-lcwgs-1-3	Sor-CPnd_006-Ex1
SoC0602002E	Sor-CPnd_020-Ex1-2E-lcwgs-1-3	Sor-CPnd_020-Ex1
SoC0603302F	Sor-CPnd_033-Ex1-2F-lcwgs-1-3	Sor-CPnd_033-Ex1
SoC0605802G	Sor-CPnd_058-Ex1-2G-lcwgs-1-3	Sor-CPnd_058-Ex1
SoC0603002H	Sor-CPnd_030-Ex1-2H-lcwgs-1-3	Sor-CPnd_030-Ex1
SoC0602803A	Sor-CPnd_028-Ex1-3A-lcwgs-1-3	Sor-CPnd_028-Ex1
SoC0604903B	Sor-CPnd_049-Ex1-3B-lcwgs-1-3	Sor-CPnd_049-Ex1
SoC0602703C	Sor-CPnd_027-Ex1-3C-lcwgs-1-3	Sor-CPnd_027-Ex1
SoC0600503D	Sor-CPnd_005-Ex1-3D-lcwgs-1-3	Sor-CPnd_005-Ex1
SoC0600103E	Sor-CPnd_001-Ex1-3E-lcwgs-1-3	Sor-CPnd_001-Ex1
SoC0605003F	Sor-CPnd_050-Ex1-3F-lcwgs-1-3	Sor-CPnd_050-Ex1
SoC0601703G	Sor-CPnd_017-Ex1-3G-lcwgs-1-3	Sor-CPnd_017-Ex1
SoC0602603H	Sor-CPnd_026-Ex1-3H-lcwgs-1-3	Sor-CPnd_026-Ex1
SoC0603404G	Sor-CPnd_034-Ex1-4G-lcwgs-1-3	Sor-CPnd_034-Ex1
SoC0604605A	Sor-CPnd_046-Ex1-5A-lcwgs-1-3	Sor-CPnd_046-Ex1
SoC0601205B	Sor-CPnd_012-Ex1-5B-lcwgs-1-3	Sor-CPnd_012-Ex1
SoC0603605C	Sor-CPnd_036-Ex1-5C-lcwgs-1-3	Sor-CPnd_036-Ex1
SoC0603105D	Sor-CPnd_031-Ex1-5D-lcwgs-1-3	Sor-CPnd_031-Ex1
SoC0600205E	Sor-CPnd_002-Ex1-5E-lcwgs-1-3	Sor-CPnd_002-Ex1
SoC0601505F	Sor-CPnd_015-Ex1-5F-lcwgs-1-3	Sor-CPnd_015-Ex1
SoC0602405G	Sor-CPnd_024-Ex1-5G-lcwgs-1-3	Sor-CPnd_024-Ex1
SoC0600906A	Sor-CPnd_009-Ex1-6A-lcwgs-1-3	Sor-CPnd_009-Ex1
SoC0606906B	Sor-CPnd_069-Ex1-6B-lcwgs-1-3	Sor-CPnd_069-Ex1
SoC0603706C	Sor-CPnd_037-Ex1-6C-lcwgs-1-3	Sor-CPnd_037-Ex1
SoC0605206D	Sor-CPnd_052-Ex1-6D-lcwgs-1-3	Sor-CPnd_052-Ex1
SoC0601906G	Sor-CPnd_019-Ex1-6G-lcwgs-1-3	Sor-CPnd_019-Ex1
SoC0604107A	Sor-CPnd_041-Ex1-7A-lcwgs-1-3	Sor-CPnd_041-Ex1
SoC0604507B	Sor-CPnd_045-Ex1-7B-lcwgs-1-3	Sor-CPnd_045-Ex1
SoC0602207C	Sor-CPnd_022-Ex1-7C-lcwgs-1-3	Sor-CPnd_022-Ex1
SoC0606307D	Sor-CPnd_063-Ex1-7D-lcwgs-1-3	Sor-CPnd_063-Ex1
SoC0601307F	Sor-CPnd_013-Ex1-7F-lcwgs-1-3	Sor-CPnd_013-Ex1
SoC0605507G	Sor-CPnd_055-Ex1-7G-lcwgs-1-3	Sor-CPnd_055-Ex1
SoC0606608B	Sor-CPnd_066-Ex1-8B-lcwgs-1-3	Sor-CPnd_066-Ex1
SoC0607208C	Sor-CPnd_072-Ex1-8C-lcwgs-1-3	Sor-CPnd_072-Ex1
SoC0602908E	Sor-CPnd_029-Ex1-8E-lcwgs-1-3	Sor-CPnd_029-Ex1
SoC0605408F	Sor-CPnd_054-Ex1-8F-lcwgs-1-3	Sor-CPnd_054-Ex1
SoC0604408G	Sor-CPnd_044-Ex1-8G-lcwgs-1-3	Sor-CPnd_044-Ex1
SoA0100108E	Sor-ACeb_001-Ex1-8E-lcwgs-1-2	Sor-ACeb_001-Ex1
SoA0100209E	Sor-ACeb_002-Ex1-9E-lcwgs-1-2	Sor-ACeb_002-Ex1
SoA0100310E	Sor-ACeb_003-Ex1-10E-lcwgs-1-2	Sor-ACeb_003-Ex1
SoA0100411E	Sor-ACeb_004-Ex1-11E-lcwgs-1-2	Sor-ACeb_004-Ex1
SoA0100512E	Sor-ACeb_005-Ex1-12E-lcwgs-1-2	Sor-ACeb_005-Ex1
SoA0100601F	Sor-ACeb_006-Ex1-1F-lcwgs-1-2	Sor-ACeb_006-Ex1
SoA0100702F	Sor-ACeb_007-Ex1-2F-lcwgs-1-2	Sor-ACeb_007-Ex1
SoA0100803F	Sor-ACeb_008-Ex1-3F-lcwgs-1-2	Sor-ACeb_008-Ex1
SoA0100904F	Sor-ACeb_009-Ex1-4F-lcwgs-1-2	Sor-ACeb_009-Ex1
SoA0101005F	Sor-ACeb_010-Ex1-5F-lcwgs-1-2	Sor-ACeb_010-Ex1
SoA0101106F	Sor-ACeb_011-Ex1-6F-lcwgs-1-2	Sor-ACeb_011-Ex1
SoA0101207F	Sor-ACeb_012-Ex1-7F-lcwgs-1-2	Sor-ACeb_012-Ex1
SoA0101308F	Sor-ACeb_013-Ex1-8F-lcwgs-1-2	Sor-ACeb_013-Ex1
SoA0101409F	Sor-ACeb_014-Ex1-9F-lcwgs-1-2	Sor-ACeb_014-Ex1
SoA0101510F	Sor-ACeb_015-Ex1-10F-lcwgs-1-2	Sor-ACeb_015-Ex1
SoA0101611F	Sor-ACeb_016-Ex1-11F-lcwgs-1-2	Sor-ACeb_016-Ex1
SoA0101712F	Sor-ACeb_017-Ex1-12F-lcwgs-1-2	Sor-ACeb_017-Ex1
SoA0101801G	Sor-ACeb_018-Ex1-1G-lcwgs-1-2	Sor-ACeb_018-Ex1
SoA0101903G	Sor-ACeb_019-Ex1-3G-lcwgs-1-2	Sor-ACeb_019-Ex1
SoA0102002G	Sor-ACeb_020-Ex1-2G-lcwgs-1-2	Sor-ACeb_020-Ex1
SoA0102104G	Sor-ACeb_021-Ex1-4G-lcwgs-1-2	Sor-ACeb_021-Ex1
SoA0102205G	Sor-ACeb_022-Ex1-5G-lcwgs-1-2	Sor-ACeb_022-Ex1
SoC0600103E	Sor-CPnd_001-Ex1-3E-lcwgs-1-2	Sor-CPnd_001-Ex1
SoC0600205E	Sor-CPnd_002-Ex1-5E-lcwgs-1-2	Sor-CPnd_002-Ex1
SoC0600302B	Sor-CPnd_003-Ex1-2B-lcwgs-1-2	Sor-CPnd_003-Ex1
SoC0600401G	Sor-CPnd_004-Ex1-1G-lcwgs-1-2	Sor-CPnd_004-Ex1
SoC0600503D	Sor-CPnd_005-Ex1-3D-lcwgs-1-2	Sor-CPnd_005-Ex1
SoC0600602D	Sor-CPnd_006-Ex1-2D-lcwgs-1-2	Sor-CPnd_006-Ex1
SoC0600701C	Sor-CPnd_007-Ex1-1C-lcwgs-1-2	Sor-CPnd_007-Ex1
SoC0600801A	Sor-CPnd_008-Ex1-1A-lcwgs-1-2	Sor-CPnd_008-Ex1
SoC0600906A	Sor-CPnd_009-Ex1-6A-lcwgs-1-2	Sor-CPnd_009-Ex1
SoC0601001H	Sor-CPnd_010-Ex1-1H-lcwgs-1-2	Sor-CPnd_010-Ex1
SoC0601205B	Sor-CPnd_012-Ex1-5B-lcwgs-1-2	Sor-CPnd_012-Ex1
SoC0601307F	Sor-CPnd_013-Ex1-7F-lcwgs-1-2	Sor-CPnd_013-Ex1
SoC0601401F	Sor-CPnd_014-Ex1-1F-lcwgs-1-2	Sor-CPnd_014-Ex1
SoC0601505F	Sor-CPnd_015-Ex1-5F-lcwgs-1-2	Sor-CPnd_015-Ex1
SoC0601601B	Sor-CPnd_016-Ex1-1B-lcwgs-1-2	Sor-CPnd_016-Ex1
SoC0601703G	Sor-CPnd_017-Ex1-3G-lcwgs-1-2	Sor-CPnd_017-Ex1
SoC0601801E	Sor-CPnd_018-Ex1-1E-lcwgs-1-2	Sor-CPnd_018-Ex1
SoC0601906G	Sor-CPnd_019-Ex1-6G-lcwgs-1-2	Sor-CPnd_019-Ex1
SoC0602002E	Sor-CPnd_020-Ex1-2E-lcwgs-1-2	Sor-CPnd_020-Ex1
SoC0602207C	Sor-CPnd_022-Ex1-7C-lcwgs-1-2	Sor-CPnd_022-Ex1
SoC0602405G	Sor-CPnd_024-Ex1-5G-lcwgs-1-2	Sor-CPnd_024-Ex1
SoC0602603H	Sor-CPnd_026-Ex1-3H-lcwgs-1-2	Sor-CPnd_026-Ex1
SoC0602703C	Sor-CPnd_027-Ex1-3C-lcwgs-1-2	Sor-CPnd_027-Ex1
SoC0602803A	Sor-CPnd_028-Ex1-3A-lcwgs-1-2	Sor-CPnd_028-Ex1
SoC0602908E	Sor-CPnd_029-Ex1-8E-lcwgs-1-2	Sor-CPnd_029-Ex1
SoC0603002H	Sor-CPnd_030-Ex1-2H-lcwgs-1-2	Sor-CPnd_030-Ex1
SoC0603105D	Sor-CPnd_031-Ex1-5D-lcwgs-1-2	Sor-CPnd_031-Ex1
SoC0603302F	Sor-CPnd_033-Ex1-2F-lcwgs-1-2	Sor-CPnd_033-Ex1
SoC0603404G	Sor-CPnd_034-Ex1-4G-lcwgs-1-2	Sor-CPnd_034-Ex1
SoC0603605C	Sor-CPnd_036-Ex1-5C-lcwgs-1-2	Sor-CPnd_036-Ex1
SoC0603706C	Sor-CPnd_037-Ex1-6C-lcwgs-1-2	Sor-CPnd_037-Ex1
SoC0603802A	Sor-CPnd_038-Ex1-2A-lcwgs-1-2	Sor-CPnd_038-Ex1
SoC0604107A	Sor-CPnd_041-Ex1-7A-lcwgs-1-2	Sor-CPnd_041-Ex1
SoC0604301D	Sor-CPnd_043-Ex1-1D-lcwgs-1-2	Sor-CPnd_043-Ex1
SoC0604408G	Sor-CPnd_044-Ex1-8G-lcwgs-1-2	Sor-CPnd_044-Ex1
SoC0604507B	Sor-CPnd_045-Ex1-7B-lcwgs-1-2	Sor-CPnd_045-Ex1
SoC0604605A	Sor-CPnd_046-Ex1-5A-lcwgs-1-2	Sor-CPnd_046-Ex1
SoC0604903B	Sor-CPnd_049-Ex1-3B-lcwgs-1-2	Sor-CPnd_049-Ex1
SoC0605003F	Sor-CPnd_050-Ex1-3F-lcwgs-1-2	Sor-CPnd_050-Ex1
SoC0605206D	Sor-CPnd_052-Ex1-6D-lcwgs-1-2	Sor-CPnd_052-Ex1
SoC0605302C	Sor-CPnd_053-Ex1-2C-lcwgs-1-2	Sor-CPnd_053-Ex1
SoC0605408F	Sor-CPnd_054-Ex1-8F-lcwgs-1-2	Sor-CPnd_054-Ex1
SoC0605507G	Sor-CPnd_055-Ex1-7G-lcwgs-1-2	Sor-CPnd_055-Ex1
SoC0605802G	Sor-CPnd_058-Ex1-2G-lcwgs-1-2	Sor-CPnd_058-Ex1
SoC0606307D	Sor-CPnd_063-Ex1-7D-lcwgs-1-2	Sor-CPnd_063-Ex1
SoC0606608B	Sor-CPnd_066-Ex1-8B-lcwgs-1-2	Sor-CPnd_066-Ex1
SoC0606906B	Sor-CPnd_069-Ex1-6B-lcwgs-1-2	Sor-CPnd_069-Ex1
SoC0607208C	Sor-CPnd_072-Ex1-8C-lcwgs-1-2	Sor-CPnd_072-Ex1
SoA0100101A	Sor-ACan_001-Ex1-1A-lcwgs-1-T	Sor-ACan_001-Ex1
SoA0100106G	Sor-ABur_001-Ex1-6G-lcwgs-1-T	Sor-ABur_001-Ex1
SoA0100108E	Sor-ACeb_001-Ex1-8E -lcwgs-1-T	Sor-ACeb_001-Ex1
SoA0100202A	Sor-ACan_002-Ex1-2A-lcwgs-1-T	Sor-ACan_002-Ex1
SoA0100207G	Sor-ABur_002-Ex1-7G-lcwgs-1-T	Sor-ABur_002-Ex1
SoA0100209E	Sor-ACeb_002-Ex1-9E -lcwgs-1-T	Sor-ACeb_002-Ex1
SoA0100303A	Sor-ACan_003-Ex1-3A-lcwgs-1-T	Sor-ACan_003-Ex1
SoA0100308G	Sor-ABur_003-Ex1-8G-lcwgs-1-T	Sor-ABur_003-Ex1
SoA0100310E	Sor-ACeb_003-Ex1-10E -lcwgs-1-T	Sor-ACeb_003-Ex1
SoA0100404A	Sor-ACan_004-Ex1-4A-lcwgs-1-T	Sor-ACan_004-Ex1
SoA0100409G	Sor-ABur_004-Ex1-9G-lcwgs-1-T	Sor-ABur_004-Ex1
SoA0100411E	Sor-ACeb_004-Ex1-11E -lcwgs-1-T	Sor-ACeb_004-Ex1
SoA0100505A	Sor-ACan_005-Ex1-5A-lcwgs-1-T	Sor-ACan_005-Ex1
SoA0100510G	Sor-ABur_005-Ex1-10G-lcwgs-1-T	Sor-ABur_005-Ex1
SoA0100512E	Sor-ACeb_005-Ex1-12E -lcwgs-1-T	Sor-ACeb_005-Ex1
SoA0100601F	Sor-ACeb_006-Ex1-1F-lcwgs-1-T	Sor-ACeb_006-Ex1
SoA0100606A	Sor-ACan_006-Ex1-6A-lcwgs-1-T	Sor-ACan_006-Ex1
SoA0100611G	Sor-ABur_006-Ex1-11G-lcwgs-1-T	Sor-ABur_006-Ex1
SoA0100702F	Sor-ACeb_007-Ex1-2F-lcwgs-1-T	Sor-ACeb_007-Ex1
SoA0100707A	Sor-ACan_007-Ex1-7A-lcwgs-1-T	Sor-ACan_007-Ex1
SoA0100712G	Sor-ABur_007-Ex1-12G-lcwgs-1-T	Sor-ABur_007-Ex1
SoA0100801H	Sor-ABur_008-Ex1-1H-lcwgs-1-T	Sor-ABur_008-Ex1
SoA0100803F	Sor-ACeb_008-Ex1-3F-lcwgs-1-T	Sor-ACeb_008-Ex1
SoA0100808A	Sor-ACan_008-Ex1-8A-lcwgs-1-T	Sor-ACan_008-Ex1
SoA0100902H	Sor-ABur_009-Ex1-2H-lcwgs-1-T	Sor-ABur_009-Ex1
SoA0100904F	Sor-ACeb_009-Ex1-4F-lcwgs-1-T	Sor-ACeb_009-Ex1
SoA0100909A	Sor-ACan_009-Ex1-9A-lcwgs-1-T	Sor-ACan_009-Ex1
SoA0101003H	Sor-ABur_010-Ex1-3H-lcwgs-1-T	Sor-ABur_010-Ex1
SoA0101005F	Sor-ACeb_010-Ex1-5F-lcwgs-1-T	Sor-ACeb_010-Ex1
SoA0101010A	Sor-ACan_010-Ex1-10A-lcwgs-1-T	Sor-ACan_010-Ex1
SoA0101104H	Sor-ABur_011-Ex1-4H-lcwgs-1-T	Sor-ABur_011-Ex1
SoA0101106F	Sor-ACeb_011-Ex1-6F-lcwgs-1-T	Sor-ACeb_011-Ex1
SoA0101111A	Sor-ACan_011-Ex1-11A-lcwgs-1-T	Sor-ACan_011-Ex1
SoA0101205H	Sor-ABur_012-Ex1-5H-lcwgs-1-T	Sor-ABur_012-Ex1
SoA0101207F	Sor-ACeb_012-Ex1-7F-lcwgs-1-T	Sor-ACeb_012-Ex1
SoA0101212A	Sor-ACan_012-Ex1-12A-lcwgs-1-T	Sor-ACan_012-Ex1
SoA0101301B	Sor-ACan_013-Ex1-1B-lcwgs-1-T	Sor-ACan_013-Ex1
SoA0101306H	Sor-ABur_013-Ex1-6H-lcwgs-1-T	Sor-ABur_013-Ex1
SoA0101308F	Sor-ACeb_013-Ex1-8F-lcwgs-1-T	Sor-ACeb_013-Ex1
SoA0101402B	Sor-ACan_014-Ex1-2B-lcwgs-1-T	Sor-ACan_014-Ex1
SoA0101407H	Sor-ABur_014-Ex1-7H-lcwgs-1-T	Sor-ABur_014-Ex1
SoA0101409F	Sor-ACeb_014-Ex1-9F-lcwgs-1-T	Sor-ACeb_014-Ex1
SoA0101503B	Sor-ACan_015-Ex1-3B-lcwgs-1-T	Sor-ACan_015-Ex1
SoA0101508H	Sor-ABur_015-Ex1-8H-lcwgs-1-T	Sor-ABur_015-Ex1
SoA0101510F	Sor-ACeb_015-Ex1-10F-lcwgs-1-T	Sor-ACeb_015-Ex1
SoA0101604B	Sor-ACan_016-Ex1-4B-lcwgs-1-T	Sor-ACan_016-Ex1
SoA0101609H	Sor-ABur_016-Ex1-9H-lcwgs-1-T	Sor-ABur_016-Ex1
SoA0101611F	Sor-ACeb_016-Ex1-11F-lcwgs-1-T	Sor-ACeb_016-Ex1
SoA0101705B	Sor-ACan_017-Ex1-5B-lcwgs-1-T	Sor-ACan_017-Ex1
SoA0101712F	Sor-ACeb_017-Ex1-12F-lcwgs-1-T	Sor-ACeb_017-Ex1
SoA0101801G	Sor-ACeb_018-Ex1-1G-lcwgs-1-T	Sor-ACeb_018-Ex1
SoA0101806B	Sor-ACan_018-Ex1-6B-lcwgs-1-T	Sor-ACan_018-Ex1
SoA0101903G	Sor-ACeb_019-Ex1-3G-lcwgs-1-T	Sor-ACeb_019-Ex1
SoA0101907B	Sor-ACan_019-Ex1-7B-lcwgs-1-T	Sor-ACan_019-Ex1
SoA0102002G	Sor-ACeb_020-Ex1-2G-lcwgs-1-T	Sor-ACeb_020-Ex1
SoA0102008B	Sor-ACan_020-Ex1-8B-lcwgs-1-T	Sor-ACan_020-Ex1
SoA0102104G	Sor-ACeb_021-Ex1-4G-lcwgs-1-T	Sor-ACeb_021-Ex1
SoA0102109B	Sor-ACan_021-Ex1-9B-lcwgs-1-T	Sor-ACan_021-Ex1
SoA0102205G	Sor-ACeb_022-Ex1-5G-lcwgs-1-T	Sor-ACeb_022-Ex1
SoA0102210B	Sor-ACan_022-Ex1-10B-lcwgs-1-T	Sor-ACan_022-Ex1
SoA0102311B	Sor-ACan_023-Ex1-11B-lcwgs-1-T	Sor-ACan_023-Ex1
SoA0102412B	Sor-ACan_024-Ex1-12B-lcwgs-1-T	Sor-ACan_024-Ex1
SoA0102501C	Sor-ACan_025-Ex1-1C-lcwgs-1-T	Sor-ACan_025-Ex1
SoA0102602C	Sor-ACan_026-Ex1-2C-lcwgs-1-T	Sor-ACan_026-Ex1
SoA0102703C	Sor-ACan_027-Ex1-3C-lcwgs-1-T	Sor-ACan_027-Ex1
SoA0102804C	Sor-ACan_028-Ex1-4C-lcwgs-1-T	Sor-ACan_028-Ex1
SoA0102905C	Sor-ACan_029-Ex1-5C-lcwgs-1-T	Sor-ACan_029-Ex1
SoA0103006C	Sor-ACan_030-Ex1-6C-lcwgs-1-T	Sor-ACan_030-Ex1
SoA0103107C	Sor-ACan_031-Ex1-7C-lcwgs-1-T	Sor-ACan_031-Ex1
SoA0103208C	Sor-ACan_032-Ex1-8C-lcwgs-1-T	Sor-ACan_032-Ex1
SoA0103309C	Sor-ACan_033-Ex1-9C-lcwgs-1-T	Sor-ACan_033-Ex1
SoA0103410C	Sor-ACan_034-Ex1-10C-lcwgs-1-T	Sor-ACan_034-Ex1
SoA0103511C	Sor-ACan_035-Ex1-11C-lcwgs-1-T	Sor-ACan_035-Ex1
SoA0103612C	Sor-ACan_036-Ex1-12C-lcwgs-1-T	Sor-ACan_036-Ex1
SoA0103701D	Sor-ACan_037-Ex1-1D-lcwgs-1-T	Sor-ACan_037-Ex1
SoA0103802D	Sor-ACan_038-Ex1-2D-lcwgs-1-T	Sor-ACan_038-Ex1
SoA0103903D	Sor-ACan_039-Ex1-3D-lcwgs-1-T	Sor-ACan_039-Ex1
SoA0104004D	Sor-ACan_040-Ex1-4D-lcwgs-1-T	Sor-ACan_040-Ex1
SoA0104105D	Sor-ACan_041-Ex1-5D-lcwgs-1-T	Sor-ACan_041-Ex1
SoA0104206D	Sor-ACan_042-Ex1-6D-lcwgs-1-T	Sor-ACan_042-Ex1
SoA0104307D	Sor-ACan_043-Ex1-7D-lcwgs-1-T	Sor-ACan_043-Ex1
SoA0104408D	Sor-ACan_044-Ex1-8D-lcwgs-1-T	Sor-ACan_044-Ex1
SoA0104509D	Sor-ACan_045-Ex1-9D-lcwgs-1-T	Sor-ACan_045-Ex1
SoA0104610D	Sor-ACan_046-Ex1-10D-lcwgs-1-T	Sor-ACan_046-Ex1
SoA0104711D	Sor-ACan_047-Ex1-11D-lcwgs-1-T	Sor-ACan_047-Ex1
SoA0104812D	Sor-ACan_048-Ex1-12D-lcwgs-1-T	Sor-ACan_048-Ex1
SoA0104901E	Sor-ACan_049-Ex1-1E -lcwgs-1-T	Sor-ACan_049-Ex1
SoA0105002E	Sor-ACan_050-Ex1-2E -lcwgs-1-T	Sor-ACan_050-Ex1
SoA0105103E	Sor-ACan_051-Ex1-3E -lcwgs-1-T	Sor-ACan_051-Ex1
SoA0105204E	Sor-ACan_052-Ex1-4E -lcwgs-1-T	Sor-ACan_052-Ex1
SoA0105305E	Sor-ACan_053-Ex1-5E -lcwgs-1-T	Sor-ACan_053-Ex1
SoA0105406E	Sor-ACan_054-Ex1-6E -lcwgs-1-T	Sor-ACan_054-Ex1
SoA0105507E	Sor-ACan_055-Ex1-7E -lcwgs-1-T	Sor-ACan_055-Ex1
SoC0100102C	Sor-CBur_001-Ex1-2C-lcwgs-1-T	Sor-CBur_001-Ex1
SoC0100301G	Sor-CBur_003-Ex1-1G-lcwgs-1-T	Sor-CBur_003-Ex1
SoC0100401H	Sor-CBur_004-Ex1-1H-lcwgs-1-T	Sor-CBur_004-Ex1
SoC0100508H	Sor-CBur_005-Ex1-8H-lcwgs-1-T	Sor-CBur_005-Ex1
SoC0100903H	Sor-CBur_009-Ex1-3H-lcwgs-1-T	Sor-CBur_009-Ex1
SoC0101002H	Sor-CBur_010-Ex1-2H-lcwgs-1-T	Sor-CBur_010-Ex1
SoC0101105F	Sor-CBur_011-Ex1-5F-lcwgs-1-T	Sor-CBur_011-Ex1
SoC0101203E	Sor-CBur_012-Ex1-3E-lcwgs-1-T	Sor-CBur_012-Ex1
SoC0101306B	Sor-CBur_013-Ex1-6B-lcwgs-1-T	Sor-CBur_013-Ex1
SoC0101406H	Sor-CBur_014-Ex1-6H-lcwgs-1-T	Sor-CBur_014-Ex1
SoC0101502D	Sor-CBur_015-Ex1-2D-lcwgs-1-T	Sor-CBur_015-Ex1
SoC0101606G	Sor-CBur_016-Ex1-6G-lcwgs-1-T	Sor-CBur_016-Ex1
SoC0102007D	Sor-CBur_020-Ex1-7D-lcwgs-1-T	Sor-CBur_020-Ex1
SoC0102105C	Sor-CBur_021-Ex1-5C-lcwgs-1-T	Sor-CBur_021-Ex1
SoC0102201A	Sor-CBur_022-Ex1-1A-lcwgs-1-T	Sor-CBur_022-Ex1
SoC0102305E	Sor-CBur_023-Ex1-5E-lcwgs-1-T	Sor-CBur_023-Ex1
SoC0102508B	Sor-CBur_025-Ex1-8B-lcwgs-1-T	Sor-CBur_025-Ex1
SoC0102802E	Sor-CBur_028-Ex1-2E-lcwgs-1-T	Sor-CBur_028-Ex1
SoC0103303A	Sor-CBur_033-Ex1-3A-lcwgs-1-T	Sor-CBur_033-Ex1
SoC0103403C	Sor-CBur_034-Ex1-3C-lcwgs-1-T	Sor-CBur_034-Ex1
SoC0103603F	Sor-CBur_036-Ex1-3F-lcwgs-1-T	Sor-CBur_036-Ex1
SoC0103705A	Sor-CBur_037-Ex1-5A-lcwgs-1-T	Sor-CBur_037-Ex1
SoC0104004B	Sor-CBur_040-Ex1-4B-lcwgs-1-T	Sor-CBur_040-Ex1
SoC0104107F	Sor-CBur_041-Ex1-7F-lcwgs-1-T	Sor-CBur_041-Ex1
SoC0104206C	Sor-CBur_042-Ex1-6C-lcwgs-1-T	Sor-CBur_042-Ex1
SoC0104301B	Sor-CBur_043-Ex1-1B-lcwgs-1-T	Sor-CBur_043-Ex1
SoC0104406A	Sor-CBur_044-Ex1-6A-lcwgs-1-T	Sor-CBur_044-Ex1
SoC0104602A	Sor-CBur_046-Ex1-2A-lcwgs-1-T	Sor-CBur_046-Ex1
SoC0104907B	Sor-CBur_049-Ex1-7B-lcwgs-1-T	Sor-CBur_049-Ex1
SoC0105006D	Sor-CBur_050-Ex1-6D-lcwgs-1-T	Sor-CBur_050-Ex1
SoC0105108D	Sor-CBur_051-Ex1-8D-lcwgs-1-T	Sor-CBur_051-Ex1
SoC0105205B	Sor-CBur_052-Ex1-5B-lcwgs-1-T	Sor-CBur_052-Ex1
SoC0105308F	Sor-CBur_053-Ex1-8F-lcwgs-1-T	Sor-CBur_053-Ex1
SoC0105407A	Sor-CBur_054-Ex1-7A-lcwgs-1-T	Sor-CBur_054-Ex1
SoC0105502G	Sor-CBur_055-Ex1-2G-lcwgs-1-T	Sor-CBur_055-Ex1
SoC0105808C	Sor-CBur_058-Ex1-8C-lcwgs-1-T	Sor-CBur_058-Ex1
SoC0105903G	Sor-CBur_059-Ex1-3G-lcwgs-1-T	Sor-CBur_059-Ex1
SoC0106206E	Sor-CBur_062-Ex1-6E-lcwgs-1-T	Sor-CBur_062-Ex1
SoC0106404D	Sor-CBur_064-Ex1-4D-lcwgs-1-T	Sor-CBur_064-Ex1
SoC0106501F	Sor-CBur_065-Ex1-1F-lcwgs-1-T	Sor-CBur_065-Ex1
SoC0106603B	Sor-CBur_066-Ex1-3B-lcwgs-1-T	Sor-CBur_066-Ex1
SoC0106704H	Sor-CBur_067-Ex1-4H-lcwgs-1-T	Sor-CBur_067-Ex1
SoC0106806F	Sor-CBur_068-Ex1-6F-lcwgs-1-T	Sor-CBur_068-Ex1
SoC0106905D	Sor-CBur_069-Ex1-5D-lcwgs-1-T	Sor-CBur_069-Ex1
SoC0107001E	Sor-CBur_070-Ex1-1E-lcwgs-1-T	Sor-CBur_070-Ex1
SoC0107104G	Sor-CBur_071-Ex1-4G-lcwgs-1-T	Sor-CBur_071-Ex1
SoC0107307H	Sor-CBur_073-Ex1-7H-lcwgs-1-T	Sor-CBur_073-Ex1
SoC0107505H	Sor-CBur_075-Ex1-5H-lcwgs-1-T	Sor-CBur_075-Ex1
SoC0107602B	Sor-CBur_076-Ex1-2B-lcwgs-1-T	Sor-CBur_076-Ex1
SoC0107708E	Sor-CBur_077-Ex1-8E-lcwgs-1-T	Sor-CBur_077-Ex1
SoC0107805G	Sor-CBur_078-Ex1-5G-lcwgs-1-T	Sor-CBur_078-Ex1
SoC0107908G	Sor-CBur_079-Ex1-8G-lcwgs-1-T	Sor-CBur_079-Ex1
SoC0108002F	Sor-CBur_080-Ex1-2F-lcwgs-1-T	Sor-CBur_080-Ex1
SoC0108108A	Sor-CBur_081-Ex1-8A-lcwgs-1-T	Sor-CBur_081-Ex1
SoC0108204C	Sor-CBur_082-Ex1-4C-lcwgs-1-T	Sor-CBur_082-Ex1
SoC0108404A	Sor-CBur_084-Ex1-4A-lcwgs-1-T	Sor-CBur_084-Ex1
SoC0108507E	Sor-CBur_085-Ex1-7E-lcwgs-1-T	Sor-CBur_085-Ex1
SoC0108601D	Sor-CBur_086-Ex1-1D-lcwgs-1-T	Sor-CBur_086-Ex1
SoC0108701C	Sor-CBur_087-Ex1-1C-lcwgs-1-T	Sor-CBur_087-Ex1
SoC0108804F	Sor-CBur_088-Ex1-4F-lcwgs-1-T	Sor-CBur_088-Ex1
SoC0108904E	Sor-CBur_089-Ex1-4E-lcwgs-1-T	Sor-CBur_089-Ex1
SoC0109107C	Sor-CBur_091-Ex1-7C-lcwgs-1-T	Sor-CBur_091-Ex1
SoC0109307G	Sor-CBur_093-Ex1-7G-lcwgs-1-T	Sor-CBur_093-Ex1
SoC0109603D	Sor-CBur_096-Ex1-3D-lcwgs-1-T	Sor-CBur_096-Ex1
SoC0600103E	Sor-CPnd_001-Ex1-3E-lcwgs-1-T	Sor-CPnd_001-Ex1
SoC0600205E	Sor-CPnd_002-Ex1-5E-lcwgs-1-T	Sor-CPnd_002-Ex1
SoC0600302B	Sor-CPnd_003-Ex1-2B-lcwgs-1-T	Sor-CPnd_003-Ex1
SoC0600401G	Sor-CPnd_004-Ex1-1G-lcwgs-1-T	Sor-CPnd_004-Ex1
SoC0600503D	Sor-CPnd_005-Ex1-3D-lcwgs-1-T	Sor-CPnd_005-Ex1
SoC0600602D	Sor-CPnd_006-Ex1-2D-lcwgs-1-T	Sor-CPnd_006-Ex1
SoC0600701C	Sor-CPnd_007-Ex1-1C-lcwgs-1-T	Sor-CPnd_007-Ex1
SoC0600801A	Sor-CPnd_008-Ex1-1A-lcwgs-1-T	Sor-CPnd_008-Ex1
SoC0600906A	Sor-CPnd_009-Ex1-6A-lcwgs-1-T	Sor-CPnd_009-Ex1
SoC0601001H	Sor-CPnd_010-Ex1-1H-lcwgs-1-T	Sor-CPnd_010-Ex1
SoC0601108D	Sor-CPnd_011-Ex1-8D-lcwgs-1-T	Sor-CPnd_011-Ex1
SoC0601205B	Sor-CPnd_012-Ex1-5B-lcwgs-1-T	Sor-CPnd_012-Ex1
SoC0601307F	Sor-CPnd_013-Ex1-7F-lcwgs-1-T	Sor-CPnd_013-Ex1
SoC0601401F	Sor-CPnd_014-Ex1-1F-lcwgs-1-T	Sor-CPnd_014-Ex1
SoC0601505F	Sor-CPnd_015-Ex1-5F-lcwgs-1-T	Sor-CPnd_015-Ex1
SoC0601601B	Sor-CPnd_016-Ex1-1B-lcwgs-1-T	Sor-CPnd_016-Ex1
SoC0601703G	Sor-CPnd_017-Ex1-3G-lcwgs-1-T	Sor-CPnd_017-Ex1
SoC0601801E	Sor-CPnd_018-Ex1-1E-lcwgs-1-T	Sor-CPnd_018-Ex1
SoC0601906G	Sor-CPnd_019-Ex1-6G-lcwgs-1-T	Sor-CPnd_019-Ex1
SoC0602002E	Sor-CPnd_020-Ex1-2E-lcwgs-1-T	Sor-CPnd_020-Ex1
SoC0602104D	Sor-CPnd_021-Ex1-4D-lcwgs-1-T	Sor-CPnd_021-Ex1
SoC0602207C	Sor-CPnd_022-Ex1-7C-lcwgs-1-T	Sor-CPnd_022-Ex1
SoC0602304A	Sor-CPnd_023-Ex1-4A-lcwgs-1-T	Sor-CPnd_023-Ex1
SoC0602405G	Sor-CPnd_024-Ex1-5G-lcwgs-1-T	Sor-CPnd_024-Ex1
SoC0602504B	Sor-CPnd_025-Ex1-4B-lcwgs-1-T	Sor-CPnd_025-Ex1
SoC0602603H	Sor-CPnd_026-Ex1-3H-lcwgs-1-T	Sor-CPnd_026-Ex1
SoC0602703C	Sor-CPnd_027-Ex1-3C-lcwgs-1-T	Sor-CPnd_027-Ex1
SoC0602803A	Sor-CPnd_028-Ex1-3A-lcwgs-1-T	Sor-CPnd_028-Ex1
SoC0602908E	Sor-CPnd_029-Ex1-8E-lcwgs-1-T	Sor-CPnd_029-Ex1
SoC0603002H	Sor-CPnd_030-Ex1-2H-lcwgs-1-T	Sor-CPnd_030-Ex1
SoC0603105D	Sor-CPnd_031-Ex1-5D-lcwgs-1-T	Sor-CPnd_031-Ex1
SoC0603204F	Sor-CPnd_032-Ex1-4F-lcwgs-1-T	Sor-CPnd_032-Ex1
SoC0603302F	Sor-CPnd_033-Ex1-2F-lcwgs-1-T	Sor-CPnd_033-Ex1
SoC0603404G	Sor-CPnd_034-Ex1-4G-lcwgs-1-T	Sor-CPnd_034-Ex1
SoC0603504C	Sor-CPnd_035-Ex1-4C-lcwgs-1-T	Sor-CPnd_035-Ex1
SoC0603605C	Sor-CPnd_036-Ex1-5C-lcwgs-1-T	Sor-CPnd_036-Ex1
SoC0603706C	Sor-CPnd_037-Ex1-6C-lcwgs-1-T	Sor-CPnd_037-Ex1
SoC0603802A	Sor-CPnd_038-Ex1-2A-lcwgs-1-T	Sor-CPnd_038-Ex1
SoC0603905H	Sor-CPnd_039-Ex1-5H-lcwgs-1-T	Sor-CPnd_039-Ex1
SoC0604006F	Sor-CPnd_040-Ex1-6F-lcwgs-1-T	Sor-CPnd_040-Ex1
SoC0604107A	Sor-CPnd_041-Ex1-7A-lcwgs-1-T	Sor-CPnd_041-Ex1
SoC0604204E	Sor-CPnd_042-Ex1-4E-lcwgs-1-T	Sor-CPnd_042-Ex1
SoC0604301D	Sor-CPnd_043-Ex1-1D-lcwgs-1-T	Sor-CPnd_043-Ex1
SoC0604408G	Sor-CPnd_044-Ex1-8G-lcwgs-1-T	Sor-CPnd_044-Ex1
SoC0604507B	Sor-CPnd_045-Ex1-7B-lcwgs-1-T	Sor-CPnd_045-Ex1
SoC0604605A	Sor-CPnd_046-Ex1-5A-lcwgs-1-T	Sor-CPnd_046-Ex1
SoC0604704H	Sor-CPnd_047-Ex1-4H-lcwgs-1-T	Sor-CPnd_047-Ex1
SoC0604808A	Sor-CPnd_048-Ex1-8A-lcwgs-1-T	Sor-CPnd_048-Ex1
SoC0604903B	Sor-CPnd_049-Ex1-3B-lcwgs-1-T	Sor-CPnd_049-Ex1
SoC0605003F	Sor-CPnd_050-Ex1-3F-lcwgs-1-T	Sor-CPnd_050-Ex1
SoC0605106H	Sor-CPnd_051-Ex1-6H-lcwgs-1-T	Sor-CPnd_051-Ex1
SoC0605206D	Sor-CPnd_052-Ex1-6D-lcwgs-1-T	Sor-CPnd_052-Ex1
SoC0605302C	Sor-CPnd_053-Ex1-2C-lcwgs-1-T	Sor-CPnd_053-Ex1
SoC0605408F	Sor-CPnd_054-Ex1-8F-lcwgs-1-T	Sor-CPnd_054-Ex1
SoC0605507G	Sor-CPnd_055-Ex1-7G-lcwgs-1-T	Sor-CPnd_055-Ex1
SoC0605607E	Sor-CPnd_056-Ex1-7E-lcwgs-1-T	Sor-CPnd_056-Ex1
SoC0605706E	Sor-CPnd_057-Ex1-6E-lcwgs-1-T	Sor-CPnd_057-Ex1
SoC0605802G	Sor-CPnd_058-Ex1-2G-lcwgs-1-T	Sor-CPnd_058-Ex1
SoC0606007H	Sor-CPnd_060-Ex1-7H-lcwgs-1-T	Sor-CPnd_060-Ex1
SoC0606307D	Sor-CPnd_063-Ex1-7D-lcwgs-1-T	Sor-CPnd_063-Ex1
SoC0606608B	Sor-CPnd_066-Ex1-8B-lcwgs-1-T	Sor-CPnd_066-Ex1
SoC0606808H	Sor-CPnd_068-Ex1-8H-lcwgs-1-T	Sor-CPnd_068-Ex1
SoC0606906B	Sor-CPnd_069-Ex1-6B-lcwgs-1-T	Sor-CPnd_069-Ex1
SoC0607208C	Sor-CPnd_072-Ex1-8C-lcwgs-1-T	Sor-CPnd_072-Ex1
SoA0200101A	Sob-APnd_001-Ex1-1A-lcwgs-1-2	Sob-APnd_001-Ex1
SoA0200303A	Sob-APnd_003-Ex1-3A-lcwgs-1-2	Sob-APnd_003-Ex1
SoA0200404A	Sob-APnd_004-Ex1-4A-lcwgs-1-2	Sob-APnd_004-Ex1
SoA0200606A	Sob-APnd_006-Ex1-6A-lcwgs-1-2	Sob-APnd_006-Ex1
SoA0200707A	Sob-APnd_007-Ex1-7A-lcwgs-1-2	Sob-APnd_007-Ex1
SoA0201010A	Sob-APnd_010-Ex1-10A-lcwgs-1-2	Sob-APnd_010-Ex1
SoA0201212A	Sob-APnd_012-Ex1-12A-lcwgs-1-2	Sob-APnd_012-Ex1
SoA0201301B	Sob-APnd_013-Ex1-1B-lcwgs-1-2	Sob-APnd_013-Ex1
SoA0201402B	Sob-APnd_014-Ex1-2B-lcwgs-1-2	Sob-APnd_014-Ex1
SoA0201503B	Sob-APnd_015-Ex1-3B-lcwgs-1-2	Sob-APnd_015-Ex1
SoA0201604B	Sob-APnd_016-Ex1-4B-lcwgs-1-2	Sob-APnd_016-Ex1
SoA0201907B	Sob-APnd_019-Ex1-7B-lcwgs-1-2	Sob-APnd_019-Ex1
SoA0202008B	Sob-APnd_020-Ex1-8B-lcwgs-1-2	Sob-APnd_020-Ex1
SoA0202109B	Sob-APnd_021-Ex1-9B-lcwgs-1-2	Sob-APnd_021-Ex1
SoA0202210B	Sob-APnd_022-Ex1-10B-lcwgs-1-2	Sob-APnd_022-Ex1
SoA0202412B	Sob-APnd_024-Ex1-12B-lcwgs-1-2	Sob-APnd_024-Ex1
SoA0202501C	Sob-APnd_025-Ex1-1C-lcwgs-1-2	Sob-APnd_025-Ex1
SoA0202703C	Sob-APnd_027-Ex1-3C-lcwgs-1-2	Sob-APnd_027-Ex1
SoA0202804C	Sob-APnd_028-Ex1-4C-lcwgs-1-2	Sob-APnd_028-Ex1
SoA0203006C	Sob-APnd_030-Ex1-6C-lcwgs-1-2	Sob-APnd_030-Ex1
SoA0203309C	Sob-APnd_033-Ex1-9C-lcwgs-1-2	Sob-APnd_033-Ex1
SoA0203410C	Sob-APnd_034-Ex1-10C-lcwgs-1-2	Sob-APnd_034-Ex1
SoA0203511C	Sob-APnd_035-Ex1-11C-lcwgs-1-2	Sob-APnd_035-Ex1
SoA0203612C	Sob-APnd_036-Ex1-12C-lcwgs-1-2	Sob-APnd_036-Ex1
SoA0203701D	Sob-APnd_037-Ex1-1D-lcwgs-1-2	Sob-APnd_037-Ex1
SoA0203903D	Sob-APnd_039-Ex1-3D-lcwgs-1-2	Sob-APnd_039-Ex1
SoA0204004D	Sob-APnd_040-Ex1-4D-lcwgs-1-2	Sob-APnd_040-Ex1
SoA0204206D	Sob-APnd_042-Ex1-6D-lcwgs-1-2	Sob-APnd_042-Ex1
SoA0204408D	Sob-APnd_044-Ex1-8D-lcwgs-1-2	Sob-APnd_044-Ex1
SoA0204509D	Sob-APnd_045-Ex1-9D-lcwgs-1-2	Sob-APnd_045-Ex1
SoA0204711D	Sob-APnd_047-Ex1-11D-lcwgs-1-2	Sob-APnd_047-Ex1
SoA0205406E	Sob-APnd_054-Ex1-6E-lcwgs-1-2	Sob-APnd_054-Ex1
SoA0205608E	Sob-APnd_056-Ex1-8E-lcwgs-1-2	Sob-APnd_056-Ex1
SoA0206505F	Sob-APnd_065-Ex1-5F-lcwgs-1-2	Sob-APnd_065-Ex1
SoA0207010F	Sob-APnd_070-Ex1-10F-lcwgs-1-2	Sob-APnd_070-Ex1
SoA0207212F	Sob-APnd_072-Ex1-12F-lcwgs-1-2	Sob-APnd_072-Ex1
SoA0207907G	Sob-APnd_079-Ex1-7G-lcwgs-1-2	Sob-APnd_079-Ex1
SoA0208008G	Sob-APnd_080-Ex1-8G-lcwgs-1-2	Sob-APnd_080-Ex1
SoA0208210G	Sob-APnd_082-Ex1-10G-lcwgs-1-2	Sob-APnd_082-Ex1
SoA0208311G	Sob-APnd_083-Ex1-11G-lcwgs-1-2	Sob-APnd_083-Ex1
SoA0208412G	Sob-APnd_084-Ex1-12G-lcwgs-1-2	Sob-APnd_084-Ex1
SoA0208703H	Sob-APnd_087-Ex1-3H-lcwgs-1-2	Sob-APnd_087-Ex1
SoA0208804H	Sob-APnd_088-Ex1-4H-lcwgs-1-2	Sob-APnd_088-Ex1
SoA0209107H	Sob-APnd_091-Ex1-7H-lcwgs-1-2	Sob-APnd_091-Ex1
SoA0209208H	Sob-APnd_092-Ex1-8H-lcwgs-1-2	Sob-APnd_092-Ex1
SoA0209309H	Sob-APnd_093-Ex1-9H-lcwgs-1-2	Sob-APnd_093-Ex1
SoA0209410H	Sob-APnd_094-Ex1-10H-lcwgs-1-2	Sob-APnd_094-Ex1
SoA0209612H	Sob-APnd_096-Ex1-12H-lcwgs-1-2	Sob-APnd_096-Ex1
SoC0700112B	Sob-CPnd_001-Ex1-12B-lcwgs-1-2	Sob-CPnd_001-Ex1
SoC0700212E	Sob-CPnd_002-Ex1-12E-lcwgs-1-2	Sob-CPnd_002-Ex1
SoC0700302D	Sob-CPnd_003-Ex1-2D-lcwgs-1-2	Sob-CPnd_003-Ex1
SoC0700412D	Sob-CPnd_004-Ex1-12D-lcwgs-1-2	Sob-CPnd_004-Ex1
SoC0700510D	Sob-CPnd_005-Ex1-10D-lcwgs-1-2	Sob-CPnd_005-Ex1
SoC0700911E	Sob-CPnd_009-Ex1-11E-lcwgs-1-2	Sob-CPnd_009-Ex1
SoC0701104A	Sob-CPnd_011-Ex1-4A-lcwgs-1-2	Sob-CPnd_011-Ex1
SoC0701301D	Sob-CPnd_013-Ex1-1D-lcwgs-1-2	Sob-CPnd_013-Ex1
SoC0701409B	Sob-CPnd_014-Ex1-9B-lcwgs-1-2	Sob-CPnd_014-Ex1
SoC0701501E	Sob-CPnd_015-Ex1-1E-lcwgs-1-2	Sob-CPnd_015-Ex1
SoC0701710A	Sob-CPnd_017-Ex1-10A-lcwgs-1-2	Sob-CPnd_017-Ex1
SoC0701810H	Sob-CPnd_018-Ex1-10H-lcwgs-1-2	Sob-CPnd_018-Ex1
SoC0701911C	Sob-CPnd_019-Ex1-11C-lcwgs-1-2	Sob-CPnd_019-Ex1
SoC0702112G	Sob-CPnd_021-Ex1-12G-lcwgs-1-2	Sob-CPnd_021-Ex1
SoC0702211H	Sob-CPnd_022-Ex1-11H-lcwgs-1-2	Sob-CPnd_022-Ex1
SoC0702412C	Sob-CPnd_024-Ex1-12C-lcwgs-1-2	Sob-CPnd_024-Ex1
SoC0702510B	Sob-CPnd_025-Ex1-10B-lcwgs-1-2	Sob-CPnd_025-Ex1
SoC0702802B	Sob-CPnd_028-Ex1-2B-lcwgs-1-2	Sob-CPnd_028-Ex1
SoC0702910E	Sob-CPnd_029-Ex1-10E-lcwgs-1-2	Sob-CPnd_029-Ex1
SoC0703202C	Sob-CPnd_032-Ex1-2C-lcwgs-1-2	Sob-CPnd_032-Ex1
SoC0703409A	Sob-CPnd_034-Ex1-9A-lcwgs-1-2	Sob-CPnd_034-Ex1
SoC0703701A	Sob-CPnd_037-Ex1-1A-lcwgs-1-2	Sob-CPnd_037-Ex1
SoC0703801F	Sob-CPnd_038-Ex1-1F-lcwgs-1-2	Sob-CPnd_038-Ex1
SoC0703901G	Sob-CPnd_039-Ex1-1G-lcwgs-1-2	Sob-CPnd_039-Ex1
SoC0704101B	Sob-CPnd_041-Ex1-1B-lcwgs-1-2	Sob-CPnd_041-Ex1
SoC0704201H	Sob-CPnd_042-Ex1-1H-lcwgs-1-2	Sob-CPnd_042-Ex1
SoC0704411A	Sob-CPnd_044-Ex1-11A-lcwgs-1-2	Sob-CPnd_044-Ex1
SoC0704512H	Sob-CPnd_045-Ex1-12H-lcwgs-1-2	Sob-CPnd_045-Ex1
SoC0704609C	Sob-CPnd_046-Ex1-9C-lcwgs-1-2	Sob-CPnd_046-Ex1
SoC0704711D	Sob-CPnd_047-Ex1-11D-lcwgs-1-2	Sob-CPnd_047-Ex1
SoC0704902A	Sob-CPnd_049-Ex1-2A-lcwgs-1-2	Sob-CPnd_049-Ex1
SoC0705011F	Sob-CPnd_050-Ex1-11F-lcwgs-1-2	Sob-CPnd_050-Ex1
SoC0905104E	Sob-CPnd_051-Ex1-4E-lcwgs-1-2	Sob-CPnd_051-Ex1
SoC0905204H	Sob-CPnd_052-Ex1-4H-lcwgs-1-2	Sob-CPnd_052-Ex1
SoC0905304F	Sob-CPnd_053-Ex1-4F-lcwgs-1-2	Sob-CPnd_053-Ex1
SoC0905504B	Sob-CPnd_055-Ex1-4B-lcwgs-1-2	Sob-CPnd_055-Ex1
SoC0905604G	Sob-CPnd_056-Ex1-4G-lcwgs-1-2	Sob-CPnd_056-Ex1
SoC0905703B	Sob-CPnd_057-Ex1-3B-lcwgs-1-2	Sob-CPnd_057-Ex1
SoC0905802E	Sob-CPnd_058-Ex1-2E-lcwgs-1-2	Sob-CPnd_058-Ex1
SoC0905903C	Sob-CPnd_059-Ex1-3C-lcwgs-1-2	Sob-CPnd_059-Ex1
SoC0906203F	Sob-CPnd_062-Ex1-3F-lcwgs-1-2	Sob-CPnd_062-Ex1
SoC0907102G	Sob-CPnd_071-Ex1-2G-lcwgs-1-2	Sob-CPnd_071-Ex1
SoC0907802H	Sob-CPnd_078-Ex1-2H-lcwgs-1-2	Sob-CPnd_078-Ex1
SoC0908303E	Sob-CPnd_083-Ex1-3E-lcwgs-1-2	Sob-CPnd_083-Ex1
SoC0908603A	Sob-CPnd_086-Ex1-3A-lcwgs-1-2	Sob-CPnd_086-Ex1
SoC0908703D	Sob-CPnd_087-Ex1-3D-lcwgs-1-2	Sob-CPnd_087-Ex1
SoC0908804D	Sob-CPnd_088-Ex1-4D-lcwgs-1-2	Sob-CPnd_088-Ex1
SoC0909003G	Sob-CPnd_090-Ex1-3G-lcwgs-1-2	Sob-CPnd_090-Ex1
SoA0200101A	Sob-APnd_001-Ex1-1A-lcwgs-1-3	Sob-APnd_001-Ex1
SoA0200303A	Sob-APnd_003-Ex1-3A-lcwgs-1-3	Sob-APnd_003-Ex1
SoA0200404A	Sob-APnd_004-Ex1-4A-lcwgs-1-3	Sob-APnd_004-Ex1
SoA0200606A	Sob-APnd_006-Ex1-6A-lcwgs-1-3	Sob-APnd_006-Ex1
SoA0200707A	Sob-APnd_007-Ex1-7A-lcwgs-1-3	Sob-APnd_007-Ex1
SoA0201010A	Sob-APnd_010-Ex1-10A-lcwgs-1-3	Sob-APnd_010-Ex1
SoA0201212A	Sob-APnd_012-Ex1-12A-lcwgs-1-3	Sob-APnd_012-Ex1
SoA0201301B	Sob-APnd_013-Ex1-1B-lcwgs-1-3	Sob-APnd_013-Ex1
SoA0201402B	Sob-APnd_014-Ex1-2B-lcwgs-1-3	Sob-APnd_014-Ex1
SoA0201503B	Sob-APnd_015-Ex1-3B-lcwgs-1-3	Sob-APnd_015-Ex1
SoA0201604B	Sob-APnd_016-Ex1-4B-lcwgs-1-3	Sob-APnd_016-Ex1
SoA0201907B	Sob-APnd_019-Ex1-7B-lcwgs-1-3	Sob-APnd_019-Ex1
SoA0202008B	Sob-APnd_020-Ex1-8B-lcwgs-1-3	Sob-APnd_020-Ex1
SoA0202109B	Sob-APnd_021-Ex1-9B-lcwgs-1-3	Sob-APnd_021-Ex1
SoA0202210B	Sob-APnd_022-Ex1-10B-lcwgs-1-3	Sob-APnd_022-Ex1
SoA0202412B	Sob-APnd_024-Ex1-12B-lcwgs-1-3	Sob-APnd_024-Ex1
SoA0202501C	Sob-APnd_025-Ex1-1C-lcwgs-1-3	Sob-APnd_025-Ex1
SoA0202703C	Sob-APnd_027-Ex1-3C-lcwgs-1-3	Sob-APnd_027-Ex1
SoA0202804C	Sob-APnd_028-Ex1-4C-lcwgs-1-3	Sob-APnd_028-Ex1
SoA0203006C	Sob-APnd_030-Ex1-6C-lcwgs-1-3	Sob-APnd_030-Ex1
SoA0203309C	Sob-APnd_033-Ex1-9C-lcwgs-1-3	Sob-APnd_033-Ex1
SoA0203410C	Sob-APnd_034-Ex1-10C-lcwgs-1-3	Sob-APnd_034-Ex1
SoA0203511C	Sob-APnd_035-Ex1-11C-lcwgs-1-3	Sob-APnd_035-Ex1
SoA0203612C	Sob-APnd_036-Ex1-12C-lcwgs-1-3	Sob-APnd_036-Ex1
SoA0203701D	Sob-APnd_037-Ex1-1D-lcwgs-1-3	Sob-APnd_037-Ex1
SoA0203903D	Sob-APnd_039-Ex1-3D-lcwgs-1-3	Sob-APnd_039-Ex1
SoA0204004D	Sob-APnd_040-Ex1-4D-lcwgs-1-3	Sob-APnd_040-Ex1
SoA0204206D	Sob-APnd_042-Ex1-6D-lcwgs-1-3	Sob-APnd_042-Ex1
SoA0204408D	Sob-APnd_044-Ex1-8D-lcwgs-1-3	Sob-APnd_044-Ex1
SoA0204509D	Sob-APnd_045-Ex1-9D-lcwgs-1-3	Sob-APnd_045-Ex1
SoA0204711D	Sob-APnd_047-Ex1-11D-lcwgs-1-3	Sob-APnd_047-Ex1
SoA0205406E	Sob-APnd_054-Ex1-6E-lcwgs-1-3	Sob-APnd_054-Ex1
SoA0205608E	Sob-APnd_056-Ex1-8E-lcwgs-1-3	Sob-APnd_056-Ex1
SoA0206505F	Sob-APnd_065-Ex1-5F-lcwgs-1-3	Sob-APnd_065-Ex1
SoA0207010F	Sob-APnd_070-Ex1-10F-lcwgs-1-3	Sob-APnd_070-Ex1
SoA0207212F	Sob-APnd_072-Ex1-12F-lcwgs-1-3	Sob-APnd_072-Ex1
SoA0207907G	Sob-APnd_079-Ex1-7G-lcwgs-1-3	Sob-APnd_079-Ex1
SoA0208008G	Sob-APnd_080-Ex1-8G-lcwgs-1-3	Sob-APnd_080-Ex1
SoA0208210G	Sob-APnd_082-Ex1-10G-lcwgs-1-3	Sob-APnd_082-Ex1
SoA0208311G	Sob-APnd_083-Ex1-11G-lcwgs-1-3	Sob-APnd_083-Ex1
SoA0208412G	Sob-APnd_084-Ex1-12G-lcwgs-1-3	Sob-APnd_084-Ex1
SoA0208703H	Sob-APnd_087-Ex1-3H-lcwgs-1-3	Sob-APnd_087-Ex1
SoA0208804H	Sob-APnd_088-Ex1-4H-lcwgs-1-3	Sob-APnd_088-Ex1
SoA0209107H	Sob-APnd_091-Ex1-7H-lcwgs-1-3	Sob-APnd_091-Ex1
SoA0209208H	Sob-APnd_092-Ex1-8H-lcwgs-1-3	Sob-APnd_092-Ex1
SoA0209309H	Sob-APnd_093-Ex1-9H-lcwgs-1-3	Sob-APnd_093-Ex1
SoA0209410H	Sob-APnd_094-Ex1-10H-lcwgs-1-3	Sob-APnd_094-Ex1
SoA0209612H	Sob-APnd_096-Ex1-12H-lcwgs-1-3	Sob-APnd_096-Ex1
SoC0700112B	Sob-CPnd_001-Ex1-12B-lcwgs-1-3	Sob-CPnd_001-Ex1
SoC0700212E	Sob-CPnd_002-Ex1-12E-lcwgs-1-3	Sob-CPnd_002-Ex1
SoC0700302D	Sob-CPnd_003-Ex1-2D-lcwgs-1-3	Sob-CPnd_003-Ex1
SoC0700412D	Sob-CPnd_004-Ex1-12D-lcwgs-1-3	Sob-CPnd_004-Ex1
SoC0700510D	Sob-CPnd_005-Ex1-10D-lcwgs-1-3	Sob-CPnd_005-Ex1
SoC0700911E	Sob-CPnd_009-Ex1-11E-lcwgs-1-3	Sob-CPnd_009-Ex1
SoC0701104A	Sob-CPnd_011-Ex1-4A-lcwgs-1-3	Sob-CPnd_011-Ex1
SoC0701301D	Sob-CPnd_013-Ex1-1D-lcwgs-1-3	Sob-CPnd_013-Ex1
SoC0701409B	Sob-CPnd_014-Ex1-9B-lcwgs-1-3	Sob-CPnd_014-Ex1
SoC0701501E	Sob-CPnd_015-Ex1-1E-lcwgs-1-3	Sob-CPnd_015-Ex1
SoC0701710A	Sob-CPnd_017-Ex1-10A-lcwgs-1-3	Sob-CPnd_017-Ex1
SoC0701810H	Sob-CPnd_018-Ex1-10H-lcwgs-1-3	Sob-CPnd_018-Ex1
SoC0701911C	Sob-CPnd_019-Ex1-11C-lcwgs-1-3	Sob-CPnd_019-Ex1
SoC0702112G	Sob-CPnd_021-Ex1-12G-lcwgs-1-3	Sob-CPnd_021-Ex1
SoC0702211H	Sob-CPnd_022-Ex1-11H-lcwgs-1-3	Sob-CPnd_022-Ex1
SoC0702412C	Sob-CPnd_024-Ex1-12C-lcwgs-1-3	Sob-CPnd_024-Ex1
SoC0702510B	Sob-CPnd_025-Ex1-10B-lcwgs-1-3	Sob-CPnd_025-Ex1
SoC0702802B	Sob-CPnd_028-Ex1-2B-lcwgs-1-3	Sob-CPnd_028-Ex1
SoC0702910E	Sob-CPnd_029-Ex1-10E-lcwgs-1-3	Sob-CPnd_029-Ex1
SoC0703202C	Sob-CPnd_032-Ex1-2C-lcwgs-1-3	Sob-CPnd_032-Ex1
SoC0703409A	Sob-CPnd_034-Ex1-9A-lcwgs-1-3	Sob-CPnd_034-Ex1
SoC0703701A	Sob-CPnd_037-Ex1-1A-lcwgs-1-3	Sob-CPnd_037-Ex1
SoC0703801F	Sob-CPnd_038-Ex1-1F-lcwgs-1-3	Sob-CPnd_038-Ex1
SoC0703901G	Sob-CPnd_039-Ex1-1G-lcwgs-1-3	Sob-CPnd_039-Ex1
SoC0704101B	Sob-CPnd_041-Ex1-1B-lcwgs-1-3	Sob-CPnd_041-Ex1
SoC0704201H	Sob-CPnd_042-Ex1-1H-lcwgs-1-3	Sob-CPnd_042-Ex1
SoC0704411A	Sob-CPnd_044-Ex1-11A-lcwgs-1-3	Sob-CPnd_044-Ex1
SoC0704512H	Sob-CPnd_045-Ex1-12H-lcwgs-1-3	Sob-CPnd_045-Ex1
SoC0704609C	Sob-CPnd_046-Ex1-9C-lcwgs-1-3	Sob-CPnd_046-Ex1
SoC0704711D	Sob-CPnd_047-Ex1-11D-lcwgs-1-3	Sob-CPnd_047-Ex1
SoC0704902A	Sob-CPnd_049-Ex1-2A-lcwgs-1-3	Sob-CPnd_049-Ex1
SoC0705011F	Sob-CPnd_050-Ex1-11F-lcwgs-1-3	Sob-CPnd_050-Ex1
SoC0905104E	Sob-CPnd_051-Ex1-4E-lcwgs-1-3	Sob-CPnd_051-Ex1
SoC0905204H	Sob-CPnd_052-Ex1-4H-lcwgs-1-3	Sob-CPnd_052-Ex1
SoC0905304F	Sob-CPnd_053-Ex1-4F-lcwgs-1-3	Sob-CPnd_053-Ex1
SoC0905504B	Sob-CPnd_055-Ex1-4B-lcwgs-1-3	Sob-CPnd_055-Ex1
SoC0905604G	Sob-CPnd_056-Ex1-4G-lcwgs-1-3	Sob-CPnd_056-Ex1
SoC0905703B	Sob-CPnd_057-Ex1-3B-lcwgs-1-3	Sob-CPnd_057-Ex1
SoC0905802E	Sob-CPnd_058-Ex1-2E-lcwgs-1-3	Sob-CPnd_058-Ex1
SoC0905903C	Sob-CPnd_059-Ex1-3C-lcwgs-1-3	Sob-CPnd_059-Ex1
SoC0906203F	Sob-CPnd_062-Ex1-3F-lcwgs-1-3	Sob-CPnd_062-Ex1
SoC0907102G	Sob-CPnd_071-Ex1-2G-lcwgs-1-3	Sob-CPnd_071-Ex1
SoC0907802H	Sob-CPnd_078-Ex1-2H-lcwgs-1-3	Sob-CPnd_078-Ex1
SoC0908303E	Sob-CPnd_083-Ex1-3E-lcwgs-1-3	Sob-CPnd_083-Ex1
SoC0908603A	Sob-CPnd_086-Ex1-3A-lcwgs-1-3	Sob-CPnd_086-Ex1
SoC0908703D	Sob-CPnd_087-Ex1-3D-lcwgs-1-3	Sob-CPnd_087-Ex1
SoC0908804D	Sob-CPnd_088-Ex1-4D-lcwgs-1-3	Sob-CPnd_088-Ex1
SoC0909003G	Sob-CPnd_090-Ex1-3G-lcwgs-1-3	Sob-CPnd_090-Ex1
SoA0200101A	Sob-APnd_001-Ex1-1A-lcwgs-1-T	Sob-APnd_001-Ex1
SoA0201301B	Sob-APnd_013-Ex1-1B-lcwgs-1-T	Sob-APnd_013-Ex1
SoA0202501C	Sob-APnd_025-Ex1-1C-lcwgs-1-T	Sob-APnd_025-Ex1
SoA0203701D	Sob-APnd_037-Ex1-1D-lcwgs-1-T	Sob-APnd_037-Ex1
SoA0204901E	Sob-APnd_049-Ex1-1E-lcwgs-1-T	Sob-APnd_049-Ex1
SoA0206101F	Sob-APnd_061-Ex1-1F-lcwgs-1-T	Sob-APnd_061-Ex1
SoA0207301G	Sob-APnd_073-Ex1-1G-lcwgs-1-T	Sob-APnd_073-Ex1
SoA0208501H	Sob-APnd_085-Ex1-1H-lcwgs-1-T	Sob-APnd_085-Ex1
SoA0200202A	Sob-APnd_002-Ex1-2A-lcwgs-1-T	Sob-APnd_002-Ex1
SoA0201402B	Sob-APnd_014-Ex1-2B-lcwgs-1-T	Sob-APnd_014-Ex1
SoA0202602C	Sob-APnd_026-Ex1-2C-lcwgs-1-T	Sob-APnd_026-Ex1
SoA0203802D	Sob-APnd_038-Ex1-2D-lcwgs-1-T	Sob-APnd_038-Ex1
SoA0205002E	Sob-APnd_050-Ex1-2E-lcwgs-1-T	Sob-APnd_050-Ex1
SoA0206202F	Sob-APnd_062-Ex1-2F-lcwgs-1-T	Sob-APnd_062-Ex1
SoA0207402G	Sob-APnd_074-Ex1-2G-lcwgs-1-T	Sob-APnd_074-Ex1
SoA0208602H	Sob-APnd_086-Ex1-2H-lcwgs-1-T	Sob-APnd_086-Ex1
SoA0200303A	Sob-APnd_003-Ex1-3A-lcwgs-1-T	Sob-APnd_003-Ex1
SoA0201503B	Sob-APnd_015-Ex1-3B-lcwgs-1-T	Sob-APnd_015-Ex1
SoA0202703C	Sob-APnd_027-Ex1-3C-lcwgs-1-T	Sob-APnd_027-Ex1
SoA0203903D	Sob-APnd_039-Ex1-3D-lcwgs-1-T	Sob-APnd_039-Ex1
SoA0205103E	Sob-APnd_051-Ex1-3E-lcwgs-1-T	Sob-APnd_051-Ex1
SoA0206303F	Sob-APnd_063-Ex1-3F-lcwgs-1-T	Sob-APnd_063-Ex1
SoA0207503G	Sob-APnd_075-Ex1-3G-lcwgs-1-T	Sob-APnd_075-Ex1
SoA0208703H	Sob-APnd_087-Ex1-3H-lcwgs-1-T	Sob-APnd_087-Ex1
SoA0200404A	Sob-APnd_004-Ex1-4A-lcwgs-1-T	Sob-APnd_004-Ex1
SoA0201604B	Sob-APnd_016-Ex1-4B-lcwgs-1-T	Sob-APnd_016-Ex1
SoA0202804C	Sob-APnd_028-Ex1-4C-lcwgs-1-T	Sob-APnd_028-Ex1
SoA0204004D	Sob-APnd_040-Ex1-4D-lcwgs-1-T	Sob-APnd_040-Ex1
SoA0205204E	Sob-APnd_052-Ex1-4E-lcwgs-1-T	Sob-APnd_052-Ex1
SoA0206404F	Sob-APnd_064-Ex1-4F-lcwgs-1-T	Sob-APnd_064-Ex1
SoA0207604G	Sob-APnd_076-Ex1-4G-lcwgs-1-T	Sob-APnd_076-Ex1
SoA0208804H	Sob-APnd_088-Ex1-4H-lcwgs-1-T	Sob-APnd_088-Ex1
SoA0200505A	Sob-APnd_005-Ex1-5A-lcwgs-1-T	Sob-APnd_005-Ex1
SoA0201705B	Sob-APnd_017-Ex1-5B-lcwgs-1-T	Sob-APnd_017-Ex1
SoA0202905C	Sob-APnd_029-Ex1-5C-lcwgs-1-T	Sob-APnd_029-Ex1
SoA0204105D	Sob-APnd_041-Ex1-5D-lcwgs-1-T	Sob-APnd_041-Ex1
SoA0205305E	Sob-APnd_053-Ex1-5E-lcwgs-1-T	Sob-APnd_053-Ex1
SoA0206505F	Sob-APnd_065-Ex1-5F-lcwgs-1-T	Sob-APnd_065-Ex1
SoA0207805G	Sob-APnd_078-Ex1-5G-lcwgs-1-T	Sob-APnd_078-Ex1
SoA0209005H	Sob-APnd_090-Ex1-5H-lcwgs-1-T	Sob-APnd_090-Ex1
SoA0200606A	Sob-APnd_006-Ex1-6A-lcwgs-1-T	Sob-APnd_006-Ex1
SoA0201806B	Sob-APnd_018-Ex1-6B-lcwgs-1-T	Sob-APnd_018-Ex1
SoA0203006C	Sob-APnd_030-Ex1-6C-lcwgs-1-T	Sob-APnd_030-Ex1
SoA0204206D	Sob-APnd_042-Ex1-6D-lcwgs-1-T	Sob-APnd_042-Ex1
SoA0205406E	Sob-APnd_054-Ex1-6E-lcwgs-1-T	Sob-APnd_054-Ex1
SoA0206606F	Sob-APnd_066-Ex1-6F-lcwgs-1-T	Sob-APnd_066-Ex1
SoA0207706G	Sob-APnd_077-Ex1-6G-lcwgs-1-T	Sob-APnd_077-Ex1
SoA0208906H	Sob-APnd_089-Ex1-6H-lcwgs-1-T	Sob-APnd_089-Ex1
SoA0200707A	Sob-APnd_007-Ex1-7A-lcwgs-1-T	Sob-APnd_007-Ex1
SoA0201907B	Sob-APnd_019-Ex1-7B-lcwgs-1-T	Sob-APnd_019-Ex1
SoA0203107C	Sob-APnd_031-Ex1-7C-lcwgs-1-T	Sob-APnd_031-Ex1
SoA0204307D	Sob-APnd_043-Ex1-7D-lcwgs-1-T	Sob-APnd_043-Ex1
SoA0205507E	Sob-APnd_055-Ex1-7E-lcwgs-1-T	Sob-APnd_055-Ex1
SoA0206707F	Sob-APnd_067-Ex1-7F-lcwgs-1-T	Sob-APnd_067-Ex1
SoA0207907G	Sob-APnd_079-Ex1-7G-lcwgs-1-T	Sob-APnd_079-Ex1
SoA0209107H	Sob-APnd_091-Ex1-7H-lcwgs-1-T	Sob-APnd_091-Ex1
SoA0200808A	Sob-APnd_008-Ex1-8A-lcwgs-1-T	Sob-APnd_008-Ex1
SoA0202008B	Sob-APnd_020-Ex1-8B-lcwgs-1-T	Sob-APnd_020-Ex1
SoA0203208C	Sob-APnd_032-Ex1-8C-lcwgs-1-T	Sob-APnd_032-Ex1
SoA0204408D	Sob-APnd_044-Ex1-8D-lcwgs-1-T	Sob-APnd_044-Ex1
SoA0205608E	Sob-APnd_056-Ex1-8E-lcwgs-1-T	Sob-APnd_056-Ex1
SoA0206808F	Sob-APnd_068-Ex1-8F-lcwgs-1-T	Sob-APnd_068-Ex1
SoA0208008G	Sob-APnd_080-Ex1-8G-lcwgs-1-T	Sob-APnd_080-Ex1
SoA0209208H	Sob-APnd_092-Ex1-8H-lcwgs-1-T	Sob-APnd_092-Ex1
SoA0200909A	Sob-APnd_009-Ex1-9A-lcwgs-1-T	Sob-APnd_009-Ex1
SoA0202109B	Sob-APnd_021-Ex1-9B-lcwgs-1-T	Sob-APnd_021-Ex1
SoA0203309C	Sob-APnd_033-Ex1-9C-lcwgs-1-T	Sob-APnd_033-Ex1
SoA0204509D	Sob-APnd_045-Ex1-9D-lcwgs-1-T	Sob-APnd_045-Ex1
SoA0205709E	Sob-APnd_057-Ex1-9E-lcwgs-1-T	Sob-APnd_057-Ex1
SoA0206909F	Sob-APnd_069-Ex1-9F-lcwgs-1-T	Sob-APnd_069-Ex1
SoA0208109G	Sob-APnd_081-Ex1-9G-lcwgs-1-T	Sob-APnd_081-Ex1
SoA0209309H	Sob-APnd_093-Ex1-9H-lcwgs-1-T	Sob-APnd_093-Ex1
SoA0201010A	Sob-APnd_010-Ex1-10A-lcwgs-1-T	Sob-APnd_010-Ex1
SoA0202210B	Sob-APnd_022-Ex1-10B-lcwgs-1-T	Sob-APnd_022-Ex1
SoA0203410C	Sob-APnd_034-Ex1-10C-lcwgs-1-T	Sob-APnd_034-Ex1
SoA0204610D	Sob-APnd_046-Ex1-10D-lcwgs-1-T	Sob-APnd_046-Ex1
SoA0205810E	Sob-APnd_058-Ex1-10E-lcwgs-1-T	Sob-APnd_058-Ex1
SoA0207010F	Sob-APnd_070-Ex1-10F-lcwgs-1-T	Sob-APnd_070-Ex1
SoA0208210G	Sob-APnd_082-Ex1-10G-lcwgs-1-T	Sob-APnd_082-Ex1
SoA0209410H	Sob-APnd_094-Ex1-10H-lcwgs-1-T	Sob-APnd_094-Ex1
SoA0201111A	Sob-APnd_011-Ex1-11A-lcwgs-1-T	Sob-APnd_011-Ex1
SoA0202311B	Sob-APnd_023-Ex1-11B-lcwgs-1-T	Sob-APnd_023-Ex1
SoA0203511C	Sob-APnd_035-Ex1-11C-lcwgs-1-T	Sob-APnd_035-Ex1
SoA0204711D	Sob-APnd_047-Ex1-11D-lcwgs-1-T	Sob-APnd_047-Ex1
SoA0205911E	Sob-APnd_059-Ex1-11E-lcwgs-1-T	Sob-APnd_059-Ex1
SoA0207111F	Sob-APnd_071-Ex1-11F-lcwgs-1-T	Sob-APnd_071-Ex1
SoA0208311G	Sob-APnd_083-Ex1-11G-lcwgs-1-T	Sob-APnd_083-Ex1
SoA0209511H	Sob-APnd_095-Ex1-11H-lcwgs-1-T	Sob-APnd_095-Ex1
SoA0201212A	Sob-APnd_012-Ex1-12A-lcwgs-1-T	Sob-APnd_012-Ex1
SoA0202412B	Sob-APnd_024-Ex1-12B-lcwgs-1-T	Sob-APnd_024-Ex1
SoA0203612C	Sob-APnd_036-Ex1-12C-lcwgs-1-T	Sob-APnd_036-Ex1
SoA0204812D	Sob-APnd_048-Ex1-12D-lcwgs-1-T	Sob-APnd_048-Ex1
SoA0206012E	Sob-APnd_060-Ex1-12E-lcwgs-1-T	Sob-APnd_060-Ex1
SoA0207212F	Sob-APnd_072-Ex1-12F-lcwgs-1-T	Sob-APnd_072-Ex1
SoA0208412G	Sob-APnd_084-Ex1-12G-lcwgs-1-T	Sob-APnd_084-Ex1
SoA0209612H	Sob-APnd_096-Ex1-12H-lcwgs-1-T	Sob-APnd_096-Ex1
SoC0703409A	Sob-CPnd_034-Ex1-9A-lcwgs-1-T	Sob-CPnd_034-Ex1
SoC0701409B	Sob-CPnd_014-Ex1-9B-lcwgs-1-T	Sob-CPnd_014-Ex1
SoC0704609C	Sob-CPnd_046-Ex1-9C-lcwgs-1-T	Sob-CPnd_046-Ex1
SoC0703609D	Sob-CPnd_036-Ex1-9D-lcwgs-1-T	Sob-CPnd_036-Ex1
SoC0702309E	Sob-CPnd_023-Ex1-9E-lcwgs-1-T	Sob-CPnd_023-Ex1
SoC0703509F	Sob-CPnd_035-Ex1-9F-lcwgs-1-T	Sob-CPnd_035-Ex1
SoC0704309G	Sob-CPnd_043-Ex1-9G-lcwgs-1-T	Sob-CPnd_043-Ex1
SoC0700609H	Sob-CPnd_006-Ex1-9H-lcwgs-1-T	Sob-CPnd_006-Ex1
SoC0701710A	Sob-CPnd_017-Ex1-10A-lcwgs-1-T	Sob-CPnd_017-Ex1
SoC0702510B	Sob-CPnd_025-Ex1-10B-lcwgs-1-T	Sob-CPnd_025-Ex1
SoC0704010C	Sob-CPnd_040-Ex1-10C-lcwgs-1-T	Sob-CPnd_040-Ex1
SoC0700510D	Sob-CPnd_005-Ex1-10D-lcwgs-1-T	Sob-CPnd_005-Ex1
SoC0702910E	Sob-CPnd_029-Ex1-10E-lcwgs-1-T	Sob-CPnd_029-Ex1
SoC0702710F	Sob-CPnd_027-Ex1-10F-lcwgs-1-T	Sob-CPnd_027-Ex1
SoC0703010G	Sob-CPnd_030-Ex1-10G-lcwgs-1-T	Sob-CPnd_030-Ex1
SoC0701810H	Sob-CPnd_018-Ex1-10H-lcwgs-1-T	Sob-CPnd_018-Ex1
SoC0704411A	Sob-CPnd_044-Ex1-11A-lcwgs-1-T	Sob-CPnd_044-Ex1
SoC0703111B	Sob-CPnd_031-Ex1-11B-lcwgs-1-T	Sob-CPnd_031-Ex1
SoC0701911C	Sob-CPnd_019-Ex1-11C-lcwgs-1-T	Sob-CPnd_019-Ex1
SoC0704711D	Sob-CPnd_047-Ex1-11D-lcwgs-1-T	Sob-CPnd_047-Ex1
SoC0700911E	Sob-CPnd_009-Ex1-11E-lcwgs-1-T	Sob-CPnd_009-Ex1
SoC0705011F	Sob-CPnd_050-Ex1-11F-lcwgs-1-T	Sob-CPnd_050-Ex1
SoC0703311G	Sob-CPnd_033-Ex1-11G-lcwgs-1-T	Sob-CPnd_033-Ex1
SoC0702211H	Sob-CPnd_022-Ex1-11H-lcwgs-1-T	Sob-CPnd_022-Ex1
SoC0701012A	Sob-CPnd_010-Ex1-12A-lcwgs-1-T	Sob-CPnd_010-Ex1
SoC0700112B	Sob-CPnd_001-Ex1-12B-lcwgs-1-T	Sob-CPnd_001-Ex1
SoC0702412C	Sob-CPnd_024-Ex1-12C-lcwgs-1-T	Sob-CPnd_024-Ex1
SoC0700412D	Sob-CPnd_004-Ex1-12D-lcwgs-1-T	Sob-CPnd_004-Ex1
SoC0700212E	Sob-CPnd_002-Ex1-12E-lcwgs-1-T	Sob-CPnd_002-Ex1
SoC0702612F	Sob-CPnd_026-Ex1-12F-lcwgs-1-T	Sob-CPnd_026-Ex1
SoC0702112G	Sob-CPnd_021-Ex1-12G-lcwgs-1-T	Sob-CPnd_021-Ex1
SoC0704512H	Sob-CPnd_045-Ex1-12H-lcwgs-1-T	Sob-CPnd_045-Ex1
SoC0703701A	Sob-CPnd_037-Ex1-1A-lcwgs-1-T	Sob-CPnd_037-Ex1
SoC0704101B	Sob-CPnd_041-Ex1-1B-lcwgs-1-T	Sob-CPnd_041-Ex1
SoC0701201C	Sob-CPnd_012-Ex1-1C-lcwgs-1-T	Sob-CPnd_012-Ex1
SoC0701301D	Sob-CPnd_013-Ex1-1D-lcwgs-1-T	Sob-CPnd_013-Ex1
SoC0701501E	Sob-CPnd_015-Ex1-1E-lcwgs-1-T	Sob-CPnd_015-Ex1
SoC0703801F	Sob-CPnd_038-Ex1-1F-lcwgs-1-T	Sob-CPnd_038-Ex1
SoC0703901G	Sob-CPnd_039-Ex1-1G-lcwgs-1-T	Sob-CPnd_039-Ex1
SoC0704201H	Sob-CPnd_042-Ex1-1H-lcwgs-1-T	Sob-CPnd_042-Ex1
SoC0704902A	Sob-CPnd_049-Ex1-2A-lcwgs-1-T	Sob-CPnd_049-Ex1
SoC0702802B	Sob-CPnd_028-Ex1-2B-lcwgs-1-T	Sob-CPnd_028-Ex1
SoC0703202C	Sob-CPnd_032-Ex1-2C-lcwgs-1-T	Sob-CPnd_032-Ex1
SoC0700302D	Sob-CPnd_003-Ex1-2D-lcwgs-1-T	Sob-CPnd_003-Ex1
SoC0905802E	Sob-CPnd_058-Ex1-2E-lcwgs-1-T	Sob-CPnd_058-Ex1
SoC0907702F	Sob-CPnd_077-Ex1-2F-lcwgs-1-T	Sob-CPnd_077-Ex1
SoC0907102G	Sob-CPnd_071-Ex1-2G-lcwgs-1-T	Sob-CPnd_071-Ex1
SoC0907802H	Sob-CPnd_078-Ex1-2H-lcwgs-1-T	Sob-CPnd_078-Ex1
SoC0908603A	Sob-CPnd_086-Ex1-3A-lcwgs-1-T	Sob-CPnd_086-Ex1
SoC0905703B	Sob-CPnd_057-Ex1-3B-lcwgs-1-T	Sob-CPnd_057-Ex1
SoC0905903C	Sob-CPnd_059-Ex1-3C-lcwgs-1-T	Sob-CPnd_059-Ex1
SoC0908703D	Sob-CPnd_087-Ex1-3D-lcwgs-1-T	Sob-CPnd_087-Ex1
SoC0908303E	Sob-CPnd_083-Ex1-3E-lcwgs-1-T	Sob-CPnd_083-Ex1
SoC0906203F	Sob-CPnd_062-Ex1-3F-lcwgs-1-T	Sob-CPnd_062-Ex1
SoC0909003G	Sob-CPnd_090-Ex1-3G-lcwgs-1-T	Sob-CPnd_090-Ex1
SoC0909203H	Sob-CPnd_092-Ex1-3H-lcwgs-1-T	Sob-CPnd_092-Ex1
SoC0701104A	Sob-CPnd_011-Ex1-4A-lcwgs-1-T	Sob-CPnd_011-Ex1
SoC0905504B	Sob-CPnd_055-Ex1-4B-lcwgs-1-T	Sob-CPnd_055-Ex1
SoC0908904C	Sob-CPnd_089-Ex1-4C-lcwgs-1-T	Sob-CPnd_089-Ex1
SoC0908804D	Sob-CPnd_088-Ex1-4D-lcwgs-1-T	Sob-CPnd_088-Ex1
SoC0905104E	Sob-CPnd_051-Ex1-4E-lcwgs-1-T	Sob-CPnd_051-Ex1
SoC0905304F	Sob-CPnd_053-Ex1-4F-lcwgs-1-T	Sob-CPnd_053-Ex1
SoC0905604G	Sob-CPnd_056-Ex1-4G-lcwgs-1-T	Sob-CPnd_056-Ex1
SoC0905204H	Sob-CPnd_052-Ex1-4H-lcwgs-1-T	Sob-CPnd_052-Ex1
SdA1101301B	Sde-ABol_013-Ex1-1B-lcwgs-1-1	Sde-ABol_013-Ex1
SdA1103701D	Sde-ABol_037-Ex1-1D-lcwgs-1-1	Sde-ABol_037-Ex1
SdA1104901E	Sde-ABol_049-Ex1-1E-lcwgs-1-1	Sde-ABol_049-Ex1
SdA1106101F	Sde-ABol_061-Ex1-1F-lcwgs-1-1	Sde-ABol_061-Ex1
SdA1107301G	Sde-ABol_073-Ex1-1G-lcwgs-1-1	Sde-ABol_073-Ex1
SdA1101402B	Sde-ABol_014-Ex1-2B-lcwgs-1-1	Sde-ABol_014-Ex1
SdA1102602C	Sde-ABol_026-Ex1-2C-lcwgs-1-1	Sde-ABol_026-Ex1
SdA1103802D	Sde-ABol_038-Ex1-2D-lcwgs-1-1	Sde-ABol_038-Ex1
SdA1105002E	Sde-ABol_050-Ex1-2E-lcwgs-1-1	Sde-ABol_050-Ex1
SdA1106202F	Sde-ABol_062-Ex1-2F-lcwgs-1-1	Sde-ABol_062-Ex1
SdA1107402G	Sde-ABol_074-Ex1-2G-lcwgs-1-1	Sde-ABol_074-Ex1
SdA1101503B	Sde-ABol_015-Ex1-3B-lcwgs-1-1	Sde-ABol_015-Ex1
SdA1102703C	Sde-ABol_027-Ex1-3C-lcwgs-1-1	Sde-ABol_027-Ex1
SdA1103903D	Sde-ABol_039-Ex1-3D-lcwgs-1-1	Sde-ABol_039-Ex1
SdA1105103E	Sde-ABol_051-Ex1-3E-lcwgs-1-1	Sde-ABol_051-Ex1
SdA1106303F	Sde-ABol_063-Ex1-3F-lcwgs-1-1	Sde-ABol_063-Ex1
SdA1107503G	Sde-ABol_075-Ex1-3G-lcwgs-1-1	Sde-ABol_075-Ex1
SdA1108703H	Sde-ABol_087-Ex1-3H-lcwgs-1-1	Sde-ABol_087-Ex1
SdA1101604B	Sde-ABol_016-Ex1-4B-lcwgs-1-1	Sde-ABol_016-Ex1
SdA1102804C	Sde-ABol_028-Ex1-4C-lcwgs-1-1	Sde-ABol_028-Ex1
SdA1104004D	Sde-ABol_040-Ex1-4D-lcwgs-1-1	Sde-ABol_040-Ex1
SdA1106404F	Sde-ABol_064-Ex1-4F-lcwgs-1-1	Sde-ABol_064-Ex1
SdA1108804H	Sde-ABol_088-Ex1-4H-lcwgs-1-1	Sde-ABol_088-Ex1
SdA1101705B	Sde-ABol_017-Ex1-5B-lcwgs-1-1	Sde-ABol_017-Ex1
SdA1102905C	Sde-ABol_029-Ex1-5C-lcwgs-1-1	Sde-ABol_029-Ex1
SdA1104105D	Sde-ABol_041-Ex1-5D-lcwgs-1-1	Sde-ABol_041-Ex1
SdA1105305E	Sde-ABol_053-Ex1-5E-lcwgs-1-1	Sde-ABol_053-Ex1
SdA1106505F	Sde-ABol_065-Ex1-5F-lcwgs-1-1	Sde-ABol_065-Ex1
SdA1107705G	Sde-ABol_077-Ex1-5G-lcwgs-1-1	Sde-ABol_077-Ex1
SdA1101806B	Sde-ABol_018-Ex1-6B-lcwgs-1-1	Sde-ABol_018-Ex1
SdA1103006C	Sde-ABol_030-Ex1-6C-lcwgs-1-1	Sde-ABol_030-Ex1
SdA1104206D	Sde-ABol_042-Ex1-6D-lcwgs-1-1	Sde-ABol_042-Ex1
SdA1105406E	Sde-ABol_054-Ex1-6E-lcwgs-1-1	Sde-ABol_054-Ex1
SdA1107806G	Sde-ABol_078-Ex1-6G-lcwgs-1-1	Sde-ABol_078-Ex1
SdA1109006H	Sde-ABol_090-Ex1-6H-lcwgs-1-1	Sde-ABol_090-Ex1
SdA1101907B	Sde-ABol_019-Ex1-7B-lcwgs-1-1	Sde-ABol_019-Ex1
SdA1103107C	Sde-ABol_031-Ex1-7C-lcwgs-1-1	Sde-ABol_031-Ex1
SdA1105507E	Sde-ABol_055-Ex1-7E-lcwgs-1-1	Sde-ABol_055-Ex1
SdA1106707F	Sde-ABol_067-Ex1-7F-lcwgs-1-1	Sde-ABol_067-Ex1
SdA1107907G	Sde-ABol_079-Ex1-7G-lcwgs-1-1	Sde-ABol_079-Ex1
SdA1109107H	Sde-ABol_091-Ex1-7H-lcwgs-1-1	Sde-ABol_091-Ex1
SdA1102008B	Sde-ABol_020-Ex1-8B-lcwgs-1-1	Sde-ABol_020-Ex1
SdA1103208C	Sde-ABol_032-Ex1-8C-lcwgs-1-1	Sde-ABol_032-Ex1
SdA1104408D	Sde-ABol_044-Ex1-8D-lcwgs-1-1	Sde-ABol_044-Ex1
SdA1105608E	Sde-ABol_056-Ex1-8E-lcwgs-1-1	Sde-ABol_056-Ex1
SdA1106808F	Sde-ABol_068-Ex1-8F-lcwgs-1-1	Sde-ABol_068-Ex1
SdA1108008G	Sde-ABol_080-Ex1-8G-lcwgs-1-1	Sde-ABol_080-Ex1
SdA1109208H	Sde-ABol_092-Ex1-8H-lcwgs-1-1	Sde-ABol_092-Ex1
SdA1102109B	Sde-ABol_021-Ex1-9B-lcwgs-1-1	Sde-ABol_021-Ex1
SdA1103309C	Sde-ABol_033-Ex1-9C-lcwgs-1-1	Sde-ABol_033-Ex1
SdA1105709E	Sde-ABol_057-Ex1-9E-lcwgs-1-1	Sde-ABol_057-Ex1
SdA1106909F	Sde-ABol_069-Ex1-9F-lcwgs-1-1	Sde-ABol_069-Ex1
SdA1108109G	Sde-ABol_081-Ex1-9G-lcwgs-1-1	Sde-ABol_081-Ex1
SdA1102210B	Sde-ABol_022-Ex1-10B-lcwgs-1-1	Sde-ABol_022-Ex1
SdA1103410C	Sde-ABol_034-Ex1-10C-lcwgs-1-1	Sde-ABol_034-Ex1
SdA1104610D	Sde-ABol_046-Ex1-10D-lcwgs-1-1	Sde-ABol_046-Ex1
SdA1105810E	Sde-ABol_058-Ex1-10E-lcwgs-1-1	Sde-ABol_058-Ex1
SdA1107010F	Sde-ABol_070-Ex1-10F-lcwgs-1-1	Sde-ABol_070-Ex1
SdA1108210G	Sde-ABol_082-Ex1-10G-lcwgs-1-1	Sde-ABol_082-Ex1
SdA1102311B	Sde-ABol_023-Ex1-11B-lcwgs-1-1	Sde-ABol_023-Ex1
SdA1104711D	Sde-ABol_047-Ex1-11D-lcwgs-1-1	Sde-ABol_047-Ex1
SdA1105911E	Sde-ABol_059-Ex1-11E-lcwgs-1-1	Sde-ABol_059-Ex1
SdA1107111F	Sde-ABol_071-Ex1-11F-lcwgs-1-1	Sde-ABol_071-Ex1
SdA1108311G	Sde-ABol_083-Ex1-11G-lcwgs-1-1	Sde-ABol_083-Ex1
SdA1109511H	Sde-ABol_095-Ex1-11H-lcwgs-1-1	Sde-ABol_095-Ex1
SdA1102412B	Sde-ABol_024-Ex1-12B-lcwgs-1-1	Sde-ABol_024-Ex1
SdA1103612C	Sde-ABol_036-Ex1-12C-lcwgs-1-1	Sde-ABol_036-Ex1
SdA1104812D	Sde-ABol_048-Ex1-12D-lcwgs-1-1	Sde-ABol_048-Ex1
SdA1106012E	Sde-ABol_060-Ex1-12E-lcwgs-1-1	Sde-ABol_060-Ex1
SdA1107212F	Sde-ABol_072-Ex1-12F-lcwgs-1-1	Sde-ABol_072-Ex1
SdA1108412G	Sde-ABol_084-Ex1-12G-lcwgs-1-1	Sde-ABol_084-Ex1
SdC0803401A	Sde-CMal_034-Ex1-1A-lcwgs-1-1	Sde-CMal_034-Ex1
SdC0801501B	Sde-CMal_015-Ex1-1B-lcwgs-1-1	Sde-CMal_015-Ex1
SdC0802001C	Sde-CMal_020-Ex1-1C-lcwgs-1-1	Sde-CMal_020-Ex1
SdC0801001D	Sde-CMal_010-Ex1-1D-lcwgs-1-1	Sde-CMal_010-Ex1
SdC0804301E	Sde-CMal_043-Ex1-1E-lcwgs-1-1	Sde-CMal_043-Ex1
SdC0801701F	Sde-CMal_017-Ex1-1F-lcwgs-1-1	Sde-CMal_017-Ex1
SdC0806601G	Sde-CMal_066-Ex1-1G-lcwgs-1-1	Sde-CMal_066-Ex1
SdC0804601H	Sde-CMal_046-Ex1-1H-lcwgs-1-1	Sde-CMal_046-Ex1
SdC0806802A	Sde-CMal_068-Ex1-2A-lcwgs-1-1	Sde-CMal_068-Ex1
SdC0806202B	Sde-CMal_062-Ex1-2B-lcwgs-1-1	Sde-CMal_062-Ex1
SdC0806502C	Sde-CMal_065-Ex1-2C-lcwgs-1-1	Sde-CMal_065-Ex1
SdC0804402D	Sde-CMal_044-Ex1-2D-lcwgs-1-1	Sde-CMal_044-Ex1
SdC0800402E	Sde-CMal_004-Ex1-2E-lcwgs-1-1	Sde-CMal_004-Ex1
SdC0804702F	Sde-CMal_047-Ex1-2F-lcwgs-1-1	Sde-CMal_047-Ex1
SdC0800302G	Sde-CMal_003-Ex1-2G-lcwgs-1-1	Sde-CMal_003-Ex1
SdC0803802H	Sde-CMal_038-Ex1-2H-lcwgs-1-1	Sde-CMal_038-Ex1
SdC0803503A	Sde-CMal_035-Ex1-3A-lcwgs-1-1	Sde-CMal_035-Ex1
SdC0805903B	Sde-CMal_059-Ex1-3B-lcwgs-1-1	Sde-CMal_059-Ex1
SdC0802503C	Sde-CMal_025-Ex1-3C-lcwgs-1-1	Sde-CMal_025-Ex1
SdC0805003D	Sde-CMal_050-Ex1-3D-lcwgs-1-1	Sde-CMal_050-Ex1
SdC0806703F	Sde-CMal_067-Ex1-3F-lcwgs-1-1	Sde-CMal_067-Ex1
SdC0800903G	Sde-CMal_009-Ex1-3G-lcwgs-1-1	Sde-CMal_009-Ex1
SdC0801303H	Sde-CMal_013-Ex1-3H-lcwgs-1-1	Sde-CMal_013-Ex1
SdC0802104A	Sde-CMal_021-Ex1-4A-lcwgs-1-1	Sde-CMal_021-Ex1
SdC0800604B	Sde-CMal_006-Ex1-4B-lcwgs-1-1	Sde-CMal_006-Ex1
SdC0802404C	Sde-CMal_024-Ex1-4C-lcwgs-1-1	Sde-CMal_024-Ex1
SdC0800504D	Sde-CMal_005-Ex1-4D-lcwgs-1-1	Sde-CMal_005-Ex1
SdC0806904E	Sde-CMal_069-Ex1-4E-lcwgs-1-1	Sde-CMal_069-Ex1
SdC0804804F	Sde-CMal_048-Ex1-4F-lcwgs-1-1	Sde-CMal_048-Ex1
SdC0801104G	Sde-CMal_011-Ex1-4G-lcwgs-1-1	Sde-CMal_011-Ex1
SdC0806004H	Sde-CMal_060-Ex1-4H-lcwgs-1-1	Sde-CMal_060-Ex1
SdC0801905A	Sde-CMal_019-Ex1-5A-lcwgs-1-1	Sde-CMal_019-Ex1
SdC0805405B	Sde-CMal_054-Ex1-5B-lcwgs-1-1	Sde-CMal_054-Ex1
SdC0805605C	Sde-CMal_056-Ex1-5C-lcwgs-1-1	Sde-CMal_056-Ex1
SdC0803105D	Sde-CMal_031-Ex1-5D-lcwgs-1-1	Sde-CMal_031-Ex1
SdC0802605E	Sde-CMal_026-Ex1-5E-lcwgs-1-1	Sde-CMal_026-Ex1
SdC0803005F	Sde-CMal_030-Ex1-5F-lcwgs-1-1	Sde-CMal_030-Ex1
SdC0802205G	Sde-CMal_022-Ex1-5G-lcwgs-1-1	Sde-CMal_022-Ex1
SdC0805105H	Sde-CMal_051-Ex1-5H-lcwgs-1-1	Sde-CMal_051-Ex1
SdC0804906A	Sde-CMal_049-Ex1-6A-lcwgs-1-1	Sde-CMal_049-Ex1
SdC0806306B	Sde-CMal_063-Ex1-6B-lcwgs-1-1	Sde-CMal_063-Ex1
SdC0804506C	Sde-CMal_045-Ex1-6C-lcwgs-1-1	Sde-CMal_045-Ex1
SdC0806406D	Sde-CMal_064-Ex1-6D-lcwgs-1-1	Sde-CMal_064-Ex1
SdC0804006E	Sde-CMal_040-Ex1-6E-lcwgs-1-1	Sde-CMal_040-Ex1
SdC0803906F	Sde-CMal_039-Ex1-6F-lcwgs-1-1	Sde-CMal_039-Ex1
SdC0801806G	Sde-CMal_018-Ex1-6G-lcwgs-1-1	Sde-CMal_018-Ex1
SdC0802806H	Sde-CMal_028-Ex1-6H-lcwgs-1-1	Sde-CMal_028-Ex1
SdC0804207A	Sde-CMal_042-Ex1-7A-lcwgs-1-1	Sde-CMal_042-Ex1
SdC0803307B	Sde-CMal_033-Ex1-7B-lcwgs-1-1	Sde-CMal_033-Ex1
SdC0805707C	Sde-CMal_057-Ex1-7C-lcwgs-1-1	Sde-CMal_057-Ex1
SdC0805307D	Sde-CMal_053-Ex1-7D-lcwgs-1-1	Sde-CMal_053-Ex1
SdC0802307E	Sde-CMal_023-Ex1-7E-lcwgs-1-1	Sde-CMal_023-Ex1
SdC0802907F	Sde-CMal_029-Ex1-7F-lcwgs-1-1	Sde-CMal_029-Ex1
SdC0805807G	Sde-CMal_058-Ex1-7G-lcwgs-1-1	Sde-CMal_058-Ex1
SdC0804107H	Sde-CMal_041-Ex1-7H-lcwgs-1-1	Sde-CMal_041-Ex1
SdC0801608A	Sde-CMal_016-Ex1-8A-lcwgs-1-1	Sde-CMal_016-Ex1
SdC0806108B	Sde-CMal_061-Ex1-8B-lcwgs-1-1	Sde-CMal_061-Ex1
SdC0803208C	Sde-CMal_032-Ex1-8C-lcwgs-1-1	Sde-CMal_032-Ex1
SdC0805508D	Sde-CMal_055-Ex1-8D-lcwgs-1-1	Sde-CMal_055-Ex1
SdC0805208E	Sde-CMal_052-Ex1-8E-lcwgs-1-1	Sde-CMal_052-Ex1
SdC0803608F	Sde-CMal_036-Ex1-8F-lcwgs-1-1	Sde-CMal_036-Ex1
SdC0803708G	Sde-CMal_037-Ex1-8G-lcwgs-1-1	Sde-CMal_037-Ex1
SdC0802708H	Sde-CMal_027-Ex1-8H-lcwgs-1-1	Sde-CMal_027-Ex1
SdA02001	Sde-AMar_001_Ex1_b	Sde-AMar_001-Ex1
SdA02002	Sde-AMar_002_Ex1	Sde-AMar_002-Ex1
SdA02003	Sde-AMar_003_Ex1_b	Sde-AMar_003-Ex1
SdA02004	Sde-AMar_004_Ex1_b	Sde-AMar_004-Ex1
SdA02005	Sde-AMar_005_Ex1	Sde-AMar_005-Ex1
SdA02006	Sde-AMar_006_Ex1	Sde-AMar_006-Ex1
SdA02007	Sde-AMar_007_Ex1_b	Sde-AMar_007-Ex1
SdA02008	Sde-AMar_008_Ex1_b	Sde-AMar_008-Ex1
SdA02009	Sde-AMar_009_Ex1	Sde-AMar_009-Ex1
SdA02010	Sde-AMar_010_Ex1	Sde-AMar_010-Ex1
SdA02011	Sde-AMar_011_Ex1	Sde-AMar_011-Ex1
SdA02012	Sde-AMar_012_Ex1_b	Sde-AMar_012-Ex1
SdA02013	Sde-AMar_013_Ex1_b	Sde-AMar_013-Ex1
SdA02014	Sde-AMar_014_Ex1	Sde-AMar_014-Ex1
SdA02015	Sde-AMar_015_Ex1_b	Sde-AMar_015-Ex1
SdA02016	Sde-AMar_016_Ex1_b	Sde-AMar_016-Ex1
SdA02017	Sde-AMar_017_Ex1	Sde-AMar_017-Ex1
SdA02019	Sde-AMar_019_Ex1	Sde-AMar_019-Ex1
SdA02020	Sde-AMar_020_Ex1	Sde-AMar_020-Ex1
SdA02021	Sde-AMar_021_Ex1_b	Sde-AMar_021-Ex1
SdA02022	Sde-AMar_022_Ex1	Sde-AMar_022-Ex1
SdA02023	Sde-AMar_023_Ex1	Sde-AMar_023-Ex1
SdA02024	Sde-AMar_024_Ex1_b	Sde-AMar_024-Ex1
SdA02025	Sde-AMar_025_Ex1_b	Sde-AMar_025-Ex1
SdA02026	Sde-AMar_026_Ex1	Sde-AMar_026-Ex1
SdA02027	Sde-AMar_027_Ex1_b	Sde-AMar_027-Ex1
SdA02030	Sde-AMar_030_Ex1	Sde-AMar_030-Ex1
SdA02031	Sde-AMar_031_Ex1	Sde-AMar_031-Ex1
SdA02032	Sde-AMar_032_Ex1	Sde-AMar_032-Ex1
SdA02033	Sde-AMar_033_Ex1_b	Sde-AMar_033-Ex1
SdA02034	Sde-AMar_034_Ex1	Sde-AMar_034-Ex1
SdA02035	Sde-AMar_035_Ex1_b	Sde-AMar_035-Ex1
SdA02036	Sde-AMar_036_Ex1_b	Sde-AMar_036-Ex1
SdA02037	Sde-AMar_037_Ex1	Sde-AMar_037-Ex1
SdA02038	Sde-AMar_038_Ex1	Sde-AMar_038-Ex1
SdA02039	Sde-AMar_039_Ex1	Sde-AMar_039-Ex1
SdA02041	Sde-AMar_041_Ex1	Sde-AMar_041-Ex1
SdA02044	Sde-AMar_044_Ex1	Sde-AMar_044-Ex1
SdA02045	Sde-AMar_045_Ex1	Sde-AMar_045-Ex1
SdA02046	Sde-AMar_046_Ex1_b	Sde-AMar_046-Ex1
SdA02047	Sde-AMar_047_Ex1	Sde-AMar_047-Ex1
SdA02048	Sde-AMar_048_Ex1	Sde-AMar_048-Ex1
SdA02049	Sde-AMar_049_Ex1_b	Sde-AMar_049-Ex1
SdA02050	Sde-AMar_050_Ex1	Sde-AMar_050-Ex1
SdA02051	Sde-AMar_051_Ex1_b	Sde-AMar_051-Ex1
SdA02052	Sde-AMar_052_Ex1_b	Sde-AMar_052-Ex1
SdA02053	Sde-AMar_053_Ex1	Sde-AMar_053-Ex1
SdA02054	Sde-AMar_054_Ex1	Sde-AMar_054-Ex1
SdA02055	Sde-AMar_055_Ex1	Sde-AMar_055-Ex1
SdA02056	Sde-AMar_056_Ex1_b	Sde-AMar_056-Ex1
SdA02057	Sde-AMar_057_Ex1_b	Sde-AMar_057-Ex1
SdA02058	Sde-AMar_058_Ex1	Sde-AMar_058-Ex1
SdA02059	Sde-AMar_059_Ex1_b	Sde-AMar_059-Ex1
SdA02060	Sde-AMar_060_Ex1	Sde-AMar_060-Ex1
SdA02061	Sde-AMar_061_Ex1	Sde-AMar_061-Ex1
SdA02062	Sde-AMar_062_Ex1_b	Sde-AMar_062-Ex1
SdA02063	Sde-AMar_063_Ex1_b	Sde-AMar_063-Ex1
SdA02064	Sde-AMar_064_Ex1	Sde-AMar_064-Ex1
SdA02065	Sde-AMar_065_Ex1_b	Sde-AMar_065-Ex1
SdA01001	Sde-AMat_001_Ex1	Sde-AMat_001-Ex1
SdA01002	Sde-AMat_002_Ex1	Sde-AMat_002-Ex1
SdA01003	Sde-AMat_003_Ex1	Sde-AMat_003-Ex1
SdA01005	Sde-AMat_005_Ex1	Sde-AMat_005-Ex1
SdA01006	Sde-AMat_006_Ex1	Sde-AMat_006-Ex1
SdA01007	Sde-AMat_007_Ex1	Sde-AMat_007-Ex1
SdA01008	Sde-AMat_008_Ex1	Sde-AMat_008-Ex1
SdA01009	Sde-AMat_009_Ex1	Sde-AMat_009-Ex1
SdA01010	Sde-AMat_010_Ex1	Sde-AMat_010-Ex1
SdA01011	Sde-AMat_011_Ex1	Sde-AMat_011-Ex1
SdA01012	Sde-AMat_012_Ex1	Sde-AMat_012-Ex1
SdA01013	Sde-AMat_013_Ex1	Sde-AMat_013-Ex1
SdA01014	Sde-AMat_014_Ex1	Sde-AMat_014-Ex1
SdA01015	Sde-AMat_015_Ex1	Sde-AMat_015-Ex1
SdA01016	Sde-AMat_016_Ex1	Sde-AMat_016-Ex1
SdA01017	Sde-AMat_017_Ex1	Sde-AMat_017-Ex1
SdA01018	Sde-AMat_018_Ex1	Sde-AMat_018-Ex1
SdA01019	Sde-AMat_019_Ex1	Sde-AMat_019-Ex1
SdA01020	Sde-AMat_020_Ex1	Sde-AMat_020-Ex1
SdA01021	Sde-AMat_021_Ex1	Sde-AMat_021-Ex1
SdA01022	Sde-AMat_022_Ex1	Sde-AMat_022-Ex1
SdA01023	Sde-AMat_023_Ex1	Sde-AMat_023-Ex1
SdA01024	Sde-AMat_024_Ex1	Sde-AMat_024-Ex1
SdA01025	Sde-AMat_025_Ex1	Sde-AMat_025-Ex1
SdA01026	Sde-AMat_026_Ex1	Sde-AMat_026-Ex1
SdA01027	Sde-AMat_027_Ex1	Sde-AMat_027-Ex1
SdA01028	Sde-AMat_028_Ex1	Sde-AMat_028-Ex1
SdA01029	Sde-AMat_029_Ex1	Sde-AMat_029-Ex1
SdA01030	Sde-AMat_030_Ex1	Sde-AMat_030-Ex1
SdA01031	Sde-AMat_031_Ex1	Sde-AMat_031-Ex1
SdA01032	Sde-AMat_032_Ex1	Sde-AMat_032-Ex1
SdA01033	Sde-AMat_033_Ex1	Sde-AMat_033-Ex1
SdA01034	Sde-AMat_034_Ex1	Sde-AMat_034-Ex1
SdA01035	Sde-AMat_035_Ex1	Sde-AMat_035-Ex1
SdA01036	Sde-AMat_036_Ex1	Sde-AMat_036-Ex1
SdA01037	Sde-AMat_037_Ex1	Sde-AMat_037-Ex1
SdA01038	Sde-AMat_038_Ex1	Sde-AMat_038-Ex1
SdA01039	Sde-AMat_039_Ex1	Sde-AMat_039-Ex1
SdA01040	Sde-AMat_040_Ex1	Sde-AMat_040-Ex1
SdA01041	Sde-AMat_041_Ex1	Sde-AMat_041-Ex1
SdA01042	Sde-AMat_042_Ex1	Sde-AMat_042-Ex1
SdA01043	Sde-AMat_043_Ex1	Sde-AMat_043-Ex1
SdA01045	Sde-AMat_045_Ex1	Sde-AMat_045-Ex1
SdA01046	Sde-AMat_046_Ex1	Sde-AMat_046-Ex1
SdA01047	Sde-AMat_047_Ex1	Sde-AMat_047-Ex1
SdA01048	Sde-AMat_048_Ex1	Sde-AMat_048-Ex1
SdA01049	Sde-AMat_049_Ex1	Sde-AMat_049-Ex1
SdA01050	Sde-AMat_050_Ex1	Sde-AMat_050-Ex1
SdA01051	Sde-AMat_051_Ex1	Sde-AMat_051-Ex1
SdA01052	Sde-AMat_052_Ex1	Sde-AMat_052-Ex1
SdA01053	Sde-AMat_053_Ex1	Sde-AMat_053-Ex1
SdA01054	Sde-AMat_054_Ex1	Sde-AMat_054-Ex1
SdA01055	Sde-AMat_055_Ex1	Sde-AMat_055-Ex1
SdA01056	Sde-AMat_056_Ex1	Sde-AMat_056-Ex1
SdA01057	Sde-AMat_057_Ex1	Sde-AMat_057-Ex1
SdA01059	Sde-AMat_059_Ex1	Sde-AMat_059-Ex1
SdA01060	Sde-AMat_060_Ex1	Sde-AMat_060-Ex1
SdA01061	Sde-AMat_061_Ex1	Sde-AMat_061-Ex1
SdA01062	Sde-AMat_062_Ex1	Sde-AMat_062-Ex1
SdA01063	Sde-AMat_063_Ex1	Sde-AMat_063-Ex1
SdA01064	Sde-AMat_064_Ex1	Sde-AMat_064-Ex1
SdA01065	Sde-AMat_065_Ex1	Sde-AMat_065-Ex1
SdA01066	Sde-AMat_066_Ex1	Sde-AMat_066-Ex1
SdA01067	Sde-AMat_067_Ex1	Sde-AMat_067-Ex1
SdA01068	Sde-AMat_068_Ex1	Sde-AMat_068-Ex1
SdA01069	Sde-AMat_069_Ex1	Sde-AMat_069-Ex1
SdA01071	Sde-AMat_071_Ex1	Sde-AMat_071-Ex1
SdA01072	Sde-AMat_072_Ex1	Sde-AMat_072-Ex1
SdA01073	Sde-AMat_073_Ex1	Sde-AMat_073-Ex1
SdA01074	Sde-AMat_074_Ex1	Sde-AMat_074-Ex1
SdA01075	Sde-AMat_075_Ex1	Sde-AMat_075-Ex1
SdA01076	Sde-AMat_076_Ex1	Sde-AMat_076-Ex1
SdA01077	Sde-AMat_077_Ex1	Sde-AMat_077-Ex1
SdA01078	Sde-AMat_078_Ex1	Sde-AMat_078-Ex1
SdA01079	Sde-AMat_079_Ex1	Sde-AMat_079-Ex1
SdA01080	Sde-AMat_080_Ex1	Sde-AMat_080-Ex1
SdA01082	Sde-AMat_082_Ex1	Sde-AMat_082-Ex1
SdA01083	Sde-AMat_083_Ex1	Sde-AMat_083-Ex1
SdA01084	Sde-AMat_084_Ex1	Sde-AMat_084-Ex1
SdA01085	Sde-AMat_085_Ex1	Sde-AMat_085-Ex1
SdA01086	Sde-AMat_086_Ex1	Sde-AMat_086-Ex1
SdA01087	Sde-AMat_087_Ex1	Sde-AMat_087-Ex1
SdA01088	Sde-AMat_088_Ex1	Sde-AMat_088-Ex1
SdA01089	Sde-AMat_089_Ex1	Sde-AMat_089-Ex1
SdA01090	Sde-AMat_090_Ex1	Sde-AMat_090-Ex1
SdA01091	Sde-AMat_091_Ex1	Sde-AMat_091-Ex1
SdA01092	Sde-AMat_092_Ex1	Sde-AMat_092-Ex1
SdA01094	Sde-AMat_094_Ex1	Sde-AMat_094-Ex1
SdA01095	Sde-AMat_095_Ex1	Sde-AMat_095-Ex1
SdA01096	Sde-AMat_096_Ex1	Sde-AMat_096-Ex1
SdC02001	Sde-CHam_001_Ex1	Sde-CHam_001-Ex1
SdC02002	Sde-CHam_002_Ex1	Sde-CHam_002-Ex1
SdC02003	Sde-CHam_003_Ex1	Sde-CHam_003-Ex1
SdC02004	Sde-CHam_004_Ex1	Sde-CHam_004-Ex1
SdC02005	Sde-CHam_005_Ex1	Sde-CHam_005-Ex1
SdC02006	Sde-CHam_006_Ex1	Sde-CHam_006-Ex1
SdC02007	Sde-CHam_007_Ex1	Sde-CHam_007-Ex1
SdC02008	Sde-CHam_008_Ex1	Sde-CHam_008-Ex1
SdC02010	Sde-CHam_010_Ex1	Sde-CHam_010-Ex1
SdC02013	Sde-CHam_013_Ex1	Sde-CHam_013-Ex1
SdC02014	Sde-CHam_014_Ex1	Sde-CHam_014-Ex1
SdC02016	Sde-CHam_016_Ex1	Sde-CHam_016-Ex1
SdC02018	Sde-CHam_018_Ex1	Sde-CHam_018-Ex1
SdC02019	Sde-CHam_019_Ex1	Sde-CHam_019-Ex1
SdC02020	Sde-CHam_020_Ex1	Sde-CHam_020-Ex1
SdC02022	Sde-CHam_022_Ex1	Sde-CHam_022-Ex1
SdC02027	Sde-CHam_027_Ex1	Sde-CHam_027-Ex1
SdC02028	Sde-CHam_028_Ex1	Sde-CHam_028-Ex1
SdC02029	Sde-CHam_029_Ex1	Sde-CHam_029-Ex1
SdC02031	Sde-CHam_031_Ex1	Sde-CHam_031-Ex1
SdC02035	Sde-CHam_035_Ex1	Sde-CHam_035-Ex1
SdC02036	Sde-CHam_036_Ex1	Sde-CHam_036-Ex1
SdC02037	Sde-CHam_037_Ex1	Sde-CHam_037-Ex1
SdC02040	Sde-CHam_040_Ex1	Sde-CHam_040-Ex1
SdC02041	Sde-CHam_041_Ex1	Sde-CHam_041-Ex1
SdC02043	Sde-CHam_043_Ex1	Sde-CHam_043-Ex1
SdC02044	Sde-CHam_044_Ex1	Sde-CHam_044-Ex1
SdC02045	Sde-CHam_045_Ex1	Sde-CHam_045-Ex1
SdC02046	Sde-CHam_046_Ex1	Sde-CHam_046-Ex1
SdC02048	Sde-CHam_048_Ex1	Sde-CHam_048-Ex1
SdC02050	Sde-CHam_050_Ex1	Sde-CHam_050-Ex1
SdC02051	Sde-CHam_051_Ex1	Sde-CHam_051-Ex1
SdC02054	Sde-CHam_054_Ex1	Sde-CHam_054-Ex1
SdC02056	Sde-CHam_056_Ex1	Sde-CHam_056-Ex1
SdC02059	Sde-CHam_059_Ex1	Sde-CHam_059-Ex1
SdC02060	Sde-CHam_060_Ex1	Sde-CHam_060-Ex1
SdC02063	Sde-CHam_063_Ex1	Sde-CHam_063-Ex1
SdC02064	Sde-CHam_064_Ex1	Sde-CHam_064-Ex1
SdC02065	Sde-CHam_065_Ex1	Sde-CHam_065-Ex1
SdC02066	Sde-CHam_066_Ex1	Sde-CHam_066-Ex1
SdC02070	Sde-CHam_070_Ex1	Sde-CHam_070-Ex1
SdC02072	Sde-CHam_072_Ex1	Sde-CHam_072-Ex1
SdC02074	Sde-CHam_074_Ex1	Sde-CHam_074-Ex1
SdC02075	Sde-CHam_075_Ex1	Sde-CHam_075-Ex1
SdC02077	Sde-CHam_077_Ex1	Sde-CHam_077-Ex1
SdC02078	Sde-CHam_078_Ex1	Sde-CHam_078-Ex1
SdC02080	Sde-CHam_080_Ex1	Sde-CHam_080-Ex1
SdC02081	Sde-CHam_081_Ex1	Sde-CHam_081-Ex1
SdC02082	Sde-CHam_082_Ex1	Sde-CHam_082-Ex1
SdC02083	Sde-CHam_083_Ex1	Sde-CHam_083-Ex1
SdC02084	Sde-CHam_084_Ex1	Sde-CHam_084-Ex1
SdC02087	Sde-CHam_087_Ex1	Sde-CHam_087-Ex1
SdC02090	Sde-CHam_090_Ex1	Sde-CHam_090-Ex1
SdC02092	Sde-CHam_092_Ex1	Sde-CHam_092-Ex1
SdC02093	Sde-CHam_093_Ex1	Sde-CHam_093-Ex1
SdC02094	Sde-CHam_094_Ex1	Sde-CHam_094-Ex1
SdC02095	Sde-CHam_095_Ex1	Sde-CHam_095-Ex1
SdC02096	Sde-CHam_096_Ex1	Sde-CHam_096-Ex1
SdC01001	Sde-CMat_001_Ex1	Sde-CMat_001-Ex1
SdC01002	Sde-CMat_002_Ex1	Sde-CMat_002-Ex1
SdC01003	Sde-CMat_003_Ex1	Sde-CMat_003-Ex1
SdC01004	Sde-CMat_004_Ex1	Sde-CMat_004-Ex1
SdC01005	Sde-CMat_005_Ex1	Sde-CMat_005-Ex1
SdC01006	Sde-CMat_006_Ex1	Sde-CMat_006-Ex1
SdC01007	Sde-CMat_007_Ex1	Sde-CMat_007-Ex1
SdC01008	Sde-CMat_008_Ex1	Sde-CMat_008-Ex1
SdC01009	Sde-CMat_009_Ex1	Sde-CMat_009-Ex1
SdC01010	Sde-CMat_010_Ex1	Sde-CMat_010-Ex1
SdC01011	Sde-CMat_011_Ex1	Sde-CMat_011-Ex1
SdC01012	Sde-CMat_012_Ex1	Sde-CMat_012-Ex1
SdC01013	Sde-CMat_013_Ex1	Sde-CMat_013-Ex1
SdC01014	Sde-CMat_014_Ex1	Sde-CMat_014-Ex1
SdC01015	Sde-CMat_015_Ex1	Sde-CMat_015-Ex1
SdC01016	Sde-CMat_016_Ex1	Sde-CMat_016-Ex1
SdC01017	Sde-CMat_017_Ex1	Sde-CMat_017-Ex1
SdC01018	Sde-CMat_018_Ex1	Sde-CMat_018-Ex1
SdC01020	Sde-CMat_020_Ex1	Sde-CMat_020-Ex1
SdC01021	Sde-CMat_021_Ex1	Sde-CMat_021-Ex1
SdC01022	Sde-CMat_022_Ex1	Sde-CMat_022-Ex1
SdC01023	Sde-CMat_023_Ex1	Sde-CMat_023-Ex1
SdC01024	Sde-CMat_024_Ex1	Sde-CMat_024-Ex1
SdC01025	Sde-CMat_025_Ex1	Sde-CMat_025-Ex1
SdC01026	Sde-CMat_026_Ex1	Sde-CMat_026-Ex1
SdC01027	Sde-CMat_027_Ex1	Sde-CMat_027-Ex1
SdC01028	Sde-CMat_028_Ex1	Sde-CMat_028-Ex1
SdC01029	Sde-CMat_029_Ex1	Sde-CMat_029-Ex1
SdC01030	Sde-CMat_030_Ex1	Sde-CMat_030-Ex1
SdC01031	Sde-CMat_031_Ex1	Sde-CMat_031-Ex1
SdC01032	Sde-CMat_032_Ex1	Sde-CMat_032-Ex1
SdC01033	Sde-CMat_033_Ex1	Sde-CMat_033-Ex1
SdC01034	Sde-CMat_034_Ex1	Sde-CMat_034-Ex1
SdC01035	Sde-CMat_035_Ex1	Sde-CMat_035-Ex1
SdC01036	Sde-CMat_036_Ex1	Sde-CMat_036-Ex1
SdC01037	Sde-CMat_037_Ex1	Sde-CMat_037-Ex1
SdC01038	Sde-CMat_038_Ex1	Sde-CMat_038-Ex1
SdC01039	Sde-CMat_039_Ex1	Sde-CMat_039-Ex1
SdC01040	Sde-CMat_040_Ex1	Sde-CMat_040-Ex1
SdC01041	Sde-CMat_041_Ex1	Sde-CMat_041-Ex1
SdC01042	Sde-CMat_042_Ex1	Sde-CMat_042-Ex1
SdC01043	Sde-CMat_043_Ex1	Sde-CMat_043-Ex1
SdC01044	Sde-CMat_044_Ex1	Sde-CMat_044-Ex1
SdC01045	Sde-CMat_045_Ex1	Sde-CMat_045-Ex1
SdC01046	Sde-CMat_046_Ex1	Sde-CMat_046-Ex1
SdC01047	Sde-CMat_047_Ex1	Sde-CMat_047-Ex1
SdC01048	Sde-CMat_048_Ex1	Sde-CMat_048-Ex1
SdC01049	Sde-CMat_049_Ex1	Sde-CMat_049-Ex1
SdC01050	Sde-CMat_050_Ex1	Sde-CMat_050-Ex1
SdC01051	Sde-CMat_051_Ex1	Sde-CMat_051-Ex1
SdC01053	Sde-CMat_053_Ex1	Sde-CMat_053-Ex1
SdC01054	Sde-CMat_054_Ex1	Sde-CMat_054-Ex1
SdC01055	Sde-CMat_055_Ex1	Sde-CMat_055-Ex1
SdC01056	Sde-CMat_056_Ex1	Sde-CMat_056-Ex1
SdC01057	Sde-CMat_057_Ex1	Sde-CMat_057-Ex1
SdC01058	Sde-CMat_058_Ex1	Sde-CMat_058-Ex1
SdC01059	Sde-CMat_059_Ex1	Sde-CMat_059-Ex1
SdC01060	Sde-CMat_060_Ex1	Sde-CMat_060-Ex1
SdC01061	Sde-CMat_061_Ex1	Sde-CMat_061-Ex1
SdC01062	Sde-CMat_062_Ex1	Sde-CMat_062-Ex1
SdC01063	Sde-CMat_063_Ex1	Sde-CMat_063-Ex1
SdC01064	Sde-CMat_064_Ex1	Sde-CMat_064-Ex1
SdC01065	Sde-CMat_065_Ex1	Sde-CMat_065-Ex1
SdC01066	Sde-CMat_066_Ex1	Sde-CMat_066-Ex1
SdC01067	Sde-CMat_067_Ex1	Sde-CMat_067-Ex1
SdC01068	Sde-CMat_068_Ex1	Sde-CMat_068-Ex1
SdC01069	Sde-CMat_069_Ex1	Sde-CMat_069-Ex1
SdC01070	Sde-CMat_070_Ex1	Sde-CMat_070-Ex1
SdC01071	Sde-CMat_071_Ex1	Sde-CMat_071-Ex1
SdC01072	Sde-CMat_072_Ex1	Sde-CMat_072-Ex1
SdC01073	Sde-CMat_073_Ex1	Sde-CMat_073-Ex1
SdC01074	Sde-CMat_074_Ex1	Sde-CMat_074-Ex1
SdC01075	Sde-CMat_075_Ex1	Sde-CMat_075-Ex1
SdC01076	Sde-CMat_076_Ex1	Sde-CMat_076-Ex1
SdC01077	Sde-CMat_077_Ex1	Sde-CMat_077-Ex1
SdC01079	Sde-CMat_079_Ex1	Sde-CMat_079-Ex1
SdC01080	Sde-CMat_080_Ex1	Sde-CMat_080-Ex1
SdC01081	Sde-CMat_081_Ex1	Sde-CMat_081-Ex1
SdC01082	Sde-CMat_082_Ex1	Sde-CMat_082-Ex1
SdC01083	Sde-CMat_083_Ex1	Sde-CMat_083-Ex1
SdC01084	Sde-CMat_084_Ex1	Sde-CMat_084-Ex1
SdC01085	Sde-CMat_085_Ex1	Sde-CMat_085-Ex1
SdC01086	Sde-CMat_086_Ex1	Sde-CMat_086-Ex1
SdC01087	Sde-CMat_087_Ex1	Sde-CMat_087-Ex1
SdC01088	Sde-CMat_088_Ex1	Sde-CMat_088-Ex1
SdC01089	Sde-CMat_089_Ex1	Sde-CMat_089-Ex1
SdC01090	Sde-CMat_090_Ex1	Sde-CMat_090-Ex1
SdA1000101A	Sde-ABul_001_Ex1-cssl	Sde-ABul_001-Ex1
SdA1000202A	Sde-ABul_002_Ex1-cssl	Sde-ABul_002-Ex1
SdA1000303A	Sde-ABul_003_Ex1-cssl	Sde-ABul_003-Ex1
SdA1000404A	Sde-ABul_004_Ex1-cssl	Sde-ABul_004-Ex1
SdA1000606A	Sde-ABul_006_Ex1-cssl	Sde-ABul_006-Ex1
SdA1000707A	Sde-ABul_007_Ex1-cssl	Sde-ABul_007-Ex1
SdA1000808A	Sde-ABul_008_Ex1-cssl	Sde-ABul_008-Ex1
SdA1000909A	Sde-ABul_009_Ex1-cssl	Sde-ABul_009-Ex1
SdA1001111A	Sde-ABul_011_Ex1-cssl	Sde-ABul_011-Ex1
SdA1001402B	Sde-ABul_014_Ex1-cssl	Sde-ABul_014-Ex1
SdA1001604B	Sde-ABul_016_Ex1-cssl	Sde-ABul_016-Ex1
SdA1001705B	Sde-ABul_017_Ex1-cssl	Sde-ABul_017-Ex1
SdA1001806B	Sde-ABul_018_Ex1-cssl	Sde-ABul_018-Ex1
SdA1001907B	Sde-ABul_019_Ex1-cssl	Sde-ABul_019-Ex1
SdA1002008B	Sde-ABul_020_Ex1-cssl	Sde-ABul_020-Ex1
SdA1002109B	Sde-ABul_021_Ex1-cssl	Sde-ABul_021-Ex1
SdA1002210B	Sde-ABul_022_Ex1-cssl	Sde-ABul_022-Ex1
SdA1002412B	Sde-ABul_024_Ex1-cssl	Sde-ABul_024-Ex1
SdA1002703C	Sde-ABul_027_Ex1-cssl	Sde-ABul_027-Ex1
SdA1002804C	Sde-ABul_028_Ex1-cssl	Sde-ABul_028-Ex1
SdA1002905C	Sde-ABul_029_Ex1-cssl	Sde-ABul_029-Ex1
SdA1003006C	Sde-ABul_030_Ex1-cssl	Sde-ABul_030-Ex1
SdA1003107C	Sde-ABul_031_Ex1-cssl	Sde-ABul_031-Ex1
SdA1003208C	Sde-ABul_032_Ex1-cssl	Sde-ABul_032-Ex1
SdA1003410C	Sde-ABul_034_Ex1-cssl	Sde-ABul_034-Ex1
SdA1003511C	Sde-ABul_035_Ex1-cssl	Sde-ABul_035-Ex1
SdA1003903D	Sde-ABul_039_Ex1-cssl	Sde-ABul_039-Ex1
SdA1004004D	Sde-ABul_040_Ex1-cssl	Sde-ABul_040-Ex1
SdA1004105D	Sde-ABul_041_Ex1-cssl	Sde-ABul_041-Ex1
SdA1004206D	Sde-ABul_042_Ex1-cssl	Sde-ABul_042-Ex1
SdA1004307D	Sde-ABul_043_Ex1-cssl	Sde-ABul_043-Ex1
SdA1004610D	Sde-ABul_046_Ex1-cssl	Sde-ABul_046-Ex1
SdA1004711D	Sde-ABul_047_Ex1-cssl	Sde-ABul_047-Ex1
SdA1004901E	Sde-ABul_049_Ex1-cssl	Sde-ABul_049-Ex1
SdA1005002E	Sde-ABul_050_Ex1-cssl	Sde-ABul_050-Ex1
SdA1005103E	Sde-ABul_051_Ex1-cssl	Sde-ABul_051-Ex1
SdA1005204E	Sde-ABul_052_Ex1-cssl	Sde-ABul_052-Ex1
SdA1005305E	Sde-ABul_053_Ex1-cssl	Sde-ABul_053-Ex1
SdA1005406E	Sde-ABul_054_Ex1-cssl	Sde-ABul_054-Ex1
SdA1005507E	Sde-ABul_055_Ex1-cssl	Sde-ABul_055-Ex1
SdA1005608E	Sde-ABul_056_Ex1-cssl	Sde-ABul_056-Ex1
SdA1005709E	Sde-ABul_057_Ex1-cssl	Sde-ABul_057-Ex1
SdA1005810E	Sde-ABul_058_Ex1-cssl	Sde-ABul_058-Ex1
SdA1005911E	Sde-ABul_059_Ex1-cssl	Sde-ABul_059-Ex1
SdA1006012E	Sde-ABul_060_Ex1-cssl	Sde-ABul_060-Ex1
SdA1006101F	Sde-ABul_061_Ex1-cssl	Sde-ABul_061-Ex1
SdA1006202F	Sde-ABul_062_Ex1-cssl	Sde-ABul_062-Ex1
SdA1006303F	Sde-ABul_063_Ex1-cssl	Sde-ABul_063-Ex1
SdA1006505F	Sde-ABul_065_Ex1-cssl	Sde-ABul_065-Ex1
SdA1006606F	Sde-ABul_066_Ex1-cssl	Sde-ABul_066-Ex1
SdA1006707F	Sde-ABul_067_Ex1-cssl	Sde-ABul_067-Ex1
SdA1006808F	Sde-ABul_068_Ex1-cssl	Sde-ABul_068-Ex1
SdA1006909F	Sde-ABul_069_Ex1-cssl	Sde-ABul_069-Ex1
SdA1007010F	Sde-ABul_070_Ex1-cssl	Sde-ABul_070-Ex1
SdA1007111F	Sde-ABul_071_Ex1-cssl	Sde-ABul_071-Ex1
SdA1007212F	Sde-ABul_072_Ex1-cssl	Sde-ABul_072-Ex1
SdA1007301G	Sde-ABul_073_Ex1-cssl	Sde-ABul_073-Ex1
SdA1007402G	Sde-ABul_074_Ex1-cssl	Sde-ABul_074-Ex1
SdA1007503G	Sde-ABul_075_Ex1-cssl	Sde-ABul_075-Ex1
SdA1007604G	Sde-ABul_076_Ex1-cssl	Sde-ABul_076-Ex1
SdA1007705G	Sde-ABul_077_Ex1-cssl	Sde-ABul_077-Ex1
SdA1007806G	Sde-ABul_078_Ex1-cssl	Sde-ABul_078-Ex1
SdA1007907G	Sde-ABul_079_Ex1-cssl	Sde-ABul_079-Ex1
SdA1008008G	Sde-ABul_080_Ex1-cssl	Sde-ABul_080-Ex1
SdA1008109G	Sde-ABul_081_Ex1-cssl	Sde-ABul_081-Ex1
SdA1008210G	Sde-ABul_082_Ex1-cssl	Sde-ABul_082-Ex1
SdA1008311G	Sde-ABul_083_Ex1-cssl	Sde-ABul_083-Ex1
SdA1008501H	Sde-ABul_085_Ex1-cssl	Sde-ABul_085-Ex1
SdA1008602H	Sde-ABul_086_Ex1-cssl	Sde-ABul_086-Ex1
SdA1008703H	Sde-ABul_087_Ex1-cssl	Sde-ABul_087-Ex1
SdA1008905H	Sde-ABul_089_Ex1-cssl	Sde-ABul_089-Ex1
SdA1009006H	Sde-ABul_090_Ex1-cssl	Sde-ABul_090-Ex1
SdA1009107H	Sde-ABul_091_Ex1-cssl	Sde-ABul_091-Ex1
SdA1009208H	Sde-ABul_092_Ex1-cssl	Sde-ABul_092-Ex1
SdA1009309H	Sde-ABul_093_Ex1-cssl	Sde-ABul_093-Ex1
SdA1009410H	Sde-ABul_094_Ex1-cssl	Sde-ABul_094-Ex1
SdA1009511H	Sde-ABul_095_Ex1-cssl	Sde-ABul_095-Ex1
SdA1009612H	Sde-ABul_096_Ex1-cssl	Sde-ABul_096-Ex1
SdA0700104D	Sde-AGui_001_Ex1-cssl	Sde-AGui_001-Ex1
SdA0700204E	Sde-AGui_002_Ex1-cssl	Sde-AGui_002-Ex1
SdA0700304F	Sde-AGui_003_Ex1-cssl	Sde-AGui_003-Ex1
SdA0700404G	Sde-AGui_004_Ex1-cssl	Sde-AGui_004-Ex1
SdA0700504H	Sde-AGui_005_Ex1-cssl	Sde-AGui_005-Ex1
SdA0700605A	Sde-AGui_006_Ex1-cssl	Sde-AGui_006-Ex1
SdA0700705B	Sde-AGui_007_Ex1-cssl	Sde-AGui_007-Ex1
SdA0700805C	Sde-AGui_008_Ex1-cssl	Sde-AGui_008-Ex1
SdA0700905D	Sde-AGui_009_Ex1-cssl	Sde-AGui_009-Ex1
SdA0701005E	Sde-AGui_010_Ex1-cssl	Sde-AGui_010-Ex1
SdA0701105F	Sde-AGui_011_Ex1-cssl	Sde-AGui_011-Ex1
SdA0701205G	Sde-AGui_012_Ex1-cssl	Sde-AGui_012-Ex1
SdA0701305H	Sde-AGui_013_Ex1-cssl	Sde-AGui_013-Ex1
SdA0701406A	Sde-AGui_014_Ex1-cssl	Sde-AGui_014-Ex1
SdA0701506B	Sde-AGui_015_Ex1-cssl	Sde-AGui_015-Ex1
SdA0701606C	Sde-AGui_016_Ex1-cssl	Sde-AGui_016-Ex1
SdA0701706D	Sde-AGui_017_Ex1-cssl	Sde-AGui_017-Ex1
SdA0701806E	Sde-AGui_018_Ex1-cssl	Sde-AGui_018-Ex1
SdA0701906F	Sde-AGui_019_Ex1-cssl	Sde-AGui_019-Ex1
SdA0702006G	Sde-AGui_020_Ex1-cssl	Sde-AGui_020-Ex1
SdA0702106H	Sde-AGui_021_Ex1-cssl	Sde-AGui_021-Ex1
SdA0702207A	Sde-AGui_022_Ex1-cssl	Sde-AGui_022-Ex1
SdA0702307B	Sde-AGui_023_Ex1-cssl	Sde-AGui_023-Ex1
SdA0702407C	Sde-AGui_024_Ex1-cssl	Sde-AGui_024-Ex1
SdA0702507D	Sde-AGui_025_Ex1-cssl	Sde-AGui_025-Ex1
SdA0702607E	Sde-AGui_026_Ex1-cssl	Sde-AGui_026-Ex1
SdA0702707F	Sde-AGui_027_Ex1-cssl	Sde-AGui_027-Ex1
SdA0702807G	Sde-AGui_028_Ex1-cssl	Sde-AGui_028-Ex1
SdA0702907H	Sde-AGui_029_Ex1-cssl	Sde-AGui_029-Ex1
SdA0703008A	Sde-AGui_030_Ex1-cssl	Sde-AGui_030-Ex1
SdA0703108B	Sde-AGui_031_Ex1-cssl	Sde-AGui_031-Ex1
SdA0703208C	Sde-AGui_032_Ex1-cssl	Sde-AGui_032-Ex1
SdA0703308D	Sde-AGui_033_Ex1-cssl	Sde-AGui_033-Ex1
SdA0703408E	Sde-AGui_034_Ex1-cssl	Sde-AGui_034-Ex1
SdA0703508F	Sde-AGui_035_Ex1-cssl	Sde-AGui_035-Ex1
SdA0205509B	Sde-AMar_055_Ex1b-cssl2	Sde-AMar_055-Ex1
SdA0206109A	Sde-AMar_061_Ex1_b-cssl2	Sde-AMar_061-Ex1
SdA0100208H	Sde-AMat_002_Ex1-cssl2	Sde-AMat_002-Ex1
SdA0100508G	Sde-AMat_005_Ex1-cssl2	Sde-AMat_005-Ex1
SdA0800101A	Sde-ATum_001_Ex1-cssl	Sde-ATum_001-Ex1
SdA0800202A	Sde-ATum_002_Ex1-cssl	Sde-ATum_002-Ex1
SdA0800303A	Sde-ATum_003_Ex1-cssl	Sde-ATum_003-Ex1
SdA0800404A	Sde-ATum_004_Ex1-cssl	Sde-ATum_004-Ex1
SdA0800707A	Sde-ATum_007_Ex1-cssl	Sde-ATum_007-Ex1
SdA0800808A	Sde-ATum_008_Ex1-cssl	Sde-ATum_008-Ex1
SdA0800909A	Sde-ATum_009_Ex1-cssl	Sde-ATum_009-Ex1
SdA0801010A	Sde-ATum_010_Ex1-cssl	Sde-ATum_010-Ex1
SdA0801111A	Sde-ATum_011_Ex1-cssl	Sde-ATum_011-Ex1
SdA0801212A	Sde-ATum_012_Ex1-cssl	Sde-ATum_012-Ex1
SdA0801301B	Sde-ATum_013_Ex1-cssl	Sde-ATum_013-Ex1
SdA0801402B	Sde-ATum_014_Ex1-cssl	Sde-ATum_014-Ex1
SdA0801705B	Sde-ATum_017_Ex1-cssl	Sde-ATum_017-Ex1
SdA0801806B	Sde-ATum_018_Ex1-cssl	Sde-ATum_018-Ex1
SdA0801907B	Sde-ATum_019_Ex1-cssl	Sde-ATum_019-Ex1
SdA0802008B	Sde-ATum_020_Ex1-cssl	Sde-ATum_020-Ex1
SdA0802109B	Sde-ATum_021_Ex1-cssl	Sde-ATum_021-Ex1
SdA0802210B	Sde-ATum_022_Ex1-cssl	Sde-ATum_022-Ex1
SdA0802311B	Sde-ATum_023_Ex1-cssl	Sde-ATum_023-Ex1
SdA0802412B	Sde-ATum_024_Ex1-cssl	Sde-ATum_024-Ex1
SdA0802501C	Sde-ATum_025_Ex1-cssl	Sde-ATum_025-Ex1
SdA0802602C	Sde-ATum_026_Ex1-cssl	Sde-ATum_026-Ex1
SdA0802703C	Sde-ATum_027_Ex1-cssl	Sde-ATum_027-Ex1
SdA0802905C	Sde-ATum_029_Ex1-cssl	Sde-ATum_029-Ex1
SdA0803006C	Sde-ATum_030_Ex1-cssl	Sde-ATum_030-Ex1
SdA0803107C	Sde-ATum_031_Ex1-cssl	Sde-ATum_031-Ex1
SdA0803208C	Sde-ATum_032_Ex1-cssl	Sde-ATum_032-Ex1
SdA0803309C	Sde-ATum_033_Ex1-cssl	Sde-ATum_033-Ex1
SdA0803410C	Sde-ATum_034_Ex1-cssl	Sde-ATum_034-Ex1
SdA0803511C	Sde-ATum_035_Ex1-cssl	Sde-ATum_035-Ex1
SdA0803701D	Sde-ATum_037_Ex1-cssl	Sde-ATum_037-Ex1
SdA0803802D	Sde-ATum_038_Ex1-cssl	Sde-ATum_038-Ex1
SdA0803903D	Sde-ATum_039_Ex1-cssl	Sde-ATum_039-Ex1
SdA0804004D	Sde-ATum_040_Ex1-cssl	Sde-ATum_040-Ex1
SdA0804105D	Sde-ATum_041_Ex1-cssl	Sde-ATum_041-Ex1
SdA0804206D	Sde-ATum_042_Ex1-cssl	Sde-ATum_042-Ex1
SdA0804307D	Sde-ATum_043_Ex1-cssl	Sde-ATum_043-Ex1
SdA0804408D	Sde-ATum_044_Ex1-cssl	Sde-ATum_044-Ex1
SdA0804509D	Sde-ATum_045_Ex1-cssl	Sde-ATum_045-Ex1
SdA0804711D	Sde-ATum_047_Ex1-cssl	Sde-ATum_047-Ex1
SdA0804812D	Sde-ATum_048_Ex1-cssl	Sde-ATum_048-Ex1
SdC0700605G	Sde-CJol_006_Ex1-cssl	Sde-CJol_006-Ex1
SdC0701206B	Sde-CJol_012_Ex1-cssl	Sde-CJol_012-Ex1
SdC0701406H	Sde-CJol_014_Ex1-cssl	Sde-CJol_014-Ex1
SdC0701508D	Sde-CJol_015_Ex1-cssl	Sde-CJol_015-Ex1
SdC0702011A	Sde-CJol_020_Ex1-cssl	Sde-CJol_020-Ex1
SdC0702207F	Sde-CJol_022_Ex1-cssl	Sde-CJol_022-Ex1
SdC0702408B	Sde-CJol_024_Ex1-cssl	Sde-CJol_024-Ex1
SdC0702611E	Sde-CJol_026_Ex1-cssl	Sde-CJol_026-Ex1
SdC0702708G	Sde-CJol_027_Ex1-cssl	Sde-CJol_027-Ex1
SdC0702812C	Sde-CJol_028_Ex1-cssl	Sde-CJol_028-Ex1
SdC0702907H	Sde-CJol_029_Ex1-cssl	Sde-CJol_029-Ex1
SdC0703010F	Sde-CJol_030_Ex1-cssl	Sde-CJol_030-Ex1
SdC0703108H	Sde-CJol_031_Ex1-cssl	Sde-CJol_031-Ex1
SdC0703206F	Sde-CJol_032_Ex1-cssl	Sde-CJol_032-Ex1
SdC0703305F	Sde-CJol_033_Ex1-cssl	Sde-CJol_033-Ex1
SdC0703409F	Sde-CJol_034_Ex1-cssl	Sde-CJol_034-Ex1
SdC0703506D	Sde-CJol_035_Ex1-cssl	Sde-CJol_035-Ex1
SdC0703807E	Sde-CJol_038_Ex1-cssl	Sde-CJol_038-Ex1
SdC0703909H	Sde-CJol_039_Ex1-cssl	Sde-CJol_039-Ex1
SdC0704011D	Sde-CJol_040_Ex1-cssl	Sde-CJol_040-Ex1
SdC0704109B	Sde-CJol_041_Ex1-cssl	Sde-CJol_041-Ex1
SdC0704210D	Sde-CJol_042_Ex1-cssl	Sde-CJol_042-Ex1
SdC0704312E	Sde-CJol_043_Ex1-cssl	Sde-CJol_043-Ex1
SdC0704406E	Sde-CJol_044_Ex1-cssl	Sde-CJol_044-Ex1
SdC0704512A	Sde-CJol_045_Ex1-cssl	Sde-CJol_045-Ex1
SdC0704610G	Sde-CJol_046_Ex1-cssl	Sde-CJol_046-Ex1
SdC0704708F	Sde-CJol_047_Ex1-cssl	Sde-CJol_047-Ex1
SdC0704811H	Sde-CJol_048_Ex1-cssl	Sde-CJol_048-Ex1
SdC0705009G	Sde-CJol_050_Ex1-cssl	Sde-CJol_050-Ex1
SdC0705111C	Sde-CJol_051_Ex1-cssl	Sde-CJol_051-Ex1
SdC0705306C	Sde-CJol_053_Ex1-cssl	Sde-CJol_053-Ex1
SdC0705412H	Sde-CJol_054_Ex1-cssl	Sde-CJol_054-Ex1
SdC0705512G	Sde-CJol_055_Ex1-cssl	Sde-CJol_055-Ex1
SdC0705612B	Sde-CJol_056_Ex1-cssl	Sde-CJol_056-Ex1
SdC0705712D	Sde-CJol_057_Ex1-cssl	Sde-CJol_057-Ex1
SdC0705807D	Sde-CJol_058_Ex1-cssl	Sde-CJol_058-Ex1
SdC0705907A	Sde-CJol_059_Ex1-cssl	Sde-CJol_059-Ex1
SdC0706005D	Sde-CJol_060_Ex1-cssl	Sde-CJol_060-Ex1
SdC0706210B	Sde-CJol_062_Ex1-cssl	Sde-CJol_062-Ex1
SdC0706408C	Sde-CJol_064_Ex1-cssl	Sde-CJol_064-Ex1
SdC0706507C	Sde-CJol_065_Ex1-cssl	Sde-CJol_065-Ex1
SdC0706711B	Sde-CJol_067_Ex1-cssl	Sde-CJol_067-Ex1
SdC0706810H	Sde-CJol_068_Ex1-cssl	Sde-CJol_068-Ex1
SdC0706912F	Sde-CJol_069_Ex1-cssl	Sde-CJol_069-Ex1
SdC0707011F	Sde-CJol_070_Ex1-cssl	Sde-CJol_070-Ex1
SdC0707110A	Sde-CJol_071_Ex1-cssl	Sde-CJol_071-Ex1
SdC0707209E	Sde-CJol_072_Ex1-cssl	Sde-CJol_072-Ex1
SdC0707410E	Sde-CJol_074_Ex1-cssl	Sde-CJol_074-Ex1
SdC0707509A	Sde-CJol_075_Ex1-cssl	Sde-CJol_075-Ex1
SdC0707611G	Sde-CJol_076_Ex1-cssl	Sde-CJol_076-Ex1
SdC0707707G	Sde-CJol_077_Ex1-cssl	Sde-CJol_077-Ex1
SdC0707805H	Sde-CJol_078_Ex1-cssl	Sde-CJol_078-Ex1
SdC0707905C	Sde-CJol_079_Ex1-cssl	Sde-CJol_079-Ex1
SdC0708010C	Sde-CJol_080_Ex1-cssl	Sde-CJol_080-Ex1
SdC0708309D	Sde-CJol_083_Ex1-cssl	Sde-CJol_083-Ex1
SdC0708405A	Sde-CJol_084_Ex1-cssl	Sde-CJol_084-Ex1
SdC0708606A	Sde-CJol_086_Ex1-cssl	Sde-CJol_086-Ex1
SdC0708807B	Sde-CJol_088_Ex1-cssl	Sde-CJol_088-Ex1
SdC0708906G	Sde-CJol_089_Ex1-cssl	Sde-CJol_089-Ex1
SdC0709005E	Sde-CJol_090_Ex1-cssl	Sde-CJol_090-Ex1
SdC0709109C	Sde-CJol_091_Ex1-cssl	Sde-CJol_091-Ex1
SdC0709208E	Sde-CJol_092_Ex1-cssl	Sde-CJol_092-Ex1
SdC0709405B	Sde-CJol_094_Ex1-cssl	Sde-CJol_094-Ex1
SdC0709608A	Sde-CJol_096_Ex1-cssl	Sde-CJol_096-Ex1
SdC0600101A	Sde-CTum_001_Ex1-cssl	Sde-CTum_001-Ex1
SdC0600201B	Sde-CTum_002_Ex1-cssl	Sde-CTum_002-Ex1
SdC0600301C	Sde-CTum_003_Ex1-cssl	Sde-CTum_003-Ex1
SdC0600401D	Sde-CTum_004_Ex1-cssl	Sde-CTum_004-Ex1
SdC0600501E	Sde-CTum_005_Ex1-cssl	Sde-CTum_005-Ex1
SdC0600601F	Sde-CTum_006_Ex1-cssl	Sde-CTum_006-Ex1
SdC0600701G	Sde-CTum_007_Ex1-cssl	Sde-CTum_007-Ex1
SdC0600801H	Sde-CTum_008_Ex1-cssl	Sde-CTum_008-Ex1
SdC0600902A	Sde-CTum_009_Ex1-cssl	Sde-CTum_009-Ex1
SdC0601002B	Sde-CTum_010_Ex1-cssl	Sde-CTum_010-Ex1
SdC0601102C	Sde-CTum_011_Ex1-cssl	Sde-CTum_011-Ex1
SdC0601202D	Sde-CTum_012_Ex1-cssl	Sde-CTum_012-Ex1
SdC0601302E	Sde-CTum_013_Ex1-cssl	Sde-CTum_013-Ex1
SdC0601402F	Sde-CTum_014_Ex1-cssl	Sde-CTum_014-Ex1
SdC0601502G	Sde-CTum_015_Ex1-cssl	Sde-CTum_015-Ex1
SdC0601602H	Sde-CTum_016_Ex1-cssl	Sde-CTum_016-Ex1
SdC0601703A	Sde-CTum_017_Ex1-cssl	Sde-CTum_017-Ex1
SdC0601803B	Sde-CTum_018_Ex1-cssl	Sde-CTum_018-Ex1
SdC0601903C	Sde-CTum_019_Ex1-cssl	Sde-CTum_019-Ex1
SdC0602003D	Sde-CTum_020_Ex1-cssl	Sde-CTum_020-Ex1
SdC0602103E	Sde-CTum_021_Ex1-cssl	Sde-CTum_021-Ex1
SdC0602203F	Sde-CTum_022_Ex1-cssl	Sde-CTum_022-Ex1
SdC0602303G	Sde-CTum_023_Ex1-cssl	Sde-CTum_023-Ex1
SdC0602403H	Sde-CTum_024_Ex1-cssl	Sde-CTum_024-Ex1
SdC0602504A	Sde-CTum_025_Ex1-cssl	Sde-CTum_025-Ex1
SdC0602604B	Sde-CTum_026_Ex1-cssl	Sde-CTum_026-Ex1
SdC0602704C	Sde-CTum_027_Ex1-cssl	Sde-CTum_027-Ex1
SdC0602804D	Sde-CTum_028_Ex1-cssl	Sde-CTum_028-Ex1
SdC0602904E	Sde-CTum_029_Ex1-cssl	Sde-CTum_029-Ex1
SdC0603004F	Sde-CTum_030_Ex1-cssl	Sde-CTum_030-Ex1
SdC0603104G	Sde-CTum_031_Ex1-cssl	Sde-CTum_031-Ex1
SdC0603204H	Sde-CTum_032_Ex1-cssl	Sde-CTum_032-Ex1
SdC0603305A	Sde-CTum_033_Ex1-cssl	Sde-CTum_033-Ex1
SdC0603405B	Sde-CTum_034_Ex1-cssl	Sde-CTum_034-Ex1
SdC0603505C	Sde-CTum_035_Ex1-cssl	Sde-CTum_035-Ex1
SdC0603605D	Sde-CTum_036_Ex1-cssl	Sde-CTum_036-Ex1
SdC0603705E	Sde-CTum_037_Ex1-cssl	Sde-CTum_037-Ex1
SdC0603805F	Sde-CTum_038_Ex1-cssl	Sde-CTum_038-Ex1
SdC0603905G	Sde-CTum_039_Ex1-cssl	Sde-CTum_039-Ex1
SdC0604005H	Sde-CTum_040_Ex1-cssl	Sde-CTum_040-Ex1
SdC0604106A	Sde-CTum_041_Ex1-cssl	Sde-CTum_041-Ex1
SdC0604206B	Sde-CTum_042_Ex1-cssl	Sde-CTum_042-Ex1
SdC0604306C	Sde-CTum_043_Ex1-cssl	Sde-CTum_043-Ex1
SdC0604406D	Sde-CTum_044_Ex1-cssl	Sde-CTum_044-Ex1
SdC0604506E	Sde-CTum_045_Ex1-cssl	Sde-CTum_045-Ex1
SdC0604606F	Sde-CTum_046_Ex1-cssl	Sde-CTum_046-Ex1
SdC0604706G	Sde-CTum_047_Ex1-cssl	Sde-CTum_047-Ex1
SdC0604806H	Sde-CTum_048_Ex1-cssl	Sde-CTum_048-Ex1
SdC0604907A	Sde-CTum_049_Ex1-cssl	Sde-CTum_049-Ex1
SdC0605007B	Sde-CTum_050_Ex1-cssl	Sde-CTum_050-Ex1
SdC0605107C	Sde-CTum_051_Ex1-cssl	Sde-CTum_051-Ex1
SdC0605207D	Sde-CTum_052_Ex1-cssl	Sde-CTum_052-Ex1
SdC0605307E	Sde-CTum_053_Ex1-cssl	Sde-CTum_053-Ex1
SdC0605407F	Sde-CTum_054_Ex1-cssl	Sde-CTum_054-Ex1
SdC0605507G	Sde-CTum_055_Ex1-cssl	Sde-CTum_055-Ex1
SdC0605607H	Sde-CTum_056_Ex1-cssl	Sde-CTum_056-Ex1
SdC0605708A	Sde-CTum_057_Ex1-cssl	Sde-CTum_057-Ex1
SdC0605808B	Sde-CTum_058_Ex1-cssl	Sde-CTum_058-Ex1
SdC0605908C	Sde-CTum_059_Ex1-cssl	Sde-CTum_059-Ex1
SdC0606008D	Sde-CTum_060_Ex1-cssl	Sde-CTum_060-Ex1
SdC0606108E	Sde-CTum_061_Ex1-cssl	Sde-CTum_061-Ex1
SdC0606208F	Sde-CTum_062_Ex1-cssl	Sde-CTum_062-Ex1
SdC0606308G	Sde-CTum_063_Ex1-cssl	Sde-CTum_063-Ex1
SdC0606408H	Sde-CTum_064_Ex1-cssl	Sde-CTum_064-Ex1
SdC0500102C	Sde-CVal_001_Ex1-cssl	Sde-CVal_001-Ex1
SdC0500202F	Sde-CVal_002_Ex1-cssl	Sde-CVal_002-Ex1
SdC0500302E	Sde-CVal_003_Ex1-cssl	Sde-CVal_003-Ex1
SdC0500402G	Sde-CVal_004_Ex1-cssl	Sde-CVal_004-Ex1
SdC0500501D	Sde-CVal_005_Ex1-cssl	Sde-CVal_005-Ex1
SdC0500701H	Sde-CVal_007_Ex1-cssl	Sde-CVal_007-Ex1
SdC0500802D	Sde-CVal_008_Ex1-cssl	Sde-CVal_008-Ex1
SdC0500902B	Sde-CVal_009_Ex1-cssl	Sde-CVal_009-Ex1
SdC0501001B	Sde-CVal_010_Ex1-cssl	Sde-CVal_010-Ex1
SdC0501102A	Sde-CVal_011_Ex1-cssl	Sde-CVal_011-Ex1
SdC0501201F	Sde-CVal_012_Ex1-cssl	Sde-CVal_012-Ex1
SdC0501304H	Sde-CVal_013_Ex1-cssl	Sde-CVal_013-Ex1
SdC0501403G	Sde-CVal_014_Ex1-cssl	Sde-CVal_014-Ex1
SdC0501503C	Sde-CVal_015_Ex1-cssl	Sde-CVal_015-Ex1
SdC0501606H	Sde-CVal_016_Ex1-cssl	Sde-CVal_016-Ex1
SdC0502001C	Sde-CVal_020_Ex1-cssl	Sde-CVal_020-Ex1
SdC0502107C	Sde-CVal_021_Ex1-cssl	Sde-CVal_021-Ex1
SdC0502207F	Sde-CVal_022_Ex1-cssl	Sde-CVal_022-Ex1
SdC0502302H	Sde-CVal_023_Ex1-cssl	Sde-CVal_023-Ex1
SdC0502403A	Sde-CVal_024_Ex1-cssl	Sde-CVal_024-Ex1
SdC0502504A	Sde-CVal_025_Ex1-cssl	Sde-CVal_025-Ex1
SdC0502703F	Sde-CVal_027_Ex1-cssl	Sde-CVal_027-Ex1
SdC0502806F	Sde-CVal_028_Ex1-cssl	Sde-CVal_028-Ex1
SdC0502906C	Sde-CVal_029_Ex1-cssl	Sde-CVal_029-Ex1
SdC0503008D	Sde-CVal_030_Ex1-cssl	Sde-CVal_030-Ex1
SdC0503203B	Sde-CVal_032_Ex1-cssl	Sde-CVal_032-Ex1
SdC0503307E	Sde-CVal_033_Ex1-cssl	Sde-CVal_033-Ex1
SdC0503408C	Sde-CVal_034_Ex1-cssl	Sde-CVal_034-Ex1
SdC0503507G	Sde-CVal_035_Ex1-cssl	Sde-CVal_035-Ex1
SdC0503808B	Sde-CVal_038_Ex1-cssl	Sde-CVal_038-Ex1
SdC0504006G	Sde-CVal_040_Ex1-cssl	Sde-CVal_040-Ex1
SdC0504408A	Sde-CVal_044_Ex1-cssl	Sde-CVal_044-Ex1
SdC0504708G	Sde-CVal_047_Ex1-cssl	Sde-CVal_047-Ex1
SdC0504904B	Sde-CVal_049_Ex1-cssl	Sde-CVal_049-Ex1
SdC0505105H	Sde-CVal_051_Ex1-cssl	Sde-CVal_051-Ex1
SdC0505308F	Sde-CVal_053_Ex1-cssl	Sde-CVal_053-Ex1
SdC0505605E	Sde-CVal_056_Ex1-cssl	Sde-CVal_056-Ex1
SdC0505707B	Sde-CVal_057_Ex1-cssl	Sde-CVal_057-Ex1
SdC0505807D	Sde-CVal_058_Ex1-cssl	Sde-CVal_058-Ex1
SdC0505904E	Sde-CVal_059_Ex1-cssl	Sde-CVal_059-Ex1
SdC0506007H	Sde-CVal_060_Ex1-cssl	Sde-CVal_060-Ex1
SdC0506103H	Sde-CVal_061_Ex1-cssl	Sde-CVal_061-Ex1
SdC0506307A	Sde-CVal_063_Ex1-cssl	Sde-CVal_063-Ex1
SdC0506806B	Sde-CVal_068_Ex1-cssl	Sde-CVal_068-Ex1
SdC0507108H	Sde-CVal_071_Ex1-cssl	Sde-CVal_071-Ex1
SdC0507306D	Sde-CVal_073_Ex1-cssl	Sde-CVal_073-Ex1
SdC0507404C	Sde-CVal_074_Ex1-cssl	Sde-CVal_074-Ex1
SdC0507708E	Sde-CVal_077_Ex1-cssl	Sde-CVal_077-Ex1
SdC0508006A	Sde-CVal_080_Ex1-cssl	Sde-CVal_080-Ex1
SdC0508104G	Sde-CVal_081_Ex1-cssl	Sde-CVal_081-Ex1
SdC0508205C	Sde-CVal_082_Ex1-cssl	Sde-CVal_082-Ex1
SdC0508303D	Sde-CVal_083_Ex1-cssl	Sde-CVal_083-Ex1
SdC0508401E	Sde-CVal_084_Ex1-cssl	Sde-CVal_084-Ex1
SdC0508506E	Sde-CVal_085_Ex1-cssl	Sde-CVal_085-Ex1
SdC0508601A	Sde-CVal_086_Ex1-cssl	Sde-CVal_086-Ex1
SdC0508705B	Sde-CVal_087_Ex1-cssl	Sde-CVal_087-Ex1
SdC0508904F	Sde-CVal_089_Ex1-cssl	Sde-CVal_089-Ex1
SdC0509004D	Sde-CVal_090_Ex1-cssl	Sde-CVal_090-Ex1
SdC0509105D	Sde-CVal_091_Ex1-cssl	Sde-CVal_091-Ex1
SdC0509205F	Sde-CVal_092_Ex1-cssl	Sde-CVal_092-Ex1
SdC0509305G	Sde-CVal_093_Ex1-cssl	Sde-CVal_093-Ex1
SdC0509401G	Sde-CVal_094_Ex1-cssl	Sde-CVal_094-Ex1
SdC0509505A	Sde-CVal_095_Ex1-cssl	Sde-CVal_095-Ex1
SdC0509603E	Sde-CVal_096_Ex1-cssl	Sde-CVal_096-Ex1
SdC02014	Sde-CHam_014_Ex1-cssl2	Sde-CHam_014-Ex1
SdC02077	Sde-CHam_077_Ex1-cssl2	Sde-CHam_077-Ex1
SdC01055	Sde-CMat_055_Ex1-cssl2	Sde-CMat_055-Ex1
SdC01061	Sde-CMat_061_Ex1-cssl2	Sde-CMat_061-Ex1
SdeABol013	Sde-ABol_013-Ex1-1B-cssl-1-2	Sde-ABol_013-Ex1
SdeABol015	Sde-ABol_015-Ex1-3B-cssl-1-2	Sde-ABol_015-Ex1
SdeABol016	Sde-ABol_016-Ex1-4B-cssl-1-2	Sde-ABol_016-Ex1
SdeABol017	Sde-ABol_017-Ex1-5B-cssl-1-2	Sde-ABol_017-Ex1
SdeABol020	Sde-ABol_020-Ex1-8B-cssl-1-2	Sde-ABol_020-Ex1
SdeABol026	Sde-ABol_026-Ex1-2C-cssl-1-2	Sde-ABol_026-Ex1
SdeABol027	Sde-ABol_027-Ex1-3C-cssl-1-2	Sde-ABol_027-Ex1
SdeABol028	Sde-ABol_028-Ex1-4C-cssl-1-2	Sde-ABol_028-Ex1
SdeABol030	Sde-ABol_030-Ex1-6C-cssl-1-2	Sde-ABol_030-Ex1
SdeABol033	Sde-ABol_033-Ex1-9C-cssl-1-2	Sde-ABol_033-Ex1
SdeABol037	Sde-ABol_037-Ex1-1D-cssl-1-2	Sde-ABol_037-Ex1
SdeABol039	Sde-ABol_039-Ex1-3D-cssl-1-2	Sde-ABol_039-Ex1
SdeABol042	Sde-ABol_042-Ex1-6D-cssl-1-2	Sde-ABol_042-Ex1
SdeABol044	Sde-ABol_044-Ex1-8D-cssl-1-2	Sde-ABol_044-Ex1
SdeABol046	Sde-ABol_046-Ex1-10D-cssl-1-2	Sde-ABol_046-Ex1
SdeABol047	Sde-ABol_047-Ex1-11D-cssl-1-2	Sde-ABol_047-Ex1
SdeABol048	Sde-ABol_048-Ex1-12D-cssl-1-2	Sde-ABol_048-Ex1
SdeABol053	Sde-ABol_053-Ex1-5E-cssl-1-2	Sde-ABol_053-Ex1
SdeABol054	Sde-ABol_054-Ex1-6E-cssl-1-2	Sde-ABol_054-Ex1
SdeABol055	Sde-ABol_055-Ex1-7E-cssl-1-2	Sde-ABol_055-Ex1
SdeABol056	Sde-ABol_056-Ex1-8E-cssl-1-2	Sde-ABol_056-Ex1
SdeABol057	Sde-ABol_057-Ex1-9E-cssl-1-2	Sde-ABol_057-Ex1
SdeABol058	Sde-ABol_058-Ex1-10E-cssl-1-2	Sde-ABol_058-Ex1
SdeABol059	Sde-ABol_059-Ex1-11E-cssl-1-2	Sde-ABol_059-Ex1
SdeABol062	Sde-ABol_062-Ex1-2F-cssl-1-2	Sde-ABol_062-Ex1
SdeABol063	Sde-ABol_063-Ex1-3F-cssl-1-2	Sde-ABol_063-Ex1
SdeABol064	Sde-ABol_064-Ex1-4F-cssl-1-2	Sde-ABol_064-Ex1
SdeABol065	Sde-ABol_065-Ex1-5F-cssl-1-2	Sde-ABol_065-Ex1
SdeABol067	Sde-ABol_067-Ex1-7F-cssl-1-2	Sde-ABol_067-Ex1
SdeABol068	Sde-ABol_068-Ex1-8F-cssl-1-2	Sde-ABol_068-Ex1
SdeABol069	Sde-ABol_069-Ex1-9F-cssl-1-2	Sde-ABol_069-Ex1
SdeABol070	Sde-ABol_070-Ex1-10F-cssl-1-2	Sde-ABol_070-Ex1
SdeABol071	Sde-ABol_071-Ex1-11F-cssl-1-2	Sde-ABol_071-Ex1
SdeABol072	Sde-ABol_072-Ex1-12F-cssl-1-2	Sde-ABol_072-Ex1
SdeABol074	Sde-ABol_074-Ex1-2G-cssl-1-2	Sde-ABol_074-Ex1
SdeABol075	Sde-ABol_075-Ex1-3G-cssl-1-2	Sde-ABol_075-Ex1
SdeABol077	Sde-ABol_077-Ex1-5G-cssl-1-2	Sde-ABol_077-Ex1
SdeABol078	Sde-ABol_078-Ex1-6G-cssl-1-2	Sde-ABol_078-Ex1
SdeABol079	Sde-ABol_079-Ex1-7G-cssl-1-2	Sde-ABol_079-Ex1
SdeABol080	Sde-ABol_080-Ex1-8G-cssl-1-2	Sde-ABol_080-Ex1
SdeABol082	Sde-ABol_082-Ex1-10G-cssl-1-2	Sde-ABol_082-Ex1
SdeABol083	Sde-ABol_083-Ex1-11G-cssl-1-2	Sde-ABol_083-Ex1
SdeABol084	Sde-ABol_084-Ex1-12G-cssl-1-2	Sde-ABol_084-Ex1
SdeABol087	Sde-ABol_087-Ex1-3H-cssl-1-2	Sde-ABol_087-Ex1
SdeABol088	Sde-ABol_088-Ex1-4H-cssl-1-2	Sde-ABol_088-Ex1
SdeABol090	Sde-ABol_090-Ex1-6H-cssl-1-2	Sde-ABol_090-Ex1
SdeABol091	Sde-ABol_091-Ex1-7H-cssl-1-2	Sde-ABol_091-Ex1
SdeABol092	Sde-ABol_092-Ex1-8H-cssl-1-2	Sde-ABol_092-Ex1
SdeAGui001	Sde-AGui_001-Ex1-4D-cssl-2-2	Sde-AGui_001-Ex1
SdeAGui002	Sde-AGui_002-Ex1-4E-cssl-2-2	Sde-AGui_002-Ex1
SdeAGui003	Sde-AGui_003-Ex1-4F-cssl-2-2	Sde-AGui_003-Ex1
SdeAGui004	Sde-AGui_004-Ex1-4G-cssl-2-2	Sde-AGui_004-Ex1
SdeAGui005	Sde-AGui_005-Ex1-4H-cssl-2-2	Sde-AGui_005-Ex1
SdeAGui006	Sde-AGui_006-Ex1-5A-cssl-2-2	Sde-AGui_006-Ex1
SdeAGui007	Sde-AGui_007-Ex1-5B-cssl-2-2	Sde-AGui_007-Ex1
SdeAGui008	Sde-AGui_008-Ex1-5C-cssl-2-2	Sde-AGui_008-Ex1
SdeAGui009	Sde-AGui_009-Ex1-5D-cssl-2-2	Sde-AGui_009-Ex1
SdeAGui010	Sde-AGui_010-Ex1-5E-cssl-2-2	Sde-AGui_010-Ex1
SdeAGui011	Sde-AGui_011-Ex1-5F-cssl-2-2	Sde-AGui_011-Ex1
SdeAGui012	Sde-AGui_012-Ex1-5G-cssl-2-2	Sde-AGui_012-Ex1
SdeAGui013	Sde-AGui_013-Ex1-5H-cssl-2-2	Sde-AGui_013-Ex1
SdeAGui014	Sde-AGui_014-Ex1-6A-cssl-2-2	Sde-AGui_014-Ex1
SdeAGui015	Sde-AGui_015-Ex1-6B-cssl-2-2	Sde-AGui_015-Ex1
SdeAGui016	Sde-AGui_016-Ex1-6C-cssl-2-2	Sde-AGui_016-Ex1
SdeAGui017	Sde-AGui_017-Ex1-6D-cssl-2-2	Sde-AGui_017-Ex1
SdeAGui018	Sde-AGui_018-Ex1-6E-cssl-2-2	Sde-AGui_018-Ex1
SdeAGui019	Sde-AGui_019-Ex1-6F-cssl-2-2	Sde-AGui_019-Ex1
SdeAGui020	Sde-AGui_020-Ex1-6G-cssl-2-2	Sde-AGui_020-Ex1
SdeAGui021	Sde-AGui_021-Ex1-6H-cssl-2-2	Sde-AGui_021-Ex1
SdeAGui022	Sde-AGui_022-Ex1-7A-cssl-2-2	Sde-AGui_022-Ex1
SdeAGui023	Sde-AGui_023-Ex1-7B-cssl-2-2	Sde-AGui_023-Ex1
SdeAGui024	Sde-AGui_024-Ex1-7C-cssl-2-2	Sde-AGui_024-Ex1
SdeAGui025	Sde-AGui_025-Ex1-7D-cssl-2-2	Sde-AGui_025-Ex1
SdeAGui026	Sde-AGui_026-Ex1-7E-cssl-2-2	Sde-AGui_026-Ex1
SdeAGui027	Sde-AGui_027-Ex1-7F-cssl-2-2	Sde-AGui_027-Ex1
SdeAGui028	Sde-AGui_028-Ex1-7G-cssl-2-2	Sde-AGui_028-Ex1
SdeAGui029	Sde-AGui_029-Ex1-7H-cssl-2-2	Sde-AGui_029-Ex1
SdeAGui030	Sde-AGui_030-Ex1-8A-cssl-2-2	Sde-AGui_030-Ex1
SdeAGui031	Sde-AGui_031-Ex1-8B-cssl-2-2	Sde-AGui_031-Ex1
SdeAGui032	Sde-AGui_032-Ex1-8C-cssl-2-2	Sde-AGui_032-Ex1
SdeAGui033	Sde-AGui_033-Ex1-8D-cssl-2-2	Sde-AGui_033-Ex1
SdeAGui034	Sde-AGui_034-Ex1-8E-cssl-2-2	Sde-AGui_034-Ex1
SdeAGui035	Sde-AGui_035-Ex1-8F-cssl-2-2	Sde-AGui_035-Ex1
SdeAMar001	Sde-AMar_001-Ex1-1A-cssl-2-2	Sde-AMar_001-Ex1
SdeAMar002	Sde-AMar_002-Ex1-1B-cssl-2-2	Sde-AMar_002-Ex1
SdeAMar003	Sde-AMar_003-Ex1-1C-cssl-2-2	Sde-AMar_003-Ex1
SdeAMar005	Sde-AMar_005-Ex1-1D-cssl-2-2	Sde-AMar_005-Ex1
SdeAMar007	Sde-AMar_007-Ex1&Ex1b-1E-cssl-2-2	Sde-AMar_007-Ex1
SdeAMar009	Sde-AMar_009-Ex1&Ex1b-1G-cssl-2-2	Sde-AMar_009-Ex1
SdeAMar010	Sde-AMar_010-Ex1-1H-cssl-2-2	Sde-AMar_010-Ex1
SdeAMar011	Sde-AMar_011-Ex1-2A-cssl-2-2	Sde-AMar_011-Ex1
SdeAMar012	Sde-AMar_012-Ex1-2B-cssl-2-2	Sde-AMar_012-Ex1
SdeAMar013	Sde-AMar_013-Ex1-2C-cssl-2-2	Sde-AMar_013-Ex1
SdeAMar014	Sde-AMar_014-Ex1-2D-cssl-2-2	Sde-AMar_014-Ex1
SdeAMar015	Sde-AMar_015-Ex1&Ex1b-2E-cssl-2-2	Sde-AMar_015-Ex1
SdeAMar017	Sde-AMar_017-Ex1-2F-cssl-2-2	Sde-AMar_017-Ex1
SdeAMar020	Sde-AMar_020-Ex1&Ex1b-2H-cssl-2-2	Sde-AMar_020-Ex1
SdeAMar021	Sde-AMar_021-Ex1-3A-cssl-2-2	Sde-AMar_021-Ex1
SdeAMar022	Sde-AMar_022-Ex1&Ex1b-3B-cssl-2-2	Sde-AMar_022-Ex1
SdeAMar023	Sde-AMar_023-Ex1&Ex1b-3C-cssl-2-2	Sde-AMar_023-Ex1
SdeAMar024	Sde-AMar_024-Ex1-3D-cssl-2-2	Sde-AMar_024-Ex1
SdeAMar025	Sde-AMar_025-Ex1-3E-cssl-2-2	Sde-AMar_025-Ex1
SdeAMar026	Sde-AMar_026-Ex1-3F-cssl-2-2	Sde-AMar_026-Ex1
SdeAMar027	Sde-AMar_027-Ex1-3G-cssl-2-2	Sde-AMar_027-Ex1
SdeAMar028	Sde-AMar_028-Ex1&Ex1b-3H-cssl-2-2	Sde-AMar_028-Ex1
SdeAMar030	Sde-AMar_030-Ex1&Ex1b-4A-cssl-2-2	Sde-AMar_030-Ex1
SdeAMar031	Sde-AMar_031-Ex1&Ex1b-4B-cssl-2-2	Sde-AMar_031-Ex1
SdeAMar032	Sde-AMar_032-Ex1&Ex1b-4C-cssl-2-2	Sde-AMar_032-Ex1
SdeAMar033	Sde-AMar_033-Ex1-4D-cssl-2-2	Sde-AMar_033-Ex1
SdeAMar034	Sde-AMar_034-Ex1&Ex1b-4E-cssl-2-2	Sde-AMar_034-Ex1
SdeAMar035	Sde-AMar_035-Ex1&Ex1b-4F-cssl-2-2	Sde-AMar_035-Ex1
SdeAMar036	Sde-AMar_036-Ex1-4G-cssl-2-2	Sde-AMar_036-Ex1
SdeAMar037	Sde-AMar_037-Ex1&Ex1b-4H-cssl-2-2	Sde-AMar_037-Ex1
SdeAMar038	Sde-AMar_038-Ex1-5A-cssl-2-2	Sde-AMar_038-Ex1
SdeAMar039	Sde-AMar_039-Ex1-5B-cssl-2-2	Sde-AMar_039-Ex1
SdeAMar041	Sde-AMar_041-Ex1-5C-cssl-2-2	Sde-AMar_041-Ex1
SdeAMar043	Sde-AMar_043-Ex1-5D-cssl-2-2	Sde-AMar_043-Ex1
SdeAMar044	Sde-AMar_044-Ex1&Ex1b-5E-cssl-2-2	Sde-AMar_044-Ex1
SdeAMar045	Sde-AMar_045-Ex1&Ex1b-5F-cssl-2-2	Sde-AMar_045-Ex1
SdeAMar046	Sde-AMar_046-Ex1-5G-cssl-2-2	Sde-AMar_046-Ex1
SdeAMar047	Sde-AMar_047-Ex1&Ex1b-5H-cssl-2-2	Sde-AMar_047-Ex1
SdeAMar048	Sde-AMar_048-Ex1&Ex1b-6A-cssl-2-2	Sde-AMar_048-Ex1
SdeAMar051	Sde-AMar_051-Ex1-6B-cssl-2-2	Sde-AMar_051-Ex1
SdeAMar053	Sde-AMar_053-Ex1-6C-cssl-2-2	Sde-AMar_053-Ex1
SdeAMar054	Sde-AMar_054-Ex1&Ex1b-6D-cssl-2-2	Sde-AMar_054-Ex1
SdeAMar055	Sde-AMar_055-Ex1b-9B-cssl-3-3	Sde-AMar_055-Ex1
SdeAMar056	Sde-AMar_056-Ex1-6E-cssl-2-2	Sde-AMar_056-Ex1
SdeAMar057	Sde-AMar_057-Ex1-6F-cssl-2-2	Sde-AMar_057-Ex1
SdeAMar058	Sde-AMar_058-Ex1-1G-cssl-1-2	Sde-AMar_058-Ex1
SdeAMar059	Sde-AMar_059-Ex1_b-5E-cssl-1-2	Sde-AMar_059-Ex1
SdeAMar060	Sde-AMar_060-Ex1-6G-cssl-2-2	Sde-AMar_060-Ex1
SdeAMar061	Sde-AMar_061-Ex1-1H-cssl-1-2	Sde-AMar_061-Ex1
SdeAMar063	Sde-AMar_063-Ex1-7A-cssl-2-2	Sde-AMar_063-Ex1
SdeAMar064	Sde-AMar_064-Ex1-7B-cssl-2-2	Sde-AMar_064-Ex1
SdeAMar065	Sde-AMar_065-Ex1-7C-cssl-2-2	Sde-AMar_065-Ex1
SdeAMar066	Sde-AMar_066-Ex1&Ex1b-7D-cssl-2-2	Sde-AMar_066-Ex1
SdeAMar067	Sde-AMar_067-Ex1&Ex1b-7E-cssl-2-2	Sde-AMar_067-Ex1
SdeCHam001	Sde-CHam_001-Ex1-2D-cssl-1-2	Sde-CHam_001-Ex1
SdeCHam002	Sde-CHam_002-Ex1-1D-cssl-1-2	Sde-CHam_002-Ex1
SdeCHam003	Sde-CHam_003-Ex1-5D-cssl-1-2	Sde-CHam_003-Ex1
SdeCHam004	Sde-CHam_004-Ex1-5C-cssl-1-2	Sde-CHam_004-Ex1
SdeCHam005	Sde-CHam_005-Ex1-5E-cssl-1-2	Sde-CHam_005-Ex1
SdeCHam006	Sde-CHam_006_Ex1-1A-cssl-2-2	Sde-CHam_006-Ex1
SdeCHam007	Sde-CHam_007_Ex1-1B-cssl-2-2	Sde-CHam_007-Ex1
SdeCHam010	Sde-CHam_010-Ex1-4G-cssl-1-2	Sde-CHam_010-Ex1
SdeCHam013	Sde-CHam_013_Ex1-1C-cssl-2-2	Sde-CHam_013-Ex1
SdeCHam014	Sde-CHam_014-Ex1-5G-cssl-1-3	Sde-CHam_014-Ex1
SdeCHam016	Sde-CHam_016-Ex1-10F-cssl-1-2	Sde-CHam_016-Ex1
SdeCHam018	Sde-CHam_018_Ex1-1D-cssl-2-2	Sde-CHam_018-Ex1
SdeCHam019	Sde-CHam_019-Ex1-4C-cssl-1-2	Sde-CHam_019-Ex1
SdeCHam022	Sde-CHam_022-Ex1-4H-cssl-1-2	Sde-CHam_022-Ex1
SdeCHam027	Sde-CHam_027-Ex1-6C-cssl-1-2	Sde-CHam_027-Ex1
SdeCHam028	Sde-CHam_028-Ex1-6F-cssl-1-2	Sde-CHam_028-Ex1
SdeCHam029	Sde-CHam_029_Ex1-1E-cssl-2-2	Sde-CHam_029-Ex1
SdeCHam031	Sde-CHam_031_Ex1-1F-cssl-2-2	Sde-CHam_031-Ex1
SdeCHam035	Sde-CHam_035-Ex1-5F-cssl-1-2	Sde-CHam_035-Ex1
SdeCHam036	Sde-CHam_036_Ex1-1G-cssl-2-2	Sde-CHam_036-Ex1
SdeCHam037	Sde-CHam_037-Ex1-6H-cssl-1-2	Sde-CHam_037-Ex1
SdeCHam040	Sde-CHam_040-Ex1-9E-cssl-1-2	Sde-CHam_040-Ex1
SdeCHam041	Sde-CHam_041_Ex1-1H-cssl-2-2	Sde-CHam_041-Ex1
SdeCHam043	Sde-CHam_043_Ex1-2A-cssl-2-2	Sde-CHam_043-Ex1
SdeCHam044	Sde-CHam_044_Ex1-2B-cssl-2-2	Sde-CHam_044-Ex1
SdeCHam045	Sde-CHam_045_Ex1-2C-cssl-2-2	Sde-CHam_045-Ex1
SdeCHam046	Sde-CHam_046-Ex1-9G-cssl-1-2	Sde-CHam_046-Ex1
SdeCHam048	Sde-CHam_048_Ex1-2D-cssl-2-2	Sde-CHam_048-Ex1
SdeCHam050	Sde-CHam_050-Ex1-2C-cssl-1-2	Sde-CHam_050-Ex1
SdeCHam051	Sde-CHam_051-Ex1-6D-cssl-1-2	Sde-CHam_051-Ex1
SdeCHam054	Sde-CHam_054_Ex1-2E-cssl-2-2	Sde-CHam_054-Ex1
SdeCHam056	Sde-CHam_056-Ex1-6E-cssl-1-2	Sde-CHam_056-Ex1
SdeCHam059	Sde-CHam_059-Ex1-1B-cssl-1-2	Sde-CHam_059-Ex1
SdeCHam060	Sde-CHam_060_Ex1-2F-cssl-2-2	Sde-CHam_060-Ex1
SdeCHam063	Sde-CHam_063-Ex1-10H-cssl-1-2	Sde-CHam_063-Ex1
SdeCHam064	Sde-CHam_064-Ex1-5A-cssl-1-2	Sde-CHam_064-Ex1
SdeCHam065	Sde-CHam_065_Ex1-2G-cssl-2-2	Sde-CHam_065-Ex1
SdeCHam066	Sde-CHam_066-Ex1-9B-cssl-1-2	Sde-CHam_066-Ex1
SdeCHam070	Sde-CHam_070-Ex1-5H-cssl-1-2	Sde-CHam_070-Ex1
SdeCHam072	Sde-CHam_072-Ex1-10C-cssl-1-2	Sde-CHam_072-Ex1
SdeCHam074	Sde-CHam_074_Ex1-2H-cssl-2-2	Sde-CHam_074-Ex1
SdeCHam075	Sde-CHam_075-Ex1-6A-cssl-1-2	Sde-CHam_075-Ex1
SdeCHam077	Sde-CHam_077-Ex1-6G-cssl-1-3	Sde-CHam_077-Ex1
SdeCHam078	Sde-CHam_078_Ex1-3A-cssl-2-2	Sde-CHam_078-Ex1
SdeCHam080	Sde-CHam_080_Ex1-3B-cssl-2-2	Sde-CHam_080-Ex1
SdeCHam081	Sde-CHam_081-Ex1-2G-cssl-1-2	Sde-CHam_081-Ex1
SdeCHam082	Sde-CHam_082-Ex1-11B-cssl-1-2	Sde-CHam_082-Ex1
SdeCHam083	Sde-CHam_083-Ex1-9C-cssl-1-2	Sde-CHam_083-Ex1
SdeCHam084	Sde-CHam_084-Ex1-11C-cssl-1-2	Sde-CHam_084-Ex1
SdeCHam087	Sde-CHam_087_Ex1-3C-cssl-2-2	Sde-CHam_087-Ex1
SdeCHam092	Sde-CHam_092-Ex1-11H-cssl-1-2	Sde-CHam_092-Ex1
SdeCHam093	Sde-CHam_093_Ex1-3D-cssl-2-2	Sde-CHam_093-Ex1
SdeCHam094	Sde-CHam_094_Ex1-3E-cssl-2-2	Sde-CHam_094-Ex1
SdeCHam095	Sde-CHam_095-Ex1-6B-cssl-1-2	Sde-CHam_095-Ex1
SdeCHam096	Sde-CHam_096-Ex1-8C-cssl-1-2	Sde-CHam_096-Ex1
SdeCMal003	Sde-CMal_003-Ex1-2G-cssl-1-2	Sde-CMal_003-Ex1
SdeCMal004	Sde-CMal_004-Ex1-2E-cssl-1-2	Sde-CMal_004-Ex1
SdeCMal005	Sde-CMal_005-Ex1-4D-cssl-1-2	Sde-CMal_005-Ex1
SdeCMal009	Sde-CMal_009-Ex1-3G-cssl-1-2	Sde-CMal_009-Ex1
SdeCMal010	Sde-CMal_010-Ex1-1D-cssl-1-2	Sde-CMal_010-Ex1
SdeCMal011	Sde-CMal_011-Ex1-4G-cssl-1-2	Sde-CMal_011-Ex1
SdeCMal013	Sde-CMal_013-Ex1-3H-cssl-1-2	Sde-CMal_013-Ex1
SdeCMal015	Sde-CMal_015-Ex1-1B-cssl-1-2	Sde-CMal_015-Ex1
SdeCMal017	Sde-CMal_017-Ex1-1F-cssl-1-2	Sde-CMal_017-Ex1
SdeCMal018	Sde-CMal_018-Ex1-6G-cssl-1-2	Sde-CMal_018-Ex1
SdeCMal020	Sde-CMal_020-Ex1-1C-cssl-1-2	Sde-CMal_020-Ex1
SdeCMal022	Sde-CMal_022-Ex1-5G-cssl-1-2	Sde-CMal_022-Ex1
SdeCMal024	Sde-CMal_024-Ex1-4C-cssl-1-2	Sde-CMal_024-Ex1
SdeCMal025	Sde-CMal_025-Ex1-3C-cssl-1-2	Sde-CMal_025-Ex1
SdeCMal027	Sde-CMal_027-Ex1-8H-cssl-1-2	Sde-CMal_027-Ex1
SdeCMal028	Sde-CMal_028-Ex1-6H-cssl-1-2	Sde-CMal_028-Ex1
SdeCMal029	Sde-CMal_029-Ex1-7F-cssl-1-2	Sde-CMal_029-Ex1
SdeCMal030	Sde-CMal_030-Ex1-5F-cssl-1-2	Sde-CMal_030-Ex1
SdeCMal031	Sde-CMal_031-Ex1-5D-cssl-1-2	Sde-CMal_031-Ex1
SdeCMal032	Sde-CMal_032-Ex1-8C-cssl-1-2	Sde-CMal_032-Ex1
SdeCMal036	Sde-CMal_036-Ex1-8F-cssl-1-2	Sde-CMal_036-Ex1
SdeCMal037	Sde-CMal_037-Ex1-8G-cssl-1-2	Sde-CMal_037-Ex1
SdeCMal038	Sde-CMal_038-Ex1-2H-cssl-1-2	Sde-CMal_038-Ex1
SdeCMal039	Sde-CMal_039-Ex1-6F-cssl-1-2	Sde-CMal_039-Ex1
SdeCMal041	Sde-CMal_041-Ex1-7H-cssl-1-2	Sde-CMal_041-Ex1
SdeCMal043	Sde-CMal_043-Ex1-1E-cssl-1-2	Sde-CMal_043-Ex1
SdeCMal044	Sde-CMal_044-Ex1-2D-cssl-1-2	Sde-CMal_044-Ex1
SdeCMal045	Sde-CMal_045-Ex1-6C-cssl-1-2	Sde-CMal_045-Ex1
SdeCMal046	Sde-CMal_046-Ex1-1H-cssl-1-2	Sde-CMal_046-Ex1
SdeCMal047	Sde-CMal_047-Ex1-2F-cssl-1-2	Sde-CMal_047-Ex1
SdeCMal048	Sde-CMal_048-Ex1-4F-cssl-1-2	Sde-CMal_048-Ex1
SdeCMal050	Sde-CMal_050-Ex1-3D-cssl-1-2	Sde-CMal_050-Ex1
SdeCMal051	Sde-CMal_051-Ex1-5H-cssl-1-2	Sde-CMal_051-Ex1
SdeCMal052	Sde-CMal_052-Ex1-8E-cssl-1-2	Sde-CMal_052-Ex1
SdeCMal053	Sde-CMal_053-Ex1-7D-cssl-1-2	Sde-CMal_053-Ex1
SdeCMal055	Sde-CMal_055-Ex1-8D-cssl-1-2	Sde-CMal_055-Ex1
SdeCMal056	Sde-CMal_056-Ex1-5C-cssl-1-2	Sde-CMal_056-Ex1
SdeCMal057	Sde-CMal_057-Ex1-7C-cssl-1-2	Sde-CMal_057-Ex1
SdeCMal058	Sde-CMal_058-Ex1-7G-cssl-1-2	Sde-CMal_058-Ex1
SdeCMal059	Sde-CMal_059-Ex1-3B-cssl-1-2	Sde-CMal_059-Ex1
SdeCMal060	Sde-CMal_060-Ex1-4H-cssl-1-2	Sde-CMal_060-Ex1
SdeCMal061	Sde-CMal_061-Ex1-8B-cssl-1-2	Sde-CMal_061-Ex1
SdeCMal062	Sde-CMal_062-Ex1-2B-cssl-1-2	Sde-CMal_062-Ex1
SdeCMal063	Sde-CMal_063-Ex1-6B-cssl-1-2	Sde-CMal_063-Ex1
SdeCMal064	Sde-CMal_064-Ex1-6D-cssl-1-2	Sde-CMal_064-Ex1
SdeCMal065	Sde-CMal_065-Ex1-2C-cssl-1-2	Sde-CMal_065-Ex1
SdeCMal066	Sde-CMal_066-Ex1-1G-cssl-1-2	Sde-CMal_066-Ex1
SdeCMal067	Sde-CMal_067-Ex1-3F-cssl-1-2	Sde-CMal_067-Ex1
Sde_cont1	Sde-CHam_020&CVal_078-cssl-1-2	Sde-CHam_020&CVal_078
Sde_cont2	Sde-CHam_090&CVal_063-Ex1-cssl-1-2	Sde-CHam_090&CVal_063-Ex1
Sde_cont3	Sde-CHam_008&CVal_044-Ex1-cssl-1-2	Sde-CHam_008&CVal_044-Ex1
SdeCVal001	Sde-CVal_001-Ex1-2C-cssl-1-2	Sde-CVal_001-Ex1
SdeCVal002	Sde-CVal_002-Ex1-2F-cssl-1-2	Sde-CVal_002-Ex1
SdeCVal003	Sde-CVal_003-Ex1-2E-cssl-1-2	Sde-CVal_003-Ex1
SdeCVal004	Sde-CVal_004-Ex1-2G-cssl-1-2	Sde-CVal_004-Ex1
SdeCVal005	Sde-CVal_005-Ex1-1D-cssl-1-2	Sde-CVal_005-Ex1
SdeCVal007	Sde-CVal_007-Ex1-1H-cssl-1-2	Sde-CVal_007-Ex1
SdeCVal008	Sde-CVal_008-Ex1-2D-cssl-1-2	Sde-CVal_008-Ex1
SdeCVal009	Sde-CVal_009-Ex1-2B-cssl-1-2	Sde-CVal_009-Ex1
SdeCVal010	Sde-CVal_010-Ex1-1B-cssl-1-2	Sde-CVal_010-Ex1
SdeCVal011	Sde-CVal_011-Ex1-2A-cssl-1-2	Sde-CVal_011-Ex1
SdeCVal012	Sde-CVal_012-Ex1-1F-cssl-1-2	Sde-CVal_012-Ex1
SdeCVal013	Sde-CVal_013-Ex1-4H-cssl-1-2	Sde-CVal_013-Ex1
SdeCVal014	Sde-CVal_014-Ex1-3G-cssl-1-2	Sde-CVal_014-Ex1
SdeCVal015	Sde-CVal_015-Ex1-3C-cssl-1-2	Sde-CVal_015-Ex1
SdeCVal016	Sde-CVal_016-Ex1-6H-cssl-1-2	Sde-CVal_016-Ex1
SdeCVal020	Sde-CVal_020-Ex1-1C-cssl-1-2	Sde-CVal_020-Ex1
SdeCVal021	Sde-CVal_021-Ex1-7C-cssl-1-2	Sde-CVal_021-Ex1
SdeCVal022	Sde-CVal_022-Ex1-7F-cssl-1-2	Sde-CVal_022-Ex1
SdeCVal023	Sde-CVal_023-Ex1-2H-cssl-1-2	Sde-CVal_023-Ex1
SdeCVal024	Sde-CVal_024-Ex1-3A-cssl-1-2	Sde-CVal_024-Ex1
SdeCVal025	Sde-CVal_025-Ex1-4A-cssl-2-2	Sde-CVal_025-Ex1
SdeCVal027	Sde-CVal_027-Ex1-3F-cssl-1-2	Sde-CVal_027-Ex1
SdeCVal028	Sde-CVal_028-Ex1-6F-cssl-1-2	Sde-CVal_028-Ex1
SdeCVal029	Sde-CVal_029-Ex1-6C-cssl-1-2	Sde-CVal_029-Ex1
SdeCVal030	Sde-CVal_030-Ex1-8D-cssl-1-2	Sde-CVal_030-Ex1
SdeCVal032	Sde-CVal_032-Ex1-3B-cssl-1-2	Sde-CVal_032-Ex1
SdeCVal033	Sde-CVal_033-Ex1-7E-cssl-1-2	Sde-CVal_033-Ex1
SdeCVal034	Sde-CVal_034-Ex1-8C-cssl-1-2	Sde-CVal_034-Ex1
SdeCVal035	Sde-CVal_035-Ex1-7G-cssl-1-2	Sde-CVal_035-Ex1
SdeCVal038	Sde-CVal_038-Ex1-8B-cssl-1-2	Sde-CVal_038-Ex1
SdeCVal040	Sde-CVal_040-Ex1-6G-cssl-1-2	Sde-CVal_040-Ex1
SdeCVal047	Sde-CVal_047-Ex1-8G-cssl-1-2	Sde-CVal_047-Ex1
SdeCVal049	Sde-CVal_049-Ex1-4B-cssl-2-2	Sde-CVal_049-Ex1
SdeCVal051	Sde-CVal_051-Ex1-5H-cssl-1-2	Sde-CVal_051-Ex1
SdeCVal053	Sde-CVal_053-Ex1-8F-cssl-1-2	Sde-CVal_053-Ex1
SdeCVal056	Sde-CVal_056-Ex1-5E-cssl-1-2	Sde-CVal_056-Ex1
SdeCVal057	Sde-CVal_057-Ex1-7B-cssl-2-2	Sde-CVal_057-Ex1
SdeCVal058	Sde-CVal_058-Ex1-7D-cssl-1-2	Sde-CVal_058-Ex1
SdeCVal059	Sde-CVal_059-Ex1-4E-cssl-1-2	Sde-CVal_059-Ex1
SdeCVal060	Sde-CVal_060-Ex1-7H-cssl-1-2	Sde-CVal_060-Ex1
SdeCVal061	Sde-CVal_061-Ex1-3H-cssl-1-2	Sde-CVal_061-Ex1
SdeCVal068	Sde-CVal_068-Ex1-6B-cssl-1-2	Sde-CVal_068-Ex1
SdeCVal071	Sde-CVal_071-Ex1-8H-cssl-1-2	Sde-CVal_071-Ex1
SdeCVal073	Sde-CVal_073-Ex1-6D-cssl-1-2	Sde-CVal_073-Ex1
SdeCVal074	Sde-CVal_074-Ex1-4C-cssl-1-2	Sde-CVal_074-Ex1
SdeCVal077	Sde-CVal_077-Ex1-8E-cssl-1-2	Sde-CVal_077-Ex1
SdeCVal080	Sde-CVal_080-Ex1-6A-cssl-1-2	Sde-CVal_080-Ex1
SdeCVal081	Sde-CVal_081-Ex1-4G-cssl-1-2	Sde-CVal_081-Ex1
SdeCVal082	Sde-CVal_082-Ex1-5C-cssl-1-2	Sde-CVal_082-Ex1
SdeCVal083	Sde-CVal_083-Ex1-3D-cssl-1-2	Sde-CVal_083-Ex1
SdeCVal084	Sde-CVal_084-Ex1-1E-cssl-1-2	Sde-CVal_084-Ex1
SdeCVal085	Sde-CVal_085-Ex1-6E-cssl-1-2	Sde-CVal_085-Ex1
SdeCVal086	Sde-CVal_086-Ex1-1A-cssl-2-2	Sde-CVal_086-Ex1
SdeCVal089	Sde-CVal_089-Ex1-4F-cssl-1-2	Sde-CVal_089-Ex1
SdeCVal090	Sde-CVal_090-Ex1-4D-cssl-1-2	Sde-CVal_090-Ex1
SdeCVal091	Sde-CVal_091-Ex1-5D-cssl-1-2	Sde-CVal_091-Ex1
SdeCVal092	Sde-CVal_092-Ex1-5F-cssl-1-2	Sde-CVal_092-Ex1
SdeCVal093	Sde-CVal_093-Ex1-5G-cssl-1-2	Sde-CVal_093-Ex1
SdeCVal094	Sde-CVal_094-Ex1-1G-cssl-1-2	Sde-CVal_094-Ex1
SdeCVal095	Sde-CVal_095-Ex1-5A-cssl-1-2	Sde-CVal_095-Ex1
SdeCVal096	Sde-CVal_096-Ex1-3E-cssl-1-2	Sde-CVal_096-Ex1
SgA0103511C	Sgr-AMvi_035_Ex1-cssl	Sgr-AMvi_035-Ex1
SgA0104307D	Sgr-AMvi_043_Ex1-cssl	Sgr-AMvi_043-Ex1
SgA0104610D	Sgr-AMvi_046_Ex1-cssl	Sgr-AMvi_046-Ex1
SgA0105406E	Sgr-AMvi_054_Ex1-cssl	Sgr-AMvi_054-Ex1
SgA0104711D	Sgr-AMvi_047_Ex1-cssl	Sgr-AMvi_047-Ex1
SgA0104408D	Sgr-AMvi_044_Ex1-cssl	Sgr-AMvi_044-Ex1
SgA0104812D	Sgr-AMvi_048_Ex1-cssl	Sgr-AMvi_048-Ex1
SgA0104206D	Sgr-AMvi_042_Ex1-cssl	Sgr-AMvi_042-Ex1
SgA0103903D	Sgr-AMvi_039_Ex1-cssl	Sgr-AMvi_039-Ex1
SgA0106909F	Sgr-AMvi_069_Ex1-cssl	Sgr-AMvi_069-Ex1
SgA0103802D	Sgr-AMvi_038_Ex1-cssl	Sgr-AMvi_038-Ex1
SgA0101402B	Sgr-AMvi_014_Ex1-cssl	Sgr-AMvi_014-Ex1
SgA0107907G	Sgr-AMvi_079_Ex1-cssl	Sgr-AMvi_079-Ex1
SgA0108501H	Sgr-AMvi_085_Ex1-cssl	Sgr-AMvi_085-Ex1
SgA0100303A	Sgr-AMvi_003_Ex1-cssl	Sgr-AMvi_003-Ex1
SgA0100606A	Sgr-AMvi_006_Ex1-cssl	Sgr-AMvi_006-Ex1
SgA0106606F	Sgr-AMvi_066_Ex1-cssl	Sgr-AMvi_066-Ex1
SgA0102311B	Sgr-AMvi_023_Ex1-cssl	Sgr-AMvi_023-Ex1
SgA0108602H	Sgr-AMvi_086_Ex1-cssl	Sgr-AMvi_086-Ex1
SgA0108703H	Sgr-AMvi_087_Ex1-cssl	Sgr-AMvi_087-Ex1
SgA0102905C	Sgr-AMvi_029_Ex1-cssl	Sgr-AMvi_029-Ex1
SgA0103701D	Sgr-AMvi_037_Ex1-cssl	Sgr-AMvi_037-Ex1
SgA0104105D	Sgr-AMvi_041_Ex1-cssl	Sgr-AMvi_041-Ex1
SgA0107301G	Sgr-AMvi_073_Ex1-cssl	Sgr-AMvi_073-Ex1
SgA0105305E	Sgr-AMvi_053_Ex1-cssl	Sgr-AMvi_053-Ex1
SgA0103612C	Sgr-AMvi_036_Ex1-cssl	Sgr-AMvi_036-Ex1
SgA0104509D	Sgr-AMvi_045_Ex1-cssl	Sgr-AMvi_045-Ex1
SgA0106202F	Sgr-AMvi_062_Ex1-cssl	Sgr-AMvi_062-Ex1
SgA0106808F	Sgr-AMvi_068_Ex1-cssl	Sgr-AMvi_068-Ex1
SgA0107503G	Sgr-AMvi_075_Ex1-cssl	Sgr-AMvi_075-Ex1
SgA0101806B	Sgr-AMvi_018_Ex1-cssl	Sgr-AMvi_018-Ex1
SgA0100505A	Sgr-AMvi_005_Ex1-cssl	Sgr-AMvi_005-Ex1
SgA0105204E	Sgr-AMvi_052_Ex1-cssl	Sgr-AMvi_052-Ex1
SgA0102210B	Sgr-AMvi_022_Ex1-cssl	Sgr-AMvi_022-Ex1
SgA0103208C	Sgr-AMvi_032_Ex1-cssl	Sgr-AMvi_032-Ex1
SgA0107402G	Sgr-AMvi_074_Ex1-cssl	Sgr-AMvi_074-Ex1
SgA0109309H	Sgr-AMvi_093_Ex1-cssl	Sgr-AMvi_093-Ex1
SgA0108210G	Sgr-AMvi_082_Ex1-cssl	Sgr-AMvi_082-Ex1
SgA0106303F	Sgr-AMvi_063_Ex1-cssl	Sgr-AMvi_063-Ex1
SgA0103410C	Sgr-AMvi_034_Ex1-cssl	Sgr-AMvi_034-Ex1
SgA0101301B	Sgr-AMvi_013_Ex1-cssl	Sgr-AMvi_013-Ex1
SgA0100202A	Sgr-AMvi_002_Ex1-cssl	Sgr-AMvi_002-Ex1
SgA0101111A	Sgr-AMvi_011_Ex1-cssl	Sgr-AMvi_011-Ex1
SgA0106505F	Sgr-AMvi_065_Ex1-cssl	Sgr-AMvi_065-Ex1
SgA0108008G	Sgr-AMvi_080_Ex1-cssl	Sgr-AMvi_080-Ex1
SgA0109511H	Sgr-AMvi_095_Ex1-cssl	Sgr-AMvi_095-Ex1
SgA0109410H	Sgr-AMvi_094_Ex1-cssl	Sgr-AMvi_094-Ex1
SgA0104901E	Sgr-AMvi_049_Ex1-cssl	Sgr-AMvi_049-Ex1
SgA0107010F	Sgr-AMvi_070_Ex1-cssl	Sgr-AMvi_070-Ex1
SgA0103006C	Sgr-AMvi_030_Ex1-cssl	Sgr-AMvi_030-Ex1
SgA0109612H	Sgr-AMvi_096_Ex1-cssl	Sgr-AMvi_096-Ex1
SgA0103107C	Sgr-AMvi_031_Ex1-cssl	Sgr-AMvi_031-Ex1
SgA0105608E	Sgr-AMvi_056_Ex1-cssl	Sgr-AMvi_056-Ex1
SgA0109208H	Sgr-AMvi_092_Ex1-cssl	Sgr-AMvi_092-Ex1
SgA0109107H	Sgr-AMvi_091_Ex1-cssl	Sgr-AMvi_091-Ex1
SgA0103309C	Sgr-AMvi_033_Ex1-cssl	Sgr-AMvi_033-Ex1
SgA0107604G	Sgr-AMvi_076_Ex1-cssl	Sgr-AMvi_076-Ex1
SgA0108804H	Sgr-AMvi_088_Ex1-cssl	Sgr-AMvi_088-Ex1
SgA0105002E	Sgr-AMvi_050_Ex1-cssl	Sgr-AMvi_050-Ex1
SgA0105810E	Sgr-AMvi_058_Ex1-cssl	Sgr-AMvi_058-Ex1
SgA0100404A	Sgr-AMvi_004_Ex1-cssl	Sgr-AMvi_004-Ex1
SgA0102703C	Sgr-AMvi_027_Ex1-cssl	Sgr-AMvi_027-Ex1
SgA0107111F	Sgr-AMvi_071_Ex1-cssl	Sgr-AMvi_071-Ex1
SgA0107212F	Sgr-AMvi_072_Ex1-cssl	Sgr-AMvi_072-Ex1
SgA0106404F	Sgr-AMvi_064_Ex1-cssl	Sgr-AMvi_064-Ex1
SgA0106101F	Sgr-AMvi_061_Ex1-cssl	Sgr-AMvi_061-Ex1
SgA0107806G	Sgr-AMvi_078_Ex1-cssl	Sgr-AMvi_078-Ex1
SgA0100101A	Sgr-AMvi_001_Ex1-cssl	Sgr-AMvi_001-Ex1
SgA0106012E	Sgr-AMvi_060_Ex1-cssl	Sgr-AMvi_060-Ex1
SgA0101503B	Sgr-AMvi_015_Ex1-cssl	Sgr-AMvi_015-Ex1
SgA0106707F	Sgr-AMvi_067_Ex1-cssl	Sgr-AMvi_067-Ex1
SgA0108109G	Sgr-AMvi_081_Ex1-cssl	Sgr-AMvi_081-Ex1
SgA0100909A	Sgr-AMvi_009_Ex1-cssl	Sgr-AMvi_009-Ex1
SgA0109006H	Sgr-AMvi_090_Ex1-cssl	Sgr-AMvi_090-Ex1
SgA0105709E	Sgr-AMvi_057_Ex1-cssl	Sgr-AMvi_057-Ex1
SgA0107705G	Sgr-AMvi_077_Ex1-cssl	Sgr-AMvi_077-Ex1
SgA0108311G	Sgr-AMvi_083_Ex1-cssl	Sgr-AMvi_083-Ex1
SgA0108412G	Sgr-AMvi_084_Ex1-cssl	Sgr-AMvi_084-Ex1
SgA0105507E	Sgr-AMvi_055_Ex1-cssl	Sgr-AMvi_055-Ex1
SgA0105911E	Sgr-AMvi_059_Ex1-cssl	Sgr-AMvi_059-Ex1
SgA0108905H	Sgr-AMvi_089_Ex1-cssl	Sgr-AMvi_089-Ex1
SgA0102008B	Sgr-AMvi_020_Ex1-cssl	Sgr-AMvi_020-Ex1
SgA0101212A	Sgr-AMvi_012_Ex1-cssl	Sgr-AMvi_012-Ex1
SgA0105103E	Sgr-AMvi_051_Ex1-cssl	Sgr-AMvi_051-Ex1
SgA0101907B	Sgr-AMvi_019_Ex1-cssl	Sgr-AMvi_019-Ex1
SgA0102501C	Sgr-AMvi_025_Ex1-cssl	Sgr-AMvi_025-Ex1
SgA0200101A	Sgr-AJol_001_Ex1-cssl	Sgr-AJol_001-Ex1
SgA0201301B	Sgr-AJol_013_Ex1-cssl	Sgr-AJol_013-Ex1
SgA0202501C	Sgr-AJol_025_Ex1-cssl	Sgr-AJol_025-Ex1
SgA0203701D	Sgr-AJol_037_Ex1-cssl	Sgr-AJol_037-Ex1
SgA0204901E	Sgr-AJol_049_Ex1-cssl	Sgr-AJol_049-Ex1
SgA0206101F	Sgr-AJol_061_Ex1-cssl	Sgr-AJol_061-Ex1
SgA0207301G	Sgr-AJol_073_Ex1-cssl	Sgr-AJol_073-Ex1
SgA0208501H	Sgr-AJol_085_Ex1-cssl	Sgr-AJol_085-Ex1
SgA0200202A	Sgr-AJol_002_Ex1-cssl	Sgr-AJol_002-Ex1
SgA0201402B	Sgr-AJol_014_Ex1-cssl	Sgr-AJol_014-Ex1
SgA0202602C	Sgr-AJol_026_Ex1-cssl	Sgr-AJol_026-Ex1
SgA0203802D	Sgr-AJol_038_Ex1-cssl	Sgr-AJol_038-Ex1
SgA0205002E	Sgr-AJol_050_Ex1-cssl	Sgr-AJol_050-Ex1
SgA0206202F	Sgr-AJol_062_Ex1-cssl	Sgr-AJol_062-Ex1
SgA0207402G	Sgr-AJol_074_Ex1-cssl	Sgr-AJol_074-Ex1
SgA0208602H	Sgr-AJol_086_Ex1-cssl	Sgr-AJol_086-Ex1
SgA0200303A	Sgr-AJol_003_Ex1-cssl	Sgr-AJol_003-Ex1
SgA0201503B	Sgr-AJol_015_Ex1-cssl	Sgr-AJol_015-Ex1
SgA0202703C	Sgr-AJol_027_Ex1-cssl	Sgr-AJol_027-Ex1
SgA0203903D	Sgr-AJol_039_Ex1-cssl	Sgr-AJol_039-Ex1
SgA0205103E	Sgr-AJol_051_Ex1-cssl	Sgr-AJol_051-Ex1
SgA0206303F	Sgr-AJol_063_Ex1-cssl	Sgr-AJol_063-Ex1
SgA0207503G	Sgr-AJol_075_Ex1-cssl	Sgr-AJol_075-Ex1
SgA0208703H	Sgr-AJol_087_Ex1-cssl	Sgr-AJol_087-Ex1
SgA0200404A	Sgr-AJol_004_Ex1-cssl	Sgr-AJol_004-Ex1
SgA0201604B	Sgr-AJol_016_Ex1-cssl	Sgr-AJol_016-Ex1
SgA0202804C	Sgr-AJol_028_Ex1-cssl	Sgr-AJol_028-Ex1
SgA0205204E	Sgr-AJol_052_Ex1-cssl	Sgr-AJol_052-Ex1
SgA0206404F	Sgr-AJol_064_Ex1-cssl	Sgr-AJol_064-Ex1
SgA0207604G	Sgr-AJol_076_Ex1-cssl	Sgr-AJol_076-Ex1
SgA0208804H	Sgr-AJol_088_Ex1-cssl	Sgr-AJol_088-Ex1
SgA0200505A	Sgr-AJol_005_Ex1-cssl	Sgr-AJol_005-Ex1
SgA0201705B	Sgr-AJol_017_Ex1-cssl	Sgr-AJol_017-Ex1
SgA0202905C	Sgr-AJol_029_Ex1-cssl	Sgr-AJol_029-Ex1
SgA0204105D	Sgr-AJol_041_Ex1-cssl	Sgr-AJol_041-Ex1
SgA0205305E	Sgr-AJol_053_Ex1-cssl	Sgr-AJol_053-Ex1
SgA0207705G	Sgr-AJol_077_Ex1-cssl	Sgr-AJol_077-Ex1
SgA0208905H	Sgr-AJol_089_Ex1-cssl	Sgr-AJol_089-Ex1
SgA0200606A	Sgr-AJol_006_Ex1-cssl	Sgr-AJol_006-Ex1
SgA0201806B	Sgr-AJol_018_Ex1-cssl	Sgr-AJol_018-Ex1
SgA0203006C	Sgr-AJol_030_Ex1-cssl	Sgr-AJol_030-Ex1
SgA0204206D	Sgr-AJol_042_Ex1-cssl	Sgr-AJol_042-Ex1
SgA0205406E	Sgr-AJol_054_Ex1-cssl	Sgr-AJol_054-Ex1
SgA0206606F	Sgr-AJol_066_Ex1-cssl	Sgr-AJol_066-Ex1
SgA0207806G	Sgr-AJol_078_Ex1-cssl	Sgr-AJol_078-Ex1
SgA0209006H	Sgr-AJol_090_Ex1-cssl	Sgr-AJol_090-Ex1
SgA0200707A	Sgr-AJol_007_Ex1-cssl	Sgr-AJol_007-Ex1
SgA0203107C	Sgr-AJol_031_Ex1-cssl	Sgr-AJol_031-Ex1
SgA0204307D	Sgr-AJol_043_Ex1-cssl	Sgr-AJol_043-Ex1
SgA0205507E	Sgr-AJol_055_Ex1-cssl	Sgr-AJol_055-Ex1
SgA0206707F	Sgr-AJol_067_Ex1-cssl	Sgr-AJol_067-Ex1
SgA0207907G	Sgr-AJol_079_Ex1-cssl	Sgr-AJol_079-Ex1
SgA0209107H	Sgr-AJol_091_Ex1-cssl	Sgr-AJol_091-Ex1
SgA0200808A	Sgr-AJol_008_Ex1-cssl	Sgr-AJol_008-Ex1
SgA0202008B	Sgr-AJol_020_Ex1-cssl	Sgr-AJol_020-Ex1
SgA0203208C	Sgr-AJol_032_Ex1-cssl	Sgr-AJol_032-Ex1
SgA0204408D	Sgr-AJol_044_Ex1-cssl	Sgr-AJol_044-Ex1
SgA0205608E	Sgr-AJol_056_Ex1-cssl	Sgr-AJol_056-Ex1
SgA0206808F	Sgr-AJol_068_Ex1-cssl	Sgr-AJol_068-Ex1
SgA0208008G	Sgr-AJol_080_Ex1-cssl	Sgr-AJol_080-Ex1
SgA0209208H	Sgr-AJol_092_Ex1-cssl	Sgr-AJol_092-Ex1
SgA0200909A	Sgr-AJol_009_Ex1-cssl	Sgr-AJol_009-Ex1
SgA0202109B	Sgr-AJol_021_Ex1-cssl	Sgr-AJol_021-Ex1
SgA0204509D	Sgr-AJol_045_Ex1-cssl	Sgr-AJol_045-Ex1
SgA0205709E	Sgr-AJol_057_Ex1-cssl	Sgr-AJol_057-Ex1
SgA0206909F	Sgr-AJol_069_Ex1-cssl	Sgr-AJol_069-Ex1
SgA0208109G	Sgr-AJol_081_Ex1-cssl	Sgr-AJol_081-Ex1
SgA0209309H	Sgr-AJol_093_Ex1-cssl	Sgr-AJol_093-Ex1
SgA0201010A	Sgr-AJol_010_Ex1-cssl	Sgr-AJol_010-Ex1
SgA0202210B	Sgr-AJol_022_Ex1-cssl	Sgr-AJol_022-Ex1
SgA0203410C	Sgr-AJol_034_Ex1-cssl	Sgr-AJol_034-Ex1
SgA0204610D	Sgr-AJol_046_Ex1-cssl	Sgr-AJol_046-Ex1
SgA0205810E	Sgr-AJol_058_Ex1-cssl	Sgr-AJol_058-Ex1
SgA0207010F	Sgr-AJol_070_Ex1-cssl	Sgr-AJol_070-Ex1
SgA0208210G	Sgr-AJol_082_Ex1-cssl	Sgr-AJol_082-Ex1
SgA0209410H	Sgr-AJol_094_Ex1-cssl	Sgr-AJol_094-Ex1
SgA0201111A	Sgr-AJol_011_Ex1-cssl	Sgr-AJol_011-Ex1
SgA0202311B	Sgr-AJol_023_Ex1-cssl	Sgr-AJol_023-Ex1
SgA0203511C	Sgr-AJol_035_Ex1-cssl	Sgr-AJol_035-Ex1
SgA0204711D	Sgr-AJol_047_Ex1-cssl	Sgr-AJol_047-Ex1
SgA0205911E	Sgr-AJol_059_Ex1-cssl	Sgr-AJol_059-Ex1
SgA0207111F	Sgr-AJol_071_Ex1-cssl	Sgr-AJol_071-Ex1
SgA0208311G	Sgr-AJol_083_Ex1-cssl	Sgr-AJol_083-Ex1
SgA0209511H	Sgr-AJol_095_Ex1-cssl	Sgr-AJol_095-Ex1
SgA0201212A	Sgr-AJol_012_Ex1-cssl	Sgr-AJol_012-Ex1
SgA0202412B	Sgr-AJol_024_Ex1-cssl	Sgr-AJol_024-Ex1
SgA0203612C	Sgr-AJol_036_Ex1-cssl	Sgr-AJol_036-Ex1
SgA0204812D	Sgr-AJol_048_Ex1-cssl	Sgr-AJol_048-Ex1
SgA0206012E	Sgr-AJol_060_Ex1-cssl	Sgr-AJol_060-Ex1
SgA0207212F	Sgr-AJol_072_Ex1-cssl	Sgr-AJol_072-Ex1
SgA0208412G	Sgr-AJol_084_Ex1-cssl	Sgr-AJol_084-Ex1
SgA0209612H	Sgr-AJol_096_Ex1-cssl	Sgr-AJol_096-Ex1
SgA0602203F	Sgr-APal_022_Ex1-cssl	Sgr-APal_022-Ex1
SgA0603004F	Sgr-APal_030_Ex1-cssl	Sgr-APal_030-Ex1
SgA0603705E	Sgr-APal_037_Ex1-cssl	Sgr-APal_037-Ex1
SgA0603805F	Sgr-APal_038_Ex1-cssl	Sgr-APal_038-Ex1
SgA0600201B	Sgr-APal_002_Ex1-cssl	Sgr-APal_002-Ex1
SgA0600301C	Sgr-APal_003_Ex1-cssl	Sgr-APal_003-Ex1
SgA0600401D	Sgr-APal_004_Ex1-cssl	Sgr-APal_004-Ex1
SgA0600701G	Sgr-APal_007_Ex1-cssl	Sgr-APal_007-Ex1
SgA0600801H	Sgr-APal_008_Ex1-cssl	Sgr-APal_008-Ex1
SgA0600902A	Sgr-APal_009_Ex1-cssl	Sgr-APal_009-Ex1
SgA0601002B	Sgr-APal_010_Ex1-cssl	Sgr-APal_010-Ex1
SgA0601102C	Sgr-APal_011_Ex1-cssl	Sgr-APal_011-Ex1
SgA0601302E	Sgr-APal_013_Ex1-cssl	Sgr-APal_013-Ex1
SgA0601402F	Sgr-APal_014_Ex1-cssl	Sgr-APal_014-Ex1
SgA0601502G	Sgr-APal_015_Ex1-cssl	Sgr-APal_015-Ex1
SgA0601602H	Sgr-APal_016_Ex1-cssl	Sgr-APal_016-Ex1
SgA0601703A	Sgr-APal_017_Ex1-cssl	Sgr-APal_017-Ex1
SgA0601803B	Sgr-APal_018_Ex1-cssl	Sgr-APal_018-Ex1
SgA0601903C	Sgr-APal_019_Ex1-cssl	Sgr-APal_019-Ex1
SgA0602003D	Sgr-APal_020_Ex1-cssl	Sgr-APal_020-Ex1
SgA0602103E	Sgr-APal_021_Ex1-cssl	Sgr-APal_021-Ex1
SgA0602303G	Sgr-APal_023_Ex1-cssl	Sgr-APal_023-Ex1
SgA0602403H	Sgr-APal_024_Ex1-cssl	Sgr-APal_024-Ex1
SgA0602504A	Sgr-APal_025_Ex1-cssl	Sgr-APal_025-Ex1
SgA0602604B	Sgr-APal_026_Ex1-cssl	Sgr-APal_026-Ex1
SgA0602704C	Sgr-APal_027_Ex1-cssl	Sgr-APal_027-Ex1
SgA0602804D	Sgr-APal_028_Ex1-cssl	Sgr-APal_028-Ex1
SgA0602904E	Sgr-APal_029_Ex1-cssl	Sgr-APal_029-Ex1
SgA0603104G	Sgr-APal_031_Ex1-cssl	Sgr-APal_031-Ex1
SgA0603204H	Sgr-APal_032_Ex1-cssl	Sgr-APal_032-Ex1
SgA0603305A	Sgr-APal_033_Ex1-cssl	Sgr-APal_033-Ex1
SgA0603405B	Sgr-APal_034_Ex1-cssl	Sgr-APal_034-Ex1
SgA0603505C	Sgr-APal_035_Ex1-cssl	Sgr-APal_035-Ex1
SgA0603905G	Sgr-APal_039_Ex1-cssl	Sgr-APal_039-Ex1
SgA0604406D	Sgr-APal_044_Ex1-cssl	Sgr-APal_044-Ex1
SgA0604506E	Sgr-APal_045_Ex1-cssl	Sgr-APal_045-Ex1
SgA0604706G	Sgr-APal_047_Ex1-cssl	Sgr-APal_047-Ex1
SgC0207301A	Sgr-CJol_073_Ex1-cssl	Sgr-CJol_073-Ex1
SgC0204401D	Sgr-CJol_044_Ex1-cssl	Sgr-CJol_044-Ex1
SgC0206101E	Sgr-CJol_061_Ex1-cssl	Sgr-CJol_061-Ex1
SgC0208001F	Sgr-CJol_080_Ex1-cssl	Sgr-CJol_080-Ex1
SgC0202801G	Sgr-CJol_028_Ex1-cssl	Sgr-CJol_028-Ex1
SgC0204601H	Sgr-CJol_046_Ex1-cssl	Sgr-CJol_046-Ex1
SgC0209602A	Sgr-CJol_096_Ex1-cssl	Sgr-CJol_096-Ex1
SgC0201002B	Sgr-CJol_010_Ex1-cssl	Sgr-CJol_010-Ex1
SgC0203402C	Sgr-CJol_034_Ex1-cssl	Sgr-CJol_034-Ex1
SgC0202402D	Sgr-CJol_024_Ex1-cssl	Sgr-CJol_024-Ex1
SgC0205802E	Sgr-CJol_058_Ex1-cssl	Sgr-CJol_058-Ex1
SgC0203602F	Sgr-CJol_036_Ex1-cssl	Sgr-CJol_036-Ex1
SgC0209102G	Sgr-CJol_091_Ex1-cssl	Sgr-CJol_091-Ex1
SgC0202102H	Sgr-CJol_021_Ex1-cssl	Sgr-CJol_021-Ex1
SgC0209403A	Sgr-CJol_094_Ex1-cssl	Sgr-CJol_094-Ex1
SgC0205703B	Sgr-CJol_057_Ex1-cssl	Sgr-CJol_057-Ex1
SgC0207003C	Sgr-CJol_070_Ex1-cssl	Sgr-CJol_070-Ex1
SgC0209303D	Sgr-CJol_093_Ex1-cssl	Sgr-CJol_093-Ex1
SgC0205103E	Sgr-CJol_051_Ex1-cssl	Sgr-CJol_051-Ex1
SgC0203703F	Sgr-CJol_037_Ex1-cssl	Sgr-CJol_037-Ex1
SgC0200903G	Sgr-CJol_009_Ex1-cssl	Sgr-CJol_009-Ex1
SgC0200403H	Sgr-CJol_004_Ex1-cssl	Sgr-CJol_004-Ex1
SgC0202304A	Sgr-CJol_023_Ex1-cssl	Sgr-CJol_023-Ex1
SgC0204104B	Sgr-CJol_041_Ex1-cssl	Sgr-CJol_041-Ex1
SgC0202504C	Sgr-CJol_025_Ex1-cssl	Sgr-CJol_025-Ex1
SgC0203504D	Sgr-CJol_035_Ex1-cssl	Sgr-CJol_035-Ex1
SgC0204904E	Sgr-CJol_049_Ex1-cssl	Sgr-CJol_049-Ex1
SgC0202004F	Sgr-CJol_020_Ex1-cssl	Sgr-CJol_020-Ex1
SgC0205904G	Sgr-CJol_059_Ex1-cssl	Sgr-CJol_059-Ex1
SgC0200604H	Sgr-CJol_006_Ex1-cssl	Sgr-CJol_006-Ex1
SgC0205605A	Sgr-CJol_056_Ex1-cssl	Sgr-CJol_056-Ex1
SgC0201705B	Sgr-CJol_017_Ex1-cssl	Sgr-CJol_017-Ex1
SgC0204205C	Sgr-CJol_042_Ex1-cssl	Sgr-CJol_042-Ex1
SgC0200105D	Sgr-CJol_001_Ex1-cssl	Sgr-CJol_001-Ex1
SgC0207905E	Sgr-CJol_079_Ex1-cssl	Sgr-CJol_079-Ex1
SgC0207205F	Sgr-CJol_072_Ex1-cssl	Sgr-CJol_072-Ex1
SgC0208705G	Sgr-CJol_087_Ex1-cssl	Sgr-CJol_087-Ex1
SgC0200205H	Sgr-CJol_002_Ex1-cssl	Sgr-CJol_002-Ex1
SgC0205306A	Sgr-CJol_053_Ex1-cssl	Sgr-CJol_053-Ex1
SgC0206406B	Sgr-CJol_064_Ex1-cssl	Sgr-CJol_064-Ex1
SgC0200706C	Sgr-CJol_007_Ex1-cssl	Sgr-CJol_007-Ex1
SgC0206606D	Sgr-CJol_066_Ex1-cssl	Sgr-CJol_066-Ex1
SgC0204806E	Sgr-CJol_048_Ex1-cssl	Sgr-CJol_048-Ex1
SgC0205406F	Sgr-CJol_054_Ex1-cssl	Sgr-CJol_054-Ex1
SgC0209206G	Sgr-CJol_092_Ex1-cssl	Sgr-CJol_092-Ex1
SgC0207806H	Sgr-CJol_078_Ex1-cssl	Sgr-CJol_078-Ex1
SgC0200807A	Sgr-CJol_008_Ex1-cssl	Sgr-CJol_008-Ex1
SgC0206807B	Sgr-CJol_068_Ex1-cssl	Sgr-CJol_068-Ex1
SgC0208607C	Sgr-CJol_086_Ex1-cssl	Sgr-CJol_086-Ex1
SgC0200307D	Sgr-CJol_003_Ex1-cssl	Sgr-CJol_003-Ex1
SgC0208207E	Sgr-CJol_082_Ex1-cssl	Sgr-CJol_082-Ex1
SgC0208507F	Sgr-CJol_085_Ex1-cssl	Sgr-CJol_085-Ex1
SgC0208907G	Sgr-CJol_089_Ex1-cssl	Sgr-CJol_089-Ex1
SgC0209007H	Sgr-CJol_090_Ex1-cssl	Sgr-CJol_090-Ex1
SgC0208808A	Sgr-CJol_088_Ex1-cssl	Sgr-CJol_088-Ex1
SgC0203208B	Sgr-CJol_032_Ex1-cssl	Sgr-CJol_032-Ex1
SgC0207608D	Sgr-CJol_076_Ex1-cssl	Sgr-CJol_076-Ex1
SgC0207508E	Sgr-CJol_075_Ex1-cssl	Sgr-CJol_075-Ex1
SgC0208108F	Sgr-CJol_081_Ex1-cssl	Sgr-CJol_081-Ex1
SgC0201208G	Sgr-CJol_012_Ex1-cssl	Sgr-CJol_012-Ex1
SgC0208408H	Sgr-CJol_084_Ex1-cssl	Sgr-CJol_084-Ex1
SgC0300801A	Sgr-CMas_008_Ex1-cssl	Sgr-CMas_008-Ex1
SgC0301201B	Sgr-CMas_012_Ex1-cssl	Sgr-CMas_012-Ex1
SgC0300201C	Sgr-CMas_002_Ex1-cssl	Sgr-CMas_002-Ex1
SgC0300301D	Sgr-CMas_003_Ex1-cssl	Sgr-CMas_003-Ex1
SgC0300401E	Sgr-CMas_004_Ex1-cssl	Sgr-CMas_004-Ex1
SgC0300601F	Sgr-CMas_006_Ex1-cssl	Sgr-CMas_006-Ex1
SgC0309001G	Sgr-CMas_090_Ex1-cssl	Sgr-CMas_090-Ex1
SgC0300701H	Sgr-CMas_007_Ex1-cssl	Sgr-CMas_007-Ex1
SgC0301902A	Sgr-CMas_019_Ex1-cssl	Sgr-CMas_019-Ex1
SgC0303102B	Sgr-CMas_031_Ex1-cssl	Sgr-CMas_031-Ex1
SgC0304302C	Sgr-CMas_043_Ex1-cssl	Sgr-CMas_043-Ex1
SgC0306702D	Sgr-CMas_067_Ex1-cssl	Sgr-CMas_067-Ex1
SgC0302002E	Sgr-CMas_020_Ex1-cssl	Sgr-CMas_020-Ex1
SgC0304402F	Sgr-CMas_044_Ex1-cssl	Sgr-CMas_044-Ex1
SgC0300902G	Sgr-CMas_009_Ex1-cssl	Sgr-CMas_009-Ex1
SgC0302102H	Sgr-CMas_021_Ex1-cssl	Sgr-CMas_021-Ex1
SgC0301003A	Sgr-CMas_010_Ex1-cssl	Sgr-CMas_010-Ex1
SgC0302203B	Sgr-CMas_022_Ex1-cssl	Sgr-CMas_022-Ex1
SgC0303403C	Sgr-CMas_034_Ex1-cssl	Sgr-CMas_034-Ex1
SgC0301103D	Sgr-CMas_011_Ex1-cssl	Sgr-CMas_011-Ex1
SgC0302303E	Sgr-CMas_023_Ex1-cssl	Sgr-CMas_023-Ex1
SgC0304703F	Sgr-CMas_047_Ex1-cssl	Sgr-CMas_047-Ex1
SgC0302403G	Sgr-CMas_024_Ex1-cssl	Sgr-CMas_024-Ex1
SgC0302603H	Sgr-CMas_026_Ex1-cssl	Sgr-CMas_026-Ex1
SgC0303804A	Sgr-CMas_038_Ex1-cssl	Sgr-CMas_038-Ex1
SgC0305004B	Sgr-CMas_050_Ex1-cssl	Sgr-CMas_050-Ex1
SgC0306304C	Sgr-CMas_063_Ex1-cssl	Sgr-CMas_063-Ex1
SgC0301604D	Sgr-CMas_016_Ex1-cssl	Sgr-CMas_016-Ex1
SgC0302804E	Sgr-CMas_028_Ex1-cssl	Sgr-CMas_028-Ex1
SgC0304004F	Sgr-CMas_040_Ex1-cssl	Sgr-CMas_040-Ex1
SgC0305204G	Sgr-CMas_052_Ex1-cssl	Sgr-CMas_052-Ex1
SgC0300504H	Sgr-CMas_005_Ex1-cssl	Sgr-CMas_005-Ex1
SgC0301705A	Sgr-CMas_017_Ex1-cssl	Sgr-CMas_017-Ex1
SgC0306505B	Sgr-CMas_065_Ex1-cssl	Sgr-CMas_065-Ex1
SgC0307705C	Sgr-CMas_077_Ex1-cssl	Sgr-CMas_077-Ex1
SgC0301805D	Sgr-CMas_018_Ex1-cssl	Sgr-CMas_018-Ex1
SgC0303005E	Sgr-CMas_030_Ex1-cssl	Sgr-CMas_030-Ex1
SgC0304205F	Sgr-CMas_042_Ex1-cssl	Sgr-CMas_042-Ex1
SgC0305405G	Sgr-CMas_054_Ex1-cssl	Sgr-CMas_054-Ex1
SgC0305505H	Sgr-CMas_055_Ex1-cssl	Sgr-CMas_055-Ex1
SgC0309106A	Sgr-CMas_091_Ex1-cssl	Sgr-CMas_091-Ex1
SgC0303206B	Sgr-CMas_032_Ex1-cssl	Sgr-CMas_032-Ex1
SgC0305606C	Sgr-CMas_056_Ex1-cssl	Sgr-CMas_056-Ex1
SgC0309206D	Sgr-CMas_092_Ex1-cssl	Sgr-CMas_092-Ex1
SgC0303306E	Sgr-CMas_033_Ex1-cssl	Sgr-CMas_033-Ex1
SgC0304506F	Sgr-CMas_045_Ex1-cssl	Sgr-CMas_045-Ex1
SgC0305706G	Sgr-CMas_057_Ex1-cssl	Sgr-CMas_057-Ex1
SgC0306906H	Sgr-CMas_069_Ex1-cssl	Sgr-CMas_069-Ex1
SgC0304607A	Sgr-CMas_046_Ex1-cssl	Sgr-CMas_046-Ex1
SgC0305807B	Sgr-CMas_058_Ex1-cssl	Sgr-CMas_058-Ex1
SgC0303507C	Sgr-CMas_035_Ex1-cssl	Sgr-CMas_035-Ex1
SgC0305907D	Sgr-CMas_059_Ex1-cssl	Sgr-CMas_059-Ex1
SgC0307107E	Sgr-CMas_071_Ex1-cssl	Sgr-CMas_071-Ex1
SgC0308307F	Sgr-CMas_083_Ex1-cssl	Sgr-CMas_083-Ex1
SgC0303607G	Sgr-CMas_036_Ex1-cssl	Sgr-CMas_036-Ex1
SgC0304807H	Sgr-CMas_048_Ex1-cssl	Sgr-CMas_048-Ex1
SgC0300108A	Sgr-CMas_001_Ex1-cssl	Sgr-CMas_001-Ex1
SgC0301308B	Sgr-CMas_013_Ex1-cssl	Sgr-CMas_013-Ex1
SgC0304908C	Sgr-CMas_049_Ex1-cssl	Sgr-CMas_049-Ex1
SgC0306108D	Sgr-CMas_061_Ex1-cssl	Sgr-CMas_061-Ex1
SgC0301408E	Sgr-CMas_014_Ex1-cssl	Sgr-CMas_014-Ex1
SgC0306208F	Sgr-CMas_062_Ex1-cssl	Sgr-CMas_062-Ex1
SgC0307408G	Sgr-CMas_074_Ex1-cssl	Sgr-CMas_074-Ex1
SgC0301508H	Sgr-CMas_015_Ex1-cssl	Sgr-CMas_015-Ex1
SgC0101201A	Sgr-CMvi_012-Ex1-cssl	Sgr-CMvi_012-Ex1
SgC0102301B	Sgr-CMvi_023-Ex1-cssl	Sgr-CMvi_023-Ex1
SgC0104601C	Sgr-CMvi_046-Ex1-cssl	Sgr-CMvi_046-Ex1
SgC0105801E	Sgr-CMvi_058-Ex1-cssl	Sgr-CMvi_058-Ex1
SgC0105401F	Sgr-CMvi_054-Ex1-cssl	Sgr-CMvi_054-Ex1
SgC0105501G	Sgr-CMvi_055-Ex1-cssl	Sgr-CMvi_055-Ex1
SgC0102401H	Sgr-CMvi_024-Ex1-cssl	Sgr-CMvi_024-Ex1
SgC0102802A	Sgr-CMvi_028-Ex1-cssl	Sgr-CMvi_028-Ex1
SgC0101802B	Sgr-CMvi_018-Ex1-cssl	Sgr-CMvi_018-Ex1
SgC0102002C	Sgr-CMvi_020-Ex1-cssl	Sgr-CMvi_020-Ex1
SgC0108802D	Sgr-CMvi_088-Ex1-cssl	Sgr-CMvi_088-Ex1
SgC0108302E	Sgr-CMvi_083-Ex1-cssl	Sgr-CMvi_083-Ex1
SgC0103302F	Sgr-CMvi_033-Ex1-cssl	Sgr-CMvi_033-Ex1
SgC0104202G	Sgr-CMvi_042-Ex1-cssl	Sgr-CMvi_042-Ex1
SgC0104302H	Sgr-CMvi_043-Ex1-cssl	Sgr-CMvi_043-Ex1
SgC0100503A	Sgr-CMvi_005-Ex1-cssl	Sgr-CMvi_005-Ex1
SgC0105203B	Sgr-CMvi_052-Ex1-cssl	Sgr-CMvi_052-Ex1
SgC0101703C	Sgr-CMvi_017-Ex1-cssl	Sgr-CMvi_017-Ex1
SgC0107003D	Sgr-CMvi_070-Ex1-cssl	Sgr-CMvi_070-Ex1
SgC0101903E	Sgr-CMvi_019-Ex1-cssl	Sgr-CMvi_019-Ex1
SgC0109203F	Sgr-CMvi_092-Ex1-cssl	Sgr-CMvi_092-Ex1
SgC0106003G	Sgr-CMvi_060-Ex1-cssl	Sgr-CMvi_060-Ex1
SgC0104403H	Sgr-CMvi_044-Ex1-cssl	Sgr-CMvi_044-Ex1
SgC0103204A	Sgr-CMvi_032-Ex1-cssl	Sgr-CMvi_032-Ex1
SgC0104704B	Sgr-CMvi_047-Ex1-cssl	Sgr-CMvi_047-Ex1
SgC0103604C	Sgr-CMvi_036-Ex1-cssl	Sgr-CMvi_036-Ex1
SgC0107704E	Sgr-CMvi_077-Ex1-cssl	Sgr-CMvi_077-Ex1
SgC0105304F	Sgr-CMvi_053-Ex1-cssl	Sgr-CMvi_053-Ex1
SgC0108404G	Sgr-CMvi_084-Ex1-cssl	Sgr-CMvi_084-Ex1
SgC0100104H	Sgr-CMvi_001-Ex1-cssl	Sgr-CMvi_001-Ex1
SgC0103405B	Sgr-CMvi_034-Ex1-cssl	Sgr-CMvi_034-Ex1
SgC0107105C	Sgr-CMvi_071-Ex1-cssl	Sgr-CMvi_071-Ex1
SgC0108605D	Sgr-CMvi_086-Ex1-cssl	Sgr-CMvi_086-Ex1
SgC0108505E	Sgr-CMvi_085-Ex1-cssl	Sgr-CMvi_085-Ex1
SgC0104905F	Sgr-CMvi_049-Ex1-cssl	Sgr-CMvi_049-Ex1
SgC0107405G	Sgr-CMvi_074-Ex1-cssl	Sgr-CMvi_074-Ex1
SgC0100405H	Sgr-CMvi_004-Ex1-cssl	Sgr-CMvi_004-Ex1
SgC0105106A	Sgr-CMvi_051-Ex1-cssl	Sgr-CMvi_051-Ex1
SgC0103006B	Sgr-CMvi_030-Ex1-cssl	Sgr-CMvi_030-Ex1
SgC0101006C	Sgr-CMvi_010-Ex1-cssl	Sgr-CMvi_010-Ex1
SgC0106106D	Sgr-CMvi_061-Ex1-cssl	Sgr-CMvi_061-Ex1
SgC0101306E	Sgr-CMvi_013-Ex1-cssl	Sgr-CMvi_013-Ex1
SgC0106506F	Sgr-CMvi_065-Ex1-cssl	Sgr-CMvi_065-Ex1
SgC0108706G	Sgr-CMvi_087-Ex1-cssl	Sgr-CMvi_087-Ex1
SgC0102706H	Sgr-CMvi_027-Ex1-cssl	Sgr-CMvi_027-Ex1
SgC0106407A	Sgr-CMvi_064-Ex1-cssl	Sgr-CMvi_064-Ex1
SgC0101507B	Sgr-CMvi_015-Ex1-cssl	Sgr-CMvi_015-Ex1
SgC0108907C	Sgr-CMvi_089-Ex1-cssl	Sgr-CMvi_089-Ex1
SgC0106607D	Sgr-CMvi_066-Ex1-cssl	Sgr-CMvi_066-Ex1
SgC0106707E	Sgr-CMvi_067-Ex1-cssl	Sgr-CMvi_067-Ex1
SgC0100907F	Sgr-CMvi_009-Ex1-cssl	Sgr-CMvi_009-Ex1
SgC0107607G	Sgr-CMvi_076-Ex1-cssl	Sgr-CMvi_076-Ex1
SgC0101607H	Sgr-CMvi_016-Ex1-cssl	Sgr-CMvi_016-Ex1
SgC0103808A	Sgr-CMvi_038-Ex1-cssl	Sgr-CMvi_038-Ex1
SgC0106308B	Sgr-CMvi_063-Ex1-cssl	Sgr-CMvi_063-Ex1
SgC0100308C	Sgr-CMvi_003-Ex1-cssl	Sgr-CMvi_003-Ex1
SgC0105708D	Sgr-CMvi_057-Ex1-cssl	Sgr-CMvi_057-Ex1
SgC0107208E	Sgr-CMvi_072-Ex1-cssl	Sgr-CMvi_072-Ex1
SgC0100708F	Sgr-CMvi_007-Ex1-cssl	Sgr-CMvi_007-Ex1
SgC0102508G	Sgr-CMvi_025-Ex1-cssl	Sgr-CMvi_025-Ex1
SgC0100808H	Sgr-CMvi_008-Ex1-cssl	Sgr-CMvi_008-Ex1
SgA0100101A	Sgr-AMvi_001-Ex11A-lwgs-2-1	Sgr-AMvi_001-Ex1
SgA0100202A	Sgr-AMvi_002-Ex12A-lwgs-2-1	Sgr-AMvi_002-Ex1
SgA0100303A	Sgr-AMvi_003-Ex13A-lwgs-2-1	Sgr-AMvi_003-Ex1
SgA0100404A	Sgr-AMvi_004-Ex14A-lwgs-2-1	Sgr-AMvi_004-Ex1
SgA0100505A	Sgr-AMvi_005-Ex15A-lwgs-2-1	Sgr-AMvi_005-Ex1
SgA0100606A	Sgr-AMvi_006-Ex16A-lwgs-2-1	Sgr-AMvi_006-Ex1
SgA0100707A	Sgr-AMvi_007-Ex17A-lwgs-2-1	Sgr-AMvi_007-Ex1
SgA0100909A	Sgr-AMvi_009-Ex19A-lwgs-2-1	Sgr-AMvi_009-Ex1
SgA0101111A	Sgr-AMvi_011-Ex111A-lwgs-2-1	Sgr-AMvi_011-Ex1
SgA0101212A	Sgr-AMvi_012-Ex112A-lwgs-2-1	Sgr-AMvi_012-Ex1
SgA0101301B	Sgr-AMvi_013-Ex11B-lwgs-2-1	Sgr-AMvi_013-Ex1
SgA0101402B	Sgr-AMvi_014-Ex12B-lwgs-2-1	Sgr-AMvi_014-Ex1
SgA0101503B	Sgr-AMvi_015-Ex13B-lwgs-2-1	Sgr-AMvi_015-Ex1
SgA0101806B	Sgr-AMvi_018-Ex16B-lwgs-2-1	Sgr-AMvi_018-Ex1
SgA0101907B	Sgr-AMvi_019-Ex17B-lwgs-2-1	Sgr-AMvi_019-Ex1
SgA0102008B	Sgr-AMvi_020-Ex18B-lwgs-2-1	Sgr-AMvi_020-Ex1
SgA0102210B	Sgr-AMvi_022-Ex110B-lwgs-2-1	Sgr-AMvi_022-Ex1
SgA0102311B	Sgr-AMvi_023-Ex111B-lwgs-2-1	Sgr-AMvi_023-Ex1
SgA0102501C	Sgr-AMvi_025-Ex11C-lwgs-2-1	Sgr-AMvi_025-Ex1
SgA0102703C	Sgr-AMvi_027-Ex13C-lwgs-2-1	Sgr-AMvi_027-Ex1
SgA0102905C	Sgr-AMvi_029-Ex15C-lwgs-2-1	Sgr-AMvi_029-Ex1
SgA0103006C	Sgr-AMvi_030-Ex16C-lwgs-2-1	Sgr-AMvi_030-Ex1
SgA0103107C	Sgr-AMvi_031-Ex17C-lwgs-2-1	Sgr-AMvi_031-Ex1
SgA0103208C	Sgr-AMvi_032-Ex18C-lwgs-2-1	Sgr-AMvi_032-Ex1
SgA0103309C	Sgr-AMvi_033-Ex19C-lwgs-2-1	Sgr-AMvi_033-Ex1
SgA0103410C	Sgr-AMvi_034-Ex110C-lwgs-2-1	Sgr-AMvi_034-Ex1
SgA0103511C	Sgr-AMvi_035-Ex111C-lwgs-2-1	Sgr-AMvi_035-Ex1
SgA0103612C	Sgr-AMvi_036-Ex112C-lwgs-2-1	Sgr-AMvi_036-Ex1
SgA0103701D	Sgr-AMvi_037-Ex11D-lwgs-2-1	Sgr-AMvi_037-Ex1
SgA0103802D	Sgr-AMvi_038-Ex12D-lwgs-2-1	Sgr-AMvi_038-Ex1
SgA0103903D	Sgr-AMvi_039-Ex13D-lwgs-2-1	Sgr-AMvi_039-Ex1
SgA0104004D	Sgr-AMvi_040-Ex14D-lwgs-2-1	Sgr-AMvi_040-Ex1
SgA0104105D	Sgr-AMvi_041-Ex15D-lwgs-2-1	Sgr-AMvi_041-Ex1
SgA0104206D	Sgr-AMvi_042-Ex16D-lwgs-2-1	Sgr-AMvi_042-Ex1
SgA0104307D	Sgr-AMvi_043-Ex17D-lwgs-2-1	Sgr-AMvi_043-Ex1
SgA0104408D	Sgr-AMvi_044-Ex18D-lwgs-2-1	Sgr-AMvi_044-Ex1
SgA0104509D	Sgr-AMvi_045-Ex19D-lwgs-2-1	Sgr-AMvi_045-Ex1
SgA0104610D	Sgr-AMvi_046-Ex110D-lwgs-2-1	Sgr-AMvi_046-Ex1
SgA0104711D	Sgr-AMvi_047-Ex111D-lwgs-2-1	Sgr-AMvi_047-Ex1
SgA0104812D	Sgr-AMvi_048-Ex112D-lwgs-2-1	Sgr-AMvi_048-Ex1
SgA0104901E	Sgr-AMvi_049-Ex11E-lwgs-2-1	Sgr-AMvi_049-Ex1
SgA0105002E	Sgr-AMvi_050-Ex12E-lwgs-2-1	Sgr-AMvi_050-Ex1
SgA0105103E	Sgr-AMvi_051-Ex13E-lwgs-2-1	Sgr-AMvi_051-Ex1
SgA0105204E	Sgr-AMvi_052-Ex14E-lwgs-2-1	Sgr-AMvi_052-Ex1
SgA0105305E	Sgr-AMvi_053-Ex15E-lwgs-2-1	Sgr-AMvi_053-Ex1
SgA0105406E	Sgr-AMvi_054-Ex16E-lwgs-2-1	Sgr-AMvi_054-Ex1
SgA0105507E	Sgr-AMvi_055-Ex17E-lwgs-2-1	Sgr-AMvi_055-Ex1
SgA0105608E	Sgr-AMvi_056-Ex18E-lwgs-2-1	Sgr-AMvi_056-Ex1
SgA0105709E	Sgr-AMvi_057-Ex19E-lwgs-2-1	Sgr-AMvi_057-Ex1
SgA0105810E	Sgr-AMvi_058-Ex110E-lwgs-2-1	Sgr-AMvi_058-Ex1
SgA0105911E	Sgr-AMvi_059-Ex111E-lwgs-2-1	Sgr-AMvi_059-Ex1
SgA0106012E	Sgr-AMvi_060-Ex112E-lwgs-2-1	Sgr-AMvi_060-Ex1
SgA0106101F	Sgr-AMvi_061-Ex11F-lwgs-2-1	Sgr-AMvi_061-Ex1
SgA0106202F	Sgr-AMvi_062-Ex12F-lwgs-2-1	Sgr-AMvi_062-Ex1
SgA0106303F	Sgr-AMvi_063-Ex13F-lwgs-2-1	Sgr-AMvi_063-Ex1
SgA0106404F	Sgr-AMvi_064-Ex14F-lwgs-2-1	Sgr-AMvi_064-Ex1
SgA0106505F	Sgr-AMvi_065-Ex15F-lwgs-2-1	Sgr-AMvi_065-Ex1
SgA0106606F	Sgr-AMvi_066-Ex16F-lwgs-2-1	Sgr-AMvi_066-Ex1
SgA0106707F	Sgr-AMvi_067-Ex17F-lwgs-2-1	Sgr-AMvi_067-Ex1
SgA0106808F	Sgr-AMvi_068-Ex18F-lwgs-2-1	Sgr-AMvi_068-Ex1
SgA0106909F	Sgr-AMvi_069-Ex19F-lwgs-2-1	Sgr-AMvi_069-Ex1
SgA0107010F	Sgr-AMvi_070-Ex110F-lwgs-2-1	Sgr-AMvi_070-Ex1
SgA0107111F	Sgr-AMvi_071-Ex111F-lwgs-2-1	Sgr-AMvi_071-Ex1
SgA0107212F	Sgr-AMvi_072-Ex112F-lwgs-2-1	Sgr-AMvi_072-Ex1
SgA0107301G	Sgr-AMvi_073-Ex11G-lwgs-2-1	Sgr-AMvi_073-Ex1
SgA0107402G	Sgr-AMvi_074-Ex12G-lwgs-2-1	Sgr-AMvi_074-Ex1
SgA0107503G	Sgr-AMvi_075-Ex13G-lwgs-2-1	Sgr-AMvi_075-Ex1
SgA0107604G	Sgr-AMvi_076-Ex14G-lwgs-2-1	Sgr-AMvi_076-Ex1
SgA0107705G	Sgr-AMvi_077-Ex15G-lwgs-2-1	Sgr-AMvi_077-Ex1
SgA0107806G	Sgr-AMvi_078-Ex16G-lwgs-2-1	Sgr-AMvi_078-Ex1
SgA0107907G	Sgr-AMvi_079-Ex17G-lwgs-2-1	Sgr-AMvi_079-Ex1
SgA0108008G	Sgr-AMvi_080-Ex18G-lwgs-2-1	Sgr-AMvi_080-Ex1
SgA0108109G	Sgr-AMvi_081-Ex19G-lwgs-2-1	Sgr-AMvi_081-Ex1
SgA0108210G	Sgr-AMvi_082-Ex110G-lwgs-2-1	Sgr-AMvi_082-Ex1
SgA0108311G	Sgr-AMvi_083-Ex111G-lwgs-2-1	Sgr-AMvi_083-Ex1
SgA0108412G	Sgr-AMvi_084-Ex112G-lwgs-2-1	Sgr-AMvi_084-Ex1
SgA0108501H	Sgr-AMvi_085-Ex11H-lwgs-2-1	Sgr-AMvi_085-Ex1
SgA0108602H	Sgr-AMvi_086-Ex12H-lwgs-2-1	Sgr-AMvi_086-Ex1
SgA0108703H	Sgr-AMvi_087-Ex13H-lwgs-2-1	Sgr-AMvi_087-Ex1
SgA0108804H	Sgr-AMvi_088-Ex14H-lwgs-2-1	Sgr-AMvi_088-Ex1
SgA0108905H	Sgr-AMvi_089-Ex15H-lwgs-2-1	Sgr-AMvi_089-Ex1
SgA0109006H	Sgr-AMvi_090-Ex16H-lwgs-2-1	Sgr-AMvi_090-Ex1
SgA0109107H	Sgr-AMvi_091-Ex17H-lwgs-2-1	Sgr-AMvi_091-Ex1
SgA0109208H	Sgr-AMvi_092-Ex18H-lwgs-2-1	Sgr-AMvi_092-Ex1
SgA0109309H	Sgr-AMvi_093-Ex19H-lwgs-2-1	Sgr-AMvi_093-Ex1
SgA0109410H	Sgr-AMvi_094-Ex110H-lwgs-2-1	Sgr-AMvi_094-Ex1
SgA0109511H	Sgr-AMvi_095-Ex111H-lwgs-2-1	Sgr-AMvi_095-Ex1
SgA0109612H	Sgr-AMvi_096-Ex112H-lwgs-2-1	Sgr-AMvi_096-Ex1
SgA0200101A1	Sgr-APal_001-Ex11A-lwgs-1-1	Sgr-APal_001-Ex1
SgA0200101A2	Sgr-AJol_001-Ex11A-lwgs-1-1	Sgr-AJol_001-Ex1
SgA0200201B	Sgr-APal_002-Ex11B-lwgs-2-1	Sgr-APal_002-Ex1
SgA0200301C	Sgr-APal_003-Ex11C-lwgs-1-1	Sgr-APal_003-Ex1
SgA0200401D	Sgr-APal_004-Ex11D-lwgs-1-1	Sgr-APal_004-Ex1
SgA0200501E	Sgr-APal_005-Ex11E-lwgs-1-1	Sgr-APal_005-Ex1
SgA0200601F	Sgr-APal_006-Ex11F-lwgs-1-1	Sgr-APal_006-Ex1
SgA0200701G	Sgr-APal_007-Ex11G-lwgs-1-1	Sgr-APal_007-Ex1
SgA0200801H	Sgr-APal_008-Ex11H-lwgs-1-1	Sgr-APal_008-Ex1
SgA0200902A	Sgr-APal_009-Ex12A-lwgs-1-1	Sgr-APal_009-Ex1
SgA0201002B	Sgr-APal_010-Ex12B-lwgs-1-1	Sgr-APal_010-Ex1
SgA0201102C	Sgr-APal_011-Ex12C-lwgs-2-1	Sgr-APal_011-Ex1
SgA0201111A	Sgr-AJol_011-Ex111A-lwgs-1-1	Sgr-AJol_011-Ex1
SgA0201202D	Sgr-APal_012-Ex12D-lwgs-1-1	Sgr-APal_012-Ex1
SgA0201212A	Sgr-AJol_012-Ex112A-lwgs-1-1	Sgr-AJol_012-Ex1
SgA0201301B	Sgr-AJol_013-Ex11B-lwgs-1-1	Sgr-AJol_013-Ex1
SgA0201302E	Sgr-APal_013-Ex12E-lwgs-1-1	Sgr-APal_013-Ex1
SgA0201402B	Sgr-AJol_014-Ex12B-lwgs-1-1	Sgr-AJol_014-Ex1
SgA0201402F	Sgr-APal_014-Ex12F-lwgs-1-1	Sgr-APal_014-Ex1
SgA0201502G	Sgr-APal_015-Ex12G-lwgs-2-1	Sgr-APal_015-Ex1
SgA0201503B	Sgr-AJol_015-Ex13B-lwgs-1-1	Sgr-AJol_015-Ex1
SgA0201602H	Sgr-APal_016-Ex12H-lwgs-1-1	Sgr-APal_016-Ex1
SgA0201604B	Sgr-AJol_016-Ex14B-lwgs-1-1	Sgr-AJol_016-Ex1
SgA0201703A	Sgr-APal_017-Ex13A-lwgs-1-1	Sgr-APal_017-Ex1
SgA0201705B	Sgr-AJol_017-Ex15B-lwgs-1-1	Sgr-AJol_017-Ex1
SgA0201803B	Sgr-APal_018-Ex13B-lwgs-1-1	Sgr-APal_018-Ex1
SgA0201806B	Sgr-AJol_018-Ex16B-lwgs-1-1	Sgr-AJol_018-Ex1
SgA0201903C	Sgr-APal_019-Ex13C-lwgs-2-1	Sgr-APal_019-Ex1
SgA0202003D	Sgr-APal_020-Ex13D-lwgs-1-1	Sgr-APal_020-Ex1
SgA0202103E	Sgr-APal_021-Ex13E-lwgs-2-1	Sgr-APal_021-Ex1
SgA0202109B	Sgr-AJol_021-Ex19B-lwgs-1-1	Sgr-AJol_021-Ex1
SgA0202203F	Sgr-APal_022-Ex13F-lwgs-1-1	Sgr-APal_022-Ex1
SgA0202210B	Sgr-AJol_022-Ex110B-lwgs-1-1	Sgr-AJol_022-Ex1
SgA0202303G	Sgr-APal_023-Ex13G-lwgs-1-1	Sgr-APal_023-Ex1
SgA0202311B	Sgr-AJol_023-Ex111B-lwgs-1-1	Sgr-AJol_023-Ex1
SgA0202403H	Sgr-APal_024-Ex13H-lwgs-1-1	Sgr-APal_024-Ex1
SgA0202412B	Sgr-AJol_024-Ex112B-lwgs-1-1	Sgr-AJol_024-Ex1
SgA0202501C	Sgr-AJol_025-Ex11C-lwgs-1-1	Sgr-AJol_025-Ex1
SgA0202504A	Sgr-APal_025-Ex14A-lwgs-2-1	Sgr-APal_025-Ex1
SgA0202602C	Sgr-AJol_026-Ex12C-lwgs-1-1	Sgr-AJol_026-Ex1
SgA0202604B	Sgr-APal_026-Ex14B-lwgs-2-1	Sgr-APal_026-Ex1
SgA0202703C	Sgr-AJol_027-Ex13C-lwgs-1-1	Sgr-AJol_027-Ex1
SgA0202704C	Sgr-APal_027-Ex14C-lwgs-2-1	Sgr-APal_027-Ex1
SgA0202804C	Sgr-AJol_028-Ex14C-lwgs-1-1	Sgr-AJol_028-Ex1
SgA0202804D	Sgr-APal_028-Ex14D-lwgs-1-1	Sgr-APal_028-Ex1
SgA0202904E	Sgr-APal_029-Ex14E-lwgs-2-1	Sgr-APal_029-Ex1
SgA0202905C	Sgr-AJol_029-Ex15C-lwgs-1-1	Sgr-AJol_029-Ex1
SgA0203004F	Sgr-APal_030-Ex14F-lwgs-1-1	Sgr-APal_030-Ex1
SgA0203006C	Sgr-AJol_030-Ex16C-lwgs-1-1	Sgr-AJol_030-Ex1
SgA0203104G	Sgr-APal_031-Ex14G-lwgs-2-1	Sgr-APal_031-Ex1
SgA0203107C	Sgr-AJol_031-Ex17C-lwgs-1-1	Sgr-AJol_031-Ex1
SgA0203204H	Sgr-APal_032-Ex14H-lwgs-2-1	Sgr-APal_032-Ex1
SgA0203208C	Sgr-AJol_032-Ex18C-lwgs-1-1	Sgr-AJol_032-Ex1
SgA0203305A	Sgr-APal_033-Ex15A-lwgs-1-1	Sgr-APal_033-Ex1
SgA0203405B	Sgr-APal_034-Ex15B-lwgs-1-1	Sgr-APal_034-Ex1
SgA0203410C	Sgr-AJol_034-Ex110C-lwgs-1-1	Sgr-AJol_034-Ex1
SgA0203505C	Sgr-APal_035-Ex15C-lwgs-1-1	Sgr-APal_035-Ex1
SgA0203511C	Sgr-AJol_035-Ex111C-lwgs-1-1	Sgr-AJol_035-Ex1
SgA0203605D	Sgr-APal_036-Ex15D-lwgs-1-1	Sgr-APal_036-Ex1
SgA0203701D	Sgr-AJol_037-Ex11D-lwgs-1-1	Sgr-AJol_037-Ex1
SgA0203705E	Sgr-APal_037-Ex15E-lwgs-1-1	Sgr-APal_037-Ex1
SgA0203802D	Sgr-AJol_038-Ex12D-lwgs-1-1	Sgr-AJol_038-Ex1
SgA0203805F	Sgr-APal_038-Ex15F-lwgs-1-1	Sgr-APal_038-Ex1
SgA0203903D	Sgr-AJol_039-Ex13D-lwgs-1-1	Sgr-AJol_039-Ex1
SgA0203905G	Sgr-APal_039-Ex15G-lwgs-1-1	Sgr-APal_039-Ex1
SgA0204005H	Sgr-APal_040-Ex15H-lwgs-1-1	Sgr-APal_040-Ex1
SgA0204105D	Sgr-AJol_041-Ex15D-lwgs-1-1	Sgr-AJol_041-Ex1
SgA0204106A	Sgr-APal_041-Ex16A-lwgs-1-1	Sgr-APal_041-Ex1
SgA0204206B	Sgr-APal_042-Ex16B-lwgs-1-1	Sgr-APal_042-Ex1
SgA0204206D	Sgr-AJol_042-Ex16D-lwgs-1-1	Sgr-AJol_042-Ex1
SgA0204306C	Sgr-APal_043-Ex16C-lwgs-1-1	Sgr-APal_043-Ex1
SgA0204307D	Sgr-AJol_043-Ex17D-lwgs-1-1	Sgr-AJol_043-Ex1
SgA0204406D	Sgr-APal_044-Ex16D-lwgs-1-1	Sgr-APal_044-Ex1
SgA0204408D	Sgr-AJol_044-Ex18D-lwgs-1-1	Sgr-AJol_044-Ex1
SgA0204506E	Sgr-APal_045-Ex16E-lwgs-1-1	Sgr-APal_045-Ex1
SgA0204509D	Sgr-AJol_045-Ex19D-lwgs-1-1	Sgr-AJol_045-Ex1
SgA0204606F	Sgr-APal_046-Ex16F-lwgs-1-1	Sgr-APal_046-Ex1
SgA0204610D	Sgr-AJol_046-Ex110D-lwgs-1-1	Sgr-AJol_046-Ex1
SgA0204706G	Sgr-APal_047-Ex16G-lwgs-1-1	Sgr-APal_047-Ex1
SgA0204711D	Sgr-AJol_047-Ex111D-lwgs-1-1	Sgr-AJol_047-Ex1
SgA0204812D	Sgr-AJol_048-Ex112D-lwgs-1-1	Sgr-AJol_048-Ex1
SgA0204901E	Sgr-AJol_049-Ex11E-lwgs-1-1	Sgr-AJol_049-Ex1
SgA0205002E	Sgr-AJol_050-Ex12E-lwgs-1-1	Sgr-AJol_050-Ex1
SgA0205103E	Sgr-AJol_051-Ex13E-lwgs-1-1	Sgr-AJol_051-Ex1
SgA0205204E	Sgr-AJol_052-Ex14E-lwgs-1-1	Sgr-AJol_052-Ex1
SgA0205305E	Sgr-AJol_053-Ex15E-lwgs-1-1	Sgr-AJol_053-Ex1
SgA0205406E	Sgr-AJol_054-Ex16E-lwgs-1-1	Sgr-AJol_054-Ex1
SgA0205507E	Sgr-AJol_055-Ex17E-lwgs-1-1	Sgr-AJol_055-Ex1
SgA0205608E	Sgr-AJol_056-Ex18E-lwgs-1-1	Sgr-AJol_056-Ex1
SgA0205709E	Sgr-AJol_057-Ex19E-lwgs-1-1	Sgr-AJol_057-Ex1
SgA0205810E	Sgr-AJol_058-Ex110E-lwgs-1-1	Sgr-AJol_058-Ex1
SgA0205911E	Sgr-AJol_059-Ex111E-lwgs-1-1	Sgr-AJol_059-Ex1
SgA0206012E	Sgr-AJol_060-Ex112E-lwgs-1-1	Sgr-AJol_060-Ex1
SgA0206101F	Sgr-AJol_061-Ex11F-lwgs-1-1	Sgr-AJol_061-Ex1
SgA0206202F	Sgr-AJol_062-Ex12F-lwgs-1-1	Sgr-AJol_062-Ex1
SgA0206303F	Sgr-AJol_063-Ex13F-lwgs-1-1	Sgr-AJol_063-Ex1
SgA0206404F	Sgr-AJol_064-Ex14F-lwgs-1-1	Sgr-AJol_064-Ex1
SgA0206606F	Sgr-AJol_066-Ex16F-lwgs-1-1	Sgr-AJol_066-Ex1
SgA0206707F	Sgr-AJol_067-Ex17F-lwgs-1-1	Sgr-AJol_067-Ex1
SgA0206808F	Sgr-AJol_068-Ex18F-lwgs-1-1	Sgr-AJol_068-Ex1
SgA0206909F	Sgr-AJol_069-Ex19F-lwgs-1-1	Sgr-AJol_069-Ex1
SgA0207111F	Sgr-AJol_071-Ex111F-lwgs-1-1	Sgr-AJol_071-Ex1
SgA0207212F	Sgr-AJol_072-Ex112F-lwgs-1-1	Sgr-AJol_072-Ex1
SgA0207301G	Sgr-AJol_073-Ex11G-lwgs-1-1	Sgr-AJol_073-Ex1
SgA0207402G	Sgr-AJol_074-Ex12G-lwgs-1-1	Sgr-AJol_074-Ex1
SgA0207503G	Sgr-AJol_075-Ex13G-lwgs-1-1	Sgr-AJol_075-Ex1
SgA0207604G	Sgr-AJol_076-Ex14G-lwgs-1-1	Sgr-AJol_076-Ex1
SgA0207705G	Sgr-AJol_077-Ex15G-lwgs-1-1	Sgr-AJol_077-Ex1
SgA0207806G	Sgr-AJol_078-Ex16G-lwgs-1-1	Sgr-AJol_078-Ex1
SgA0207907G	Sgr-AJol_079-Ex17G-lwgs-1-1	Sgr-AJol_079-Ex1
SgA0208008G	Sgr-AJol_080-Ex18G-lwgs-1-1	Sgr-AJol_080-Ex1
SgA0208109G	Sgr-AJol_081-Ex19G-lwgs-1-1	Sgr-AJol_081-Ex1
SgA0208210G	Sgr-AJol_082-Ex110G-lwgs-1-1	Sgr-AJol_082-Ex1
SgA0208311G	Sgr-AJol_083-Ex111G-lwgs-1-1	Sgr-AJol_083-Ex1
SgA0208412G	Sgr-AJol_084-Ex112G-lwgs-1-1	Sgr-AJol_084-Ex1
SgA0208501H	Sgr-AJol_085-Ex11H-lwgs-1-1	Sgr-AJol_085-Ex1
SgA0208602H	Sgr-AJol_086-Ex12H-lwgs-1-1	Sgr-AJol_086-Ex1
SgA0208804H	Sgr-AJol_088-Ex14H-lwgs-1-1	Sgr-AJol_088-Ex1
SgA0208905H	Sgr-AJol_089-Ex15H-lwgs-1-1	Sgr-AJol_089-Ex1
SgA0209006H	Sgr-AJol_090-Ex16H-lwgs-1-1	Sgr-AJol_090-Ex1
SgA0209107H	Sgr-AJol_091-Ex17H-lwgs-1-1	Sgr-AJol_091-Ex1
SgA0209208H	Sgr-AJol_092-Ex18H-lwgs-1-1	Sgr-AJol_092-Ex1
SgA0209410H	Sgr-AJol_094-Ex110H-lwgs-1-1	Sgr-AJol_094-Ex1
SgA0209511H	Sgr-AJol_095-Ex111H-lwgs-1-1	Sgr-AJol_095-Ex1
SgA0209612H	Sgr-AJol_096-Ex112H-lwgs-1-1	Sgr-AJol_096-Ex1
SgC0100104H	Sgr-CMvi_001-Ex14H-lwgs-2-1	Sgr-CMvi_001-Ex1
SgC0100308C	Sgr-CMvi_003-Ex18C-lwgs-2-1	Sgr-CMvi_003-Ex1
SgC0100405H	Sgr-CMvi_004-Ex15H-lwgs-2-1	Sgr-CMvi_004-Ex1
SgC0100503A	Sgr-CMvi_005-Ex13A-lwgs-1-1	Sgr-CMvi_005-Ex1
SgC0100708F	Sgr-CMvi_007-Ex18F-lwgs-2-1	Sgr-CMvi_007-Ex1
SgC0100808H	Sgr-CMvi_008-Ex18H-lwgs-1-1	Sgr-CMvi_008-Ex1
SgC0100907F	Sgr-CMvi_009-Ex17F-lwgs-2-1	Sgr-CMvi_009-Ex1
SgC0101006C	Sgr-CMvi_010-Ex16C-lwgs-2-1	Sgr-CMvi_010-Ex1
SgC0101201A	Sgr-CMvi_012-Ex11A-lwgs-1-1	Sgr-CMvi_012-Ex1
SgC0101306E	Sgr-CMvi_013-Ex16E-lwgs-2-1	Sgr-CMvi_013-Ex1
SgC0101507B	Sgr-CMvi_015-Ex17B-lwgs-2-1	Sgr-CMvi_015-Ex1
SgC0101607H	Sgr-CMvi_016-Ex17H-lwgs-2-1	Sgr-CMvi_016-Ex1
SgC0101703C	Sgr-CMvi_017-Ex13C-lwgs-1-1	Sgr-CMvi_017-Ex1
SgC0101802B	Sgr-CMvi_018-Ex12B-lwgs-1-1	Sgr-CMvi_018-Ex1
SgC0101903E	Sgr-CMvi_019-Ex13E-lwgs-2-1	Sgr-CMvi_019-Ex1
SgC0102002C	Sgr-CMvi_020-Ex12C-lwgs-2-1	Sgr-CMvi_020-Ex1
SgC0102301B	Sgr-CMvi_023-Ex11B-lwgs-2-1	Sgr-CMvi_023-Ex1
SgC0102401H	Sgr-CMvi_024-Ex11H-lwgs-2-1	Sgr-CMvi_024-Ex1
SgC0102508G	Sgr-CMvi_025-Ex18G-lwgs-2-1	Sgr-CMvi_025-Ex1
SgC0102706H	Sgr-CMvi_027-Ex16H-lwgs-2-1	Sgr-CMvi_027-Ex1
SgC0102802A	Sgr-CMvi_028-Ex12A-lwgs-1-1	Sgr-CMvi_028-Ex1
SgC0103006B	Sgr-CMvi_030-Ex16B-lwgs-2-1	Sgr-CMvi_030-Ex1
SgC0103204A	Sgr-CMvi_032-Ex14A-lwgs-2-1	Sgr-CMvi_032-Ex1
SgC0103302F	Sgr-CMvi_033-Ex12F-lwgs-2-1	Sgr-CMvi_033-Ex1
SgC0103405B	Sgr-CMvi_034-Ex15B-lwgs-1-1	Sgr-CMvi_034-Ex1
SgC0103604C	Sgr-CMvi_036-Ex14C-lwgs-1-1	Sgr-CMvi_036-Ex1
SgC0103808A	Sgr-CMvi_038-Ex18A-lwgs-2-1	Sgr-CMvi_038-Ex1
SgC0103901D	Sgr-CMvi_039-Ex11D-lwgs-2-1	Sgr-CMvi_039-Ex1
SgC0104202G	Sgr-CMvi_042-Ex12G-lwgs-2-1	Sgr-CMvi_042-Ex1
SgC0104302H	Sgr-CMvi_043-Ex12H-lwgs-1-1	Sgr-CMvi_043-Ex1
SgC0104403H	Sgr-CMvi_044-Ex13H-lwgs-1-1	Sgr-CMvi_044-Ex1
SgC0104601C	Sgr-CMvi_046-Ex11C-lwgs-2-1	Sgr-CMvi_046-Ex1
SgC0104704B	Sgr-CMvi_047-Ex14B-lwgs-2-1	Sgr-CMvi_047-Ex1
SgC0104905F	Sgr-CMvi_049-Ex15F-lwgs-2-1	Sgr-CMvi_049-Ex1
SgC0105106A	Sgr-CMvi_051-Ex16A-lwgs-2-1	Sgr-CMvi_051-Ex1
SgC0105203B	Sgr-CMvi_052-Ex13B-lwgs-1-1	Sgr-CMvi_052-Ex1
SgC0105304F	Sgr-CMvi_053-Ex14F-lwgs-1-1	Sgr-CMvi_053-Ex1
SgC0105401F	Sgr-CMvi_054-Ex11F-lwgs-2-1	Sgr-CMvi_054-Ex1
SgC0105501G	Sgr-CMvi_055-Ex11G-lwgs-2-1	Sgr-CMvi_055-Ex1
SgC0105605A	Sgr-CMvi_056-Ex15A-lwgs-1-1	Sgr-CMvi_056-Ex1
SgC0105708D	Sgr-CMvi_057-Ex18D-lwgs-2-1	Sgr-CMvi_057-Ex1
SgC0105801E	Sgr-CMvi_058-Ex11E-lwgs-1-1	Sgr-CMvi_058-Ex1
SgC0106003G	Sgr-CMvi_060-Ex13G-lwgs-2-1	Sgr-CMvi_060-Ex1
SgC0106106D	Sgr-CMvi_061-Ex16D-lwgs-2-1	Sgr-CMvi_061-Ex1
SgC0106308B	Sgr-CMvi_063-Ex18B-lwgs-2-1	Sgr-CMvi_063-Ex1
SgC0106407A	Sgr-CMvi_064-Ex17A-lwgs-2-1	Sgr-CMvi_064-Ex1
SgC0106506F	Sgr-CMvi_065-Ex16F-lwgs-2-1	Sgr-CMvi_065-Ex1
SgC0106607D	Sgr-CMvi_066-Ex17D-lwgs-2-1	Sgr-CMvi_066-Ex1
SgC0106707E	Sgr-CMvi_067-Ex17E-lwgs-2-1	Sgr-CMvi_067-Ex1
SgC0107003D	Sgr-CMvi_070-Ex13D-lwgs-2-1	Sgr-CMvi_070-Ex1
SgC0107105C	Sgr-CMvi_071-Ex15C-lwgs-2-1	Sgr-CMvi_071-Ex1
SgC0107208E	Sgr-CMvi_072-Ex18E-lwgs-2-1	Sgr-CMvi_072-Ex1
SgC0107405G	Sgr-CMvi_074-Ex15G-lwgs-2-1	Sgr-CMvi_074-Ex1
SgC0107607G	Sgr-CMvi_076-Ex17G-lwgs-2-1	Sgr-CMvi_076-Ex1
SgC0107704E	Sgr-CMvi_077-Ex14E-lwgs-1-1	Sgr-CMvi_077-Ex1
SgC0108302E	Sgr-CMvi_083-Ex12E-lwgs-2-1	Sgr-CMvi_083-Ex1
SgC0108404G	Sgr-CMvi_084-Ex14G-lwgs-2-1	Sgr-CMvi_084-Ex1
SgC0108505E	Sgr-CMvi_085-Ex15E-lwgs-2-1	Sgr-CMvi_085-Ex1
SgC0108605D	Sgr-CMvi_086-Ex15D-lwgs-2-1	Sgr-CMvi_086-Ex1
SgC0108706G	Sgr-CMvi_087-Ex16G-lwgs-2-1	Sgr-CMvi_087-Ex1
SgC0108802D	Sgr-CMvi_088-Ex12D-lwgs-2-1	Sgr-CMvi_088-Ex1
SgC0108907C	Sgr-CMvi_089-Ex17C-lwgs-2-1	Sgr-CMvi_089-Ex1
SgC0109203F	Sgr-CMvi_092-Ex13F-lwgs-2-1	Sgr-CMvi_092-Ex1
SgC0200105D	Sgr-CJol_001-Ex15D-lwgs-1-1	Sgr-CJol_001-Ex1
SgC0200205H	Sgr-CJol_002-Ex15H-lwgs-1-1	Sgr-CJol_002-Ex1
SgC0200307D	Sgr-CJol_003-Ex17D-lwgs-1-1	Sgr-CJol_003-Ex1
SgC0200403H	Sgr-CJol_004-Ex13H-lwgs-1-1	Sgr-CJol_004-Ex1
SgC0200604H	Sgr-CJol_006-Ex14H-lwgs-1-1	Sgr-CJol_006-Ex1
SgC0200706C	Sgr-CJol_007-Ex16C-lwgs-1-1	Sgr-CJol_007-Ex1
SgC0200807A	Sgr-CJol_008-Ex17A-lwgs-1-1	Sgr-CJol_008-Ex1
SgC0200903G	Sgr-CJol_009-Ex13G-lwgs-1-1	Sgr-CJol_009-Ex1
SgC0201002B	Sgr-CJol_010-Ex12B-lwgs-1-1	Sgr-CJol_010-Ex1
SgC0201208G	Sgr-CJol_012-Ex18G-lwgs-1-1	Sgr-CJol_012-Ex1
SgC0201705B	Sgr-CJol_017-Ex15B-lwgs-1-1	Sgr-CJol_017-Ex1
SgC0202004F	Sgr-CJol_020-Ex14F-lwgs-1-1	Sgr-CJol_020-Ex1
SgC0202102H	Sgr-CJol_021-Ex12H-lwgs-1-1	Sgr-CJol_021-Ex1
SgC0202304A	Sgr-CJol_023-Ex14A-lwgs-1-1	Sgr-CJol_023-Ex1
SgC0202402D	Sgr-CJol_024-Ex12D-lwgs-1-1	Sgr-CJol_024-Ex1
SgC0202504C	Sgr-CJol_025-Ex14C-lwgs-1-1	Sgr-CJol_025-Ex1
SgC0202801G	Sgr-CJol_028-Ex11G-lwgs-1-1	Sgr-CJol_028-Ex1
SgC0203208B	Sgr-CJol_032-Ex18B-lwgs-1-1	Sgr-CJol_032-Ex1
SgC0203402C	Sgr-CJol_034-Ex12C-lwgs-1-1	Sgr-CJol_034-Ex1
SgC0203504D	Sgr-CJol_035-Ex14D-lwgs-1-1	Sgr-CJol_035-Ex1
SgC0203602F	Sgr-CJol_036-Ex12F-lwgs-1-1	Sgr-CJol_036-Ex1
SgC0203703F	Sgr-CJol_037-Ex13F-lwgs-1-1	Sgr-CJol_037-Ex1
SgC0204104B	Sgr-CJol_041-Ex14B-lwgs-1-1	Sgr-CJol_041-Ex1
SgC0204205C	Sgr-CJol_042-Ex15C-lwgs-1-1	Sgr-CJol_042-Ex1
SgC0204806E	Sgr-CJol_048-Ex16E-lwgs-1-1	Sgr-CJol_048-Ex1
SgC0204904E	Sgr-CJol_049-Ex14E-lwgs-1-1	Sgr-CJol_049-Ex1
SgC0205306A	Sgr-CJol_053-Ex16A-lwgs-1-1	Sgr-CJol_053-Ex1
SgC0205406F	Sgr-CJol_054-Ex16F-lwgs-1-1	Sgr-CJol_054-Ex1
SgC0205605A	Sgr-CJol_056-Ex15A-lwgs-1-1	Sgr-CJol_056-Ex1
SgC0205703B	Sgr-CJol_057-Ex13B-lwgs-1-1	Sgr-CJol_057-Ex1
SgC0205802E	Sgr-CJol_058-Ex12E-lwgs-1-1	Sgr-CJol_058-Ex1
SgC0205904G	Sgr-CJol_059-Ex14G-lwgs-1-1	Sgr-CJol_059-Ex1
SgC0206101E	Sgr-CJol_061-Ex11E-lwgs-1-1	Sgr-CJol_061-Ex1
SgC0206406B	Sgr-CJol_064-Ex16B-lwgs-1-1	Sgr-CJol_064-Ex1
SgC0206606D	Sgr-CJol_066-Ex16D-lwgs-1-1	Sgr-CJol_066-Ex1
SgC0206807B	Sgr-CJol_068-Ex17B-lwgs-1-1	Sgr-CJol_068-Ex1
SgC0207003C	Sgr-CJol_070-Ex13C-lwgs-1-1	Sgr-CJol_070-Ex1
SgC0207205F	Sgr-CJol_072-Ex15F-lwgs-1-1	Sgr-CJol_072-Ex1
SgC0207301A	Sgr-CJol_073-Ex11A-lwgs-1-1	Sgr-CJol_073-Ex1
SgC0207508E	Sgr-CJol_075-Ex18E-lwgs-1-1	Sgr-CJol_075-Ex1
SgC0207608D	Sgr-CJol_076-Ex18D-lwgs-1-1	Sgr-CJol_076-Ex1
SgC0207806H	Sgr-CJol_078-Ex16H-lwgs-1-1	Sgr-CJol_078-Ex1
SgC0207905E	Sgr-CJol_079-Ex15E-lwgs-1-1	Sgr-CJol_079-Ex1
SgC0208001F	Sgr-CJol_080-Ex11F-lwgs-1-1	Sgr-CJol_080-Ex1
SgC0208108F	Sgr-CJol_081-Ex18F-lwgs-1-1	Sgr-CJol_081-Ex1
SgC0208207E	Sgr-CJol_082-Ex17E-lwgs-1-1	Sgr-CJol_082-Ex1
SgC0208408H	Sgr-CJol_084-Ex18H-lwgs-1-1	Sgr-CJol_084-Ex1
SgC0208507F	Sgr-CJol_085-Ex17F-lwgs-1-1	Sgr-CJol_085-Ex1
SgC0208607C	Sgr-CJol_086-Ex17C-lwgs-1-1	Sgr-CJol_086-Ex1
SgC0208705G	Sgr-CJol_087-Ex15G-lwgs-1-1	Sgr-CJol_087-Ex1
SgC0208808A	Sgr-CJol_088-Ex18A-lwgs-1-1	Sgr-CJol_088-Ex1
SgC0208907G	Sgr-CJol_089-Ex17G-lwgs-1-1	Sgr-CJol_089-Ex1
SgC0209007H	Sgr-CJol_090-Ex17H-lwgs-1-1	Sgr-CJol_090-Ex1
SgC0209102G	Sgr-CJol_091-Ex12G-lwgs-1-1	Sgr-CJol_091-Ex1
SgC0209206G	Sgr-CJol_092-Ex16G-lwgs-1-1	Sgr-CJol_092-Ex1
SgC0209303D	Sgr-CJol_093-Ex13D-lwgs-1-1	Sgr-CJol_093-Ex1
SgC0209403A	Sgr-CJol_094-Ex13A-lwgs-1-1	Sgr-CJol_094-Ex1
SgC0209602A	Sgr-CJol_096-Ex12A-lwgs-1-1	Sgr-CJol_096-Ex1
SgC0400201A	Sgr-CBir_002-Ex11A-lwgs-1-1	Sgr-CBir_002-Ex1
SgC0400301B	Sgr-CBir_003-Ex11B-lwgs-1-1	Sgr-CBir_003-Ex1
SgC0400401C	Sgr-CBir_004-Ex11C-lwgs-1-1	Sgr-CBir_004-Ex1
SgC0400501D	Sgr-CBir_005-Ex11D-lwgs-1-1	Sgr-CBir_005-Ex1
SgC0400601E	Sgr-CBir_006-Ex11E-lwgs-1-1	Sgr-CBir_006-Ex1
SgC0400701F	Sgr-CBir_007-Ex11F-lwgs-1-1	Sgr-CBir_007-Ex1
SgC0400801G	Sgr-CBir_008-Ex11G-lwgs-1-1	Sgr-CBir_008-Ex1
SgC0400901H	Sgr-CBir_009-Ex11H-lwgs-1-1	Sgr-CBir_009-Ex1
SgC0401002A	Sgr-CBir_010-Ex12A-lwgs-1-1	Sgr-CBir_010-Ex1
SgC0401102B	Sgr-CBir_011-Ex12B-lwgs-1-1	Sgr-CBir_011-Ex1
SgC0401202C	Sgr-CBir_012-Ex12C-lwgs-1-1	Sgr-CBir_012-Ex1
SgC0401302D	Sgr-CBir_013-Ex12D-lwgs-1-1	Sgr-CBir_013-Ex1
SgC0401402E	Sgr-CBir_014-Ex12E-lwgs-1-1	Sgr-CBir_014-Ex1
SgC0401502F	Sgr-CBir_015-Ex12F-lwgs-1-1	Sgr-CBir_015-Ex1
SgC0401602G	Sgr-CBir_016-Ex12G-lwgs-1-1	Sgr-CBir_016-Ex1
SgC0401702H	Sgr-CBir_017-Ex12H-lwgs-1-1	Sgr-CBir_017-Ex1
SgC0401803A	Sgr-CBir_018-Ex13A-lwgs-1-1	Sgr-CBir_018-Ex1
SgC0401903B	Sgr-CBir_019-Ex13B-lwgs-1-1	Sgr-CBir_019-Ex1
SgC0402003C	Sgr-CBir_020-Ex13C-lwgs-1-1	Sgr-CBir_020-Ex1
SgC0402103D	Sgr-CBir_021-Ex13D-lwgs-1-1	Sgr-CBir_021-Ex1
SgC0402203E	Sgr-CBir_022-Ex13E-lwgs-1-1	Sgr-CBir_022-Ex1
SgC0402303F	Sgr-CBir_023-Ex13F-lwgs-1-1	Sgr-CBir_023-Ex1
SgC0402403G	Sgr-CBir_024-Ex13G-lwgs-1-1	Sgr-CBir_024-Ex1
SgC0402503H	Sgr-CBir_025-Ex13H-lwgs-1-1	Sgr-CBir_025-Ex1
SgC0402604A	Sgr-CBir_026-Ex14A-lwgs-1-1	Sgr-CBir_026-Ex1
SgC0402704B	Sgr-CBir_027-Ex14B-lwgs-1-1	Sgr-CBir_027-Ex1
SgC0402904D	Sgr-CBir_029-Ex14D-lwgs-1-1	Sgr-CBir_029-Ex1
SgC0403004E	Sgr-CBir_030-Ex14E-lwgs-1-1	Sgr-CBir_030-Ex1
SgC0403104F	Sgr-CBir_031-Ex14F-lwgs-1-1	Sgr-CBir_031-Ex1
SgC0403304H	Sgr-CBir_033-Ex14H-lwgs-1-1	Sgr-CBir_033-Ex1
SgC0403405A	Sgr-CBir_034-Ex15A-lwgs-1-1	Sgr-CBir_034-Ex1
SgC0403505B	Sgr-CBir_035-Ex15B-lwgs-1-1	Sgr-CBir_035-Ex1
SgC0403605C	Sgr-CBir_036-Ex15C-lwgs-1-1	Sgr-CBir_036-Ex1
SgC0403705D	Sgr-CBir_037-Ex15D-lwgs-1-1	Sgr-CBir_037-Ex1
SgC0403805E	Sgr-CBir_038-Ex15E-lwgs-1-1	Sgr-CBir_038-Ex1
SgC0403905F	Sgr-CBir_039-Ex15F-lwgs-1-1	Sgr-CBir_039-Ex1
SgC0404105G	Sgr-CBir_041-Ex15G-lwgs-1-1	Sgr-CBir_041-Ex1
SgC0404205H	Sgr-CBir_042-Ex15H-lwgs-1-1	Sgr-CBir_042-Ex1
SgC0404306A	Sgr-CBir_043-Ex16A-lwgs-1-1	Sgr-CBir_043-Ex1
SgC0404406B	Sgr-CBir_044-Ex16B-lwgs-1-1	Sgr-CBir_044-Ex1
SgC0404506C	Sgr-CBir_045-Ex16C-lwgs-1-1	Sgr-CBir_045-Ex1
SgC0404606D	Sgr-CBir_046-Ex16D-lwgs-1-1	Sgr-CBir_046-Ex1
SgC0404706E	Sgr-CBir_047-Ex16E-lwgs-1-1	Sgr-CBir_047-Ex1
SgC0404806F	Sgr-CBir_048-Ex16F-lwgs-1-1	Sgr-CBir_048-Ex1
SgC0404906G	Sgr-CBir_049-Ex16G-lwgs-1-1	Sgr-CBir_049-Ex1
SgC0405006H	Sgr-CBir_050-Ex16H-lwgs-1-1	Sgr-CBir_050-Ex1
SgC0405107A	Sgr-CBir_051-Ex17A-lwgs-1-1	Sgr-CBir_051-Ex1
SgC0405207B	Sgr-CBir_052-Ex17B-lwgs-1-1	Sgr-CBir_052-Ex1
SgC0405307C	Sgr-CBir_053-Ex17C-lwgs-1-1	Sgr-CBir_053-Ex1
SgC0405407D	Sgr-CBir_054-Ex17D-lwgs-1-1	Sgr-CBir_054-Ex1
SgC0405507E	Sgr-CBir_055-Ex17E-lwgs-1-1	Sgr-CBir_055-Ex1
SgC0405607F	Sgr-CBir_056-Ex17F-lwgs-1-1	Sgr-CBir_056-Ex1
SgC0405707G	Sgr-CBir_057-Ex17G-lwgs-1-1	Sgr-CBir_057-Ex1
SgC0405807H	Sgr-CBir_058-Ex17H-lwgs-1-1	Sgr-CBir_058-Ex1
SgC0405908A	Sgr-CBir_059-Ex18A-lwgs-1-1	Sgr-CBir_059-Ex1
SgC0406008B	Sgr-CBir_060-Ex18B-lwgs-1-1	Sgr-CBir_060-Ex1
SgC0406108C	Sgr-CBir_061-Ex18C-lwgs-1-1	Sgr-CBir_061-Ex1
SgC0406208D	Sgr-CBir_062-Ex18D-lwgs-1-1	Sgr-CBir_062-Ex1
SgC0406308E	Sgr-CBir_063-Ex18E-lwgs-1-1	Sgr-CBir_063-Ex1
SgC0406408F	Sgr-CBir_064-Ex18F-lwgs-1-1	Sgr-CBir_064-Ex1
SgC0406508G	Sgr-CBir_065-Ex18G-lwgs-1-1	Sgr-CBir_065-Ex1
SgC0406608H	Sgr-CBir_066-Ex18H-lwgs-1-1	Sgr-CBir_066-Ex1
SgC0406704C	Sgr-CBir_067-Ex14C-lwgs-1-1	Sgr-CBir_067-Ex1
SgC0406804G	Sgr-CBir_068-Ex14G-lwgs-1-1	Sgr-CBir_068-Ex1
SiA04001	Sin-APnd_001-Ex1-6G-lcwgs-1-2	Sin-APnd_001-Ex1
SiA04002	Sin-APnd_002-Ex1-3G-lcwgs-1-2	Sin-APnd_002-Ex1
SiA04003	Sin-APnd_003-Ex1-3H-lcwgs-1-2	Sin-APnd_003-Ex1
SiA04004	Sin-APnd_004-Ex1-4A-lcwgs-1-2	Sin-APnd_004-Ex1
SiA04005	Sin-APnd_005-Ex1-4B-lcwgs-1-2	Sin-APnd_005-Ex1
SiA04006	Sin-APnd_006-Ex1-4C-lcwgs-1-2	Sin-APnd_006-Ex1
SiA04007	Sin-APnd_007-Ex1-4D-lcwgs-1-2	Sin-APnd_007-Ex1
SiA04008	Sin-APnd_008-Ex1-4E-lcwgs-1-2	Sin-APnd_008-Ex1
SiA04009	Sin-APnd_009-Ex1-4F-lcwgs-1-2	Sin-APnd_009-Ex1
SiA04010	Sin-APnd_010-Ex1-4G-lcwgs-1-2	Sin-APnd_010-Ex1
SiA04011	Sin-APnd_011-Ex1-4H-lcwgs-1-2	Sin-APnd_011-Ex1
SiA04012	Sin-APnd_012-Ex1-5A-lcwgs-1-2	Sin-APnd_012-Ex1
SiA04013	Sin-APnd_013-Ex1-5B-lcwgs-1-2	Sin-APnd_013-Ex1
SiA04014	Sin-APnd_014-Ex1-5C-lcwgs-1-2	Sin-APnd_014-Ex1
SiA04015	Sin-APnd_015-Ex1-5D-lcwgs-1-2	Sin-APnd_015-Ex1
SiA04016	Sin-APnd_016-Ex1-5E-lcwgs-1-2	Sin-APnd_016-Ex1
SiA04017	Sin-APnd_017-Ex1-5F-lcwgs-1-2	Sin-APnd_017-Ex1
SiA04018	Sin-APnd_018-Ex1-5G-lcwgs-1-2	Sin-APnd_018-Ex1
SiA04019	Sin-APnd_019-Ex1-5H-lcwgs-1-2	Sin-APnd_019-Ex1
SiA04020	Sin-APnd_020-Ex1-6A-lcwgs-1-2	Sin-APnd_020-Ex1
SiA04021	Sin-APnd_021-Ex1-6B-lcwgs-1-2	Sin-APnd_021-Ex1
SiA04022	Sin-APnd_022-Ex1-6C-lcwgs-1-2	Sin-APnd_022-Ex1
SiA04023	Sin-APnd_023-Ex1-6D-lcwgs-1-2	Sin-APnd_023-Ex1
SiA04024	Sin-APnd_024-Ex1-6E-lcwgs-1-2	Sin-APnd_024-Ex1
SiA04025	Sin-APnd_025-Ex1-6F-lcwgs-1-2	Sin-APnd_025-Ex1
SiC01013	Sin-CPnd_013-Ex1-4E-lcwgs-1-2	Sin-CPnd_013-Ex1
SiC01015	Sin-CPnd_015-Ex1-4A-lcwgs-1-2	Sin-CPnd_015-Ex1
SiC01018	Sin-CPnd_018-Ex1-11A-lcwgs-1-2	Sin-CPnd_018-Ex1
SiC01019	Sin-CPnd_019-Ex1-1H-lcwgs-1-2	Sin-CPnd_019-Ex1
SiC01020	Sin-CPnd_020-Ex1-12E-lcwgs-1-2	Sin-CPnd_020-Ex1
SiC01021	Sin-CPnd_021-Ex1-3D-lcwgs-1-2	Sin-CPnd_021-Ex1
SiC01022	Sin-CPnd_022-Ex1-1D-lcwgs-1-2	Sin-CPnd_022-Ex1
SiC01023	Sin-CPnd_023-Ex1-12B-lcwgs-1-2	Sin-CPnd_023-Ex1
SiC01024	Sin-CPnd_024-Ex1-12C-lcwgs-1-2	Sin-CPnd_024-Ex1
SiC01025	Sin-CPnd_025-Ex1-3B-lcwgs-1-2	Sin-CPnd_025-Ex1
SiC01028	Sin-CPnd_028-Ex1-12H-lcwgs-1-2	Sin-CPnd_028-Ex1
SiC01029	Sin-CPnd_029-Ex1-4D-lcwgs-1-2	Sin-CPnd_029-Ex1
SiC01031	Sin-CPnd_031-Ex1-3G-lcwgs-1-2	Sin-CPnd_031-Ex1
SiC01032	Sin-CPnd_032-Ex1-3E-lcwgs-1-2	Sin-CPnd_032-Ex1
SiC01033	Sin-CPnd_033-Ex1-1B-lcwgs-1-2	Sin-CPnd_033-Ex1
SiC01034	Sin-CPnd_034-Ex1-3C-lcwgs-1-2	Sin-CPnd_034-Ex1
SiC01035	Sin-CPnd_035-Ex1-12D-lcwgs-1-2	Sin-CPnd_035-Ex1
SiC01038	Sin-CPnd_038-Ex1-11C-lcwgs-1-2	Sin-CPnd_038-Ex1
SiC01039	Sin-CPnd_039-Ex1-10F-lcwgs-1-2	Sin-CPnd_039-Ex1
SiC01040	Sin-CPnd_040-Ex1-11E-lcwgs-1-2	Sin-CPnd_040-Ex1
SiC01042	Sin-CPnd_042-Ex1-10D-lcwgs-1-2	Sin-CPnd_042-Ex1
SiC01043	Sin-CPnd_043-Ex1-1C-lcwgs-1-2	Sin-CPnd_043-Ex1
SiC01044	Sin-CPnd_044-Ex1-2C-lcwgs-1-2	Sin-CPnd_044-Ex1
SiC01045	Sin-CPnd_045-Ex1-11H-lcwgs-1-2	Sin-CPnd_045-Ex1
SiC01049	Sin-CPnd_049-Ex1-4C-lcwgs-1-2	Sin-CPnd_049-Ex1
SiC01050	Sin-CPnd_050-Ex1-9B-lcwgs-1-2	Sin-CPnd_050-Ex1
SiC01051	Sin-CPnd_051-Ex1-12G-lcwgs-1-2	Sin-CPnd_051-Ex1
SiC01053	Sin-CPnd_053-Ex1-9G-lcwgs-1-2	Sin-CPnd_053-Ex1
SiC01058	Sin-CPnd_058-Ex1-9D-lcwgs-1-2	Sin-CPnd_058-Ex1
SiC01061	Sin-CPnd_061-Ex1-9A-lcwgs-1-2	Sin-CPnd_061-Ex1
SiC01062	Sin-CPnd_062-Ex1-11D-lcwgs-1-2	Sin-CPnd_062-Ex1
SiC01063	Sin-CPnd_063-Ex1-9F-lcwgs-1-2	Sin-CPnd_063-Ex1
SiC01065	Sin-CPnd_065-Ex1-11B-lcwgs-1-2	Sin-CPnd_065-Ex1
SiC01067	Sin-CPnd_067-Ex1-9C-lcwgs-1-2	Sin-CPnd_067-Ex1
SiC01074	Sin-CPnd_074-Ex1-12A-lcwgs-1-2	Sin-CPnd_074-Ex1
SiC01075	Sin-CPnd_075-Ex1-11G-lcwgs-1-2	Sin-CPnd_075-Ex1
SiC01076	Sin-CPnd_076-Ex1-10E-lcwgs-1-2	Sin-CPnd_076-Ex1
SiC01079	Sin-CPnd_079-Ex1-9H-lcwgs-1-2	Sin-CPnd_079-Ex1
SiC01080	Sin-CPnd_080-Ex1-2E-lcwgs-1-2	Sin-CPnd_080-Ex1
SiC01081	Sin-CPnd_081-Ex1-10G-lcwgs-1-2	Sin-CPnd_081-Ex1
SiC01085	Sin-CPnd_085-Ex1-4H-lcwgs-1-2	Sin-CPnd_085-Ex1
SiC01088	Sin-CPnd_088-Ex1-2D-lcwgs-1-2	Sin-CPnd_088-Ex1
SiC01089	Sin-CPnd_089-Ex1-9E-lcwgs-1-2	Sin-CPnd_089-Ex1
SiC01090	Sin-CPnd_090-Ex1-12F-lcwgs-1-2	Sin-CPnd_090-Ex1
SiC01092	Sin-CPnd_092-Ex1-11F-lcwgs-1-2	Sin-CPnd_092-Ex1
SiC01093	Sin-CPnd_093-Ex1-10C-lcwgs-1-2	Sin-CPnd_093-Ex1
SiC01094	Sin-CPnd_094-Ex1-3H-lcwgs-1-2	Sin-CPnd_094-Ex1
SiC01095	Sin-CPnd_095-Ex1-2B-lcwgs-1-2	Sin-CPnd_095-Ex1
SiC0106109A	Sin-CPnd_061-Ex1-9A-lcwgs-1-1	Sin-CPnd_061-Ex1
SiC0105009B	Sin-CPnd_050-Ex1-9B-lcwgs-1-1	Sin-CPnd_050-Ex1
SiC0106709C	Sin-CPnd_067-Ex1-9C-lcwgs-1-1	Sin-CPnd_067-Ex1
SiC0105809D	Sin-CPnd_058-Ex1-9D-lcwgs-1-1	Sin-CPnd_058-Ex1
SiC0108909E	Sin-CPnd_089-Ex1-9E-lcwgs-1-1	Sin-CPnd_089-Ex1
SiC0106309F	Sin-CPnd_063-Ex1-9F-lcwgs-1-1	Sin-CPnd_063-Ex1
SiC0105309G	Sin-CPnd_053-Ex1-9G-lcwgs-1-1	Sin-CPnd_053-Ex1
SiC0107909H	Sin-CPnd_079-Ex1-9H-lcwgs-1-1	Sin-CPnd_079-Ex1
SiC0107110A	Sin-CPnd_071-Ex1-10A-lcwgs-1-1	Sin-CPnd_071-Ex1
SiC0103010B	Sin-CPnd_030-Ex1-10B-lcwgs-1-1	Sin-CPnd_030-Ex1
SiC0109310C	Sin-CPnd_093-Ex1-10C-lcwgs-1-1	Sin-CPnd_093-Ex1
SiC0104210D	Sin-CPnd_042-Ex1-10D-lcwgs-1-1	Sin-CPnd_042-Ex1
SiC0107610E	Sin-CPnd_076-Ex1-10E-lcwgs-1-1	Sin-CPnd_076-Ex1
SiC0103910F	Sin-CPnd_039-Ex1-10F-lcwgs-1-1	Sin-CPnd_039-Ex1
SiC0108110G	Sin-CPnd_081-Ex1-10G-lcwgs-1-1	Sin-CPnd_081-Ex1
SiC0101110H	Sin-CPnd_011-Ex1-10H-lcwgs-1-1	Sin-CPnd_011-Ex1
SiC0101811A	Sin-CPnd_018-Ex1-11A-lcwgs-1-1	Sin-CPnd_018-Ex1
SiC0106511B	Sin-CPnd_065-Ex1-11B-lcwgs-1-1	Sin-CPnd_065-Ex1
SiC0103811C	Sin-CPnd_038-Ex1-11C-lcwgs-1-1	Sin-CPnd_038-Ex1
SiC0106211D	Sin-CPnd_062-Ex1-11D-lcwgs-1-1	Sin-CPnd_062-Ex1
SiC0104011E	Sin-CPnd_040-Ex1-11E-lcwgs-1-1	Sin-CPnd_040-Ex1
SiC0109211F	Sin-CPnd_092-Ex1-11F-lcwgs-1-1	Sin-CPnd_092-Ex1
SiC0107511G	Sin-CPnd_075-Ex1-11G-lcwgs-1-1	Sin-CPnd_075-Ex1
SiC0104511H	Sin-CPnd_045-Ex1-11H-lcwgs-1-1	Sin-CPnd_045-Ex1
SiC0107412A	Sin-CPnd_074-Ex1-12A-lcwgs-1-1	Sin-CPnd_074-Ex1
SiC0102312B	Sin-CPnd_023-Ex1-12B-lcwgs-1-1	Sin-CPnd_023-Ex1
SiC0102412C	Sin-CPnd_024-Ex1-12C-lcwgs-1-1	Sin-CPnd_024-Ex1
SiC0103512D	Sin-CPnd_035-Ex1-12D-lcwgs-1-1	Sin-CPnd_035-Ex1
SiC0102012E	Sin-CPnd_020-Ex1-12E-lcwgs-1-1	Sin-CPnd_020-Ex1
SiC0109012F	Sin-CPnd_090-Ex1-12F-lcwgs-1-1	Sin-CPnd_090-Ex1
SiC0105112G	Sin-CPnd_051-Ex1-12G-lcwgs-1-1	Sin-CPnd_051-Ex1
SiC0102812H	Sin-CPnd_028-Ex1-12H-lcwgs-1-1	Sin-CPnd_028-Ex1
SiC0109101A	Sin-CPnd_091-Ex1-1A-lcwgs-1-1	Sin-CPnd_091-Ex1
SiC0103301B	Sin-CPnd_033-Ex1-1B-lcwgs-1-1	Sin-CPnd_033-Ex1
SiC0104301C	Sin-CPnd_043-Ex1-1C-lcwgs-1-1	Sin-CPnd_043-Ex1
SiC0102201D	Sin-CPnd_022-Ex1-1D-lcwgs-1-1	Sin-CPnd_022-Ex1
SiC0101601E	Sin-CPnd_016-Ex1-1E-lcwgs-1-1	Sin-CPnd_016-Ex1
SiC0104101F	Sin-CPnd_041-Ex1-1F-lcwgs-1-1	Sin-CPnd_041-Ex1
SiC0102601G	Sin-CPnd_026-Ex1-1G-lcwgs-1-1	Sin-CPnd_026-Ex1
SiC0101901H	Sin-CPnd_019-Ex1-1H-lcwgs-1-1	Sin-CPnd_019-Ex1
SiC0108602A	Sin-CPnd_086-Ex1-2A-lcwgs-1-1	Sin-CPnd_086-Ex1
SiC0109502B	Sin-CPnd_095-Ex1-2B-lcwgs-1-1	Sin-CPnd_095-Ex1
SiC0104402C	Sin-CPnd_044-Ex1-2C-lcwgs-1-1	Sin-CPnd_044-Ex1
SiC0108802D	Sin-CPnd_088-Ex1-2D-lcwgs-1-1	Sin-CPnd_088-Ex1
SiC0108002E	Sin-CPnd_080-Ex1-2E-lcwgs-1-1	Sin-CPnd_080-Ex1
SiC0101002F	Sin-CPnd_010-Ex1-2F-lcwgs-1-1	Sin-CPnd_010-Ex1
SiC0101202G	Sin-CPnd_012-Ex1-2G-lcwgs-1-1	Sin-CPnd_012-Ex1
SiC0106002H	Sin-CPnd_060-Ex1-2H-lcwgs-1-1	Sin-CPnd_060-Ex1
SiC0102703A	Sin-CPnd_027-Ex1-3A-lcwgs-1-1	Sin-CPnd_027-Ex1
SiC0102503B	Sin-CPnd_025-Ex1-3B-lcwgs-1-1	Sin-CPnd_025-Ex1
SiC0103403C	Sin-CPnd_034-Ex1-3C-lcwgs-1-1	Sin-CPnd_034-Ex1
SiC0102103D	Sin-CPnd_021-Ex1-3D-lcwgs-1-1	Sin-CPnd_021-Ex1
SiC0103203E	Sin-CPnd_032-Ex1-3E-lcwgs-1-1	Sin-CPnd_032-Ex1
SiC0101403F	Sin-CPnd_014-Ex1-3F-lcwgs-1-1	Sin-CPnd_014-Ex1
SiC0103103G	Sin-CPnd_031-Ex1-3G-lcwgs-1-1	Sin-CPnd_031-Ex1
SiC0109403H	Sin-CPnd_094-Ex1-3H-lcwgs-1-1	Sin-CPnd_094-Ex1
SiC0101504A	Sin-CPnd_015-Ex1-4A-lcwgs-1-1	Sin-CPnd_015-Ex1
SiC0108704B	Sin-CPnd_087-Ex1-4B-lcwgs-1-1	Sin-CPnd_087-Ex1
SiC0104904C	Sin-CPnd_049-Ex1-4C-lcwgs-1-1	Sin-CPnd_049-Ex1
SiC0102904D	Sin-CPnd_029-Ex1-4D-lcwgs-1-1	Sin-CPnd_029-Ex1
SiC0101304E	Sin-CPnd_013-Ex1-4E-lcwgs-1-1	Sin-CPnd_013-Ex1
SiC0103704F	Sin-CPnd_037-Ex1-4F-lcwgs-1-1	Sin-CPnd_037-Ex1
SiC0101704G	Sin-CPnd_017-Ex1-4G-lcwgs-1-1	Sin-CPnd_017-Ex1
SiC0108504H	Sin-CPnd_085-Ex1-4H-lcwgs-1-1	Sin-CPnd_085-Ex1
SiA0400203G	Sin-APnd_002-Ex1-3G-lcwgs-1-1	Sin-APnd_002-Ex1
SiA0400303H	Sin-APnd_003-Ex1-3H-lcwgs-1-1	Sin-APnd_003-Ex1
SiA0400404A	Sin-APnd_004-Ex1-4A-lcwgs-1-1	Sin-APnd_004-Ex1
SiA0400504B	Sin-APnd_005-Ex1-4B-lcwgs-1-1	Sin-APnd_005-Ex1
SiA0400604C	Sin-APnd_006-Ex1-4C-lcwgs-1-1	Sin-APnd_006-Ex1
SiA0400704D	Sin-APnd_007-Ex1-4D-lcwgs-1-1	Sin-APnd_007-Ex1
SiA0400804E	Sin-APnd_008-Ex1-4E-lcwgs-1-1	Sin-APnd_008-Ex1
SiA0400904F	Sin-APnd_009-Ex1-4F-lcwgs-1-1	Sin-APnd_009-Ex1
SiA0401004G	Sin-APnd_010-Ex1-4G-lcwgs-1-1	Sin-APnd_010-Ex1
SiA0401104H	Sin-APnd_011-Ex1-4H-lcwgs-1-1	Sin-APnd_011-Ex1
SiA0401205A	Sin-APnd_012-Ex1-5A-lcwgs-1-1	Sin-APnd_012-Ex1
SiA0401305B	Sin-APnd_013-Ex1-5B-lcwgs-1-1	Sin-APnd_013-Ex1
SiA0401405C	Sin-APnd_014-Ex1-5C-lcwgs-1-1	Sin-APnd_014-Ex1
SiA0401505D	Sin-APnd_015-Ex1-5D-lcwgs-1-1	Sin-APnd_015-Ex1
SiA0401605E	Sin-APnd_016-Ex1-5E-lcwgs-1-1	Sin-APnd_016-Ex1
SiA0401705F	Sin-APnd_017-Ex1-5F-lcwgs-1-1	Sin-APnd_017-Ex1
SiA0401805G	Sin-APnd_018-Ex1-5G-lcwgs-1-1	Sin-APnd_018-Ex1
SiA0401905H	Sin-APnd_019-Ex1-5H-lcwgs-1-1	Sin-APnd_019-Ex1
SiA0402006A	Sin-APnd_020-Ex1-6A-lcwgs-1-1	Sin-APnd_020-Ex1
SiA0402106B	Sin-APnd_021-Ex1-6B-lcwgs-1-1	Sin-APnd_021-Ex1
SiA0402206C	Sin-APnd_022-Ex1-6C-lcwgs-1-1	Sin-APnd_022-Ex1
SiA0402306D	Sin-APnd_023-Ex1-6D-lcwgs-1-1	Sin-APnd_023-Ex1
SiA0402406E	Sin-APnd_024-Ex1-6E-lcwgs-1-1	Sin-APnd_024-Ex1
SiA0402506F	Sin-APnd_025-Ex1-6F-lcwgs-1-1	Sin-APnd_025-Ex1
SiA0400106G	Sin-APnd_001-Ex1-6G-lcwgs-1-1	Sin-APnd_001-Ex1
TbA0100107D	Tbi-ARos_001_Ex1b-7D-cssl-2-2	Tbi-ARos_001-Ex1
TbA0100207E	Tbi-ARos_002_Ex1b-7E-cssl-1-2	Tbi-ARos_002-Ex1
TbA0100307F	Tbi-ARos_003_Ex1b-7F-cssl-1-2	Tbi-ARos_003-Ex1
TbA0100407G	Tbi-ARos_004_Ex1b-7G-cssl-2-2	Tbi-ARos_004-Ex1
TbA0100507H	Tbi-ARos_005_Ex1b-7H-cssl-1-2	Tbi-ARos_005-Ex1
TbA0100608A	Tbi-ARos_006_Ex1b-8A-cssl-2-2	Tbi-ARos_006-Ex1
TbA0100708B	Tbi-ARos_007_Ex1b-8B-cssl-2-2	Tbi-ARos_007-Ex1
TbA0100808C	Tbi-ARos_008_Ex1b-8C-cssl-1-2	Tbi-ARos_008-Ex1
TbA0100908D	Tbi-ARos_009_Ex1b-8D-cssl-2-2	Tbi-ARos_009-Ex1
TbA0101008E	Tbi-ARos_010_Ex1b-8E-cssl-2-2	Tbi-ARos_010-Ex1
TbA0101108F	Tbi-ARos_011_Ex1b-8F-cssl-2-2	Tbi-ARos_011-Ex1
TbA0101208G	Tbi-ARos_012_Ex1b-8G-cssl-2-2	Tbi-ARos_012-Ex1
TbA0101308H	Tbi-ARos_013_Ex1b-8H-cssl-1-2	Tbi-ARos_013-Ex1
TbA0101409A	Tbi-ARos_014_Ex1b-9A-cssl-2-2	Tbi-ARos_014-Ex1
TbA0101509B	Tbi-ARos_015_Ex1b-9B-cssl-2-2	Tbi-ARos_015-Ex1
TbA0101609C	Tbi-ARos_016_Ex1b-9C-cssl-1-2	Tbi-ARos_016-Ex1
TbA0101709D	Tbi-ARos_017_Ex1b-9D-cssl-1-2	Tbi-ARos_017-Ex1
TbA0101809E	Tbi-ARos_018_Ex1b-9E9E-cssl-1and2-2	Tbi-ARos_018-Ex1
TbA0101909F	Tbi-ARos_019_Ex1b-9F9F-cssl-1and2-2	Tbi-ARos_019-Ex1
TbA0102009G	Tbi-ARos_020_Ex1b-9G-cssl-1-2	Tbi-ARos_020-Ex1
TbA0102109H	Tbi-ARos_021_Ex1b-9H-cssl-2-2	Tbi-ARos_021-Ex1
TbA0102210A	Tbi-ARos_022_Ex1b-10A-cssl-1-2	Tbi-ARos_022-Ex1
TbA0102310B	Tbi-ARos_023_Ex1b-10B10B-cssl-1and2-2	Tbi-ARos_023-Ex1
TbA0102410C	Tbi-ARos_024_Ex1b-10C-cssl-2-2	Tbi-ARos_024-Ex1
TbA0102510D	Tbi-ARos_025_Ex1b-10D10D-cssl-1and2-2	Tbi-ARos_025-Ex1
TbA0102610E	Tbi-ARos_026_Ex1b-10E-cssl-1-2	Tbi-ARos_026-Ex1
TbA0102810G	Tbi-ARos_028_Ex1b-10G10G-cssl-1and2-2	Tbi-ARos_028-Ex1
TbA0102910H	Tbi-ARos_029_Ex1b-10H10H-cssl-1and2-2	Tbi-ARos_029-Ex1
TbA0103011A	Tbi-ARos_030_Ex1b-11A11A-cssl-1and2-2	Tbi-ARos_030-Ex1
TbA0103211C	Tbi-ARos_032_Ex1b-11C11C-cssl-1and2-2	Tbi-ARos_032-Ex1
TbA0103311D	Tbi-ARos_033_Ex1b-11D11D-cssl-1and2-2	Tbi-ARos_033-Ex1
TbA01001	Tbi-ARos_001_Ex1b	Tbi-ARos_001-Ex1
TbA01002	Tbi-ARos_002_Ex1b	Tbi-ARos_002-Ex1
TbA01003	Tbi-ARos_003_Ex1b	Tbi-ARos_003-Ex1
TbA01004	Tbi-ARos_004_Ex1b	Tbi-ARos_004-Ex1
TbA01005	Tbi-ARos_005_Ex1b	Tbi-ARos_005-Ex1
TbA01006	Tbi-ARos_006_Ex1b	Tbi-ARos_006-Ex1
TbA01007	Tbi-ARos_007_Ex1b	Tbi-ARos_007-Ex1
TbA01008	Tbi-ARos_008_Ex1b	Tbi-ARos_008-Ex1
TbA01009	Tbi-ARos_009_Ex1b	Tbi-ARos_009-Ex1
TbA01010	Tbi-ARos_010_Ex1b	Tbi-ARos_010-Ex1
TbA01011	Tbi-ARos_011_Ex1b	Tbi-ARos_011-Ex1
TbA01012	Tbi-ARos_012_Ex1b	Tbi-ARos_012-Ex1
TbA01013	Tbi-ARos_013_Ex1b	Tbi-ARos_013-Ex1
TbA01014	Tbi-ARos_014_Ex1b	Tbi-ARos_014-Ex1
TbA01015	Tbi-ARos_015_Ex1b	Tbi-ARos_015-Ex1
TbA01016	Tbi-ARos_016_Ex1b	Tbi-ARos_016-Ex1
TbA01017	Tbi-ARos_017_Ex1b	Tbi-ARos_017-Ex1
TbA01018	Tbi-ARos_018_Ex1b	Tbi-ARos_018-Ex1
TbA01019	Tbi-ARos_019_Ex1b	Tbi-ARos_019-Ex1
TbA01020	Tbi-ARos_020_Ex1b	Tbi-ARos_020-Ex1
TbA01021	Tbi-ARos_021_Ex1b	Tbi-ARos_021-Ex1
TbA01022	Tbi-ARos_022_Ex1b	Tbi-ARos_022-Ex1
TbA01023	Tbi-ARos_023_Ex1b	Tbi-ARos_023-Ex1
TbA01024	Tbi-ARos_024_Ex1b	Tbi-ARos_024-Ex1
TbA01025	Tbi-ARos_025_Ex1b	Tbi-ARos_025-Ex1
TbA01026	Tbi-ARos_026_Ex1b	Tbi-ARos_026-Ex1
TbA01028	Tbi-ARos_028_Ex1b	Tbi-ARos_028-Ex1
TbA01029	Tbi-ARos_029_Ex1b	Tbi-ARos_029-Ex1
TbA01030	Tbi-ARos_030_Ex1b	Tbi-ARos_030-Ex1
TbA01032	Tbi-ARos_032_Ex1b	Tbi-ARos_032-Ex1
TbA01033	Tbi-ARos_033_Ex1b	Tbi-ARos_033-Ex1
TbC01001	Tbi-CJos_001_Ex1	Tbi-CJos_001-Ex1
TbC01004	Tbi-CJos_004_Ex1	Tbi-CJos_004-Ex1
TbC01005	Tbi-CJos_005_Ex1	Tbi-CJos_005-Ex1
TbC01006	Tbi-CJos_006_Ex1	Tbi-CJos_006-Ex1
TbC01007	Tbi-CJos_007_Ex1	Tbi-CJos_007-Ex1
TbC01008	Tbi-CJos_008_Ex1	Tbi-CJos_008-Ex1
TbC01009	Tbi-CJos_009_Ex1	Tbi-CJos_009-Ex1
TbC01010	Tbi-CJos_010_Ex1	Tbi-CJos_010-Ex1
TbC01011	Tbi-CJos_011_Ex1	Tbi-CJos_011-Ex1
TbC01012	Tbi-CJos_012_Ex1	Tbi-CJos_012-Ex1
TbC01013	Tbi-CJos_013_Ex1	Tbi-CJos_013-Ex1
TbC01014	Tbi-CJos_014_Ex1	Tbi-CJos_014-Ex1
TbC01015	Tbi-CJos_015_Ex1	Tbi-CJos_015-Ex1
TbC01016	Tbi-CJos_016_Ex1	Tbi-CJos_016-Ex1
TbC01017	Tbi-CJos_017_Ex1	Tbi-CJos_017-Ex1
TbC01018	Tbi-CJos_018_Ex1	Tbi-CJos_018-Ex1
TbC01020	Tbi-CJos_020_Ex1	Tbi-CJos_020-Ex1
TbC01022	Tbi-CJos_022_Ex1	Tbi-CJos_022-Ex1
TbC01023	Tbi-CJos_023_Ex1	Tbi-CJos_023-Ex1
TbC01025	Tbi-CJos_025_Ex1	Tbi-CJos_025-Ex1
TbC01026	Tbi-CJos_026_Ex1	Tbi-CJos_026-Ex1
TbC01027	Tbi-CJos_027_Ex1	Tbi-CJos_027-Ex1
TbC01028	Tbi-CJos_028_Ex1	Tbi-CJos_028-Ex1
TbC01029	Tbi-CJos_029_Ex1	Tbi-CJos_029-Ex1
TbC01030	Tbi-CJos_030_Ex1	Tbi-CJos_030-Ex1
TbC01031	Tbi-CJos_031_Ex1	Tbi-CJos_031-Ex1
TbC01032	Tbi-CJos_032_Ex1	Tbi-CJos_032-Ex1
TbC01033	Tbi-CJos_033_Ex1	Tbi-CJos_033-Ex1
TbC01034	Tbi-CJos_034_Ex1	Tbi-CJos_034-Ex1
TbC01035	Tbi-CJos_035_Ex1	Tbi-CJos_035-Ex1
TbC01036	Tbi-CJos_036_Ex1	Tbi-CJos_036-Ex1
TbC01037	Tbi-CJos_037_Ex1	Tbi-CJos_037-Ex1
TbC01038	Tbi-CJos_038_Ex1	Tbi-CJos_038-Ex1
TbC01039	Tbi-CJos_039_Ex1	Tbi-CJos_039-Ex1
TbC01040	Tbi-CJos_040_Ex1	Tbi-CJos_040-Ex1
TbC01041	Tbi-CJos_041_Ex1	Tbi-CJos_041-Ex1
TbC01042	Tbi-CJos_042_Ex1	Tbi-CJos_042-Ex1
TbC01043	Tbi-CJos_043_Ex1	Tbi-CJos_043-Ex1
TbC01044	Tbi-CJos_044_Ex1	Tbi-CJos_044-Ex1
TbC01046	Tbi-CJos_046_Ex1	Tbi-CJos_046-Ex1
TbC01048	Tbi-CJos_048_Ex1	Tbi-CJos_048-Ex1
TbC01052	Tbi-CJos_052_Ex1	Tbi-CJos_052-Ex1
TbC01053	Tbi-CJos_053_Ex1	Tbi-CJos_053-Ex1
TbC01055	Tbi-CJos_055_Ex1	Tbi-CJos_055-Ex1
TbC01056	Tbi-CJos_056_Ex1	Tbi-CJos_056-Ex1
TbC01057	Tbi-CJos_057_Ex1	Tbi-CJos_057-Ex1
TbC01059	Tbi-CJos_059_Ex1	Tbi-CJos_059-Ex1
TbC01060	Tbi-CJos_060_Ex1	Tbi-CJos_060-Ex1
TbC01067	Tbi-CJos_067_Ex1	Tbi-CJos_067-Ex1
TbC01068	Tbi-CJos_068_Ex1	Tbi-CJos_068-Ex1
TbC01070	Tbi-CJos_070_Ex1	Tbi-CJos_070-Ex1
TbC01071	Tbi-CJos_071_Ex1	Tbi-CJos_071-Ex1
TbC01072	Tbi-CJos_072_Ex1	Tbi-CJos_072-Ex1
TbC01073	Tbi-CJos_073_Ex1	Tbi-CJos_073-Ex1
TbC01080	Tbi-CJos_080_Ex1	Tbi-CJos_080-Ex1
TbC01081	Tbi-CJos_081_Ex1	Tbi-CJos_081-Ex1
TbC01085	Tbi-CJos_085_Ex1	Tbi-CJos_085-Ex1
TbC01086	Tbi-CJos_086_Ex1	Tbi-CJos_086-Ex1
TbC01087	Tbi-CJos_087_Ex1	Tbi-CJos_087-Ex1
TbC01091	Tbi-CJos_091_Ex1	Tbi-CJos_091-Ex1
TbC01092	Tbi-CJos_092_Ex1	Tbi-CJos_092-Ex1
TbC01093	Tbi-CJos_093_Ex1	Tbi-CJos_093-Ex1
TbC01095	Tbi-CJos_095_Ex1	Tbi-CJos_095-Ex1
TzA0200808A	Tzo-ABol_008-Ex1-8A-lcwgs-1-2	Tzo-ABol_008-Ex1
TzA0200909A	Tzo-ABol_009-Ex1-9A-lcwgs-1-2	Tzo-ABol_009-Ex1
TzA0201010A	Tzo-ABol_010-Ex1-10A-lcwgs-1-2	Tzo-ABol_010-Ex1
TzA0202008B	Tzo-ABol_020-Ex1-8B-lcwgs-1-2	Tzo-ABol_020-Ex1
TzA0202311B	Tzo-ABol_023-Ex1-11B-lcwgs-1-2	Tzo-ABol_023-Ex1
TzA0202602C	Tzo-ABol_026-Ex1-2C-lcwgs-1-2	Tzo-ABol_026-Ex1
TzA0203006C	Tzo-ABol_030-Ex1-6C-lcwgs-1-2	Tzo-ABol_030-Ex1
TzA0203410C	Tzo-ABol_034-Ex1-10C-lcwgs-1-2	Tzo-ABol_034-Ex1
TzA0203612C	Tzo-ABol_036-Ex1-12C-lcwgs-1-2	Tzo-ABol_036-Ex1
TzA0203802D	Tzo-ABol_038-Ex1-2D-lcwgs-1-2	Tzo-ABol_038-Ex1
TzA0204307D	Tzo-ABol_043-Ex1-7D-lcwgs-1-2	Tzo-ABol_043-Ex1
TzA0204408D	Tzo-ABol_044-Ex1-8D-lcwgs-1-2	Tzo-ABol_044-Ex1
TzA0204509D	Tzo-ABol_045-Ex1-9D-lcwgs-1-2	Tzo-ABol_045-Ex1
TzA0204711D	Tzo-ABol_047-Ex1-11D-lcwgs-1-2	Tzo-ABol_047-Ex1
TzA0205002E	Tzo-ABol_050-Ex1-2E-lcwgs-1-2	Tzo-ABol_050-Ex1
TzA0205204E	Tzo-ABol_052-Ex1-4E-lcwgs-1-2	Tzo-ABol_052-Ex1
TzA0205305E	Tzo-ABol_053-Ex1-5E-lcwgs-1-2	Tzo-ABol_053-Ex1
TzA0205406E	Tzo-ABol_054-Ex1-6E-lcwgs-1-2	Tzo-ABol_054-Ex1
TzA0205507E	Tzo-ABol_055-Ex1-7E-lcwgs-1-2	Tzo-ABol_055-Ex1
TzA0205608E	Tzo-ABol_056-Ex1-8E-lcwgs-1-2	Tzo-ABol_056-Ex1
TzA0205709E	Tzo-ABol_057-Ex1-9E-lcwgs-1-2	Tzo-ABol_057-Ex1
TzA0205810E	Tzo-ABol_058-Ex1-10E-lcwgs-1-2	Tzo-ABol_058-Ex1
TzA0205911E	Tzo-ABol_059-Ex1-11E-lcwgs-1-2	Tzo-ABol_059-Ex1
TzA0206012E	Tzo-ABol_060-Ex1-12E-lcwgs-1-2	Tzo-ABol_060-Ex1
TzA0206101F	Tzo-ABol_061-Ex1-1F-lcwgs-1-2	Tzo-ABol_061-Ex1
TzA0206202F	Tzo-ABol_062-Ex1-2F-lcwgs-1-2	Tzo-ABol_062-Ex1
TzA0206505F	Tzo-ABol_065-Ex1-5F-lcwgs-1-2	Tzo-ABol_065-Ex1
TzA0206606F	Tzo-ABol_066-Ex1-6F-lcwgs-1-2	Tzo-ABol_066-Ex1
TzA0206707F	Tzo-ABol_067-Ex1-7F-lcwgs-1-2	Tzo-ABol_067-Ex1
TzA0206808F	Tzo-ABol_068-Ex1-8F-lcwgs-1-2	Tzo-ABol_068-Ex1
TzA0206909F	Tzo-ABol_069-Ex1-9F-lcwgs-1-2	Tzo-ABol_069-Ex1
TzA0207212F	Tzo-ABol_072-Ex1-12F-lcwgs-1-2	Tzo-ABol_072-Ex1
TzA0207301G	Tzo-ABol_073-Ex1-1G-lcwgs-1-2	Tzo-ABol_073-Ex1
TzA0207503G	Tzo-ABol_075-Ex1-3G-lcwgs-1-2	Tzo-ABol_075-Ex1
TzA0207604G	Tzo-ABol_076-Ex1-4G-lcwgs-1-2	Tzo-ABol_076-Ex1
TzA0207705G	Tzo-ABol_077-Ex1-5G-lcwgs-1-2	Tzo-ABol_077-Ex1
TzA0207806G	Tzo-ABol_078-Ex1-6G-lcwgs-1-2	Tzo-ABol_078-Ex1
TzA0207907G	Tzo-ABol_079-Ex1-7G-lcwgs-1-2	Tzo-ABol_079-Ex1
TzA0208008G	Tzo-ABol_080-Ex1-8G-lcwgs-1-2	Tzo-ABol_080-Ex1
TzA0208109G	Tzo-ABol_081-Ex1-9G-lcwgs-1-2	Tzo-ABol_081-Ex1
TzA0208210G	Tzo-ABol_082-Ex1-10G-lcwgs-1-2	Tzo-ABol_082-Ex1
TzA0208311G	Tzo-ABol_083-Ex1-11G-lcwgs-1-2	Tzo-ABol_083-Ex1
TzA0208412G	Tzo-ABol_084-Ex1-12G-lcwgs-1-2	Tzo-ABol_084-Ex1
TzA0208501H	Tzo-ABol_085-Ex1-1H-lcwgs-1-2	Tzo-ABol_085-Ex1
TzA0208602H	Tzo-ABol_086-Ex1-2H-lcwgs-1-2	Tzo-ABol_086-Ex1
TzA0208703H	Tzo-ABol_087-Ex1-3H-lcwgs-1-2	Tzo-ABol_087-Ex1
TzA0209107H	Tzo-ABol_091-Ex1-7H-lcwgs-1-2	Tzo-ABol_091-Ex1
TzA0209208H	Tzo-ABol_092-Ex1-8H-lcwgs-1-2	Tzo-ABol_092-Ex1
TzA0400105D	Tzo-AMta_001-Ex1-5D-lcwgs-1-2	Tzo-AMta_001-Ex1
TzA0400205E	Tzo-AMta_002-Ex1-5E-lcwgs-1-2	Tzo-AMta_002-Ex1
TzA0400305F	Tzo-AMta_003-Ex1-5F-lcwgs-1-2	Tzo-AMta_003-Ex1
TzA0400405G	Tzo-AMta_004-Ex1-5G-lcwgs-1-2	Tzo-AMta_004-Ex1
TzA0400505H	Tzo-AMta_005-Ex1-5H-lcwgs-1-2	Tzo-AMta_005-Ex1
TzA0400601B	Tzo-AMta_006-Ex1-1B-lcwgs-2-2	Tzo-AMta_006-Ex1
TzA0400606A	Tzo-AMta_006-Ex1-6A-lcwgs-1-2	Tzo-AMta_006-Ex1
TzA0400706B	Tzo-AMta_007-Ex1-6B-lcwgs-1-2	Tzo-AMta_007-Ex1
TzA0400806C	Tzo-AMta_008-Ex1-6C-lcwgs-1-2	Tzo-AMta_008-Ex1
TzA0400906D	Tzo-AMta_009-Ex1-6D-lcwgs-1-2	Tzo-AMta_009-Ex1
TzA0401006E	Tzo-AMta_010-Ex1-6E-lcwgs-1-2	Tzo-AMta_010-Ex1
TzA0401106F	Tzo-AMta_011-Ex1-6F-lcwgs-1-2	Tzo-AMta_011-Ex1
TzA0401206G	Tzo-AMta_012-Ex1-6G-lcwgs-1-2	Tzo-AMta_012-Ex1
TzA0401306H	Tzo-AMta_013-Ex1-6H-lcwgs-1-2	Tzo-AMta_013-Ex1
TzA0401407A	Tzo-AMta_014-Ex1-7A-lcwgs-1-2	Tzo-AMta_014-Ex1
TzA0401507B	Tzo-AMta_015-Ex1-7B-lcwgs-1-2	Tzo-AMta_015-Ex1
TzA0401607C	Tzo-AMta_016-Ex1-7C-lcwgs-1-2	Tzo-AMta_016-Ex1
TzA0401707D	Tzo-AMta_017-Ex1-7D-lcwgs-1-2	Tzo-AMta_017-Ex1
TzA0401807E	Tzo-AMta_018-Ex1-7E-lcwgs-1-2	Tzo-AMta_018-Ex1
TzA0401907F	Tzo-AMta_019-Ex1-7F-lcwgs-1-2	Tzo-AMta_019-Ex1
TzA0402007G	Tzo-AMta_020-Ex1-7G-lcwgs-1-2	Tzo-AMta_020-Ex1
TzA0402107H	Tzo-AMta_021-Ex1-7H-lcwgs-1-2	Tzo-AMta_021-Ex1
TzA0402208A	Tzo-AMta_022-Ex1-8A-lcwgs-1-2	Tzo-AMta_022-Ex1
TzA0402308B	Tzo-AMta_023-Ex1-8B-lcwgs-1-2	Tzo-AMta_023-Ex1
TzA0402408C	Tzo-AMta_024-Ex1-8C-lcwgs-1-2	Tzo-AMta_024-Ex1
TzA0402501E	Tzo-AMta_025-Ex1-1E-lcwgs-2-2	Tzo-AMta_025-Ex1
TzA0402508D	Tzo-AMta_025-Ex1-8D-lcwgs-1-2	Tzo-AMta_025-Ex1
TzA0402608E	Tzo-AMta_026-Ex1-8E-lcwgs-1-2	Tzo-AMta_026-Ex1
TzA0402701C	Tzo-AMta_027-Ex1-1C-lcwgs-2-2	Tzo-AMta_027-Ex1
TzA0402708F	Tzo-AMta_027-Ex1-8F-lcwgs-1-2	Tzo-AMta_027-Ex1
TzA0402808G	Tzo-AMta_028-Ex1-8G-lcwgs-1-2	Tzo-AMta_028-Ex1
TzA0402908H	Tzo-AMta_029-Ex1-8H-lcwgs-1-2	Tzo-AMta_029-Ex1
TzA0403009A	Tzo-AMta_030-Ex1-9A-lcwgs-1-2	Tzo-AMta_030-Ex1
TzA0403109B	Tzo-AMta_031-Ex1-9B-lcwgs-1-2	Tzo-AMta_031-Ex1
TzA0100101A	Tzo-AMvi_001-Ex1-1A-lcwgs-1-2	Tzo-AMvi_001-Ex1
TzA0100201E	Tzo-AMvi_002-Ex1-1E-lcwgs-1-2	Tzo-AMvi_002-Ex1
TzA0100302A	Tzo-AMvi_003-Ex1-2A-lcwgs-1-2	Tzo-AMvi_003-Ex1
TzA0100402E	Tzo-AMvi_004-Ex1-2E-lcwgs-1-2	Tzo-AMvi_004-Ex1
TzA0100503A	Tzo-AMvi_005-Ex1-3A-lcwgs-1-2	Tzo-AMvi_005-Ex1
TzA0100601A	Tzo-AMvi_006-Ex1-1A-lcwgs-2-2	Tzo-AMvi_006-Ex1
TzA0100704A	Tzo-AMvi_007-Ex1-4A-lcwgs-1-2	Tzo-AMvi_007-Ex1
TzA0100801B	Tzo-AMvi_008-Ex1-1B-lcwgs-2-2	Tzo-AMvi_008-Ex1
TzA0100905A	Tzo-AMvi_009-Ex1-5A-lcwgs-1-2	Tzo-AMvi_009-Ex1
TzA0101005E	Tzo-AMvi_010-Ex1-5E-lcwgs-1-2	Tzo-AMvi_010-Ex1
TzA0101106A	Tzo-AMvi_011-Ex1-6A-lcwgs-1-2	Tzo-AMvi_011-Ex1
TzA0101206E	Tzo-AMvi_012-Ex1-6E-lcwgs-1-2	Tzo-AMvi_012-Ex1
TzA0101301B	Tzo-AMvi_013-Ex1-1B-lcwgs-1-2	Tzo-AMvi_013-Ex1
TzA0101401C	Tzo-AMvi_014-Ex1-1C-lcwgs-2-2	Tzo-AMvi_014-Ex1
TzA0101502B	Tzo-AMvi_015-Ex1-2B-lcwgs-1-2	Tzo-AMvi_015-Ex1
TzA0101602F	Tzo-AMvi_016-Ex1-2F-lcwgs-1-2	Tzo-AMvi_016-Ex1
TzA0101703B	Tzo-AMvi_017-Ex1-3B-lcwgs-1-2	Tzo-AMvi_017-Ex1
TzA0101803F	Tzo-AMvi_018-Ex1-3F-lcwgs-1-2	Tzo-AMvi_018-Ex1
TzA0101901D	Tzo-AMvi_019-Ex1-1D-lcwgs-2-2	Tzo-AMvi_019-Ex1
TzA0102004F	Tzo-AMvi_020-Ex1-4F-lcwgs-1-2	Tzo-AMvi_020-Ex1
TzA0102101E	Tzo-AMvi_021-Ex1-1E-lcwgs-2-2	Tzo-AMvi_021-Ex1
TzA0102205F	Tzo-AMvi_022-Ex1-5F-lcwgs-1-2	Tzo-AMvi_022-Ex1
TzA0102306B	Tzo-AMvi_023-Ex1-6B-lcwgs-1-2	Tzo-AMvi_023-Ex1
TzA0102406F	Tzo-AMvi_024-Ex1-6F-lcwgs-1-2	Tzo-AMvi_024-Ex1
TzA0102501C	Tzo-AMvi_025-Ex1-1C-lcwgs-1-2	Tzo-AMvi_025-Ex1
TzA0102601G	Tzo-AMvi_026-Ex1-1G-lcwgs-1-2	Tzo-AMvi_026-Ex1
TzA0102702C	Tzo-AMvi_027-Ex1-2C-lcwgs-1-2	Tzo-AMvi_027-Ex1
TzA0102802G	Tzo-AMvi_028-Ex1-2G-lcwgs-1-2	Tzo-AMvi_028-Ex1
TzA0102903C	Tzo-AMvi_029-Ex1-3C-lcwgs-1-2	Tzo-AMvi_029-Ex1
TzA0103003G	Tzo-AMvi_030-Ex1-3G-lcwgs-1-2	Tzo-AMvi_030-Ex1
TzA0103104C	Tzo-AMvi_031-Ex1-4C-lcwgs-1-2	Tzo-AMvi_031-Ex1
TzA0103204G	Tzo-AMvi_032-Ex1-4G-lcwgs-1-2	Tzo-AMvi_032-Ex1
TzA0103305C	Tzo-AMvi_033-Ex1-5C-lcwgs-1-2	Tzo-AMvi_033-Ex1
TzA0103405G	Tzo-AMvi_034-Ex1-5G-lcwgs-1-2	Tzo-AMvi_034-Ex1
TzA0103506C	Tzo-AMvi_035-Ex1-6C-lcwgs-1-2	Tzo-AMvi_035-Ex1
TzA0103606G	Tzo-AMvi_036-Ex1-6G-lcwgs-1-2	Tzo-AMvi_036-Ex1
TzA0103701D	Tzo-AMvi_037-Ex1-1D-lcwgs-1-2	Tzo-AMvi_037-Ex1
TzA0103801H	Tzo-AMvi_038-Ex1-1H-lcwgs-1-2	Tzo-AMvi_038-Ex1
TzA0103902D	Tzo-AMvi_039-Ex1-2D-lcwgs-1-2	Tzo-AMvi_039-Ex1
TzA0104002H	Tzo-AMvi_040-Ex1-2H-lcwgs-1-2	Tzo-AMvi_040-Ex1
TzA0104103D	Tzo-AMvi_041-Ex1-3D-lcwgs-1-2	Tzo-AMvi_041-Ex1
TzA0104203H	Tzo-AMvi_042-Ex1-3H-lcwgs-1-2	Tzo-AMvi_042-Ex1
TzA0104304D	Tzo-AMvi_043-Ex1-4D-lcwgs-1-2	Tzo-AMvi_043-Ex1
TzA0104404H	Tzo-AMvi_044-Ex1-4H-lcwgs-1-2	Tzo-AMvi_044-Ex1
TzA0104505D	Tzo-AMvi_045-Ex1-5D-lcwgs-1-2	Tzo-AMvi_045-Ex1
TzA0104605H	Tzo-AMvi_046-Ex1-5H-lcwgs-1-2	Tzo-AMvi_046-Ex1
TzA0104706D	Tzo-AMvi_047-Ex1-6D-lcwgs-1-2	Tzo-AMvi_047-Ex1
TzA0104806H	Tzo-AMvi_048-Ex1-6H-lcwgs-1-2	Tzo-AMvi_048-Ex1
TzC0300103F	Tzo-CMal_001-Ex1-3F-lcwgs-1-2	Tzo-CMal_001-Ex1
TzC0300203G	Tzo-CMal_002-Ex1-3G-lcwgs-1-2	Tzo-CMal_002-Ex1
TzC0300303H	Tzo-CMal_003-Ex1-3H-lcwgs-1-2	Tzo-CMal_003-Ex1
TzC0300404A	Tzo-CMal_004-Ex1-4A-lcwgs-1-2	Tzo-CMal_004-Ex1
TzC0300504B	Tzo-CMal_005-Ex1-4B-lcwgs-1-2	Tzo-CMal_005-Ex1
TzC0300604C	Tzo-CMal_006-Ex1-4C-lcwgs-1-2	Tzo-CMal_006-Ex1
TzC0300704D	Tzo-CMal_007-Ex1-4D-lcwgs-1-2	Tzo-CMal_007-Ex1
TzC0300804E	Tzo-CMal_008-Ex1-4E-lcwgs-1-2	Tzo-CMal_008-Ex1
TzC0300904F	Tzo-CMal_009-Ex1-4F-lcwgs-1-2	Tzo-CMal_009-Ex1
TzC0301004G	Tzo-CMal_010-Ex1-4G-lcwgs-1-2	Tzo-CMal_010-Ex1
TzC0301104H	Tzo-CMal_011-Ex1-4H-lcwgs-1-2	Tzo-CMal_011-Ex1
TzC0301205A	Tzo-CMal_012-Ex1-5A-lcwgs-1-2	Tzo-CMal_012-Ex1
TzC0301305B	Tzo-CMal_013-Ex1-5B-lcwgs-1-2	Tzo-CMal_013-Ex1
TzC0301405C	Tzo-CMal_014-Ex1-5C-lcwgs-1-2	Tzo-CMal_014-Ex1
TzC0301505D	Tzo-CMal_015-Ex1-5D-lcwgs-1-2	Tzo-CMal_015-Ex1
TzC0301605E	Tzo-CMal_016-Ex1-5E-lcwgs-1-2	Tzo-CMal_016-Ex1
TzC0301705F	Tzo-CMal_017-Ex1-5F-lcwgs-1-2	Tzo-CMal_017-Ex1
TzC0301805G	Tzo-CMal_018-Ex1-5G-lcwgs-1-2	Tzo-CMal_018-Ex1
TzC0301905H	Tzo-CMal_019-Ex1-5H-lcwgs-1-2	Tzo-CMal_019-Ex1
TzC0302006A	Tzo-CMal_020-Ex1-6A-lcwgs-1-2	Tzo-CMal_020-Ex1
TzC0302106B	Tzo-CMal_021-Ex1-6B-lcwgs-1-2	Tzo-CMal_021-Ex1
TzC0302206C	Tzo-CMal_022-Ex1-6C-lcwgs-1-2	Tzo-CMal_022-Ex1
TzC0302306D	Tzo-CMal_023-Ex1-6D-lcwgs-1-2	Tzo-CMal_023-Ex1
TzC0302506F	Tzo-CMal_025-Ex1-6F-lcwgs-1-2	Tzo-CMal_025-Ex1
TzC0302606G	Tzo-CMal_026-Ex1-6G-lcwgs-1-2	Tzo-CMal_026-Ex1
TzC0302807A	Tzo-CMal_028-Ex1-7A-lcwgs-1-2	Tzo-CMal_028-Ex1
TzC0302907B	Tzo-CMal_029-Ex1-7B-lcwgs-1-2	Tzo-CMal_029-Ex1
TzC0303007C	Tzo-CMal_030-Ex1-7C-lcwgs-1-2	Tzo-CMal_030-Ex1
TzC0303107D	Tzo-CMal_031-Ex1-7D-lcwgs-1-2	Tzo-CMal_031-Ex1
TzC0303207E	Tzo-CMal_032-Ex1-7E-lcwgs-1-2	Tzo-CMal_032-Ex1
TzC0303307F	Tzo-CMal_033-Ex1-7F-lcwgs-1-2	Tzo-CMal_033-Ex1
TzC0303407G	Tzo-CMal_034-Ex1-7G-lcwgs-1-2	Tzo-CMal_034-Ex1
TzC0303507H	Tzo-CMal_035-Ex1-7H-lcwgs-1-2	Tzo-CMal_035-Ex1
TzC0303608A	Tzo-CMal_036-Ex1-8A-lcwgs-1-2	Tzo-CMal_036-Ex1
TzC0303708B	Tzo-CMal_037-Ex1-8B-lcwgs-1-2	Tzo-CMal_037-Ex1
TzC0303808C	Tzo-CMal_038-Ex1-8C-lcwgs-1-2	Tzo-CMal_038-Ex1
TzC0304008E	Tzo-CMal_040-Ex1-8E-lcwgs-1-2	Tzo-CMal_040-Ex1
TzC0304208G	Tzo-CMal_042-Ex1-8G-lcwgs-1-2	Tzo-CMal_042-Ex1
TzC0304409A	Tzo-CMal_044-Ex1-9A-lcwgs-1-2	Tzo-CMal_044-Ex1
TzC0304609C	Tzo-CMal_046-Ex1-9C-lcwgs-1-2	Tzo-CMal_046-Ex1
TzC0304709D	Tzo-CMal_047-Ex1-9D-lcwgs-1-2	Tzo-CMal_047-Ex1
TzC0305210A	Tzo-CMal_052-Ex1-10A-lcwgs-1-2	Tzo-CMal_052-Ex1
TzC0305310B	Tzo-CMal_053-Ex1-10B-lcwgs-1-2	Tzo-CMal_053-Ex1
TzC0305610E	Tzo-CMal_056-Ex1-10E-lcwgs-1-2	Tzo-CMal_056-Ex1
TzC0305810G	Tzo-CMal_058-Ex1-10G-lcwgs-1-2	Tzo-CMal_058-Ex1
TzC0306011A	Tzo-CMal_060-Ex1-11A-lcwgs-1-2	Tzo-CMal_060-Ex1
TzC0306211C	Tzo-CMal_062-Ex1-11C-lcwgs-1-2	Tzo-CMal_062-Ex1
TzC0306311D	Tzo-CMal_063-Ex1-11D-lcwgs-1-2	Tzo-CMal_063-Ex1
TzC0200109A	Tzo-CMta_001-Ex1-9A-lcwgs-1-2	Tzo-CMta_001-Ex1
TzC0200209B	Tzo-CMta_002-Ex1-9B-lcwgs-1-2	Tzo-CMta_002-Ex1
TzC0200509E	Tzo-CMta_005-Ex1-9E-lcwgs-1-2	Tzo-CMta_005-Ex1
TzC0200910A	Tzo-CMta_009-Ex1-10A-lcwgs-1-2	Tzo-CMta_009-Ex1
TzC0201010B	Tzo-CMta_010-Ex1-10B-lcwgs-1-2	Tzo-CMta_010-Ex1
TzC0201210D	Tzo-CMta_012-Ex1-10D-lcwgs-1-2	Tzo-CMta_012-Ex1
TzC0201410F	Tzo-CMta_014-Ex1-10F-lcwgs-1-2	Tzo-CMta_014-Ex1
TzC0201610H	Tzo-CMta_016-Ex1-10H-lcwgs-1-2	Tzo-CMta_016-Ex1
TzC0201711A	Tzo-CMta_017-Ex1-11A-lcwgs-1-2	Tzo-CMta_017-Ex1
TzC0202011D	Tzo-CMta_020-Ex1-11D-lcwgs-1-2	Tzo-CMta_020-Ex1
TzC0202111E	Tzo-CMta_021-Ex1-11E-lcwgs-1-2	Tzo-CMta_021-Ex1
TzC0202211F	Tzo-CMta_022-Ex1-11F-lcwgs-1-2	Tzo-CMta_022-Ex1
TzC0202411H	Tzo-CMta_024-Ex1-11H-lcwgs-1-2	Tzo-CMta_024-Ex1
TzC0202512A	Tzo-CMta_025-Ex1-12A-lcwgs-1-2	Tzo-CMta_025-Ex1
TzC0202612B	Tzo-CMta_026-Ex1-12B-lcwgs-1-2	Tzo-CMta_026-Ex1
TzC0202712C	Tzo-CMta_027-Ex1-12C-lcwgs-1-2	Tzo-CMta_027-Ex1
TzC0202912E	Tzo-CMta_029-Ex1-12E-lcwgs-1-2	Tzo-CMta_029-Ex1
TzC0203012F	Tzo-CMta_030-Ex1-12F-lcwgs-1-2	Tzo-CMta_030-Ex1
TzC0203112G	Tzo-CMta_031-Ex1-12G-lcwgs-1-2	Tzo-CMta_031-Ex1
TzC0203212H	Tzo-CMta_032-Ex1-12H-lcwgs-1-2	Tzo-CMta_032-Ex1
TzC0203301A	Tzo-CMta_033-Ex1-1A-lcwgs-1-2	Tzo-CMta_033-Ex1
TzC0203401B	Tzo-CMta_034-Ex1-1B-lcwgs-1-2	Tzo-CMta_034-Ex1
TzC0203501C	Tzo-CMta_035-Ex1-1C-lcwgs-1-2	Tzo-CMta_035-Ex1
TzC0203601D	Tzo-CMta_036-Ex1-1D-lcwgs-1-2	Tzo-CMta_036-Ex1
TzC0203901G	Tzo-CMta_039-Ex1-1G-lcwgs-1-2	Tzo-CMta_039-Ex1
TzC0204001H	Tzo-CMta_040-Ex1-1H-lcwgs-1-2	Tzo-CMta_040-Ex1
TzC0204102A	Tzo-CMta_041-Ex1-2A-lcwgs-1-2	Tzo-CMta_041-Ex1
TzC0204202B	Tzo-CMta_042-Ex1-2B-lcwgs-1-2	Tzo-CMta_042-Ex1
TzC0204302C	Tzo-CMta_043-Ex1-2C-lcwgs-1-2	Tzo-CMta_043-Ex1
TzC0204402D	Tzo-CMta_044-Ex1-2D-lcwgs-1-2	Tzo-CMta_044-Ex1
TzC0204502E	Tzo-CMta_045-Ex1-2E-lcwgs-1-2	Tzo-CMta_045-Ex1
TzC0204602F	Tzo-CMta_046-Ex1-2F-lcwgs-1-2	Tzo-CMta_046-Ex1
TzC0204702G	Tzo-CMta_047-Ex1-2G-lcwgs-1-2	Tzo-CMta_047-Ex1
TzC0204802H	Tzo-CMta_048-Ex1-2H-lcwgs-1-2	Tzo-CMta_048-Ex1
TzC0205103C	Tzo-CMta_051-Ex1-3C-lcwgs-1-2	Tzo-CMta_051-Ex1
TzC0205203D	Tzo-CMta_052-Ex1-3D-lcwgs-1-2	Tzo-CMta_052-Ex1
TzC0205303E	Tzo-CMta_053-Ex1-3E-lcwgs-1-2	Tzo-CMta_053-Ex1
TzC0205403F	Tzo-CMta_054-Ex1-3F-lcwgs-1-2	Tzo-CMta_054-Ex1
TzC0205503G	Tzo-CMta_055-Ex1-3G-lcwgs-1-2	Tzo-CMta_055-Ex1
TzC0205603H	Tzo-CMta_056-Ex1-3H-lcwgs-1-2	Tzo-CMta_056-Ex1
TzC0205704A	Tzo-CMta_057-Ex1-4A-lcwgs-1-2	Tzo-CMta_057-Ex1
TzC0205804B	Tzo-CMta_058-Ex1-4B-lcwgs-1-2	Tzo-CMta_058-Ex1
TzC0205904C	Tzo-CMta_059-Ex1-4C-lcwgs-1-2	Tzo-CMta_059-Ex1
TzC0206004D	Tzo-CMta_060-Ex1-4D-lcwgs-1-2	Tzo-CMta_060-Ex1
TzC0206104E	Tzo-CMta_061-Ex1-4E-lcwgs-1-2	Tzo-CMta_061-Ex1
TzC0206204F	Tzo-CMta_062-Ex1-4F-lcwgs-1-2	Tzo-CMta_062-Ex1
TzC0206304G	Tzo-CMta_063-Ex1-4G-lcwgs-1-2	Tzo-CMta_063-Ex1
TzC0206404H	Tzo-CMta_064-Ex1-4H-lcwgs-1-2	Tzo-CMta_064-Ex1
TzC0100607B	Tzo-CMvi_006-Ex1-7B-lcwgs-1-2	Tzo-CMvi_006-Ex1
TzC0100708E	Tzo-CMvi_007-Ex1-8E-lcwgs-1-2	Tzo-CMvi_007-Ex1
TzC0101105G	Tzo-CMvi_011-Ex1-5G-lcwgs-1-2	Tzo-CMvi_011-Ex1
TzC0101201G	Tzo-CMvi_012-Ex1-1G-lcwgs-1-2	Tzo-CMvi_012-Ex1
TzC0101302B	Tzo-CMvi_013-Ex1-2B-lcwgs-1-2	Tzo-CMvi_013-Ex1
TzC0101502F	Tzo-CMvi_015-Ex1-2F-lcwgs-1-2	Tzo-CMvi_015-Ex1
TzC0101601D	Tzo-CMvi_016-Ex1-1D-lcwgs-1-2	Tzo-CMvi_016-Ex1
TzC0101801F	Tzo-CMvi_018-Ex1-1F-lcwgs-2-2	Tzo-CMvi_018-Ex1
TzC0102007D	Tzo-CMvi_020-Ex1-7D-lcwgs-1-2	Tzo-CMvi_020-Ex1
TzC0102903C	Tzo-CMvi_029-Ex1-3C-lcwgs-1-2	Tzo-CMvi_029-Ex1
TzC0103002H	Tzo-CMvi_030-Ex1-2H-lcwgs-1-2	Tzo-CMvi_030-Ex1
TzC0103102B	Tzo-CMvi_031-Ex1-2B-lcwgs-2-2	Tzo-CMvi_031-Ex1
TzC0103202C	Tzo-CMvi_032-Ex1-2C-lcwgs-2-2	Tzo-CMvi_032-Ex1
TzC0103806B	Tzo-CMvi_038-Ex1-6B-lcwgs-1-2	Tzo-CMvi_038-Ex1
TzC0104104D	Tzo-CMvi_041-Ex1-4D-lcwgs-1-2	Tzo-CMvi_041-Ex1
TzC0104403A	Tzo-CMvi_044-Ex1-3A-lcwgs-2-2	Tzo-CMvi_044-Ex1
TzC0104508B	Tzo-CMvi_045-Ex1-8B-lcwgs-1-2	Tzo-CMvi_045-Ex1
TzC0104606E	Tzo-CMvi_046-Ex1-6E-lcwgs-1-2	Tzo-CMvi_046-Ex1
TzC0104701F	Tzo-CMvi_047-Ex1-1F-lcwgs-1-2	Tzo-CMvi_047-Ex1
TzC0104802A	Tzo-CMvi_048-Ex1-2A-lcwgs-1-2	Tzo-CMvi_048-Ex1
TzC0104905B	Tzo-CMvi_049-Ex1-5B-lcwgs-1-2	Tzo-CMvi_049-Ex1
TzC0105106H	Tzo-CMvi_051-Ex1-6H-lcwgs-1-2	Tzo-CMvi_051-Ex1
TzC0105207E	Tzo-CMvi_052-Ex1-7E-lcwgs-1-2	Tzo-CMvi_052-Ex1
TzC0105403D	Tzo-CMvi_054-Ex1-3D-lcwgs-2-2	Tzo-CMvi_054-Ex1
TzC0105701H	Tzo-CMvi_057-Ex1-1H-lcwgs-1-2	Tzo-CMvi_057-Ex1
TzC0105803E	Tzo-CMvi_058-Ex1-3E-lcwgs-2-2	Tzo-CMvi_058-Ex1
TzC0106307A	Tzo-CMvi_063-Ex1-7A-lcwgs-1-2	Tzo-CMvi_063-Ex1
TzC0106403A	Tzo-CMvi_064-Ex1-3A-lcwgs-1-2	Tzo-CMvi_064-Ex1
TzC0106501E	Tzo-CMvi_065-Ex1-1E-lcwgs-1-2	Tzo-CMvi_065-Ex1
TzC0106605F	Tzo-CMvi_066-Ex1-5F-lcwgs-1-2	Tzo-CMvi_066-Ex1
TzC0106706A	Tzo-CMvi_067-Ex1-6A-lcwgs-1-2	Tzo-CMvi_067-Ex1
TzC0106806F	Tzo-CMvi_068-Ex1-6F-lcwgs-1-2	Tzo-CMvi_068-Ex1
TzC0106907G	Tzo-CMvi_069-Ex1-7G-lcwgs-1-2	Tzo-CMvi_069-Ex1
TzC0107503D	Tzo-CMvi_075-Ex1-3D-lcwgs-1-2	Tzo-CMvi_075-Ex1
TzC0107605A	Tzo-CMvi_076-Ex1-5A-lcwgs-1-2	Tzo-CMvi_076-Ex1
TzC0107706D	Tzo-CMvi_077-Ex1-6D-lcwgs-1-2	Tzo-CMvi_077-Ex1
TzC0107804B	Tzo-CMvi_078-Ex1-4B-lcwgs-2-2	Tzo-CMvi_078-Ex1
TzC0107907C	Tzo-CMvi_079-Ex1-7C-lcwgs-1-2	Tzo-CMvi_079-Ex1
TzC0108004C	Tzo-CMvi_080-Ex1-4C-lcwgs-2-2	Tzo-CMvi_080-Ex1
TzC0108104D	Tzo-CMvi_081-Ex1-4D-lcwgs-2-2	Tzo-CMvi_081-Ex1
TzC0108206C	Tzo-CMvi_082-Ex1-6C-lcwgs-1-2	Tzo-CMvi_082-Ex1
TzC0108304E	Tzo-CMvi_083-Ex1-4E-lcwgs-2-2	Tzo-CMvi_083-Ex1
TzC0108702D	Tzo-CMvi_087-Ex1-2D-lcwgs-1-2	Tzo-CMvi_087-Ex1
TzC0108804F	Tzo-CMvi_088-Ex1-4F-lcwgs-2-2	Tzo-CMvi_088-Ex1
TzC0108905D	Tzo-CMvi_089-Ex1-5D-lcwgs-1-2	Tzo-CMvi_089-Ex1
TzC0109003F	Tzo-CMvi_090-Ex1-3F-lcwgs-1-2	Tzo-CMvi_090-Ex1
TzC0109102C	Tzo-CMvi_091-Ex1-2C-lcwgs-1-2	Tzo-CMvi_091-Ex1
TzC0109408C	Tzo-CMvi_094-Ex1-8C-lcwgs-1-2	Tzo-CMvi_094-Ex1
TzA0200101A	Tzo-ABol_001-Ex1-1A-lcwgs-1-1	Tzo-ABol_001-Ex1
TzA0200202A	Tzo-ABol_002-Ex1-2A-lcwgs-1-1	Tzo-ABol_002-Ex1
TzA0200303A	Tzo-ABol_003-Ex1-3A-lcwgs-1-1	Tzo-ABol_003-Ex1
TzA0200808A	Tzo-ABol_008-Ex1-8A-lcwgs-1-1	Tzo-ABol_008-Ex1
TzA0200909A	Tzo-ABol_009-Ex1-9A-lcwgs-1-1	Tzo-ABol_009-Ex1
TzA0201010A	Tzo-ABol_010-Ex1-10A-lcwgs-1-1	Tzo-ABol_010-Ex1
TzA0201111A	Tzo-ABol_011-Ex1-11A-lcwgs-1-1	Tzo-ABol_011-Ex1
TzA0201212A	Tzo-ABol_012-Ex1-12A-lcwgs-1-1	Tzo-ABol_012-Ex1
TzA0202008B	Tzo-ABol_020-Ex1-8B-lcwgs-1-1	Tzo-ABol_020-Ex1
TzA0202311B	Tzo-ABol_023-Ex1-11B-lcwgs-1-1	Tzo-ABol_023-Ex1
TzA0202412B	Tzo-ABol_024-Ex1-12B-lcwgs-1-1	Tzo-ABol_024-Ex1
TzA0202602C	Tzo-ABol_026-Ex1-2C-lcwgs-1-1	Tzo-ABol_026-Ex1
TzA0203006C	Tzo-ABol_030-Ex1-6C-lcwgs-1-1	Tzo-ABol_030-Ex1
TzA0203410C	Tzo-ABol_034-Ex1-10C-lcwgs-1-1	Tzo-ABol_034-Ex1
TzA0203511C	Tzo-ABol_035-Ex1-11C-lcwgs-1-1	Tzo-ABol_035-Ex1
TzA0203612C	Tzo-ABol_036-Ex1-12C-lcwgs-1-1	Tzo-ABol_036-Ex1
TzA0203701D	Tzo-ABol_037-Ex1-1D-lcwgs-1-1	Tzo-ABol_037-Ex1
TzA0203802D	Tzo-ABol_038-Ex1-2D-lcwgs-1-1	Tzo-ABol_038-Ex1
TzA0204307D	Tzo-ABol_043-Ex1-7D-lcwgs-1-1	Tzo-ABol_043-Ex1
TzA0204408D	Tzo-ABol_044-Ex1-8D-lcwgs-1-1	Tzo-ABol_044-Ex1
TzA0204509D	Tzo-ABol_045-Ex1-9D-lcwgs-1-1	Tzo-ABol_045-Ex1
TzA0204610D	Tzo-ABol_046-Ex1-10D-lcwgs-1-1	Tzo-ABol_046-Ex1
TzA0204711D	Tzo-ABol_047-Ex1-11D-lcwgs-1-1	Tzo-ABol_047-Ex1
TzA0204812D	Tzo-ABol_048-Ex1-12D-lcwgs-1-1	Tzo-ABol_048-Ex1
TzA0205002E	Tzo-ABol_050-Ex1-2E-lcwgs-1-1	Tzo-ABol_050-Ex1
TzA0205103E	Tzo-ABol_051-Ex1-3E-lcwgs-1-1	Tzo-ABol_051-Ex1
TzA0205204E	Tzo-ABol_052-Ex1-4E-lcwgs-1-1	Tzo-ABol_052-Ex1
TzA0205305E	Tzo-ABol_053-Ex1-5E-lcwgs-1-1	Tzo-ABol_053-Ex1
TzA0205406E	Tzo-ABol_054-Ex1-6E-lcwgs-1-1	Tzo-ABol_054-Ex1
TzA0205507E	Tzo-ABol_055-Ex1-7E-lcwgs-1-1	Tzo-ABol_055-Ex1
TzA0205608E	Tzo-ABol_056-Ex1-8E-lcwgs-1-1	Tzo-ABol_056-Ex1
TzA0205709E	Tzo-ABol_057-Ex1-9E-lcwgs-1-1	Tzo-ABol_057-Ex1
TzA0205810E	Tzo-ABol_058-Ex1-10E-lcwgs-1-1	Tzo-ABol_058-Ex1
TzA0205911E	Tzo-ABol_059-Ex1-11E-lcwgs-1-1	Tzo-ABol_059-Ex1
TzA0206012E	Tzo-ABol_060-Ex1-12E-lcwgs-1-1	Tzo-ABol_060-Ex1
TzA0206101F	Tzo-ABol_061-Ex1-1F-lcwgs-1-1	Tzo-ABol_061-Ex1
TzA0206202F	Tzo-ABol_062-Ex1-2F-lcwgs-1-1	Tzo-ABol_062-Ex1
TzA0206303F	Tzo-ABol_063-Ex1-3F-lcwgs-1-1	Tzo-ABol_063-Ex1
TzA0206505F	Tzo-ABol_065-Ex1-5F-lcwgs-1-1	Tzo-ABol_065-Ex1
TzA0206606F	Tzo-ABol_066-Ex1-6F-lcwgs-1-1	Tzo-ABol_066-Ex1
TzA0206707F	Tzo-ABol_067-Ex1-7F-lcwgs-1-1	Tzo-ABol_067-Ex1
TzA0206808F	Tzo-ABol_068-Ex1-8F-lcwgs-1-1	Tzo-ABol_068-Ex1
TzA0206909F	Tzo-ABol_069-Ex1-9F-lcwgs-1-1	Tzo-ABol_069-Ex1
TzA0207010F	Tzo-ABol_070-Ex1-10F-lcwgs-1-1	Tzo-ABol_070-Ex1
TzA0207111F	Tzo-ABol_071-Ex1-11F-lcwgs-1-1	Tzo-ABol_071-Ex1
TzA0207212F	Tzo-ABol_072-Ex1-12F-lcwgs-1-1	Tzo-ABol_072-Ex1
TzA0207301G	Tzo-ABol_073-Ex1-1G-lcwgs-1-1	Tzo-ABol_073-Ex1
TzA0207503G	Tzo-ABol_075-Ex1-3G-lcwgs-1-1	Tzo-ABol_075-Ex1
TzA0207604G	Tzo-ABol_076-Ex1-4G-lcwgs-1-1	Tzo-ABol_076-Ex1
TzA0207705G	Tzo-ABol_077-Ex1-5G-lcwgs-1-1	Tzo-ABol_077-Ex1
TzA0207806G	Tzo-ABol_078-Ex1-6G-lcwgs-1-1	Tzo-ABol_078-Ex1
TzA0207907G	Tzo-ABol_079-Ex1-7G-lcwgs-1-1	Tzo-ABol_079-Ex1
TzA0208008G	Tzo-ABol_080-Ex1-8G-lcwgs-1-1	Tzo-ABol_080-Ex1
TzA0208109G	Tzo-ABol_081-Ex1-9G-lcwgs-1-1	Tzo-ABol_081-Ex1
TzA0208210G	Tzo-ABol_082-Ex1-10G-lcwgs-1-1	Tzo-ABol_082-Ex1
TzA0208311G	Tzo-ABol_083-Ex1-11G-lcwgs-1-1	Tzo-ABol_083-Ex1
TzA0208412G	Tzo-ABol_084-Ex1-12G-lcwgs-1-1	Tzo-ABol_084-Ex1
TzA0208501H	Tzo-ABol_085-Ex1-1H-lcwgs-1-1	Tzo-ABol_085-Ex1
TzA0208602H	Tzo-ABol_086-Ex1-2H-lcwgs-1-1	Tzo-ABol_086-Ex1
TzA0208703H	Tzo-ABol_087-Ex1-3H-lcwgs-1-1	Tzo-ABol_087-Ex1
TzA0208804H	Tzo-ABol_088-Ex1-4H-lcwgs-1-1	Tzo-ABol_088-Ex1
TzA0209006H	Tzo-ABol_090-Ex1-6H-lcwgs-1-1	Tzo-ABol_090-Ex1
TzA0209107H	Tzo-ABol_091-Ex1-7H-lcwgs-1-1	Tzo-ABol_091-Ex1
TzA0209208H	Tzo-ABol_092-Ex1-8H-lcwgs-1-1	Tzo-ABol_092-Ex1
TzA0209309H	Tzo-ABol_093-Ex1-9H-lcwgs-1-1	Tzo-ABol_093-Ex1
TzA0209511H	Tzo-ABol_095-Ex1-11H-lcwgs-1-1	Tzo-ABol_095-Ex1
TzA0209612H	Tzo-ABol_096-Ex1-12H-lcwgs-1-1	Tzo-ABol_096-Ex1
TzA0400105D	Tzo-AMta_001_E1-5D-lcwgs-1-1	Tzo-AMta_001-Ex1
TzA0400205E	Tzo-AMta_002_E1-5E-lcwgs-1-1	Tzo-AMta_002-Ex1
TzA0400305F	Tzo-AMta_003_E1-5F-lcwgs-1-1	Tzo-AMta_003-Ex1
TzA0400405G	Tzo-AMta_004_E1-5G-lcwgs-1-1	Tzo-AMta_004-Ex1
TzA0400505H	Tzo-AMta_005_E1-5H-lcwgs-1-1	Tzo-AMta_005-Ex1
TzA0400606A	Tzo-AMta_006_E1-6A-lcwgs-1-1	Tzo-AMta_006-Ex1
TzA0400601B	Tzo-AMta_006_E1-1B-lcwgs-2-1	Tzo-AMta_006-Ex1
TzA0400706B	Tzo-AMta_007_E1-6B-lcwgs-1-1	Tzo-AMta_007-Ex1
TzA0400806C	Tzo-AMta_008_E1-6C-lcwgs-1-1	Tzo-AMta_008-Ex1
TzA0400906D	Tzo-AMta_009_E1-6D-lcwgs-1-1	Tzo-AMta_009-Ex1
TzA0401006E	Tzo-AMta_010_E1-6E-lcwgs-1-1	Tzo-AMta_010-Ex1
TzA0401106F	Tzo-AMta_011_E1-6F-lcwgs-1-1	Tzo-AMta_011-Ex1
TzA0401206G	Tzo-AMta_012_E1-6G-lcwgs-1-1	Tzo-AMta_012-Ex1
TzA0401306H	Tzo-AMta_013_E1-6H-lcwgs-1-1	Tzo-AMta_013-Ex1
TzA0401407A	Tzo-AMta_014_E1-7A-lcwgs-1-1	Tzo-AMta_014-Ex1
TzA0401507B	Tzo-AMta_015_E1-7B-lcwgs-1-1	Tzo-AMta_015-Ex1
TzA0401607C	Tzo-AMta_016_E1-7C-lcwgs-1-1	Tzo-AMta_016-Ex1
TzA0401707D	Tzo-AMta_017_E1-7D-lcwgs-1-1	Tzo-AMta_017-Ex1
TzA0401807E	Tzo-AMta_018_E1-7E-lcwgs-1-1	Tzo-AMta_018-Ex1
TzA0401907F	Tzo-AMta_019_E1-7F-lcwgs-1-1	Tzo-AMta_019-Ex1
TzA0402007G	Tzo-AMta_020_E1-7G-lcwgs-1-1	Tzo-AMta_020-Ex1
TzA0402107H	Tzo-AMta_021_E1-7H-lcwgs-1-1	Tzo-AMta_021-Ex1
TzA0402208A	Tzo-AMta_022_E1-8A-lcwgs-1-1	Tzo-AMta_022-Ex1
TzA0402308B	Tzo-AMta_023_E1-8B-lcwgs-1-1	Tzo-AMta_023-Ex1
TzA0402408C	Tzo-AMta_024_E1-8C-lcwgs-1-1	Tzo-AMta_024-Ex1
TzA0402508D	Tzo-AMta_025_E1-8D-lcwgs-1-1	Tzo-AMta_025-Ex1
TzA0402501E	Tzo-AMta_025_E1-1E-lcwgs-2-1	Tzo-AMta_025-Ex1
TzA0402608E	Tzo-AMta_026_E1-8E-lcwgs-1-1	Tzo-AMta_026-Ex1
TzA0402708F	Tzo-AMta_027_E1-8F-lcwgs-1-1	Tzo-AMta_027-Ex1
TzA0402701C	Tzo-AMta_027_E1-1C-lcwgs-2-1	Tzo-AMta_027-Ex1
TzA0402808G	Tzo-AMta_028_E1-8G-lcwgs-1-1	Tzo-AMta_028-Ex1
TzA0402801D	Tzo-AMta_028_E1-1D-lcwgs-2-1	Tzo-AMta_028-Ex1
TzA0402908H	Tzo-AMta_029_E1-8H-lcwgs-1-1	Tzo-AMta_029-Ex1
TzA0403009A	Tzo-AMta_030_E1-9A-lcwgs-1-1	Tzo-AMta_030-Ex1
TzA0403001A	Tzo-AMta_030_E1-1A-lcwgs-2-1	Tzo-AMta_030-Ex1
TzA0403109B	Tzo-AMta_031_E1-9B-lcwgs-1-1	Tzo-AMta_031-Ex1
TzA0100101A	Tzo-AMvi_001_Ex1-1A-lcwgs-1-1	Tzo-AMvi_001-Ex1
TzA0100201E	Tzo-AMvi_002_Ex1-1E-lcwgs-1-1	Tzo-AMvi_002-Ex1
TzA0100302A	Tzo-AMvi_003_Ex1-2A-lcwgs-1-1	Tzo-AMvi_003-Ex1
TzA0100402E	Tzo-AMvi_004_Ex1-2E-lcwgs-1-1	Tzo-AMvi_004-Ex1
TzA0100503A	Tzo-AMvi_005_Ex1-3A-lcwgs-1-1	Tzo-AMvi_005-Ex1
TzA0100601A	Tzo-AMvi_006_Ex1-1A-lcwgs-2-1	Tzo-AMvi_006-Ex1
TzA0100704A	Tzo-AMvi_007_Ex1-4A-lcwgs-1-1	Tzo-AMvi_007-Ex1
TzA0100801B	Tzo-AMvi_008_Ex1-1B-lcwgs-2-1	Tzo-AMvi_008-Ex1
TzA0100905A	Tzo-AMvi_009_Ex1-5A-lcwgs-1-1	Tzo-AMvi_009-Ex1
TzA0101005E	Tzo-AMvi_010_Ex1-5E-lcwgs-1-1	Tzo-AMvi_010-Ex1
TzA0101106A	Tzo-AMvi_011_Ex1-6A-lcwgs-1-1	Tzo-AMvi_011-Ex1
TzA0101206E	Tzo-AMvi_012_Ex1-6E-lcwgs-1-1	Tzo-AMvi_012-Ex1
TzA0101301B	Tzo-AMvi_013_Ex1-1B-lcwgs-1-1	Tzo-AMvi_013-Ex1
TzA0101401C	Tzo-AMvi_014_Ex1-1C-lcwgs-2-1	Tzo-AMvi_014-Ex1
TzA0101502B	Tzo-AMvi_015_Ex1-2B-lcwgs-1-1	Tzo-AMvi_015-Ex1
TzA0101602F	Tzo-AMvi_016_Ex1-2F-lcwgs-1-1	Tzo-AMvi_016-Ex1
TzA0101703B	Tzo-AMvi_017_Ex1-3B-lcwgs-1-1	Tzo-AMvi_017-Ex1
TzA0101803F	Tzo-AMvi_018_Ex1-3F-lcwgs-1-1	Tzo-AMvi_018-Ex1
TzA0101901D	Tzo-AMvi_019_Ex1-1D-lcwgs-2-1	Tzo-AMvi_019-Ex1
TzA0102004F	Tzo-AMvi_020_Ex1-4F-lcwgs-1-1	Tzo-AMvi_020-Ex1
TzA0102101E	Tzo-AMvi_021_Ex1-1E-lcwgs-2-1	Tzo-AMvi_021-Ex1
TzA0102205F	Tzo-AMvi_022_Ex1-5F-lcwgs-1-1	Tzo-AMvi_022-Ex1
TzA0102306B	Tzo-AMvi_023_Ex1-6B-lcwgs-1-1	Tzo-AMvi_023-Ex1
TzA0102406F	Tzo-AMvi_024_Ex1-6F-lcwgs-1-1	Tzo-AMvi_024-Ex1
TzA0102501C	Tzo-AMvi_025_Ex1-1C-lcwgs-1-1	Tzo-AMvi_025-Ex1
TzA0102601G	Tzo-AMvi_026_Ex1-1G-lcwgs-1-1	Tzo-AMvi_026-Ex1
TzA0102702C	Tzo-AMvi_027_Ex1-2C-lcwgs-1-1	Tzo-AMvi_027-Ex1
TzA0102802G	Tzo-AMvi_028_Ex1-2G-lcwgs-1-1	Tzo-AMvi_028-Ex1
TzA0102903C	Tzo-AMvi_029_Ex1-3C-lcwgs-1-1	Tzo-AMvi_029-Ex1
TzA0103003G	Tzo-AMvi_030_Ex1-3G-lcwgs-1-1	Tzo-AMvi_030-Ex1
TzA0103104C	Tzo-AMvi_031_Ex1-4C-lcwgs-1-1	Tzo-AMvi_031-Ex1
TzA0103204G	Tzo-AMvi_032_Ex1-4G-lcwgs-1-1	Tzo-AMvi_032-Ex1
TzA0103305C	Tzo-AMvi_033_Ex1-5C-lcwgs-1-1	Tzo-AMvi_033-Ex1
TzA0103405G	Tzo-AMvi_034_Ex1-5G-lcwgs-1-1	Tzo-AMvi_034-Ex1
TzA0103506C	Tzo-AMvi_035_Ex1-6C-lcwgs-1-1	Tzo-AMvi_035-Ex1
TzA0103606G	Tzo-AMvi_036_Ex1-6G-lcwgs-1-1	Tzo-AMvi_036-Ex1
TzA0103701D	Tzo-AMvi_037_Ex1-1D-lcwgs-1-1	Tzo-AMvi_037-Ex1
TzA0103801H	Tzo-AMvi_038_Ex1-1H-lcwgs-1-1	Tzo-AMvi_038-Ex1
TzA0103902D	Tzo-AMvi_039_Ex1-2D-lcwgs-1-1	Tzo-AMvi_039-Ex1
TzA0104002H	Tzo-AMvi_040_Ex1-2H-lcwgs-1-1	Tzo-AMvi_040-Ex1
TzA0104103D	Tzo-AMvi_041_Ex1-3D-lcwgs-1-1	Tzo-AMvi_041-Ex1
TzA0104203H	Tzo-AMvi_042_Ex1-3H-lcwgs-1-1	Tzo-AMvi_042-Ex1
TzA0104304D	Tzo-AMvi_043_Ex1-4D-lcwgs-1-1	Tzo-AMvi_043-Ex1
TzA0104404H	Tzo-AMvi_044_Ex1-4H-lcwgs-1-1	Tzo-AMvi_044-Ex1
TzA0104505D	Tzo-AMvi_045_Ex1-5D-lcwgs-1-1	Tzo-AMvi_045-Ex1
TzA0104605H	Tzo-AMvi_046_Ex1-5H-lcwgs-1-1	Tzo-AMvi_046-Ex1
TzA0104706D	Tzo-AMvi_047_Ex1-6D-lcwgs-1-1	Tzo-AMvi_047-Ex1
TzA0104806H	Tzo-AMvi_048_Ex1-6H-lcwgs-1-1	Tzo-AMvi_048-Ex1
TzC0300103F	Tzo-CMal_001-Ex1-3F-lcwgs-1-1	Tzo-CMal_001-Ex1
TzC0300203G	Tzo-CMal_002-Ex1-3G-lcwgs-1-1	Tzo-CMal_002-Ex1
TzC0300303H	Tzo-CMal_003-Ex1-3H-lcwgs-1-1	Tzo-CMal_003-Ex1
TzC0300404A	Tzo-CMal_004-Ex1-4A-lcwgs-1-1	Tzo-CMal_004-Ex1
TzC0300504B	Tzo-CMal_005-Ex1-4B-lcwgs-1-1	Tzo-CMal_005-Ex1
TzC0300604C	Tzo-CMal_006-Ex1-4C-lcwgs-1-1	Tzo-CMal_006-Ex1
TzC0300704D	Tzo-CMal_007-Ex1-4D-lcwgs-1-1	Tzo-CMal_007-Ex1
TzC0300804E	Tzo-CMal_008-Ex1-4E-lcwgs-1-1	Tzo-CMal_008-Ex1
TzC0300904F	Tzo-CMal_009-Ex1-4F-lcwgs-1-1	Tzo-CMal_009-Ex1
TzC0301004G	Tzo-CMal_010-Ex1-4G-lcwgs-1-1	Tzo-CMal_010-Ex1
TzC0301104H	Tzo-CMal_011-Ex1-4H-lcwgs-1-1	Tzo-CMal_011-Ex1
TzC0301205A	Tzo-CMal_012-Ex1-5A-lcwgs-1-1	Tzo-CMal_012-Ex1
TzC0301305B	Tzo-CMal_013-Ex1-5B-lcwgs-1-1	Tzo-CMal_013-Ex1
TzC0301405C	Tzo-CMal_014-Ex1-5C-lcwgs-1-1	Tzo-CMal_014-Ex1
TzC0301505D	Tzo-CMal_015-Ex1-5D-lcwgs-1-1	Tzo-CMal_015-Ex1
TzC0301605E	Tzo-CMal_016-Ex1-5E-lcwgs-1-1	Tzo-CMal_016-Ex1
TzC0301705F	Tzo-CMal_017-Ex1-5F-lcwgs-1-1	Tzo-CMal_017-Ex1
TzC0301805G	Tzo-CMal_018-Ex1-5G-lcwgs-1-1	Tzo-CMal_018-Ex1
TzC0301905H	Tzo-CMal_019-Ex1-5H-lcwgs-1-1	Tzo-CMal_019-Ex1
TzC0302006A	Tzo-CMal_020-Ex1-6A-lcwgs-1-1	Tzo-CMal_020-Ex1
TzC0302106B	Tzo-CMal_021-Ex1-6B-lcwgs-1-1	Tzo-CMal_021-Ex1
TzC0302206C	Tzo-CMal_022-Ex1-6C-lcwgs-1-1	Tzo-CMal_022-Ex1
TzC0302306D	Tzo-CMal_023-Ex1-6D-lcwgs-1-1	Tzo-CMal_023-Ex1
TzC0302406E	Tzo-CMal_024-Ex1-6E-lcwgs-1-1	Tzo-CMal_024-Ex1
TzC0302506F	Tzo-CMal_025-Ex1-6F-lcwgs-1-1	Tzo-CMal_025-Ex1
TzC0302606G	Tzo-CMal_026-Ex1-6G-lcwgs-1-1	Tzo-CMal_026-Ex1
TzC0302706H	Tzo-CMal_027-Ex1-6H-lcwgs-1-1	Tzo-CMal_027-Ex1
TzC0302807A	Tzo-CMal_028-Ex1-7A-lcwgs-1-1	Tzo-CMal_028-Ex1
TzC0302907B	Tzo-CMal_029-Ex1-7B-lcwgs-1-1	Tzo-CMal_029-Ex1
TzC0303007C	Tzo-CMal_030-Ex1-7C-lcwgs-1-1	Tzo-CMal_030-Ex1
TzC0303107D	Tzo-CMal_031-Ex1-7D-lcwgs-1-1	Tzo-CMal_031-Ex1
TzC0303207E	Tzo-CMal_032-Ex1-7E-lcwgs-1-1	Tzo-CMal_032-Ex1
TzC0303307F	Tzo-CMal_033-Ex1-7F-lcwgs-1-1	Tzo-CMal_033-Ex1
TzC0303407G	Tzo-CMal_034-Ex1-7G-lcwgs-1-1	Tzo-CMal_034-Ex1
TzC0303507H	Tzo-CMal_035-Ex1-7H-lcwgs-1-1	Tzo-CMal_035-Ex1
TzC0303608A	Tzo-CMal_036-Ex1-8A-lcwgs-1-1	Tzo-CMal_036-Ex1
TzC0303708B	Tzo-CMal_037-Ex1-8B-lcwgs-1-1	Tzo-CMal_037-Ex1
TzC0303808C	Tzo-CMal_038-Ex1-8C-lcwgs-1-1	Tzo-CMal_038-Ex1
TzC0303908D	Tzo-CMal_039-Ex1-8D-lcwgs-1-1	Tzo-CMal_039-Ex1
TzC0304008E	Tzo-CMal_040-Ex1-8E-lcwgs-1-1	Tzo-CMal_040-Ex1
TzC0304108F	Tzo-CMal_041-Ex1-8F-lcwgs-1-1	Tzo-CMal_041-Ex1
TzC0304208G	Tzo-CMal_042-Ex1-8G-lcwgs-1-1	Tzo-CMal_042-Ex1
TzC0304308H	Tzo-CMal_043-Ex1-8H-lcwgs-1-1	Tzo-CMal_043-Ex1
TzC0304409A	Tzo-CMal_044-Ex1-9A-lcwgs-1-1	Tzo-CMal_044-Ex1
TzC0304509B	Tzo-CMal_045-Ex1-9B-lcwgs-1-1	Tzo-CMal_045-Ex1
TzC0304609C	Tzo-CMal_046-Ex1-9C-lcwgs-1-1	Tzo-CMal_046-Ex1
TzC0304709D	Tzo-CMal_047-Ex1-9D-lcwgs-1-1	Tzo-CMal_047-Ex1
TzC0304809E	Tzo-CMal_048-Ex1-9E-lcwgs-1-1	Tzo-CMal_048-Ex1
TzC0304909F	Tzo-CMal_049-Ex1-9F-lcwgs-1-1	Tzo-CMal_049-Ex1
TzC0305009G	Tzo-CMal_050-Ex1-9G-lcwgs-1-1	Tzo-CMal_050-Ex1
TzC0305109H	Tzo-CMal_051-Ex1-9H-lcwgs-1-1	Tzo-CMal_051-Ex1
TzC0305210A	Tzo-CMal_052-Ex1-10A-lcwgs-1-1	Tzo-CMal_052-Ex1
TzC0305310B	Tzo-CMal_053-Ex1-10B-lcwgs-1-1	Tzo-CMal_053-Ex1
TzC0305410C	Tzo-CMal_054-Ex1-10C-lcwgs-1-1	Tzo-CMal_054-Ex1
TzC0305510D	Tzo-CMal_055-Ex1-10D-lcwgs-1-1	Tzo-CMal_055-Ex1
TzC0305610E	Tzo-CMal_056-Ex1-10E-lcwgs-1-1	Tzo-CMal_056-Ex1
TzC0305710F	Tzo-CMal_057-Ex1-10F-lcwgs-1-1	Tzo-CMal_057-Ex1
TzC0305810G	Tzo-CMal_058-Ex1-10G-lcwgs-1-1	Tzo-CMal_058-Ex1
TzC0305910H	Tzo-CMal_059-Ex1-10H-lcwgs-1-1	Tzo-CMal_059-Ex1
TzC0306011A	Tzo-CMal_060-Ex1-11A-lcwgs-1-1	Tzo-CMal_060-Ex1
TzC0306111B	Tzo-CMal_061-Ex1-11B-lcwgs-1-1	Tzo-CMal_061-Ex1
TzC0306211C	Tzo-CMal_062-Ex1-11C-lcwgs-1-1	Tzo-CMal_062-Ex1
TzC0306311D	Tzo-CMal_063-Ex1-11D-lcwgs-1-1	Tzo-CMal_063-Ex1
TzC0306411E	Tzo-CMal_064-Ex1-11E-lcwgs-1-1	Tzo-CMal_064-Ex1
TzC0200109A	Tzo-CMta_001-Ex1-9A-lcwgs-1-1	Tzo-CMta_001-Ex1
TzC0200209B	Tzo-CMta_002-Ex1-9B-lcwgs-1-1	Tzo-CMta_002-Ex1
TzC0200309C	Tzo-CMta_003-Ex1-9C-lcwgs-1-1	Tzo-CMta_003-Ex1
TzC0200409D	Tzo-CMta_004-Ex1-9D-lcwgs-1-1	Tzo-CMta_004-Ex1
TzC0200509E	Tzo-CMta_005-Ex1-9E-lcwgs-1-1	Tzo-CMta_005-Ex1
TzC0200609F	Tzo-CMta_006-Ex1-9F-lcwgs-1-1	Tzo-CMta_006-Ex1
TzC0200709G	Tzo-CMta_007-Ex1-9G-lcwgs-1-1	Tzo-CMta_007-Ex1
TzC0200809H	Tzo-CMta_008-Ex1-9H-lcwgs-1-1	Tzo-CMta_008-Ex1
TzC0200910A	Tzo-CMta_009-Ex1-10A-lcwgs-1-1	Tzo-CMta_009-Ex1
TzC0201010B	Tzo-CMta_010-Ex1-10B-lcwgs-1-1	Tzo-CMta_010-Ex1
TzC0201110C	Tzo-CMta_011-Ex1-10C-lcwgs-1-1	Tzo-CMta_011-Ex1
TzC0201210D	Tzo-CMta_012-Ex1-10D-lcwgs-1-1	Tzo-CMta_012-Ex1
TzC0201310E	Tzo-CMta_013-Ex1-10E-lcwgs-1-1	Tzo-CMta_013-Ex1
TzC0201410F	Tzo-CMta_014-Ex1-10F-lcwgs-1-1	Tzo-CMta_014-Ex1
TzC0201510G	Tzo-CMta_015-Ex1-10G-lcwgs-1-1	Tzo-CMta_015-Ex1
TzC0201610H	Tzo-CMta_016-Ex1-10H-lcwgs-1-1	Tzo-CMta_016-Ex1
TzC0201711A	Tzo-CMta_017-Ex1-11A-lcwgs-1-1	Tzo-CMta_017-Ex1
TzC0201811B	Tzo-CMta_018-Ex1-11B-lcwgs-1-1	Tzo-CMta_018-Ex1
TzC0201911C	Tzo-CMta_019-Ex1-11C-lcwgs-1-1	Tzo-CMta_019-Ex1
TzC0202011D	Tzo-CMta_020-Ex1-11D-lcwgs-1-1	Tzo-CMta_020-Ex1
TzC0202111E	Tzo-CMta_021-Ex1-11E-lcwgs-1-1	Tzo-CMta_021-Ex1
TzC0202211F	Tzo-CMta_022-Ex1-11F-lcwgs-1-1	Tzo-CMta_022-Ex1
TzC0202311G	Tzo-CMta_023-Ex1-11G-lcwgs-1-1	Tzo-CMta_023-Ex1
TzC0202411H	Tzo-CMta_024-Ex1-11H-lcwgs-1-1	Tzo-CMta_024-Ex1
TzC0202512A	Tzo-CMta_025-Ex1-12A-lcwgs-1-1	Tzo-CMta_025-Ex1
TzC0202612B	Tzo-CMta_026-Ex1-12B-lcwgs-1-1	Tzo-CMta_026-Ex1
TzC0202712C	Tzo-CMta_027-Ex1-12C-lcwgs-1-1	Tzo-CMta_027-Ex1
TzC0202812D	Tzo-CMta_028-Ex1-12D-lcwgs-1-1	Tzo-CMta_028-Ex1
TzC0202912E	Tzo-CMta_029-Ex1-12E-lcwgs-1-1	Tzo-CMta_029-Ex1
TzC0203012F	Tzo-CMta_030-Ex1-12F-lcwgs-1-1	Tzo-CMta_030-Ex1
TzC0203112G	Tzo-CMta_031-Ex1-12G-lcwgs-1-1	Tzo-CMta_031-Ex1
TzC0203212H	Tzo-CMta_032-Ex1-12H-lcwgs-1-1	Tzo-CMta_032-Ex1
TzC0203301A	Tzo-CMta_033-Ex1-1A-lcwgs-1-1	Tzo-CMta_033-Ex1
TzC0203401B	Tzo-CMta_034-Ex1-1B-lcwgs-1-1	Tzo-CMta_034-Ex1
TzC0203501C	Tzo-CMta_035-Ex1-1C-lcwgs-1-1	Tzo-CMta_035-Ex1
TzC0203601D	Tzo-CMta_036-Ex1-1D-lcwgs-1-1	Tzo-CMta_036-Ex1
TzC0203701E	Tzo-CMta_037-Ex1-1E-lcwgs-1-1	Tzo-CMta_037-Ex1
TzC0203801F	Tzo-CMta_038-Ex1-1F-lcwgs-1-1	Tzo-CMta_038-Ex1
TzC0203901G	Tzo-CMta_039-Ex1-1G-lcwgs-1-1	Tzo-CMta_039-Ex1
TzC0204001H	Tzo-CMta_040-Ex1-1H-lcwgs-1-1	Tzo-CMta_040-Ex1
TzC0204102A	Tzo-CMta_041-Ex1-2A-lcwgs-1-1	Tzo-CMta_041-Ex1
TzC0204202B	Tzo-CMta_042-Ex1-2B-lcwgs-1-1	Tzo-CMta_042-Ex1
TzC0204302C	Tzo-CMta_043-Ex1-2C-lcwgs-1-1	Tzo-CMta_043-Ex1
TzC0204402D	Tzo-CMta_044-Ex1-2D-lcwgs-1-1	Tzo-CMta_044-Ex1
TzC0204502E	Tzo-CMta_045-Ex1-2E-lcwgs-1-1	Tzo-CMta_045-Ex1
TzC0204602F	Tzo-CMta_046-Ex1-2F-lcwgs-1-1	Tzo-CMta_046-Ex1
TzC0204702G	Tzo-CMta_047-Ex1-2G-lcwgs-1-1	Tzo-CMta_047-Ex1
TzC0204802H	Tzo-CMta_048-Ex1-2H-lcwgs-1-1	Tzo-CMta_048-Ex1
TzC0204903A	Tzo-CMta_049-Ex1-3A-lcwgs-1-1	Tzo-CMta_049-Ex1
TzC0205003B	Tzo-CMta_050-Ex1-3B-lcwgs-1-1	Tzo-CMta_050-Ex1
TzC0205103C	Tzo-CMta_051-Ex1-3C-lcwgs-1-1	Tzo-CMta_051-Ex1
TzC0205203D	Tzo-CMta_052-Ex1-3D-lcwgs-1-1	Tzo-CMta_052-Ex1
TzC0205303E	Tzo-CMta_053-Ex1-3E-lcwgs-1-1	Tzo-CMta_053-Ex1
TzC0205403F	Tzo-CMta_054-Ex1-3F-lcwgs-1-1	Tzo-CMta_054-Ex1
TzC0205503G	Tzo-CMta_055-Ex1-3G-lcwgs-1-1	Tzo-CMta_055-Ex1
TzC0205603H	Tzo-CMta_056-Ex1-3H-lcwgs-1-1	Tzo-CMta_056-Ex1
TzC0205704A	Tzo-CMta_057-Ex1-4A-lcwgs-1-1	Tzo-CMta_057-Ex1
TzC0205804B	Tzo-CMta_058-Ex1-4B-lcwgs-1-1	Tzo-CMta_058-Ex1
TzC0205904C	Tzo-CMta_059-Ex1-4C-lcwgs-1-1	Tzo-CMta_059-Ex1
TzC0206004D	Tzo-CMta_060-Ex1-4D-lcwgs-1-1	Tzo-CMta_060-Ex1
TzC0206104E	Tzo-CMta_061-Ex1-4E-lcwgs-1-1	Tzo-CMta_061-Ex1
TzC0206204F	Tzo-CMta_062-Ex1-4F-lcwgs-1-1	Tzo-CMta_062-Ex1
TzC0206304G	Tzo-CMta_063-Ex1-4G-lcwgs-1-1	Tzo-CMta_063-Ex1
TzC0206404H	Tzo-CMta_064-Ex1-4H-lcwgs-1-1	Tzo-CMta_064-Ex1
TzC0100607B	Tzo-CMvi_006-Ex1-7B-lcwgs-1-1	Tzo-CMvi_006-Ex1
TzC0100708E	Tzo-CMvi_007-Ex1-8E-lcwgs-1-1	Tzo-CMvi_007-Ex1
TzC0101105G	Tzo-CMvi_011-Ex1-5G-lcwgs-1-1	Tzo-CMvi_011-Ex1
TzC0101201G	Tzo-CMvi_012-Ex1-1G-lcwgs-1-1	Tzo-CMvi_012-Ex1
TzC0101302B	Tzo-CMvi_013-Ex1-2B-lcwgs-1-1	Tzo-CMvi_013-Ex1
TzC0101502F	Tzo-CMvi_015-Ex1-2F-lcwgs-1-1	Tzo-CMvi_015-Ex1
TzC0101601D	Tzo-CMvi_016-Ex1-1D-lcwgs-1-1	Tzo-CMvi_016-Ex1
TzC0101801F	Tzo-CMvi_018-Ex1-1F-lcwgs-2-1	Tzo-CMvi_018-Ex1
TzC0101901G	Tzo-CMvi_019-Ex1-1G-lcwgs-2-1	Tzo-CMvi_019-Ex1
TzC0102007D	Tzo-CMvi_020-Ex1-7D-lcwgs-1-1	Tzo-CMvi_020-Ex1
TzC0102701H	Tzo-CMvi_027-Ex1-1H-lcwgs-2-1	Tzo-CMvi_027-Ex1
TzC0102802A	Tzo-CMvi_028-Ex1-2A-lcwgs-2-1	Tzo-CMvi_028-Ex1
TzC0102903C	Tzo-CMvi_029-Ex1-3C-lcwgs-1-1	Tzo-CMvi_029-Ex1
TzC0103002H	Tzo-CMvi_030-Ex1-2H-lcwgs-1-1	Tzo-CMvi_030-Ex1
TzC0103102B	Tzo-CMvi_031-Ex1-2B-lcwgs-2-1	Tzo-CMvi_031-Ex1
TzC0103202C	Tzo-CMvi_032-Ex1-2C-lcwgs-2-1	Tzo-CMvi_032-Ex1
TzC0103302D	Tzo-CMvi_033-Ex1-2D-lcwgs-2-1	Tzo-CMvi_033-Ex1
TzC0103402E	Tzo-CMvi_034-Ex1-2E-lcwgs-2-1	Tzo-CMvi_034-Ex1
TzC0103502F	Tzo-CMvi_035-Ex1-2F-lcwgs-2-1	Tzo-CMvi_035-Ex1
TzC0103806B	Tzo-CMvi_038-Ex1-6B-lcwgs-1-1	Tzo-CMvi_038-Ex1
TzC0104002G	Tzo-CMvi_040-Ex1-2G-lcwgs-2-1	Tzo-CMvi_040-Ex1
TzC0104104D	Tzo-CMvi_041-Ex1-4D-lcwgs-1-1	Tzo-CMvi_041-Ex1
TzC0104202H	Tzo-CMvi_042-Ex1-2H-lcwgs-2-1	Tzo-CMvi_042-Ex1
TzC0104403A	Tzo-CMvi_044-Ex1-3A-lcwgs-2-1	Tzo-CMvi_044-Ex1
TzC0104508B	Tzo-CMvi_045-Ex1-8B-lcwgs-1-1	Tzo-CMvi_045-Ex1
TzC0104606E	Tzo-CMvi_046-Ex1-6E-lcwgs-1-1	Tzo-CMvi_046-Ex1
TzC0104701F	Tzo-CMvi_047-Ex1-1F-lcwgs-1-1	Tzo-CMvi_047-Ex1
TzC0104802A	Tzo-CMvi_048-Ex1-2A-lcwgs-1-1	Tzo-CMvi_048-Ex1
TzC0104905B	Tzo-CMvi_049-Ex1-5B-lcwgs-1-1	Tzo-CMvi_049-Ex1
TzC0105003B	Tzo-CMvi_050-Ex1-3B-lcwgs-2-1	Tzo-CMvi_050-Ex1
TzC0105106H	Tzo-CMvi_051-Ex1-6H-lcwgs-1-1	Tzo-CMvi_051-Ex1
TzC0105207E	Tzo-CMvi_052-Ex1-7E-lcwgs-1-1	Tzo-CMvi_052-Ex1
TzC0105303C	Tzo-CMvi_053-Ex1-3C-lcwgs-2-1	Tzo-CMvi_053-Ex1
TzC0105403D	Tzo-CMvi_054-Ex1-3D-lcwgs-2-1	Tzo-CMvi_054-Ex1
TzC0105701H	Tzo-CMvi_057-Ex1-1H-lcwgs-1-1	Tzo-CMvi_057-Ex1
TzC0105803E	Tzo-CMvi_058-Ex1-3E-lcwgs-2-1	Tzo-CMvi_058-Ex1
TzC0106103F	Tzo-CMvi_061-Ex1-3F-lcwgs-2-1	Tzo-CMvi_061-Ex1
TzC0106203G	Tzo-CMvi_062-Ex1-3G-lcwgs-2-1	Tzo-CMvi_062-Ex1
TzC0106307A	Tzo-CMvi_063-Ex1-7A-lcwgs-1-1	Tzo-CMvi_063-Ex1
TzC0106403A	Tzo-CMvi_064-Ex1-3A-lcwgs-1-1	Tzo-CMvi_064-Ex1
TzC0106501E	Tzo-CMvi_065-Ex1-1E-lcwgs-1-1	Tzo-CMvi_065-Ex1
TzC0106605F	Tzo-CMvi_066-Ex1-5F-lcwgs-1-1	Tzo-CMvi_066-Ex1
TzC0106706A	Tzo-CMvi_067-Ex1-6A-lcwgs-1-1	Tzo-CMvi_067-Ex1
TzC0106806F	Tzo-CMvi_068-Ex1-6F-lcwgs-1-1	Tzo-CMvi_068-Ex1
TzC0106907G	Tzo-CMvi_069-Ex1-7G-lcwgs-1-1	Tzo-CMvi_069-Ex1
TzC0107003H	Tzo-CMvi_070-Ex1-3H-lcwgs-2-1	Tzo-CMvi_070-Ex1
TzC0107104A	Tzo-CMvi_071-Ex1-4A-lcwgs-2-1	Tzo-CMvi_071-Ex1
TzC0107503D	Tzo-CMvi_075-Ex1-3D-lcwgs-1-1	Tzo-CMvi_075-Ex1
TzC0107605A	Tzo-CMvi_076-Ex1-5A-lcwgs-1-1	Tzo-CMvi_076-Ex1
TzC0107706D	Tzo-CMvi_077-Ex1-6D-lcwgs-1-1	Tzo-CMvi_077-Ex1
TzC0107804B	Tzo-CMvi_078-Ex1-4B-lcwgs-2-1	Tzo-CMvi_078-Ex1
TzC0107907C	Tzo-CMvi_079-Ex1-7C-lcwgs-1-1	Tzo-CMvi_079-Ex1
TzC0108004C	Tzo-CMvi_080-Ex1-4C-lcwgs-2-1	Tzo-CMvi_080-Ex1
TzC0108104D	Tzo-CMvi_081-Ex1-4D-lcwgs-2-1	Tzo-CMvi_081-Ex1
TzC0108206C	Tzo-CMvi_082-Ex1-6C-lcwgs-1-1	Tzo-CMvi_082-Ex1
TzC0108304E	Tzo-CMvi_083-Ex1-4E-lcwgs-2-1	Tzo-CMvi_083-Ex1
TzC0108702D	Tzo-CMvi_087-Ex1-2D-lcwgs-1-1	Tzo-CMvi_087-Ex1
TzC0108804F	Tzo-CMvi_088-Ex1-4F-lcwgs-2-1	Tzo-CMvi_088-Ex1
TzC0108905D	Tzo-CMvi_089-Ex1-5D-lcwgs-1-1	Tzo-CMvi_089-Ex1
TzC0109003F	Tzo-CMvi_090-Ex1-3F-lcwgs-1-1	Tzo-CMvi_090-Ex1
TzC0109102C	Tzo-CMvi_091-Ex1-2C-lcwgs-1-1	Tzo-CMvi_091-Ex1
TzC0109204G	Tzo-CMvi_092-Ex1-4G-lcwgs-2-1	Tzo-CMvi_092-Ex1
TzC0109304H	Tzo-CMvi_093-Ex1-4H-lcwgs-2-1	Tzo-CMvi_093-Ex1
TzC0109408C	Tzo-CMvi_094-Ex1-8C-lcwgs-1-1	Tzo-CMvi_094-Ex1
TzA0101901A	Tzo-AMvi_019-Ex1-1A-lcwgs-3-test-1	Tzo-AMvi_019-Ex1
TzA0101901B	Tzo-AMvi_019-Ex1-1B-lcwgs-4-zymo-1	Tzo-AMvi_019-Ex1
TzA0100801C	Tzo-AMvi_008-Ex1-1C-lcwgs-3-test-1	Tzo-AMvi_008-Ex1
TzA0100801D	Tzo-AMvi_008-Ex1-1D-lcwgs-4-zymo-1	Tzo-AMvi_008-Ex1
TzA0101601E	Tzo-AMvi_016-Ex1-1E-lcwgs-2-test-1	Tzo-AMvi_016-Ex1
TzA0101601F	Tzo-AMvi_016-Ex1-1F-lcwgs-3-zymo-1	Tzo-AMvi_016-Ex1
TzA0101701G	Tzo-AMvi_017-Ex1-1G-lcwgs-2-test-1	Tzo-AMvi_017-Ex1
TzA0101701H	Tzo-AMvi_017-Ex1-1H-lcwgs-3-zymo-1	Tzo-AMvi_017-Ex1
TzA01001	Tzo-AMvi_001_Ex1	Tzo-AMvi_001-Ex1
TzA01013	Tzo-AMvi_013_Ex1	Tzo-AMvi_013-Ex1
TzA01025	Tzo-AMvi_025_Ex1	Tzo-AMvi_025-Ex1
TzA01037	Tzo-AMvi_037_Ex1	Tzo-AMvi_037-Ex1
TzA01002	Tzo-AMvi_002_Ex1	Tzo-AMvi_002-Ex1
TzA01014	Tzo-AMvi_014_Ex1	Tzo-AMvi_014-Ex1
TzA01026	Tzo-AMvi_026_Ex1	Tzo-AMvi_026-Ex1
TzA01038	Tzo-AMvi_038_Ex1	Tzo-AMvi_038-Ex1
TzA01003	Tzo-AMvi_003_Ex1	Tzo-AMvi_003-Ex1
TzA01015	Tzo-AMvi_015_Ex1	Tzo-AMvi_015-Ex1
TzA01027	Tzo-AMvi_027_Ex1	Tzo-AMvi_027-Ex1
TzA01039	Tzo-AMvi_039_Ex1	Tzo-AMvi_039-Ex1
TzA01004	Tzo-AMvi_004_Ex1	Tzo-AMvi_004-Ex1
TzA01016	Tzo-AMvi_016_Ex1	Tzo-AMvi_016-Ex1
TzA01028	Tzo-AMvi_028_Ex1	Tzo-AMvi_028-Ex1
TzA01040	Tzo-AMvi_040_Ex1	Tzo-AMvi_040-Ex1
TzA01005	Tzo-AMvi_005_Ex1	Tzo-AMvi_005-Ex1
TzA01017	Tzo-AMvi_017_Ex1	Tzo-AMvi_017-Ex1
TzA01029	Tzo-AMvi_029_Ex1	Tzo-AMvi_029-Ex1
TzA01041	Tzo-AMvi_041_Ex1	Tzo-AMvi_041-Ex1
TzA01006	Tzo-AMvi_006_Ex1	Tzo-AMvi_006-Ex1
TzA01018	Tzo-AMvi_018_Ex1	Tzo-AMvi_018-Ex1
TzA01030	Tzo-AMvi_030_Ex1	Tzo-AMvi_030-Ex1
TzA01042	Tzo-AMvi_042_Ex1	Tzo-AMvi_042-Ex1
TzA01007	Tzo-AMvi_007_Ex1	Tzo-AMvi_007-Ex1
TzA01019	Tzo-AMvi_019_Ex1	Tzo-AMvi_019-Ex1
TzA01031	Tzo-AMvi_031_Ex1	Tzo-AMvi_031-Ex1
TzA01043	Tzo-AMvi_043_Ex1	Tzo-AMvi_043-Ex1
TzA01008	Tzo-AMvi_008_Ex1	Tzo-AMvi_008-Ex1
TzA01020	Tzo-AMvi_020_Ex1	Tzo-AMvi_020-Ex1
TzA01032	Tzo-AMvi_032_Ex1	Tzo-AMvi_032-Ex1
TzA01044	Tzo-AMvi_044_Ex1	Tzo-AMvi_044-Ex1
TzA01009	Tzo-AMvi_009_Ex1	Tzo-AMvi_009-Ex1
TzA01021	Tzo-AMvi_021_Ex1	Tzo-AMvi_021-Ex1
TzA01033	Tzo-AMvi_033_Ex1	Tzo-AMvi_033-Ex1
TzA01045	Tzo-AMvi_045_Ex1	Tzo-AMvi_045-Ex1
TzA01010	Tzo-AMvi_010_Ex1	Tzo-AMvi_010-Ex1
TzA01022	Tzo-AMvi_022_Ex1	Tzo-AMvi_022-Ex1
TzA01034	Tzo-AMvi_034_Ex1	Tzo-AMvi_034-Ex1
TzA01046	Tzo-AMvi_046_Ex1	Tzo-AMvi_046-Ex1
TzA01011	Tzo-AMvi_011_Ex1	Tzo-AMvi_011-Ex1
TzA01023	Tzo-AMvi_023_Ex1	Tzo-AMvi_023-Ex1
TzA01035	Tzo-AMvi_035_Ex1	Tzo-AMvi_035-Ex1
TzA01047	Tzo-AMvi_047_Ex1	Tzo-AMvi_047-Ex1
TzA01012	Tzo-AMvi_012_Ex1	Tzo-AMvi_012-Ex1
TzA01024	Tzo-AMvi_024_Ex1	Tzo-AMvi_024-Ex1
TzA01036	Tzo-AMvi_036_Ex1	Tzo-AMvi_036-Ex1
TzA01048	Tzo-AMvi_048_Ex1	Tzo-AMvi_048-Ex1
TzC01035	Tzo-CMvi_035-Ex1	Tzo-CMvi_035-Ex1
TzC01083	Tzo-CMvi_083-Ex1	Tzo-CMvi_083-Ex1
TzC01016	Tzo-CMvi_016-Ex1	Tzo-CMvi_016-Ex1
TzC01065	Tzo-CMvi_065-Ex1	Tzo-CMvi_065-Ex1
TzC01047	Tzo-CMvi_047-Ex1	Tzo-CMvi_047-Ex1
TzC01012	Tzo-CMvi_012-Ex1	Tzo-CMvi_012-Ex1
TzC01057	Tzo-CMvi_057-Ex1	Tzo-CMvi_057-Ex1
TzC01048	Tzo-CMvi_048-Ex1	Tzo-CMvi_048-Ex1
TzC01013	Tzo-CMvi_013-Ex1	Tzo-CMvi_013-Ex1
TzC01091	Tzo-CMvi_091-Ex1	Tzo-CMvi_091-Ex1
TzC01087	Tzo-CMvi_087-Ex1	Tzo-CMvi_087-Ex1
TzC01018	Tzo-CMvi_018-Ex1	Tzo-CMvi_018-Ex1
TzC01015	Tzo-CMvi_015-Ex1	Tzo-CMvi_015-Ex1
TzC01030	Tzo-CMvi_030-Ex1	Tzo-CMvi_030-Ex1
TzC01064	Tzo-CMvi_064-Ex1	Tzo-CMvi_064-Ex1
TzC01029	Tzo-CMvi_029-Ex1	Tzo-CMvi_029-Ex1
TzC01075	Tzo-CMvi_075-Ex1	Tzo-CMvi_075-Ex1
TzC01090	Tzo-CMvi_090-Ex1	Tzo-CMvi_090-Ex1
TzC01031	Tzo-CMvi_031-Ex1	Tzo-CMvi_031-Ex1
TzC01078	Tzo-CMvi_078-Ex1	Tzo-CMvi_078-Ex1
TzC01050	Tzo-CMvi_050-Ex1	Tzo-CMvi_050-Ex1
TzC01088	Tzo-CMvi_088-Ex1	Tzo-CMvi_088-Ex1
TzC01041	Tzo-CMvi_041-Ex1	Tzo-CMvi_041-Ex1
TzC01061	Tzo-CMvi_061-Ex1	Tzo-CMvi_061-Ex1
TzC01053	Tzo-CMvi_053-Ex1	Tzo-CMvi_053-Ex1
TzC01076	Tzo-CMvi_076-Ex1	Tzo-CMvi_076-Ex1
TzC01049	Tzo-CMvi_049-Ex1	Tzo-CMvi_049-Ex1
TzC01044	Tzo-CMvi_044-Ex1	Tzo-CMvi_044-Ex1
TzC01089	Tzo-CMvi_089-Ex1	Tzo-CMvi_089-Ex1
TzC01066	Tzo-CMvi_066-Ex1	Tzo-CMvi_066-Ex1
TzC01011	Tzo-CMvi_011-Ex1	Tzo-CMvi_011-Ex1
TzC01081	Tzo-CMvi_081-Ex1	Tzo-CMvi_081-Ex1
TzC01067	Tzo-CMvi_067-Ex1	Tzo-CMvi_067-Ex1
TzC01038	Tzo-CMvi_038-Ex1	Tzo-CMvi_038-Ex1
TzC01082	Tzo-CMvi_082-Ex1	Tzo-CMvi_082-Ex1
TzC01077	Tzo-CMvi_077-Ex1	Tzo-CMvi_077-Ex1
TzC01046	Tzo-CMvi_046-Ex1	Tzo-CMvi_046-Ex1
TzC01068	Tzo-CMvi_068-Ex1	Tzo-CMvi_068-Ex1
TzC01070	Tzo-CMvi_070-Ex1	Tzo-CMvi_070-Ex1
TzC01051	Tzo-CMvi_051-Ex1	Tzo-CMvi_051-Ex1
TzC01063	Tzo-CMvi_063-Ex1	Tzo-CMvi_063-Ex1
TzC01006	Tzo-CMvi_006-Ex1	Tzo-CMvi_006-Ex1
TzC01079	Tzo-CMvi_079-Ex1	Tzo-CMvi_079-Ex1
TzC01020	Tzo-CMvi_020-Ex1	Tzo-CMvi_020-Ex1
TzC01052	Tzo-CMvi_052-Ex1	Tzo-CMvi_052-Ex1
TzC01054	Tzo-CMvi_054-Ex1	Tzo-CMvi_054-Ex1
TzC01069	Tzo-CMvi_069-Ex1	Tzo-CMvi_069-Ex1
TzC01058	Tzo-CMvi_058-Ex1	Tzo-CMvi_058-Ex1
TzC01045	Tzo-CMvi_045-Ex1	Tzo-CMvi_045-Ex1
TzC01094	Tzo-CMvi_094-Ex1	Tzo-CMvi_094-Ex1
TzC01033	Tzo-CMvi_033-Ex1	Tzo-CMvi_033-Ex1
TzC01007	Tzo-CMvi_007-Ex1	Tzo-CMvi_007-Ex1
TzC01042	Tzo-CMvi_042-Ex1	Tzo-CMvi_042-Ex1
TzC01027	Tzo-CMvi_027-Ex1	Tzo-CMvi_027-Ex1
TzC01040	Tzo-CMvi_040-Ex1	Tzo-CMvi_040-Ex1
ZdA1002212C	Zdi-ADup_022-Ex1-12C-lcwgs-1-2	Zdi-ADup_022-Ex1
ZdA1000610C	Zdi-ADup_006-Ex1-10C-lcwgs-1-2	Zdi-ADup_006-Ex1
ZdA1001811G	Zdi-ADup_018-Ex1-11G-lcwgs-1-2	Zdi-ADup_018-Ex1
ZdA1001611E	Zdi-ADup_016-Ex1-11E-lcwgs-1-2	Zdi-ADup_016-Ex1
ZdA1001110H	Zdi-ADup_011-Ex1-10H-lcwgs-1-2	Zdi-ADup_011-Ex1
ZdA1000111B	Zdi-ADup_001-Ex1-11B-lcwgs-1-2	Zdi-ADup_001-Ex1
ZdA1000710D	Zdi-ADup_007-Ex1-10D-lcwgs-1-2	Zdi-ADup_007-Ex1
ZdA1002712H	Zdi-ADup_027-Ex1-12H-lcwgs-1-2	Zdi-ADup_027-Ex1
ZdA1000309H	Zdi-ADup_003-Ex1-9H-lcwgs-1-2	Zdi-ADup_003-Ex1
ZdA1001511D	Zdi-ADup_015-Ex1-11D-lcwgs-1-2	Zdi-ADup_015-Ex1
ZdA1001711F	Zdi-ADup_017-Ex1-11F-lcwgs-1-2	Zdi-ADup_017-Ex1
ZdA1000209G	Zdi-ADup_002-Ex1-9G-lcwgs-1-2	Zdi-ADup_002-Ex1
ZdA1004202F	Zdi-ADup_042-Ex1-2F-lcwgs-1-2	Zdi-ADup_042-Ex1
ZdA1002809F	Zdi-ADup_028-Ex1-9F-lcwgs-1-2	Zdi-ADup_028-Ex1
ZdA1002312D	Zdi-ADup_023-Ex1-12D-lcwgs-1-2	Zdi-ADup_023-Ex1
ZdA1004402H	Zdi-ADup_044-Ex1-2H-lcwgs-1-2	Zdi-ADup_044-Ex1
ZdA1001411C	Zdi-ADup_014-Ex1-11C-lcwgs-1-2	Zdi-ADup_014-Ex1
ZdA1001911H	Zdi-ADup_019-Ex1-11H-lcwgs-1-2	Zdi-ADup_019-Ex1
ZdC0105612A	Zdi-CDup_056-Ex1-12A-lcwgs-1-2	Zdi-CDup_056-Ex1
ZdC0100606A	Zdi-CDup_006-Ex1-6A-lcwgs-1-2	Zdi-CDup_006-Ex1
ZdA1000810E	Zdi-ADup_008-Ex1-10E-lcwgs-1-2	Zdi-ADup_008-Ex1
ZdC0104310E	Zdi-CDup_043-Ex1-10E-lcwgs-1-2	Zdi-CDup_043-Ex1
ZdA1002412E	Zdi-ADup_024-Ex1-12E-lcwgs-1-2	Zdi-ADup_024-Ex1
ZdC0104711A	Zdi-CDup_047-Ex1-11A-lcwgs-1-2	Zdi-CDup_047-Ex1
ZdC0101907E	Zdi-CDup_019-Ex1-7E-lcwgs-1-2	Zdi-CDup_019-Ex1
ZdC0102107G	Zdi-CDup_021-Ex1-7G-lcwgs-1-2	Zdi-CDup_021-Ex1
ZdA1003201D	Zdi-ADup_032-Ex1-1D-lcwgs-1-2	Zdi-ADup_032-Ex1
ZdC0101006D	Zdi-CDup_010-Ex1-6D-lcwgs-1-2	Zdi-CDup_010-Ex1
ZdC0101106E	Zdi-CDup_011-Ex1-6E-lcwgs-1-2	Zdi-CDup_011-Ex1
ZdC0101406H	Zdi-CDup_014-Ex1-6H-lcwgs-1-2	Zdi-CDup_014-Ex1
ZdA1004703C	Zdi-ADup_047-Ex1-3C-lcwgs-1-2	Zdi-ADup_047-Ex1
ZdC0105812C	Zdi-CDup_058-Ex1-12C-lcwgs-1-2	Zdi-CDup_058-Ex1
ZdC0100505H	Zdi-CDup_005-Ex1-5H-lcwgs-1-2	Zdi-CDup_005-Ex1
ZdC0101807D	Zdi-CDup_018-Ex1-7D-lcwgs-1-2	Zdi-CDup_018-Ex1
ZdC0103109A	Zdi-CDup_031-Ex1-9A-lcwgs-1-2	Zdi-CDup_031-Ex1
ZdC0101607B	Zdi-CDup_016-Ex1-7B-lcwgs-1-2	Zdi-CDup_016-Ex1
ZdA1003501G	Zdi-ADup_035-Ex1-1G-lcwgs-1-2	Zdi-ADup_035-Ex1
ZdC0106405A	Zdi-CDup_064-Ex1-5A-lcwgs-1-2	Zdi-CDup_064-Ex1
ZdA1004302G	Zdi-ADup_043-Ex1-2G-lcwgs-1-2	Zdi-ADup_043-Ex1
ZdA1002612G	Zdi-ADup_026-Ex1-12G-lcwgs-1-2	Zdi-ADup_026-Ex1
ZdA1001312F	Zdi-ADup_013-Ex1-12F-lcwgs-1-2	Zdi-ADup_013-Ex1
ZdA1000910F	Zdi-ADup_009-Ex1-10F-lcwgs-1-2	Zdi-ADup_009-Ex1
ZdC0106605C	Zdi-CDup_066-Ex1-5C-lcwgs-1-2	Zdi-CDup_066-Ex1
ZdC0104210D	Zdi-CDup_042-Ex1-10D-lcwgs-1-2	Zdi-CDup_042-Ex1
ZdA1000510B	Zdi-ADup_005-Ex1-10B-lcwgs-1-2	Zdi-ADup_005-Ex1
ZdC0106112F	Zdi-CDup_061-Ex1-12F-lcwgs-1-2	Zdi-CDup_061-Ex1
ZdC0103409D	Zdi-CDup_034-Ex1-9D-lcwgs-1-2	Zdi-CDup_034-Ex1
ZdC0100706B	Zdi-CDup_007-Ex1-6B-lcwgs-1-2	Zdi-CDup_007-Ex1
ZdC0105712B	Zdi-CDup_057-Ex1-12B-lcwgs-1-2	Zdi-CDup_057-Ex1
ZdA1003301E	Zdi-ADup_033-Ex1-1E-lcwgs-1-2	Zdi-ADup_033-Ex1
ZdC0100105D	Zdi-CDup_001-Ex1-5D-lcwgs-1-2	Zdi-CDup_001-Ex1
ZdC0100305F	Zdi-CDup_003-Ex1-5F-lcwgs-1-2	Zdi-CDup_003-Ex1
ZdC0104510G	Zdi-CDup_045-Ex1-10G-lcwgs-1-2	Zdi-CDup_045-Ex1
ZdA1003401F	Zdi-ADup_034-Ex1-1F-lcwgs-1-2	Zdi-ADup_034-Ex1
ZdC0101707C	Zdi-CDup_017-Ex1-7C-lcwgs-1-2	Zdi-CDup_017-Ex1
ZdA1004503A	Zdi-ADup_045-Ex1-3A-lcwgs-1-2	Zdi-ADup_045-Ex1
ZdC0102207H	Zdi-CDup_022-Ex1-7H-lcwgs-1-2	Zdi-CDup_022-Ex1
ZdA1003601H	Zdi-ADup_036-Ex1-1H-lcwgs-1-2	Zdi-ADup_036-Ex1
ZdC0103709G	Zdi-CDup_037-Ex1-9G-lcwgs-1-2	Zdi-CDup_037-Ex1
ZdC0103309C	Zdi-CDup_033-Ex1-9C-lcwgs-1-2	Zdi-CDup_033-Ex1
ZdC0104610H	Zdi-CDup_046-Ex1-10H-lcwgs-1-2	Zdi-CDup_046-Ex1
ZdA1004002D	Zdi-ADup_040-Ex1-2D-lcwgs-1-2	Zdi-ADup_040-Ex1
ZdA1003703D	Zdi-ADup_037-Ex1-3D-lcwgs-1-2	Zdi-ADup_037-Ex1
ZdC0100806C	Zdi-CDup_008-Ex1-6C-lcwgs-1-2	Zdi-CDup_008-Ex1
ZdC0104110C	Zdi-CDup_041-Ex1-10C-lcwgs-1-2	Zdi-CDup_041-Ex1
ZdC0101206F	Zdi-CDup_012-Ex1-6F-lcwgs-1-2	Zdi-CDup_012-Ex1
ZdA1003902C	Zdi-ADup_039-Ex1-2C-lcwgs-1-2	Zdi-ADup_039-Ex1
ZdC0101507A	Zdi-CDup_015-Ex1-7A-lcwgs-1-2	Zdi-CDup_015-Ex1
ZdC0107112H	Zdi-CDup_071-Ex1-12H-lcwgs-1-2	Zdi-CDup_071-Ex1
ZdA1001010G	Zdi-ADup_010-Ex1-10G-lcwgs-1-2	Zdi-ADup_010-Ex1
ZdC0102608D	Zdi-CDup_026-Ex1-8D-lcwgs-1-2	Zdi-CDup_026-Ex1
ZdC0101306G	Zdi-CDup_013-Ex1-6G-lcwgs-1-2	Zdi-CDup_013-Ex1
ZdA1003101C	Zdi-ADup_031-Ex1-1C-lcwgs-1-2	Zdi-ADup_031-Ex1
ZdA1002502A	Zdi-ADup_025-Ex1-2A-lcwgs-1-2	Zdi-ADup_025-Ex1
ZdC0105912D	Zdi-CDup_059-Ex1-12D-lcwgs-1-2	Zdi-CDup_059-Ex1
ZdA1001211A	Zdi-ADup_012-Ex1-11A-lcwgs-1-2	Zdi-ADup_012-Ex1
ZdC0106505B	Zdi-CDup_065-Ex1-5B-lcwgs-1-2	Zdi-CDup_065-Ex1
ZdA1003802B	Zdi-ADup_038-Ex1-2B-lcwgs-1-2	Zdi-ADup_038-Ex1
ZdA1004603B	Zdi-ADup_046-Ex1-3B-lcwgs-1-2	Zdi-ADup_046-Ex1
ZdA1003001B	Zdi-ADup_030-Ex1-1B-lcwgs-1-2	Zdi-ADup_030-Ex1
ZdA1004102E	Zdi-ADup_041-Ex1-2E-lcwgs-1-2	Zdi-ADup_041-Ex1
ZdC0105411G	Zdi-CDup_054-Ex1-11G-lcwgs-1-2	Zdi-CDup_054-Ex1
ZdA1002112B	Zdi-ADup_021-Ex1-12B-lcwgs-1-2	Zdi-ADup_021-Ex1
ZdC0103509E	Zdi-CDup_035-Ex1-9E-lcwgs-1-2	Zdi-CDup_035-Ex1
ZdC0103910A	Zdi-CDup_039-Ex1-10A-lcwgs-1-2	Zdi-CDup_039-Ex1
ZdC0106212G	Zdi-CDup_062-Ex1-12G-lcwgs-1-2	Zdi-CDup_062-Ex1
ZdC0104010B	Zdi-CDup_040-Ex1-10B-lcwgs-1-2	Zdi-CDup_040-Ex1
ZdC0105111E	Zdi-CDup_051-Ex1-11E-lcwgs-1-2	Zdi-CDup_051-Ex1
ZdC0103809H	Zdi-CDup_038-Ex1-9H-lcwgs-1-2	Zdi-CDup_038-Ex1
ZdC0105011D	Zdi-CDup_050-Ex1-11D-lcwgs-1-2	Zdi-CDup_050-Ex1
ZdC0100405G	Zdi-CDup_004-Ex1-5G-lcwgs-1-2	Zdi-CDup_004-Ex1
ZdC0106012E	Zdi-CDup_060-Ex1-12E-lcwgs-1-2	Zdi-CDup_060-Ex1
ZdC0100205E	Zdi-CDup_002-Ex1-5E-lcwgs-1-2	Zdi-CDup_002-Ex1
ZdA1002901A	Zdi-ADup_029-Ex1-1A-lcwgs-1-2	Zdi-ADup_029-Ex1
ZdA1000410A	Zdi-ADup_004-Ex1-10A-lcwgs-1-2	Zdi-ADup_004-Ex1
ZdA1002012A	Zdi-ADup_020-Ex1-12A-lcwgs-1-2	Zdi-ADup_020-Ex1
ZdA1002809F	Zdi-ADup_028-Ex1-9F-lcwgs-1-1	Zdi-ADup_028-Ex1
ZdA1000209G	Zdi-ADup_002-Ex1-9G-lcwgs-1-1	Zdi-ADup_002-Ex1
ZdA1000309H	Zdi-ADup_003-Ex1-9H-lcwgs-1-1	Zdi-ADup_003-Ex1
ZdA1000410A	Zdi-ADup_004-Ex1-10A-lcwgs-1-1	Zdi-ADup_004-Ex1
ZdA1000510B	Zdi-ADup_005-Ex1-10B-lcwgs-1-1	Zdi-ADup_005-Ex1
ZdA1000610C	Zdi-ADup_006-Ex1-10C-lcwgs-1-1	Zdi-ADup_006-Ex1
ZdA1000710D	Zdi-ADup_007-Ex1-10D-lcwgs-1-1	Zdi-ADup_007-Ex1
ZdA1000810E	Zdi-ADup_008-Ex1-10E-lcwgs-1-1	Zdi-ADup_008-Ex1
ZdA1000910F	Zdi-ADup_009-Ex1-10F-lcwgs-1-1	Zdi-ADup_009-Ex1
ZdA1001010G	Zdi-ADup_010-Ex1-10G-lcwgs-1-1	Zdi-ADup_010-Ex1
ZdA1001110H	Zdi-ADup_011-Ex1-10H-lcwgs-1-1	Zdi-ADup_011-Ex1
ZdA1001211A	Zdi-ADup_012-Ex1-11A-lcwgs-1-1	Zdi-ADup_012-Ex1
ZdA1000111B	Zdi-ADup_001-Ex1-11B-lcwgs-1-1	Zdi-ADup_001-Ex1
ZdA1001411C	Zdi-ADup_014-Ex1-11C-lcwgs-1-1	Zdi-ADup_014-Ex1
ZdA1001511D	Zdi-ADup_015-Ex1-11D-lcwgs-1-1	Zdi-ADup_015-Ex1
ZdA1001611E	Zdi-ADup_016-Ex1-11E-lcwgs-1-1	Zdi-ADup_016-Ex1
ZdA1001711F	Zdi-ADup_017-Ex1-11F-lcwgs-1-1	Zdi-ADup_017-Ex1
ZdA1001811G	Zdi-ADup_018-Ex1-11G-lcwgs-1-1	Zdi-ADup_018-Ex1
ZdA1001911H	Zdi-ADup_019-Ex1-11H-lcwgs-1-1	Zdi-ADup_019-Ex1
ZdA1002012A	Zdi-ADup_020-Ex1-12A-lcwgs-1-1	Zdi-ADup_020-Ex1
ZdA1002112B	Zdi-ADup_021-Ex1-12B-lcwgs-1-1	Zdi-ADup_021-Ex1
ZdA1002212C	Zdi-ADup_022-Ex1-12C-lcwgs-1-1	Zdi-ADup_022-Ex1
ZdA1002312D	Zdi-ADup_023-Ex1-12D-lcwgs-1-1	Zdi-ADup_023-Ex1
ZdA1002412E	Zdi-ADup_024-Ex1-12E-lcwgs-1-1	Zdi-ADup_024-Ex1
ZdA1001312F	Zdi-ADup_013-Ex1-12F-lcwgs-1-1	Zdi-ADup_013-Ex1
ZdA1002612G	Zdi-ADup_026-Ex1-12G-lcwgs-1-1	Zdi-ADup_026-Ex1
ZdA1002712H	Zdi-ADup_027-Ex1-12H-lcwgs-1-1	Zdi-ADup_027-Ex1
ZdA1002901A	Zdi-ADup_029-Ex1-1A-lcwgs-1-1	Zdi-ADup_029-Ex1
ZdA1003001B	Zdi-ADup_030-Ex1-1B-lcwgs-1-1	Zdi-ADup_030-Ex1
ZdA1003101C	Zdi-ADup_031-Ex1-1C-lcwgs-1-1	Zdi-ADup_031-Ex1
ZdA1003201D	Zdi-ADup_032-Ex1-1D-lcwgs-1-1	Zdi-ADup_032-Ex1
ZdA1003301E	Zdi-ADup_033-Ex1-1E-lcwgs-1-1	Zdi-ADup_033-Ex1
ZdA1003401F	Zdi-ADup_034-Ex1-1F-lcwgs-1-1	Zdi-ADup_034-Ex1
ZdA1003501G	Zdi-ADup_035-Ex1-1G-lcwgs-1-1	Zdi-ADup_035-Ex1
ZdA1003601H	Zdi-ADup_036-Ex1-1H-lcwgs-1-1	Zdi-ADup_036-Ex1
ZdA1002502A	Zdi-ADup_025-Ex1-2A-lcwgs-1-1	Zdi-ADup_025-Ex1
ZdA1003802B	Zdi-ADup_038-Ex1-2B-lcwgs-1-1	Zdi-ADup_038-Ex1
ZdA1003902C	Zdi-ADup_039-Ex1-2C-lcwgs-1-1	Zdi-ADup_039-Ex1
ZdA1004002D	Zdi-ADup_040-Ex1-2D-lcwgs-1-1	Zdi-ADup_040-Ex1
ZdA1004102E	Zdi-ADup_041-Ex1-2E-lcwgs-1-1	Zdi-ADup_041-Ex1
ZdA1004202F	Zdi-ADup_042-Ex1-2F-lcwgs-1-1	Zdi-ADup_042-Ex1
ZdA1004302G	Zdi-ADup_043-Ex1-2G-lcwgs-1-1	Zdi-ADup_043-Ex1
ZdA1004402H	Zdi-ADup_044-Ex1-2H-lcwgs-1-1	Zdi-ADup_044-Ex1
ZdA1004503A	Zdi-ADup_045-Ex1-3A-lcwgs-1-1	Zdi-ADup_045-Ex1
ZdA1004603B	Zdi-ADup_046-Ex1-3B-lcwgs-1-1	Zdi-ADup_046-Ex1
ZdA1004703C	Zdi-ADup_047-Ex1-3C-lcwgs-1-1	Zdi-ADup_047-Ex1
ZdA1003703D	Zdi-ADup_037-Ex1-3D-lcwgs-1-1	Zdi-ADup_037-Ex1
ZdC0106405A	Zdi-CDup_064-Ex1-5A-lcwgs-1-1	Zdi-CDup_064-Ex1
ZdC0106505B	Zdi-CDup_065-Ex1-5B-lcwgs-1-1	Zdi-CDup_065-Ex1
ZdC0106605C	Zdi-CDup_066-Ex1-5C-lcwgs-1-1	Zdi-CDup_066-Ex1
ZdC0100105D	Zdi-CDup_001-Ex1-5D-lcwgs-1-1	Zdi-CDup_001-Ex1
ZdC0100205E	Zdi-CDup_002-Ex1-5E-lcwgs-1-1	Zdi-CDup_002-Ex1
ZdC0100305F	Zdi-CDup_003-Ex1-5F-lcwgs-1-1	Zdi-CDup_003-Ex1
ZdC0100405G	Zdi-CDup_004-Ex1-5G-lcwgs-1-1	Zdi-CDup_004-Ex1
ZdC0100505H	Zdi-CDup_005-Ex1-5H-lcwgs-1-1	Zdi-CDup_005-Ex1
ZdC0100606A	Zdi-CDup_006-Ex1-6A-lcwgs-1-1	Zdi-CDup_006-Ex1
ZdC0100706B	Zdi-CDup_007-Ex1-6B-lcwgs-1-1	Zdi-CDup_007-Ex1
ZdC0100806C	Zdi-CDup_008-Ex1-6C-lcwgs-1-1	Zdi-CDup_008-Ex1
ZdC0101006D	Zdi-CDup_010-Ex1-6D-lcwgs-1-1	Zdi-CDup_010-Ex1
ZdC0101106E	Zdi-CDup_011-Ex1-6E-lcwgs-1-1	Zdi-CDup_011-Ex1
ZdC0101206F	Zdi-CDup_012-Ex1-6F-lcwgs-1-1	Zdi-CDup_012-Ex1
ZdC0101306G	Zdi-CDup_013-Ex1-6G-lcwgs-1-1	Zdi-CDup_013-Ex1
ZdC0101406H	Zdi-CDup_014-Ex1-6H-lcwgs-1-1	Zdi-CDup_014-Ex1
ZdC0101507A	Zdi-CDup_015-Ex1-7A-lcwgs-1-1	Zdi-CDup_015-Ex1
ZdC0101607B	Zdi-CDup_016-Ex1-7B-lcwgs-1-1	Zdi-CDup_016-Ex1
ZdC0101707C	Zdi-CDup_017-Ex1-7C-lcwgs-1-1	Zdi-CDup_017-Ex1
ZdC0101807D	Zdi-CDup_018-Ex1-7D-lcwgs-1-1	Zdi-CDup_018-Ex1
ZdC0101907E	Zdi-CDup_019-Ex1-7E-lcwgs-1-1	Zdi-CDup_019-Ex1
ZdC0102007F	Zdi-CDup_020-Ex1-7F-lcwgs-1-1	Zdi-CDup_020-Ex1
ZdC0102107G	Zdi-CDup_021-Ex1-7G-lcwgs-1-1	Zdi-CDup_021-Ex1
ZdC0102207H	Zdi-CDup_022-Ex1-7H-lcwgs-1-1	Zdi-CDup_022-Ex1
ZdC0102308A	Zdi-CDup_023-Ex1-8A-lcwgs-1-1	Zdi-CDup_023-Ex1
ZdC0102408B	Zdi-CDup_024-Ex1-8B-lcwgs-1-1	Zdi-CDup_024-Ex1
ZdC0102508C	Zdi-CDup_025-Ex1-8C-lcwgs-1-1	Zdi-CDup_025-Ex1
ZdC0102608D	Zdi-CDup_026-Ex1-8D-lcwgs-1-1	Zdi-CDup_026-Ex1
ZdC0102708E	Zdi-CDup_027-Ex1-8E-lcwgs-1-1	Zdi-CDup_027-Ex1
ZdC0102808F	Zdi-CDup_028-Ex1-8F-lcwgs-1-1	Zdi-CDup_028-Ex1
ZdC0102908G	Zdi-CDup_029-Ex1-8G-lcwgs-1-1	Zdi-CDup_029-Ex1
ZdC0103008H	Zdi-CDup_030-Ex1-8H-lcwgs-1-1	Zdi-CDup_030-Ex1
ZdC0103109A	Zdi-CDup_031-Ex1-9A-lcwgs-1-1	Zdi-CDup_031-Ex1
ZdC0103209B	Zdi-CDup_032-Ex1-9B-lcwgs-1-1	Zdi-CDup_032-Ex1
ZdC0103309C	Zdi-CDup_033-Ex1-9C-lcwgs-1-1	Zdi-CDup_033-Ex1
ZdC0103409D	Zdi-CDup_034-Ex1-9D-lcwgs-1-1	Zdi-CDup_034-Ex1
ZdC0103509E	Zdi-CDup_035-Ex1-9E-lcwgs-1-1	Zdi-CDup_035-Ex1
ZdC0103609F	Zdi-CDup_036-Ex1-9F-lcwgs-1-1	Zdi-CDup_036-Ex1
ZdC0103709G	Zdi-CDup_037-Ex1-9G-lcwgs-1-1	Zdi-CDup_037-Ex1
ZdC0103809H	Zdi-CDup_038-Ex1-9H-lcwgs-1-1	Zdi-CDup_038-Ex1
ZdC0103910A	Zdi-CDup_039-Ex1-10A-lcwgs-1-1	Zdi-CDup_039-Ex1
ZdC0104010B	Zdi-CDup_040-Ex1-10B-lcwgs-1-1	Zdi-CDup_040-Ex1
ZdC0104110C	Zdi-CDup_041-Ex1-10C-lcwgs-1-1	Zdi-CDup_041-Ex1
ZdC0104210D	Zdi-CDup_042-Ex1-10D-lcwgs-1-1	Zdi-CDup_042-Ex1
ZdC0104310E	Zdi-CDup_043-Ex1-10E-lcwgs-1-1	Zdi-CDup_043-Ex1
ZdC0104410F	Zdi-CDup_044-Ex1-10F-lcwgs-1-1	Zdi-CDup_044-Ex1
ZdC0104510G	Zdi-CDup_045-Ex1-10G-lcwgs-1-1	Zdi-CDup_045-Ex1
ZdC0104610H	Zdi-CDup_046-Ex1-10H-lcwgs-1-1	Zdi-CDup_046-Ex1
ZdC0104711A	Zdi-CDup_047-Ex1-11A-lcwgs-1-1	Zdi-CDup_047-Ex1
ZdC0104811B	Zdi-CDup_048-Ex1-11B-lcwgs-1-1	Zdi-CDup_048-Ex1
ZdC0104911C	Zdi-CDup_049-Ex1-11C-lcwgs-1-1	Zdi-CDup_049-Ex1
ZdC0105011D	Zdi-CDup_050-Ex1-11D-lcwgs-1-1	Zdi-CDup_050-Ex1
ZdC0105111E	Zdi-CDup_051-Ex1-11E-lcwgs-1-1	Zdi-CDup_051-Ex1
ZdC0105311F	Zdi-CDup_053-Ex1-11F-lcwgs-1-1	Zdi-CDup_053-Ex1
ZdC0105411G	Zdi-CDup_054-Ex1-11G-lcwgs-1-1	Zdi-CDup_054-Ex1
ZdC0105511H	Zdi-CDup_055-Ex1-11H-lcwgs-1-1	Zdi-CDup_055-Ex1
ZdC0105612A	Zdi-CDup_056-Ex1-12A-lcwgs-1-1	Zdi-CDup_056-Ex1
ZdC0105712B	Zdi-CDup_057-Ex1-12B-lcwgs-1-1	Zdi-CDup_057-Ex1
ZdC0105812C	Zdi-CDup_058-Ex1-12C-lcwgs-1-1	Zdi-CDup_058-Ex1
ZdC0105912D	Zdi-CDup_059-Ex1-12D-lcwgs-1-1	Zdi-CDup_059-Ex1
ZdC0106012E	Zdi-CDup_060-Ex1-12E-lcwgs-1-1	Zdi-CDup_060-Ex1
ZdC0106112F	Zdi-CDup_061-Ex1-12F-lcwgs-1-1	Zdi-CDup_061-Ex1
ZdC0106212G	Zdi-CDup_062-Ex1-12G-lcwgs-1-1	Zdi-CDup_062-Ex1
ZdC0107112H	Zdi-CDup_071-Ex1-12H-lcwgs-1-1	Zdi-CDup_071-Ex1
