extraction_id	file_prefix	hpc_path	hpc_name	sequencing_type	duplicated_sequence_pair	file_forward	file_reverse	correction_applied	correction_id	correction_details	correction_date
Sde-AGui_001-Ex1	SdA0700101AWGSZ_WKDL260008953-1A_237VHMLT4_L4	/archive/carpenterlab/pire/raw_sequence_archive/spratelloides_delicatulus/20260629_Sde-lcwgs	wahab	lcwgs		SdA0700101AWGSZ_WKDL260008953-1A_237VHMLT4_L4_1.fq.gz	SdA0700101AWGSZ_WKDL260008953-1A_237VHMLT4_L4_2.fq.gz	FALSE			
Sde-AGui_001-Ex1	SdA0700101AWGSZ_WKDL260008953-1A_237VHMLT4_L5	/archive/carpenterlab/pire/raw_sequence_archive/spratelloides_delicatulus/20260629_Sde-lcwgs	wahab	lcwgs		SdA0700101AWGSZ_WKDL260008953-1A_237VHMLT4_L5_1.fq.gz	SdA0700101AWGSZ_WKDL260008953-1A_237VHMLT4_L5_2.fq.gz	FALSE			
Sde-AGui_002-Ex1	SdA0700201BWGSZ_WKDL260008953-1A_237VHMLT4_L4	/archive/carpenterlab/pire/raw_sequence_archive/spratelloides_delicatulus/20260629_Sde-lcwgs	wahab	lcwgs		SdA0700201BWGSZ_WKDL260008953-1A_237VHMLT4_L4_1.fq.gz	SdA0700201BWGSZ_WKDL260008953-1A_237VHMLT4_L4_2.fq.gz	FALSE			
Sde-AGui_002-Ex1	SdA0700201BWGSZ_WKDL260008953-1A_237VHMLT4_L5	/archive/carpenterlab/pire/raw_sequence_archive/spratelloides_delicatulus/20260629_Sde-lcwgs	wahab	lcwgs		SdA0700201BWGSZ_WKDL260008953-1A_237VHMLT4_L5_1.fq.gz	SdA0700201BWGSZ_WKDL260008953-1A_237VHMLT4_L5_2.fq.gz	FALSE			
Sde-AGui_003-Ex1	SdA0700301CWGSZ_WKDL260008953-1A_237VHMLT4_L4	/archive/carpenterlab/pire/raw_sequence_archive/spratelloides_delicatulus/20260629_Sde-lcwgs	wahab	lcwgs		SdA0700301CWGSZ_WKDL260008953-1A_237VHMLT4_L4_1.fq.gz	SdA0700301CWGSZ_WKDL260008953-1A_237VHMLT4_L4_2.fq.gz	FALSE			
Sde-AGui_003-Ex1	SdA0700301CWGSZ_WKDL260008953-1A_237VHMLT4_L5	/archive/carpenterlab/pire/raw_sequence_archive/spratelloides_delicatulus/20260629_Sde-lcwgs	wahab	lcwgs		SdA0700301CWGSZ_WKDL260008953-1A_237VHMLT4_L5_1.fq.gz	SdA0700301CWGSZ_WKDL260008953-1A_237VHMLT4_L5_2.fq.gz	FALSE			
Sde-AGui_004-Ex1	SdA0700401DWGSZ_WKDL260008953-1A_237VHMLT4_L4	/archive/carpenterlab/pire/raw_sequence_archive/spratelloides_delicatulus/20260629_Sde-lcwgs	wahab	lcwgs		SdA0700401DWGSZ_WKDL260008953-1A_237VHMLT4_L4_1.fq.gz	SdA0700401DWGSZ_WKDL260008953-1A_237VHMLT4_L4_2.fq.gz	FALSE			
Sde-AGui_004-Ex1	SdA0700401DWGSZ_WKDL260008953-1A_237VHMLT4_L5	/archive/carpenterlab/pire/raw_sequence_archive/spratelloides_delicatulus/20260629_Sde-lcwgs	wahab	lcwgs		SdA0700401DWGSZ_WKDL260008953-1A_237VHMLT4_L5_1.fq.gz	SdA0700401DWGSZ_WKDL260008953-1A_237VHMLT4_L5_2.fq.gz	FALSE			
Sde-AGui_005-Ex1	SdA0700501EWGSZ_WKDL260008953-1A_237VHMLT4_L4	/archive/carpenterlab/pire/raw_sequence_archive/spratelloides_delicatulus/20260629_Sde-lcwgs	wahab	lcwgs		SdA0700501EWGSZ_WKDL260008953-1A_237VHMLT4_L4_1.fq.gz	SdA0700501EWGSZ_WKDL260008953-1A_237VHMLT4_L4_2.fq.gz	FALSE			
Sde-AGui_005-Ex1	SdA0700501EWGSZ_WKDL260008953-1A_237VHMLT4_L5	/archive/carpenterlab/pire/raw_sequence_archive/spratelloides_delicatulus/20260629_Sde-lcwgs	wahab	lcwgs		SdA0700501EWGSZ_WKDL260008953-1A_237VHMLT4_L5_1.fq.gz	SdA0700501EWGSZ_WKDL260008953-1A_237VHMLT4_L5_2.fq.gz	FALSE			
Sde-AGui_006-Ex1	SdA0700601FWGSZ_WKDL260008953-1A_237VHMLT4_L4	/archive/carpenterlab/pire/raw_sequence_archive/spratelloides_delicatulus/20260629_Sde-lcwgs	wahab	lcwgs		SdA0700601FWGSZ_WKDL260008953-1A_237VHMLT4_L4_1.fq.gz	SdA0700601FWGSZ_WKDL260008953-1A_237VHMLT4_L4_2.fq.gz	FALSE			
Sde-AGui_006-Ex1	SdA0700601FWGSZ_WKDL260008953-1A_237VHMLT4_L5	/archive/carpenterlab/pire/raw_sequence_archive/spratelloides_delicatulus/20260629_Sde-lcwgs	wahab	lcwgs		SdA0700601FWGSZ_WKDL260008953-1A_237VHMLT4_L5_1.fq.gz	SdA0700601FWGSZ_WKDL260008953-1A_237VHMLT4_L5_2.fq.gz	FALSE			
Sde-AGui_007-Ex1	SdA0700701GWGSZ_WKDL260008953-1A_237VHMLT4_L4	/archive/carpenterlab/pire/raw_sequence_archive/spratelloides_delicatulus/20260629_Sde-lcwgs	wahab	lcwgs		SdA0700701GWGSZ_WKDL260008953-1A_237VHMLT4_L4_1.fq.gz	SdA0700701GWGSZ_WKDL260008953-1A_237VHMLT4_L4_2.fq.gz	FALSE			
Sde-AGui_007-Ex1	SdA0700701GWGSZ_WKDL260008953-1A_237VHMLT4_L5	/archive/carpenterlab/pire/raw_sequence_archive/spratelloides_delicatulus/20260629_Sde-lcwgs	wahab	lcwgs		SdA0700701GWGSZ_WKDL260008953-1A_237VHMLT4_L5_1.fq.gz	SdA0700701GWGSZ_WKDL260008953-1A_237VHMLT4_L5_2.fq.gz	FALSE			
Sde-AGui_008-Ex1	SdA0700801HWGSZ_WKDL260008953-1A_237VHMLT4_L4	/archive/carpenterlab/pire/raw_sequence_archive/spratelloides_delicatulus/20260629_Sde-lcwgs	wahab	lcwgs		SdA0700801HWGSZ_WKDL260008953-1A_237VHMLT4_L4_1.fq.gz	SdA0700801HWGSZ_WKDL260008953-1A_237VHMLT4_L4_2.fq.gz	FALSE			
Sde-AGui_008-Ex1	SdA0700801HWGSZ_WKDL260008953-1A_237VHMLT4_L5	/archive/carpenterlab/pire/raw_sequence_archive/spratelloides_delicatulus/20260629_Sde-lcwgs	wahab	lcwgs		SdA0700801HWGSZ_WKDL260008953-1A_237VHMLT4_L5_1.fq.gz	SdA0700801HWGSZ_WKDL260008953-1A_237VHMLT4_L5_2.fq.gz	FALSE			
Sde-AGui_009-Ex1	SdA0700902AWGSZ_WKDL260008953-1A_237VHMLT4_L4	/archive/carpenterlab/pire/raw_sequence_archive/spratelloides_delicatulus/20260629_Sde-lcwgs	wahab	lcwgs		SdA0700902AWGSZ_WKDL260008953-1A_237VHMLT4_L4_1.fq.gz	SdA0700902AWGSZ_WKDL260008953-1A_237VHMLT4_L4_2.fq.gz	FALSE			
Sde-AGui_009-Ex1	SdA0700902AWGSZ_WKDL260008953-1A_237VHMLT4_L5	/archive/carpenterlab/pire/raw_sequence_archive/spratelloides_delicatulus/20260629_Sde-lcwgs	wahab	lcwgs		SdA0700902AWGSZ_WKDL260008953-1A_237VHMLT4_L5_1.fq.gz	SdA0700902AWGSZ_WKDL260008953-1A_237VHMLT4_L5_2.fq.gz	FALSE			
Sde-AGui_010-Ex1	SdA0701002BWGSZ_WKDL260008953-1A_237VHMLT4_L4	/archive/carpenterlab/pire/raw_sequence_archive/spratelloides_delicatulus/20260629_Sde-lcwgs	wahab	lcwgs		SdA0701002BWGSZ_WKDL260008953-1A_237VHMLT4_L4_1.fq.gz	SdA0701002BWGSZ_WKDL260008953-1A_237VHMLT4_L4_2.fq.gz	FALSE			
Sde-AGui_010-Ex1	SdA0701002BWGSZ_WKDL260008953-1A_237VHMLT4_L5	/archive/carpenterlab/pire/raw_sequence_archive/spratelloides_delicatulus/20260629_Sde-lcwgs	wahab	lcwgs		SdA0701002BWGSZ_WKDL260008953-1A_237VHMLT4_L5_1.fq.gz	SdA0701002BWGSZ_WKDL260008953-1A_237VHMLT4_L5_2.fq.gz	FALSE			
Sde-AGui_011-Ex1	SdA0701102CWGSZ_WKDL260008953-1A_237VHMLT4_L4	/archive/carpenterlab/pire/raw_sequence_archive/spratelloides_delicatulus/20260629_Sde-lcwgs	wahab	lcwgs		SdA0701102CWGSZ_WKDL260008953-1A_237VHMLT4_L4_1.fq.gz	SdA0701102CWGSZ_WKDL260008953-1A_237VHMLT4_L4_2.fq.gz	FALSE			
Sde-AGui_011-Ex1	SdA0701102CWGSZ_WKDL260008953-1A_237VHMLT4_L5	/archive/carpenterlab/pire/raw_sequence_archive/spratelloides_delicatulus/20260629_Sde-lcwgs	wahab	lcwgs		SdA0701102CWGSZ_WKDL260008953-1A_237VHMLT4_L5_1.fq.gz	SdA0701102CWGSZ_WKDL260008953-1A_237VHMLT4_L5_2.fq.gz	FALSE			
Sde-AGui_012-Ex1	SdA0701202DWGSZ_WKDL260008953-1A_237VHMLT4_L4	/archive/carpenterlab/pire/raw_sequence_archive/spratelloides_delicatulus/20260629_Sde-lcwgs	wahab	lcwgs		SdA0701202DWGSZ_WKDL260008953-1A_237VHMLT4_L4_1.fq.gz	SdA0701202DWGSZ_WKDL260008953-1A_237VHMLT4_L4_2.fq.gz	FALSE			
Sde-AGui_012-Ex1	SdA0701202DWGSZ_WKDL260008953-1A_237VHMLT4_L5	/archive/carpenterlab/pire/raw_sequence_archive/spratelloides_delicatulus/20260629_Sde-lcwgs	wahab	lcwgs		SdA0701202DWGSZ_WKDL260008953-1A_237VHMLT4_L5_1.fq.gz	SdA0701202DWGSZ_WKDL260008953-1A_237VHMLT4_L5_2.fq.gz	FALSE			
Sde-AGui_013-Ex1	SdA0701302EWGSZ_WKDL260008953-1A_237VHMLT4_L4	/archive/carpenterlab/pire/raw_sequence_archive/spratelloides_delicatulus/20260629_Sde-lcwgs	wahab	lcwgs		SdA0701302EWGSZ_WKDL260008953-1A_237VHMLT4_L4_1.fq.gz	SdA0701302EWGSZ_WKDL260008953-1A_237VHMLT4_L4_2.fq.gz	FALSE			
Sde-AGui_013-Ex1	SdA0701302EWGSZ_WKDL260008953-1A_237VHMLT4_L5	/archive/carpenterlab/pire/raw_sequence_archive/spratelloides_delicatulus/20260629_Sde-lcwgs	wahab	lcwgs		SdA0701302EWGSZ_WKDL260008953-1A_237VHMLT4_L5_1.fq.gz	SdA0701302EWGSZ_WKDL260008953-1A_237VHMLT4_L5_2.fq.gz	FALSE			
Sde-AGui_014-Ex1	SdA0701402FWGSZ_WKDL260008953-1A_237VHMLT4_L4	/archive/carpenterlab/pire/raw_sequence_archive/spratelloides_delicatulus/20260629_Sde-lcwgs	wahab	lcwgs		SdA0701402FWGSZ_WKDL260008953-1A_237VHMLT4_L4_1.fq.gz	SdA0701402FWGSZ_WKDL260008953-1A_237VHMLT4_L4_2.fq.gz	FALSE			
Sde-AGui_014-Ex1	SdA0701402FWGSZ_WKDL260008953-1A_237VHMLT4_L5	/archive/carpenterlab/pire/raw_sequence_archive/spratelloides_delicatulus/20260629_Sde-lcwgs	wahab	lcwgs		SdA0701402FWGSZ_WKDL260008953-1A_237VHMLT4_L5_1.fq.gz	SdA0701402FWGSZ_WKDL260008953-1A_237VHMLT4_L5_2.fq.gz	FALSE			
Sde-AGui_015-Ex1	SdA0701502GWGSZ_WKDL260008953-1A_237VHMLT4_L4	/archive/carpenterlab/pire/raw_sequence_archive/spratelloides_delicatulus/20260629_Sde-lcwgs	wahab	lcwgs		SdA0701502GWGSZ_WKDL260008953-1A_237VHMLT4_L4_1.fq.gz	SdA0701502GWGSZ_WKDL260008953-1A_237VHMLT4_L4_2.fq.gz	FALSE			
Sde-AGui_015-Ex1	SdA0701502GWGSZ_WKDL260008953-1A_237VHMLT4_L5	/archive/carpenterlab/pire/raw_sequence_archive/spratelloides_delicatulus/20260629_Sde-lcwgs	wahab	lcwgs		SdA0701502GWGSZ_WKDL260008953-1A_237VHMLT4_L5_1.fq.gz	SdA0701502GWGSZ_WKDL260008953-1A_237VHMLT4_L5_2.fq.gz	FALSE			
Sde-AGui_016-Ex1	SdA0701602HWGSZ_WKDL260008953-1A_237VHMLT4_L4	/archive/carpenterlab/pire/raw_sequence_archive/spratelloides_delicatulus/20260629_Sde-lcwgs	wahab	lcwgs		SdA0701602HWGSZ_WKDL260008953-1A_237VHMLT4_L4_1.fq.gz	SdA0701602HWGSZ_WKDL260008953-1A_237VHMLT4_L4_2.fq.gz	FALSE			
Sde-AGui_016-Ex1	SdA0701602HWGSZ_WKDL260008953-1A_237VHMLT4_L5	/archive/carpenterlab/pire/raw_sequence_archive/spratelloides_delicatulus/20260629_Sde-lcwgs	wahab	lcwgs		SdA0701602HWGSZ_WKDL260008953-1A_237VHMLT4_L5_1.fq.gz	SdA0701602HWGSZ_WKDL260008953-1A_237VHMLT4_L5_2.fq.gz	FALSE			
Sde-AGui_017-Ex1	SdA0701703AWGSZ_WKDL260008953-1A_237VHMLT4_L4	/archive/carpenterlab/pire/raw_sequence_archive/spratelloides_delicatulus/20260629_Sde-lcwgs	wahab	lcwgs		SdA0701703AWGSZ_WKDL260008953-1A_237VHMLT4_L4_1.fq.gz	SdA0701703AWGSZ_WKDL260008953-1A_237VHMLT4_L4_2.fq.gz	FALSE			
Sde-AGui_017-Ex1	SdA0701703AWGSZ_WKDL260008953-1A_237VHMLT4_L5	/archive/carpenterlab/pire/raw_sequence_archive/spratelloides_delicatulus/20260629_Sde-lcwgs	wahab	lcwgs		SdA0701703AWGSZ_WKDL260008953-1A_237VHMLT4_L5_1.fq.gz	SdA0701703AWGSZ_WKDL260008953-1A_237VHMLT4_L5_2.fq.gz	FALSE			
Sde-AGui_018-Ex1	SdA0701803BWGSZ_WKDL260008953-1A_237VHMLT4_L4	/archive/carpenterlab/pire/raw_sequence_archive/spratelloides_delicatulus/20260629_Sde-lcwgs	wahab	lcwgs		SdA0701803BWGSZ_WKDL260008953-1A_237VHMLT4_L4_1.fq.gz	SdA0701803BWGSZ_WKDL260008953-1A_237VHMLT4_L4_2.fq.gz	FALSE			
Sde-AGui_018-Ex1	SdA0701803BWGSZ_WKDL260008953-1A_237VHMLT4_L5	/archive/carpenterlab/pire/raw_sequence_archive/spratelloides_delicatulus/20260629_Sde-lcwgs	wahab	lcwgs		SdA0701803BWGSZ_WKDL260008953-1A_237VHMLT4_L5_1.fq.gz	SdA0701803BWGSZ_WKDL260008953-1A_237VHMLT4_L5_2.fq.gz	FALSE			
Sde-AGui_019-Ex1	SdA0701903CWGSZ_WKDL260008953-1A_237VHMLT4_L4	/archive/carpenterlab/pire/raw_sequence_archive/spratelloides_delicatulus/20260629_Sde-lcwgs	wahab	lcwgs		SdA0701903CWGSZ_WKDL260008953-1A_237VHMLT4_L4_1.fq.gz	SdA0701903CWGSZ_WKDL260008953-1A_237VHMLT4_L4_2.fq.gz	FALSE			
Sde-AGui_019-Ex1	SdA0701903CWGSZ_WKDL260008953-1A_237VHMLT4_L5	/archive/carpenterlab/pire/raw_sequence_archive/spratelloides_delicatulus/20260629_Sde-lcwgs	wahab	lcwgs		SdA0701903CWGSZ_WKDL260008953-1A_237VHMLT4_L5_1.fq.gz	SdA0701903CWGSZ_WKDL260008953-1A_237VHMLT4_L5_2.fq.gz	FALSE			
Sde-AGui_020-Ex1	SdA0702003DWGSZ_WKDL260008953-1A_237VHMLT4_L4	/archive/carpenterlab/pire/raw_sequence_archive/spratelloides_delicatulus/20260629_Sde-lcwgs	wahab	lcwgs		SdA0702003DWGSZ_WKDL260008953-1A_237VHMLT4_L4_1.fq.gz	SdA0702003DWGSZ_WKDL260008953-1A_237VHMLT4_L4_2.fq.gz	FALSE			
Sde-AGui_020-Ex1	SdA0702003DWGSZ_WKDL260008953-1A_237VHMLT4_L5	/archive/carpenterlab/pire/raw_sequence_archive/spratelloides_delicatulus/20260629_Sde-lcwgs	wahab	lcwgs		SdA0702003DWGSZ_WKDL260008953-1A_237VHMLT4_L5_1.fq.gz	SdA0702003DWGSZ_WKDL260008953-1A_237VHMLT4_L5_2.fq.gz	FALSE			
Sde-AGui_021-Ex1	SdA0702103EWGSZ_WKDL260008953-1A_237VHMLT4_L4	/archive/carpenterlab/pire/raw_sequence_archive/spratelloides_delicatulus/20260629_Sde-lcwgs	wahab	lcwgs		SdA0702103EWGSZ_WKDL260008953-1A_237VHMLT4_L4_1.fq.gz	SdA0702103EWGSZ_WKDL260008953-1A_237VHMLT4_L4_2.fq.gz	FALSE			
Sde-AGui_021-Ex1	SdA0702103EWGSZ_WKDL260008953-1A_237VHMLT4_L5	/archive/carpenterlab/pire/raw_sequence_archive/spratelloides_delicatulus/20260629_Sde-lcwgs	wahab	lcwgs		SdA0702103EWGSZ_WKDL260008953-1A_237VHMLT4_L5_1.fq.gz	SdA0702103EWGSZ_WKDL260008953-1A_237VHMLT4_L5_2.fq.gz	FALSE			
Sde-AGui_022-Ex1	SdA0702203FWGSZ_WKDL260008953-1A_237VHMLT4_L4	/archive/carpenterlab/pire/raw_sequence_archive/spratelloides_delicatulus/20260629_Sde-lcwgs	wahab	lcwgs		SdA0702203FWGSZ_WKDL260008953-1A_237VHMLT4_L4_1.fq.gz	SdA0702203FWGSZ_WKDL260008953-1A_237VHMLT4_L4_2.fq.gz	FALSE			
Sde-AGui_022-Ex1	SdA0702203FWGSZ_WKDL260008953-1A_237VHMLT4_L5	/archive/carpenterlab/pire/raw_sequence_archive/spratelloides_delicatulus/20260629_Sde-lcwgs	wahab	lcwgs		SdA0702203FWGSZ_WKDL260008953-1A_237VHMLT4_L5_1.fq.gz	SdA0702203FWGSZ_WKDL260008953-1A_237VHMLT4_L5_2.fq.gz	FALSE			
Sde-AGui_022-Ex1	SdA0702207AWGSU_WKDL260008953-1A_237VHMLT4_L4	/archive/carpenterlab/pire/raw_sequence_archive/spratelloides_delicatulus/20260629_Sde-lcwgs	wahab	lcwgs		SdA0702207AWGSU_WKDL260008953-1A_237VHMLT4_L4_1.fq.gz	SdA0702207AWGSU_WKDL260008953-1A_237VHMLT4_L4_2.fq.gz	FALSE			
Sde-AGui_022-Ex1	SdA0702207AWGSU_WKDL260008953-1A_237VHMLT4_L5	/archive/carpenterlab/pire/raw_sequence_archive/spratelloides_delicatulus/20260629_Sde-lcwgs	wahab	lcwgs		SdA0702207AWGSU_WKDL260008953-1A_237VHMLT4_L5_1.fq.gz	SdA0702207AWGSU_WKDL260008953-1A_237VHMLT4_L5_2.fq.gz	FALSE			
Sde-AGui_023-Ex1	SdA0702303GWGSZ_WKDL260008953-1A_237VHMLT4_L4	/archive/carpenterlab/pire/raw_sequence_archive/spratelloides_delicatulus/20260629_Sde-lcwgs	wahab	lcwgs		SdA0702303GWGSZ_WKDL260008953-1A_237VHMLT4_L4_1.fq.gz	SdA0702303GWGSZ_WKDL260008953-1A_237VHMLT4_L4_2.fq.gz	FALSE			
Sde-AGui_023-Ex1	SdA0702303GWGSZ_WKDL260008953-1A_237VHMLT4_L5	/archive/carpenterlab/pire/raw_sequence_archive/spratelloides_delicatulus/20260629_Sde-lcwgs	wahab	lcwgs		SdA0702303GWGSZ_WKDL260008953-1A_237VHMLT4_L5_1.fq.gz	SdA0702303GWGSZ_WKDL260008953-1A_237VHMLT4_L5_2.fq.gz	FALSE			
Sde-AGui_023-Ex1	SdA0702307BWGSU_WKDL260008953-1A_237VHMLT4_L4	/archive/carpenterlab/pire/raw_sequence_archive/spratelloides_delicatulus/20260629_Sde-lcwgs	wahab	lcwgs		SdA0702307BWGSU_WKDL260008953-1A_237VHMLT4_L4_1.fq.gz	SdA0702307BWGSU_WKDL260008953-1A_237VHMLT4_L4_2.fq.gz	FALSE			
Sde-AGui_023-Ex1	SdA0702307BWGSU_WKDL260008953-1A_237VHMLT4_L5	/archive/carpenterlab/pire/raw_sequence_archive/spratelloides_delicatulus/20260629_Sde-lcwgs	wahab	lcwgs		SdA0702307BWGSU_WKDL260008953-1A_237VHMLT4_L5_1.fq.gz	SdA0702307BWGSU_WKDL260008953-1A_237VHMLT4_L5_2.fq.gz	FALSE			
Sde-AGui_024-Ex1	SdA0702403HWGSZ_WKDL260008953-1A_237VHMLT4_L4	/archive/carpenterlab/pire/raw_sequence_archive/spratelloides_delicatulus/20260629_Sde-lcwgs	wahab	lcwgs		SdA0702403HWGSZ_WKDL260008953-1A_237VHMLT4_L4_1.fq.gz	SdA0702403HWGSZ_WKDL260008953-1A_237VHMLT4_L4_2.fq.gz	FALSE			
Sde-AGui_024-Ex1	SdA0702403HWGSZ_WKDL260008953-1A_237VHMLT4_L5	/archive/carpenterlab/pire/raw_sequence_archive/spratelloides_delicatulus/20260629_Sde-lcwgs	wahab	lcwgs		SdA0702403HWGSZ_WKDL260008953-1A_237VHMLT4_L5_1.fq.gz	SdA0702403HWGSZ_WKDL260008953-1A_237VHMLT4_L5_2.fq.gz	FALSE			
Sde-AGui_024-Ex1	SdA0702407CWGSU_WKDL260008953-1A_237VHMLT4_L4	/archive/carpenterlab/pire/raw_sequence_archive/spratelloides_delicatulus/20260629_Sde-lcwgs	wahab	lcwgs		SdA0702407CWGSU_WKDL260008953-1A_237VHMLT4_L4_1.fq.gz	SdA0702407CWGSU_WKDL260008953-1A_237VHMLT4_L4_2.fq.gz	FALSE			
Sde-AGui_024-Ex1	SdA0702407CWGSU_WKDL260008953-1A_237VHMLT4_L5	/archive/carpenterlab/pire/raw_sequence_archive/spratelloides_delicatulus/20260629_Sde-lcwgs	wahab	lcwgs		SdA0702407CWGSU_WKDL260008953-1A_237VHMLT4_L5_1.fq.gz	SdA0702407CWGSU_WKDL260008953-1A_237VHMLT4_L5_2.fq.gz	FALSE			
Sde-AGui_025-Ex1	SdA0702504AWGSZ_WKDL260008953-1A_237VHMLT4_L4	/archive/carpenterlab/pire/raw_sequence_archive/spratelloides_delicatulus/20260629_Sde-lcwgs	wahab	lcwgs		SdA0702504AWGSZ_WKDL260008953-1A_237VHMLT4_L4_1.fq.gz	SdA0702504AWGSZ_WKDL260008953-1A_237VHMLT4_L4_2.fq.gz	FALSE			
Sde-AGui_025-Ex1	SdA0702504AWGSZ_WKDL260008953-1A_237VHMLT4_L5	/archive/carpenterlab/pire/raw_sequence_archive/spratelloides_delicatulus/20260629_Sde-lcwgs	wahab	lcwgs		SdA0702504AWGSZ_WKDL260008953-1A_237VHMLT4_L5_1.fq.gz	SdA0702504AWGSZ_WKDL260008953-1A_237VHMLT4_L5_2.fq.gz	FALSE			
Sde-AGui_025-Ex1	SdA0702507DWGSU_WKDL260008953-1A_237VHMLT4_L4	/archive/carpenterlab/pire/raw_sequence_archive/spratelloides_delicatulus/20260629_Sde-lcwgs	wahab	lcwgs		SdA0702507DWGSU_WKDL260008953-1A_237VHMLT4_L4_1.fq.gz	SdA0702507DWGSU_WKDL260008953-1A_237VHMLT4_L4_2.fq.gz	FALSE			
Sde-AGui_025-Ex1	SdA0702507DWGSU_WKDL260008953-1A_237VHMLT4_L5	/archive/carpenterlab/pire/raw_sequence_archive/spratelloides_delicatulus/20260629_Sde-lcwgs	wahab	lcwgs		SdA0702507DWGSU_WKDL260008953-1A_237VHMLT4_L5_1.fq.gz	SdA0702507DWGSU_WKDL260008953-1A_237VHMLT4_L5_2.fq.gz	FALSE			
Sde-AGui_026-Ex1	SdA0702604BWGSZ_WKDL260008953-1A_237VHMLT4_L4	/archive/carpenterlab/pire/raw_sequence_archive/spratelloides_delicatulus/20260629_Sde-lcwgs	wahab	lcwgs		SdA0702604BWGSZ_WKDL260008953-1A_237VHMLT4_L4_1.fq.gz	SdA0702604BWGSZ_WKDL260008953-1A_237VHMLT4_L4_2.fq.gz	FALSE			
Sde-AGui_026-Ex1	SdA0702604BWGSZ_WKDL260008953-1A_237VHMLT4_L5	/archive/carpenterlab/pire/raw_sequence_archive/spratelloides_delicatulus/20260629_Sde-lcwgs	wahab	lcwgs		SdA0702604BWGSZ_WKDL260008953-1A_237VHMLT4_L5_1.fq.gz	SdA0702604BWGSZ_WKDL260008953-1A_237VHMLT4_L5_2.fq.gz	FALSE			
Sde-AGui_026-Ex1	SdA0702607EWGSU_WKDL260008953-1A_237VHMLT4_L4	/archive/carpenterlab/pire/raw_sequence_archive/spratelloides_delicatulus/20260629_Sde-lcwgs	wahab	lcwgs		SdA0702607EWGSU_WKDL260008953-1A_237VHMLT4_L4_1.fq.gz	SdA0702607EWGSU_WKDL260008953-1A_237VHMLT4_L4_2.fq.gz	FALSE			
Sde-AGui_026-Ex1	SdA0702607EWGSU_WKDL260008953-1A_237VHMLT4_L5	/archive/carpenterlab/pire/raw_sequence_archive/spratelloides_delicatulus/20260629_Sde-lcwgs	wahab	lcwgs		SdA0702607EWGSU_WKDL260008953-1A_237VHMLT4_L5_1.fq.gz	SdA0702607EWGSU_WKDL260008953-1A_237VHMLT4_L5_2.fq.gz	FALSE			
Sde-AGui_027-Ex1	SdA0702704CWGSZ_WKDL260008953-1A_237VHMLT4_L4	/archive/carpenterlab/pire/raw_sequence_archive/spratelloides_delicatulus/20260629_Sde-lcwgs	wahab	lcwgs		SdA0702704CWGSZ_WKDL260008953-1A_237VHMLT4_L4_1.fq.gz	SdA0702704CWGSZ_WKDL260008953-1A_237VHMLT4_L4_2.fq.gz	FALSE			
Sde-AGui_027-Ex1	SdA0702704CWGSZ_WKDL260008953-1A_237VHMLT4_L5	/archive/carpenterlab/pire/raw_sequence_archive/spratelloides_delicatulus/20260629_Sde-lcwgs	wahab	lcwgs		SdA0702704CWGSZ_WKDL260008953-1A_237VHMLT4_L5_1.fq.gz	SdA0702704CWGSZ_WKDL260008953-1A_237VHMLT4_L5_2.fq.gz	FALSE			
Sde-AGui_027-Ex1	SdA0702707FWGSU_WKDL260008953-1A_237VHMLT4_L4	/archive/carpenterlab/pire/raw_sequence_archive/spratelloides_delicatulus/20260629_Sde-lcwgs	wahab	lcwgs		SdA0702707FWGSU_WKDL260008953-1A_237VHMLT4_L4_1.fq.gz	SdA0702707FWGSU_WKDL260008953-1A_237VHMLT4_L4_2.fq.gz	FALSE			
Sde-AGui_027-Ex1	SdA0702707FWGSU_WKDL260008953-1A_237VHMLT4_L5	/archive/carpenterlab/pire/raw_sequence_archive/spratelloides_delicatulus/20260629_Sde-lcwgs	wahab	lcwgs		SdA0702707FWGSU_WKDL260008953-1A_237VHMLT4_L5_1.fq.gz	SdA0702707FWGSU_WKDL260008953-1A_237VHMLT4_L5_2.fq.gz	FALSE			
Sde-AGui_028-Ex1	SdA0702804DWGSZ_WKDL260008953-1A_237VHMLT4_L4	/archive/carpenterlab/pire/raw_sequence_archive/spratelloides_delicatulus/20260629_Sde-lcwgs	wahab	lcwgs		SdA0702804DWGSZ_WKDL260008953-1A_237VHMLT4_L4_1.fq.gz	SdA0702804DWGSZ_WKDL260008953-1A_237VHMLT4_L4_2.fq.gz	FALSE			
Sde-AGui_028-Ex1	SdA0702804DWGSZ_WKDL260008953-1A_237VHMLT4_L5	/archive/carpenterlab/pire/raw_sequence_archive/spratelloides_delicatulus/20260629_Sde-lcwgs	wahab	lcwgs		SdA0702804DWGSZ_WKDL260008953-1A_237VHMLT4_L5_1.fq.gz	SdA0702804DWGSZ_WKDL260008953-1A_237VHMLT4_L5_2.fq.gz	FALSE			
Sde-AGui_028-Ex1	SdA0702807GWGSU_WKDL260008953-1A_237VHMLT4_L4	/archive/carpenterlab/pire/raw_sequence_archive/spratelloides_delicatulus/20260629_Sde-lcwgs	wahab	lcwgs		SdA0702807GWGSU_WKDL260008953-1A_237VHMLT4_L4_1.fq.gz	SdA0702807GWGSU_WKDL260008953-1A_237VHMLT4_L4_2.fq.gz	FALSE			
Sde-AGui_028-Ex1	SdA0702807GWGSU_WKDL260008953-1A_237VHMLT4_L5	/archive/carpenterlab/pire/raw_sequence_archive/spratelloides_delicatulus/20260629_Sde-lcwgs	wahab	lcwgs		SdA0702807GWGSU_WKDL260008953-1A_237VHMLT4_L5_1.fq.gz	SdA0702807GWGSU_WKDL260008953-1A_237VHMLT4_L5_2.fq.gz	FALSE			
Sde-AGui_029-Ex1	SdA0702904EWGSZ_WKDL260008953-1A_237VHMLT4_L4	/archive/carpenterlab/pire/raw_sequence_archive/spratelloides_delicatulus/20260629_Sde-lcwgs	wahab	lcwgs		SdA0702904EWGSZ_WKDL260008953-1A_237VHMLT4_L4_1.fq.gz	SdA0702904EWGSZ_WKDL260008953-1A_237VHMLT4_L4_2.fq.gz	FALSE			
Sde-AGui_029-Ex1	SdA0702904EWGSZ_WKDL260008953-1A_237VHMLT4_L5	/archive/carpenterlab/pire/raw_sequence_archive/spratelloides_delicatulus/20260629_Sde-lcwgs	wahab	lcwgs		SdA0702904EWGSZ_WKDL260008953-1A_237VHMLT4_L5_1.fq.gz	SdA0702904EWGSZ_WKDL260008953-1A_237VHMLT4_L5_2.fq.gz	FALSE			
Sde-AGui_029-Ex1	SdA0702907HWGSU_WKDL260008953-1A_237VHMLT4_L4	/archive/carpenterlab/pire/raw_sequence_archive/spratelloides_delicatulus/20260629_Sde-lcwgs	wahab	lcwgs		SdA0702907HWGSU_WKDL260008953-1A_237VHMLT4_L4_1.fq.gz	SdA0702907HWGSU_WKDL260008953-1A_237VHMLT4_L4_2.fq.gz	FALSE			
Sde-AGui_029-Ex1	SdA0702907HWGSU_WKDL260008953-1A_237VHMLT4_L5	/archive/carpenterlab/pire/raw_sequence_archive/spratelloides_delicatulus/20260629_Sde-lcwgs	wahab	lcwgs		SdA0702907HWGSU_WKDL260008953-1A_237VHMLT4_L5_1.fq.gz	SdA0702907HWGSU_WKDL260008953-1A_237VHMLT4_L5_2.fq.gz	FALSE			
Sde-AGui_030-Ex1	SdA0703004FWGSZ_WKDL260008953-1A_237VHMLT4_L4	/archive/carpenterlab/pire/raw_sequence_archive/spratelloides_delicatulus/20260629_Sde-lcwgs	wahab	lcwgs		SdA0703004FWGSZ_WKDL260008953-1A_237VHMLT4_L4_1.fq.gz	SdA0703004FWGSZ_WKDL260008953-1A_237VHMLT4_L4_2.fq.gz	FALSE			
Sde-AGui_030-Ex1	SdA0703004FWGSZ_WKDL260008953-1A_237VHMLT4_L5	/archive/carpenterlab/pire/raw_sequence_archive/spratelloides_delicatulus/20260629_Sde-lcwgs	wahab	lcwgs		SdA0703004FWGSZ_WKDL260008953-1A_237VHMLT4_L5_1.fq.gz	SdA0703004FWGSZ_WKDL260008953-1A_237VHMLT4_L5_2.fq.gz	FALSE			
Sde-AGui_031-Ex1	SdA0703104GWGSZ_WKDL260008953-1A_237VHMLT4_L4	/archive/carpenterlab/pire/raw_sequence_archive/spratelloides_delicatulus/20260629_Sde-lcwgs	wahab	lcwgs		SdA0703104GWGSZ_WKDL260008953-1A_237VHMLT4_L4_1.fq.gz	SdA0703104GWGSZ_WKDL260008953-1A_237VHMLT4_L4_2.fq.gz	FALSE			
Sde-AGui_031-Ex1	SdA0703104GWGSZ_WKDL260008953-1A_237VHMLT4_L5	/archive/carpenterlab/pire/raw_sequence_archive/spratelloides_delicatulus/20260629_Sde-lcwgs	wahab	lcwgs		SdA0703104GWGSZ_WKDL260008953-1A_237VHMLT4_L5_1.fq.gz	SdA0703104GWGSZ_WKDL260008953-1A_237VHMLT4_L5_2.fq.gz	FALSE			
Sde-AGui_032-Ex1	SdA0703204HWGSZ_WKDL260008953-1A_237VHMLT4_L4	/archive/carpenterlab/pire/raw_sequence_archive/spratelloides_delicatulus/20260629_Sde-lcwgs	wahab	lcwgs		SdA0703204HWGSZ_WKDL260008953-1A_237VHMLT4_L4_1.fq.gz	SdA0703204HWGSZ_WKDL260008953-1A_237VHMLT4_L4_2.fq.gz	FALSE			
Sde-AGui_032-Ex1	SdA0703204HWGSZ_WKDL260008953-1A_237VHMLT4_L5	/archive/carpenterlab/pire/raw_sequence_archive/spratelloides_delicatulus/20260629_Sde-lcwgs	wahab	lcwgs		SdA0703204HWGSZ_WKDL260008953-1A_237VHMLT4_L5_1.fq.gz	SdA0703204HWGSZ_WKDL260008953-1A_237VHMLT4_L5_2.fq.gz	FALSE			
Sde-AGui_033-Ex1	SdA0703305AWGSZ_WKDL260008953-1A_237VHMLT4_L4	/archive/carpenterlab/pire/raw_sequence_archive/spratelloides_delicatulus/20260629_Sde-lcwgs	wahab	lcwgs		SdA0703305AWGSZ_WKDL260008953-1A_237VHMLT4_L4_1.fq.gz	SdA0703305AWGSZ_WKDL260008953-1A_237VHMLT4_L4_2.fq.gz	FALSE			
Sde-AGui_033-Ex1	SdA0703305AWGSZ_WKDL260008953-1A_237VHMLT4_L5	/archive/carpenterlab/pire/raw_sequence_archive/spratelloides_delicatulus/20260629_Sde-lcwgs	wahab	lcwgs		SdA0703305AWGSZ_WKDL260008953-1A_237VHMLT4_L5_1.fq.gz	SdA0703305AWGSZ_WKDL260008953-1A_237VHMLT4_L5_2.fq.gz	FALSE			
Sde-AGui_034-Ex1	SdA0703405BWGSZ_WKDL260008953-1A_237VHMLT4_L4	/archive/carpenterlab/pire/raw_sequence_archive/spratelloides_delicatulus/20260629_Sde-lcwgs	wahab	lcwgs		SdA0703405BWGSZ_WKDL260008953-1A_237VHMLT4_L4_1.fq.gz	SdA0703405BWGSZ_WKDL260008953-1A_237VHMLT4_L4_2.fq.gz	FALSE			
Sde-AGui_034-Ex1	SdA0703405BWGSZ_WKDL260008953-1A_237VHMLT4_L5	/archive/carpenterlab/pire/raw_sequence_archive/spratelloides_delicatulus/20260629_Sde-lcwgs	wahab	lcwgs		SdA0703405BWGSZ_WKDL260008953-1A_237VHMLT4_L5_1.fq.gz	SdA0703405BWGSZ_WKDL260008953-1A_237VHMLT4_L5_2.fq.gz	FALSE			
Sde-AGui_035-Ex1	SdA0703505CWGSZ_WKDL260008953-1A_237VHMLT4_L4	/archive/carpenterlab/pire/raw_sequence_archive/spratelloides_delicatulus/20260629_Sde-lcwgs	wahab	lcwgs		SdA0703505CWGSZ_WKDL260008953-1A_237VHMLT4_L4_1.fq.gz	SdA0703505CWGSZ_WKDL260008953-1A_237VHMLT4_L4_2.fq.gz	FALSE			
Sde-AGui_035-Ex1	SdA0703505CWGSZ_WKDL260008953-1A_237VHMLT4_L5	/archive/carpenterlab/pire/raw_sequence_archive/spratelloides_delicatulus/20260629_Sde-lcwgs	wahab	lcwgs		SdA0703505CWGSZ_WKDL260008953-1A_237VHMLT4_L5_1.fq.gz	SdA0703505CWGSZ_WKDL260008953-1A_237VHMLT4_L5_2.fq.gz	FALSE			
Sde-ATum_001-Ex1	SdA0800105DWGSZ_WKDL260008953-1A_237VHMLT4_L4	/archive/carpenterlab/pire/raw_sequence_archive/spratelloides_delicatulus/20260629_Sde-lcwgs	wahab	lcwgs		SdA0800105DWGSZ_WKDL260008953-1A_237VHMLT4_L4_1.fq.gz	SdA0800105DWGSZ_WKDL260008953-1A_237VHMLT4_L4_2.fq.gz	FALSE			
Sde-ATum_001-Ex1	SdA0800105DWGSZ_WKDL260008953-1A_237VHMLT4_L5	/archive/carpenterlab/pire/raw_sequence_archive/spratelloides_delicatulus/20260629_Sde-lcwgs	wahab	lcwgs		SdA0800105DWGSZ_WKDL260008953-1A_237VHMLT4_L5_1.fq.gz	SdA0800105DWGSZ_WKDL260008953-1A_237VHMLT4_L5_2.fq.gz	FALSE			
Sde-ATum_002-Ex1	SdA0800205EWGSZ_WKDL260008953-1A_237VHMLT4_L4	/archive/carpenterlab/pire/raw_sequence_archive/spratelloides_delicatulus/20260629_Sde-lcwgs	wahab	lcwgs		SdA0800205EWGSZ_WKDL260008953-1A_237VHMLT4_L4_1.fq.gz	SdA0800205EWGSZ_WKDL260008953-1A_237VHMLT4_L4_2.fq.gz	FALSE			
Sde-ATum_002-Ex1	SdA0800205EWGSZ_WKDL260008953-1A_237VHMLT4_L5	/archive/carpenterlab/pire/raw_sequence_archive/spratelloides_delicatulus/20260629_Sde-lcwgs	wahab	lcwgs		SdA0800205EWGSZ_WKDL260008953-1A_237VHMLT4_L5_1.fq.gz	SdA0800205EWGSZ_WKDL260008953-1A_237VHMLT4_L5_2.fq.gz	FALSE			
Sde-ATum_003-Ex1	SdA0800305FWGSZ_WKDL260008953-1A_237VHMLT4_L4	/archive/carpenterlab/pire/raw_sequence_archive/spratelloides_delicatulus/20260629_Sde-lcwgs	wahab	lcwgs		SdA0800305FWGSZ_WKDL260008953-1A_237VHMLT4_L4_1.fq.gz	SdA0800305FWGSZ_WKDL260008953-1A_237VHMLT4_L4_2.fq.gz	FALSE			
Sde-ATum_003-Ex1	SdA0800305FWGSZ_WKDL260008953-1A_237VHMLT4_L5	/archive/carpenterlab/pire/raw_sequence_archive/spratelloides_delicatulus/20260629_Sde-lcwgs	wahab	lcwgs		SdA0800305FWGSZ_WKDL260008953-1A_237VHMLT4_L5_1.fq.gz	SdA0800305FWGSZ_WKDL260008953-1A_237VHMLT4_L5_2.fq.gz	FALSE			
Sde-ATum_004-Ex1	SdA0800405GWGSZ_WKDL260008953-1A_237VHMLT4_L4	/archive/carpenterlab/pire/raw_sequence_archive/spratelloides_delicatulus/20260629_Sde-lcwgs	wahab	lcwgs		SdA0800405GWGSZ_WKDL260008953-1A_237VHMLT4_L4_1.fq.gz	SdA0800405GWGSZ_WKDL260008953-1A_237VHMLT4_L4_2.fq.gz	FALSE			
Sde-ATum_004-Ex1	SdA0800405GWGSZ_WKDL260008953-1A_237VHMLT4_L5	/archive/carpenterlab/pire/raw_sequence_archive/spratelloides_delicatulus/20260629_Sde-lcwgs	wahab	lcwgs		SdA0800405GWGSZ_WKDL260008953-1A_237VHMLT4_L5_1.fq.gz	SdA0800405GWGSZ_WKDL260008953-1A_237VHMLT4_L5_2.fq.gz	FALSE			
Sde-ATum_005-Ex1	SdA0800505HWGSZ_WKDL260008953-1A_237VHMLT4_L4	/archive/carpenterlab/pire/raw_sequence_archive/spratelloides_delicatulus/20260629_Sde-lcwgs	wahab	lcwgs		SdA0800505HWGSZ_WKDL260008953-1A_237VHMLT4_L4_1.fq.gz	SdA0800505HWGSZ_WKDL260008953-1A_237VHMLT4_L4_2.fq.gz	FALSE			
Sde-ATum_005-Ex1	SdA0800505HWGSZ_WKDL260008953-1A_237VHMLT4_L5	/archive/carpenterlab/pire/raw_sequence_archive/spratelloides_delicatulus/20260629_Sde-lcwgs	wahab	lcwgs		SdA0800505HWGSZ_WKDL260008953-1A_237VHMLT4_L5_1.fq.gz	SdA0800505HWGSZ_WKDL260008953-1A_237VHMLT4_L5_2.fq.gz	FALSE			
Sde-ATum_006-Ex1	SdA0800606AWGSZ_WKDL260008953-1A_237VHMLT4_L4	/archive/carpenterlab/pire/raw_sequence_archive/spratelloides_delicatulus/20260629_Sde-lcwgs	wahab	lcwgs		SdA0800606AWGSZ_WKDL260008953-1A_237VHMLT4_L4_1.fq.gz	SdA0800606AWGSZ_WKDL260008953-1A_237VHMLT4_L4_2.fq.gz	FALSE			
Sde-ATum_006-Ex1	SdA0800606AWGSZ_WKDL260008953-1A_237VHMLT4_L5	/archive/carpenterlab/pire/raw_sequence_archive/spratelloides_delicatulus/20260629_Sde-lcwgs	wahab	lcwgs		SdA0800606AWGSZ_WKDL260008953-1A_237VHMLT4_L5_1.fq.gz	SdA0800606AWGSZ_WKDL260008953-1A_237VHMLT4_L5_2.fq.gz	FALSE			
Sde-ATum_007-Ex1	SdA0800706BWGSZ_WKDL260008953-1A_237VHMLT4_L4	/archive/carpenterlab/pire/raw_sequence_archive/spratelloides_delicatulus/20260629_Sde-lcwgs	wahab	lcwgs		SdA0800706BWGSZ_WKDL260008953-1A_237VHMLT4_L4_1.fq.gz	SdA0800706BWGSZ_WKDL260008953-1A_237VHMLT4_L4_2.fq.gz	FALSE			
Sde-ATum_007-Ex1	SdA0800706BWGSZ_WKDL260008953-1A_237VHMLT4_L5	/archive/carpenterlab/pire/raw_sequence_archive/spratelloides_delicatulus/20260629_Sde-lcwgs	wahab	lcwgs		SdA0800706BWGSZ_WKDL260008953-1A_237VHMLT4_L5_1.fq.gz	SdA0800706BWGSZ_WKDL260008953-1A_237VHMLT4_L5_2.fq.gz	FALSE			
Sde-ATum_008-Ex1	SdA0800806CWGSZ_WKDL260008953-1A_237VHMLT4_L4	/archive/carpenterlab/pire/raw_sequence_archive/spratelloides_delicatulus/20260629_Sde-lcwgs	wahab	lcwgs		SdA0800806CWGSZ_WKDL260008953-1A_237VHMLT4_L4_1.fq.gz	SdA0800806CWGSZ_WKDL260008953-1A_237VHMLT4_L4_2.fq.gz	FALSE			
Sde-ATum_008-Ex1	SdA0800806CWGSZ_WKDL260008953-1A_237VHMLT4_L5	/archive/carpenterlab/pire/raw_sequence_archive/spratelloides_delicatulus/20260629_Sde-lcwgs	wahab	lcwgs		SdA0800806CWGSZ_WKDL260008953-1A_237VHMLT4_L5_1.fq.gz	SdA0800806CWGSZ_WKDL260008953-1A_237VHMLT4_L5_2.fq.gz	FALSE			
Sde-ATum_009-Ex1	SdA0800906DWGSZ_WKDL260008953-1A_237VHMLT4_L4	/archive/carpenterlab/pire/raw_sequence_archive/spratelloides_delicatulus/20260629_Sde-lcwgs	wahab	lcwgs		SdA0800906DWGSZ_WKDL260008953-1A_237VHMLT4_L4_1.fq.gz	SdA0800906DWGSZ_WKDL260008953-1A_237VHMLT4_L4_2.fq.gz	FALSE			
Sde-ATum_009-Ex1	SdA0800906DWGSZ_WKDL260008953-1A_237VHMLT4_L5	/archive/carpenterlab/pire/raw_sequence_archive/spratelloides_delicatulus/20260629_Sde-lcwgs	wahab	lcwgs		SdA0800906DWGSZ_WKDL260008953-1A_237VHMLT4_L5_1.fq.gz	SdA0800906DWGSZ_WKDL260008953-1A_237VHMLT4_L5_2.fq.gz	FALSE			
Sde-ATum_010-Ex1	SdA0801006EWGSZ_WKDL260008953-1A_237VHMLT4_L4	/archive/carpenterlab/pire/raw_sequence_archive/spratelloides_delicatulus/20260629_Sde-lcwgs	wahab	lcwgs		SdA0801006EWGSZ_WKDL260008953-1A_237VHMLT4_L4_1.fq.gz	SdA0801006EWGSZ_WKDL260008953-1A_237VHMLT4_L4_2.fq.gz	FALSE			
Sde-ATum_010-Ex1	SdA0801006EWGSZ_WKDL260008953-1A_237VHMLT4_L5	/archive/carpenterlab/pire/raw_sequence_archive/spratelloides_delicatulus/20260629_Sde-lcwgs	wahab	lcwgs		SdA0801006EWGSZ_WKDL260008953-1A_237VHMLT4_L5_1.fq.gz	SdA0801006EWGSZ_WKDL260008953-1A_237VHMLT4_L5_2.fq.gz	FALSE			
Sde-ATum_011-Ex1	SdA0801106FWGSZ_WKDL260008953-1A_237VHMLT4_L4	/archive/carpenterlab/pire/raw_sequence_archive/spratelloides_delicatulus/20260629_Sde-lcwgs	wahab	lcwgs		SdA0801106FWGSZ_WKDL260008953-1A_237VHMLT4_L4_1.fq.gz	SdA0801106FWGSZ_WKDL260008953-1A_237VHMLT4_L4_2.fq.gz	FALSE			
Sde-ATum_011-Ex1	SdA0801106FWGSZ_WKDL260008953-1A_237VHMLT4_L5	/archive/carpenterlab/pire/raw_sequence_archive/spratelloides_delicatulus/20260629_Sde-lcwgs	wahab	lcwgs		SdA0801106FWGSZ_WKDL260008953-1A_237VHMLT4_L5_1.fq.gz	SdA0801106FWGSZ_WKDL260008953-1A_237VHMLT4_L5_2.fq.gz	FALSE			
Sde-ATum_012-Ex1	SdA0801206GWGSZ_WKDL260008953-1A_237VHMLT4_L4	/archive/carpenterlab/pire/raw_sequence_archive/spratelloides_delicatulus/20260629_Sde-lcwgs	wahab	lcwgs		SdA0801206GWGSZ_WKDL260008953-1A_237VHMLT4_L4_1.fq.gz	SdA0801206GWGSZ_WKDL260008953-1A_237VHMLT4_L4_2.fq.gz	FALSE			
Sde-ATum_012-Ex1	SdA0801206GWGSZ_WKDL260008953-1A_237VHMLT4_L5	/archive/carpenterlab/pire/raw_sequence_archive/spratelloides_delicatulus/20260629_Sde-lcwgs	wahab	lcwgs		SdA0801206GWGSZ_WKDL260008953-1A_237VHMLT4_L5_1.fq.gz	SdA0801206GWGSZ_WKDL260008953-1A_237VHMLT4_L5_2.fq.gz	FALSE			
Sde-ATum_013-Ex1	SdA0801306HWGSZ_WKDL260008953-1A_237VHMLT4_L4	/archive/carpenterlab/pire/raw_sequence_archive/spratelloides_delicatulus/20260629_Sde-lcwgs	wahab	lcwgs		SdA0801306HWGSZ_WKDL260008953-1A_237VHMLT4_L4_1.fq.gz	SdA0801306HWGSZ_WKDL260008953-1A_237VHMLT4_L4_2.fq.gz	FALSE			
Sde-ATum_013-Ex1	SdA0801306HWGSZ_WKDL260008953-1A_237VHMLT4_L5	/archive/carpenterlab/pire/raw_sequence_archive/spratelloides_delicatulus/20260629_Sde-lcwgs	wahab	lcwgs		SdA0801306HWGSZ_WKDL260008953-1A_237VHMLT4_L5_1.fq.gz	SdA0801306HWGSZ_WKDL260008953-1A_237VHMLT4_L5_2.fq.gz	FALSE			
Sde-ATum_014-Ex1	SdA0801407AWGSZ_WKDL260008953-1A_237VHMLT4_L4	/archive/carpenterlab/pire/raw_sequence_archive/spratelloides_delicatulus/20260629_Sde-lcwgs	wahab	lcwgs		SdA0801407AWGSZ_WKDL260008953-1A_237VHMLT4_L4_1.fq.gz	SdA0801407AWGSZ_WKDL260008953-1A_237VHMLT4_L4_2.fq.gz	FALSE			
Sde-ATum_014-Ex1	SdA0801407AWGSZ_WKDL260008953-1A_237VHMLT4_L5	/archive/carpenterlab/pire/raw_sequence_archive/spratelloides_delicatulus/20260629_Sde-lcwgs	wahab	lcwgs		SdA0801407AWGSZ_WKDL260008953-1A_237VHMLT4_L5_1.fq.gz	SdA0801407AWGSZ_WKDL260008953-1A_237VHMLT4_L5_2.fq.gz	FALSE			
Sde-ATum_015-Ex1	SdA0801507BWGSZ_WKDL260008953-1A_237VHMLT4_L4	/archive/carpenterlab/pire/raw_sequence_archive/spratelloides_delicatulus/20260629_Sde-lcwgs	wahab	lcwgs		SdA0801507BWGSZ_WKDL260008953-1A_237VHMLT4_L4_1.fq.gz	SdA0801507BWGSZ_WKDL260008953-1A_237VHMLT4_L4_2.fq.gz	FALSE			
Sde-ATum_015-Ex1	SdA0801507BWGSZ_WKDL260008953-1A_237VHMLT4_L5	/archive/carpenterlab/pire/raw_sequence_archive/spratelloides_delicatulus/20260629_Sde-lcwgs	wahab	lcwgs		SdA0801507BWGSZ_WKDL260008953-1A_237VHMLT4_L5_1.fq.gz	SdA0801507BWGSZ_WKDL260008953-1A_237VHMLT4_L5_2.fq.gz	FALSE			
Sde-ATum_016-Ex1	SdA0801607CWGSZ_WKDL260008953-1A_237VHMLT4_L4	/archive/carpenterlab/pire/raw_sequence_archive/spratelloides_delicatulus/20260629_Sde-lcwgs	wahab	lcwgs		SdA0801607CWGSZ_WKDL260008953-1A_237VHMLT4_L4_1.fq.gz	SdA0801607CWGSZ_WKDL260008953-1A_237VHMLT4_L4_2.fq.gz	FALSE			
Sde-ATum_016-Ex1	SdA0801607CWGSZ_WKDL260008953-1A_237VHMLT4_L5	/archive/carpenterlab/pire/raw_sequence_archive/spratelloides_delicatulus/20260629_Sde-lcwgs	wahab	lcwgs		SdA0801607CWGSZ_WKDL260008953-1A_237VHMLT4_L5_1.fq.gz	SdA0801607CWGSZ_WKDL260008953-1A_237VHMLT4_L5_2.fq.gz	FALSE			
Sde-ATum_017-Ex1	SdA0801707DWGSZ_WKDL260008953-1A_237VHMLT4_L4	/archive/carpenterlab/pire/raw_sequence_archive/spratelloides_delicatulus/20260629_Sde-lcwgs	wahab	lcwgs		SdA0801707DWGSZ_WKDL260008953-1A_237VHMLT4_L4_1.fq.gz	SdA0801707DWGSZ_WKDL260008953-1A_237VHMLT4_L4_2.fq.gz	FALSE			
Sde-ATum_017-Ex1	SdA0801707DWGSZ_WKDL260008953-1A_237VHMLT4_L5	/archive/carpenterlab/pire/raw_sequence_archive/spratelloides_delicatulus/20260629_Sde-lcwgs	wahab	lcwgs		SdA0801707DWGSZ_WKDL260008953-1A_237VHMLT4_L5_1.fq.gz	SdA0801707DWGSZ_WKDL260008953-1A_237VHMLT4_L5_2.fq.gz	FALSE			
Sde-ATum_018-Ex1	SdA0801807EWGSZ_WKDL260008953-1A_237VHMLT4_L4	/archive/carpenterlab/pire/raw_sequence_archive/spratelloides_delicatulus/20260629_Sde-lcwgs	wahab	lcwgs		SdA0801807EWGSZ_WKDL260008953-1A_237VHMLT4_L4_1.fq.gz	SdA0801807EWGSZ_WKDL260008953-1A_237VHMLT4_L4_2.fq.gz	FALSE			
Sde-ATum_018-Ex1	SdA0801807EWGSZ_WKDL260008953-1A_237VHMLT4_L5	/archive/carpenterlab/pire/raw_sequence_archive/spratelloides_delicatulus/20260629_Sde-lcwgs	wahab	lcwgs		SdA0801807EWGSZ_WKDL260008953-1A_237VHMLT4_L5_1.fq.gz	SdA0801807EWGSZ_WKDL260008953-1A_237VHMLT4_L5_2.fq.gz	FALSE			
Sde-ATum_019-Ex1	SdA0801907FWGSZ_WKDL260008953-1A_237VHMLT4_L4	/archive/carpenterlab/pire/raw_sequence_archive/spratelloides_delicatulus/20260629_Sde-lcwgs	wahab	lcwgs		SdA0801907FWGSZ_WKDL260008953-1A_237VHMLT4_L4_1.fq.gz	SdA0801907FWGSZ_WKDL260008953-1A_237VHMLT4_L4_2.fq.gz	FALSE			
Sde-ATum_019-Ex1	SdA0801907FWGSZ_WKDL260008953-1A_237VHMLT4_L5	/archive/carpenterlab/pire/raw_sequence_archive/spratelloides_delicatulus/20260629_Sde-lcwgs	wahab	lcwgs		SdA0801907FWGSZ_WKDL260008953-1A_237VHMLT4_L5_1.fq.gz	SdA0801907FWGSZ_WKDL260008953-1A_237VHMLT4_L5_2.fq.gz	FALSE			
Sde-ATum_020-Ex1	SdA0802007GWGSZ_WKDL260008953-1A_237VHMLT4_L4	/archive/carpenterlab/pire/raw_sequence_archive/spratelloides_delicatulus/20260629_Sde-lcwgs	wahab	lcwgs		SdA0802007GWGSZ_WKDL260008953-1A_237VHMLT4_L4_1.fq.gz	SdA0802007GWGSZ_WKDL260008953-1A_237VHMLT4_L4_2.fq.gz	FALSE			
Sde-ATum_020-Ex1	SdA0802007GWGSZ_WKDL260008953-1A_237VHMLT4_L5	/archive/carpenterlab/pire/raw_sequence_archive/spratelloides_delicatulus/20260629_Sde-lcwgs	wahab	lcwgs		SdA0802007GWGSZ_WKDL260008953-1A_237VHMLT4_L5_1.fq.gz	SdA0802007GWGSZ_WKDL260008953-1A_237VHMLT4_L5_2.fq.gz	FALSE			
Sde-ATum_021-Ex1	SdA0802107HWGSZ_WKDL260008953-1A_237VHMLT4_L4	/archive/carpenterlab/pire/raw_sequence_archive/spratelloides_delicatulus/20260629_Sde-lcwgs	wahab	lcwgs		SdA0802107HWGSZ_WKDL260008953-1A_237VHMLT4_L4_1.fq.gz	SdA0802107HWGSZ_WKDL260008953-1A_237VHMLT4_L4_2.fq.gz	FALSE			
Sde-ATum_021-Ex1	SdA0802107HWGSZ_WKDL260008953-1A_237VHMLT4_L5	/archive/carpenterlab/pire/raw_sequence_archive/spratelloides_delicatulus/20260629_Sde-lcwgs	wahab	lcwgs		SdA0802107HWGSZ_WKDL260008953-1A_237VHMLT4_L5_1.fq.gz	SdA0802107HWGSZ_WKDL260008953-1A_237VHMLT4_L5_2.fq.gz	FALSE			
Sde-ATum_022-Ex1	SdA0802208AWGSZ_WKDL260008953-1A_237VHMLT4_L4	/archive/carpenterlab/pire/raw_sequence_archive/spratelloides_delicatulus/20260629_Sde-lcwgs	wahab	lcwgs		SdA0802208AWGSZ_WKDL260008953-1A_237VHMLT4_L4_1.fq.gz	SdA0802208AWGSZ_WKDL260008953-1A_237VHMLT4_L4_2.fq.gz	FALSE			
Sde-ATum_022-Ex1	SdA0802208AWGSZ_WKDL260008953-1A_237VHMLT4_L5	/archive/carpenterlab/pire/raw_sequence_archive/spratelloides_delicatulus/20260629_Sde-lcwgs	wahab	lcwgs		SdA0802208AWGSZ_WKDL260008953-1A_237VHMLT4_L5_1.fq.gz	SdA0802208AWGSZ_WKDL260008953-1A_237VHMLT4_L5_2.fq.gz	FALSE			
Sde-ATum_023-Ex1	SdA0802308BWGSZ_WKDL260008953-1A_237VHMLT4_L4	/archive/carpenterlab/pire/raw_sequence_archive/spratelloides_delicatulus/20260629_Sde-lcwgs	wahab	lcwgs		SdA0802308BWGSZ_WKDL260008953-1A_237VHMLT4_L4_1.fq.gz	SdA0802308BWGSZ_WKDL260008953-1A_237VHMLT4_L4_2.fq.gz	FALSE			
Sde-ATum_023-Ex1	SdA0802308BWGSZ_WKDL260008953-1A_237VHMLT4_L5	/archive/carpenterlab/pire/raw_sequence_archive/spratelloides_delicatulus/20260629_Sde-lcwgs	wahab	lcwgs		SdA0802308BWGSZ_WKDL260008953-1A_237VHMLT4_L5_1.fq.gz	SdA0802308BWGSZ_WKDL260008953-1A_237VHMLT4_L5_2.fq.gz	FALSE			
Sde-ATum_024-Ex1	SdA0802408CWGSZ_WKDL260008953-1A_237VHMLT4_L4	/archive/carpenterlab/pire/raw_sequence_archive/spratelloides_delicatulus/20260629_Sde-lcwgs	wahab	lcwgs		SdA0802408CWGSZ_WKDL260008953-1A_237VHMLT4_L4_1.fq.gz	SdA0802408CWGSZ_WKDL260008953-1A_237VHMLT4_L4_2.fq.gz	FALSE			
Sde-ATum_024-Ex1	SdA0802408CWGSZ_WKDL260008953-1A_237VHMLT4_L5	/archive/carpenterlab/pire/raw_sequence_archive/spratelloides_delicatulus/20260629_Sde-lcwgs	wahab	lcwgs		SdA0802408CWGSZ_WKDL260008953-1A_237VHMLT4_L5_1.fq.gz	SdA0802408CWGSZ_WKDL260008953-1A_237VHMLT4_L5_2.fq.gz	FALSE			
Sde-ATum_025-Ex1	SdA0802508DWGSZ_WKDL260008953-1A_237VHMLT4_L4	/archive/carpenterlab/pire/raw_sequence_archive/spratelloides_delicatulus/20260629_Sde-lcwgs	wahab	lcwgs		SdA0802508DWGSZ_WKDL260008953-1A_237VHMLT4_L4_1.fq.gz	SdA0802508DWGSZ_WKDL260008953-1A_237VHMLT4_L4_2.fq.gz	FALSE			
Sde-ATum_025-Ex1	SdA0802508DWGSZ_WKDL260008953-1A_237VHMLT4_L5	/archive/carpenterlab/pire/raw_sequence_archive/spratelloides_delicatulus/20260629_Sde-lcwgs	wahab	lcwgs		SdA0802508DWGSZ_WKDL260008953-1A_237VHMLT4_L5_1.fq.gz	SdA0802508DWGSZ_WKDL260008953-1A_237VHMLT4_L5_2.fq.gz	FALSE			
Sde-ATum_026-Ex1	SdA0802608EWGSZ_WKDL260008953-1A_237VHMLT4_L4	/archive/carpenterlab/pire/raw_sequence_archive/spratelloides_delicatulus/20260629_Sde-lcwgs	wahab	lcwgs		SdA0802608EWGSZ_WKDL260008953-1A_237VHMLT4_L4_1.fq.gz	SdA0802608EWGSZ_WKDL260008953-1A_237VHMLT4_L4_2.fq.gz	FALSE			
Sde-ATum_026-Ex1	SdA0802608EWGSZ_WKDL260008953-1A_237VHMLT4_L5	/archive/carpenterlab/pire/raw_sequence_archive/spratelloides_delicatulus/20260629_Sde-lcwgs	wahab	lcwgs		SdA0802608EWGSZ_WKDL260008953-1A_237VHMLT4_L5_1.fq.gz	SdA0802608EWGSZ_WKDL260008953-1A_237VHMLT4_L5_2.fq.gz	FALSE			
Sde-ATum_027-Ex1	SdA0802708FWGSZ_WKDL260008953-1A_237VHMLT4_L4	/archive/carpenterlab/pire/raw_sequence_archive/spratelloides_delicatulus/20260629_Sde-lcwgs	wahab	lcwgs		SdA0802708FWGSZ_WKDL260008953-1A_237VHMLT4_L4_1.fq.gz	SdA0802708FWGSZ_WKDL260008953-1A_237VHMLT4_L4_2.fq.gz	FALSE			
Sde-ATum_027-Ex1	SdA0802708FWGSZ_WKDL260008953-1A_237VHMLT4_L5	/archive/carpenterlab/pire/raw_sequence_archive/spratelloides_delicatulus/20260629_Sde-lcwgs	wahab	lcwgs		SdA0802708FWGSZ_WKDL260008953-1A_237VHMLT4_L5_1.fq.gz	SdA0802708FWGSZ_WKDL260008953-1A_237VHMLT4_L5_2.fq.gz	FALSE			
Sde-ATum_028-Ex1	SdA0802808GWGSZ_WKDL260008953-1A_237VHMLT4_L4	/archive/carpenterlab/pire/raw_sequence_archive/spratelloides_delicatulus/20260629_Sde-lcwgs	wahab	lcwgs		SdA0802808GWGSZ_WKDL260008953-1A_237VHMLT4_L4_1.fq.gz	SdA0802808GWGSZ_WKDL260008953-1A_237VHMLT4_L4_2.fq.gz	FALSE			
Sde-ATum_028-Ex1	SdA0802808GWGSZ_WKDL260008953-1A_237VHMLT4_L5	/archive/carpenterlab/pire/raw_sequence_archive/spratelloides_delicatulus/20260629_Sde-lcwgs	wahab	lcwgs		SdA0802808GWGSZ_WKDL260008953-1A_237VHMLT4_L5_1.fq.gz	SdA0802808GWGSZ_WKDL260008953-1A_237VHMLT4_L5_2.fq.gz	FALSE			
Sde-ATum_029-Ex1	SdA0802908HWGSZ_WKDL260008953-1A_237VHMLT4_L4	/archive/carpenterlab/pire/raw_sequence_archive/spratelloides_delicatulus/20260629_Sde-lcwgs	wahab	lcwgs		SdA0802908HWGSZ_WKDL260008953-1A_237VHMLT4_L4_1.fq.gz	SdA0802908HWGSZ_WKDL260008953-1A_237VHMLT4_L4_2.fq.gz	FALSE			
Sde-ATum_029-Ex1	SdA0802908HWGSZ_WKDL260008953-1A_237VHMLT4_L5	/archive/carpenterlab/pire/raw_sequence_archive/spratelloides_delicatulus/20260629_Sde-lcwgs	wahab	lcwgs		SdA0802908HWGSZ_WKDL260008953-1A_237VHMLT4_L5_1.fq.gz	SdA0802908HWGSZ_WKDL260008953-1A_237VHMLT4_L5_2.fq.gz	FALSE			
Sde-ATum_030-Ex1	SdA0803009AWGSZ_WKDL260008953-1A_237VHMLT4_L4	/archive/carpenterlab/pire/raw_sequence_archive/spratelloides_delicatulus/20260629_Sde-lcwgs	wahab	lcwgs		SdA0803009AWGSZ_WKDL260008953-1A_237VHMLT4_L4_1.fq.gz	SdA0803009AWGSZ_WKDL260008953-1A_237VHMLT4_L4_2.fq.gz	FALSE			
Sde-ATum_030-Ex1	SdA0803009AWGSZ_WKDL260008953-1A_237VHMLT4_L5	/archive/carpenterlab/pire/raw_sequence_archive/spratelloides_delicatulus/20260629_Sde-lcwgs	wahab	lcwgs		SdA0803009AWGSZ_WKDL260008953-1A_237VHMLT4_L5_1.fq.gz	SdA0803009AWGSZ_WKDL260008953-1A_237VHMLT4_L5_2.fq.gz	FALSE			
Sde-ATum_031-Ex1	SdA0803109BWGSZ_WKDL260008953-1A_237VHMLT4_L4	/archive/carpenterlab/pire/raw_sequence_archive/spratelloides_delicatulus/20260629_Sde-lcwgs	wahab	lcwgs		SdA0803109BWGSZ_WKDL260008953-1A_237VHMLT4_L4_1.fq.gz	SdA0803109BWGSZ_WKDL260008953-1A_237VHMLT4_L4_2.fq.gz	FALSE			
Sde-ATum_031-Ex1	SdA0803109BWGSZ_WKDL260008953-1A_237VHMLT4_L5	/archive/carpenterlab/pire/raw_sequence_archive/spratelloides_delicatulus/20260629_Sde-lcwgs	wahab	lcwgs		SdA0803109BWGSZ_WKDL260008953-1A_237VHMLT4_L5_1.fq.gz	SdA0803109BWGSZ_WKDL260008953-1A_237VHMLT4_L5_2.fq.gz	FALSE			
Sde-ATum_032-Ex1	SdA0803209CWGSZ_WKDL260008953-1A_237VHMLT4_L4	/archive/carpenterlab/pire/raw_sequence_archive/spratelloides_delicatulus/20260629_Sde-lcwgs	wahab	lcwgs		SdA0803209CWGSZ_WKDL260008953-1A_237VHMLT4_L4_1.fq.gz	SdA0803209CWGSZ_WKDL260008953-1A_237VHMLT4_L4_2.fq.gz	FALSE			
Sde-ATum_032-Ex1	SdA0803209CWGSZ_WKDL260008953-1A_237VHMLT4_L5	/archive/carpenterlab/pire/raw_sequence_archive/spratelloides_delicatulus/20260629_Sde-lcwgs	wahab	lcwgs		SdA0803209CWGSZ_WKDL260008953-1A_237VHMLT4_L5_1.fq.gz	SdA0803209CWGSZ_WKDL260008953-1A_237VHMLT4_L5_2.fq.gz	FALSE			
Sde-ATum_033-Ex1	SdA0803309DWGSZ_WKDL260008953-1A_237VHMLT4_L4	/archive/carpenterlab/pire/raw_sequence_archive/spratelloides_delicatulus/20260629_Sde-lcwgs	wahab	lcwgs		SdA0803309DWGSZ_WKDL260008953-1A_237VHMLT4_L4_1.fq.gz	SdA0803309DWGSZ_WKDL260008953-1A_237VHMLT4_L4_2.fq.gz	FALSE			
Sde-ATum_033-Ex1	SdA0803309DWGSZ_WKDL260008953-1A_237VHMLT4_L5	/archive/carpenterlab/pire/raw_sequence_archive/spratelloides_delicatulus/20260629_Sde-lcwgs	wahab	lcwgs		SdA0803309DWGSZ_WKDL260008953-1A_237VHMLT4_L5_1.fq.gz	SdA0803309DWGSZ_WKDL260008953-1A_237VHMLT4_L5_2.fq.gz	FALSE			
Sde-ATum_034-Ex1	SdA0803409EWGSZ_WKDL260008953-1A_237VHMLT4_L4	/archive/carpenterlab/pire/raw_sequence_archive/spratelloides_delicatulus/20260629_Sde-lcwgs	wahab	lcwgs		SdA0803409EWGSZ_WKDL260008953-1A_237VHMLT4_L4_1.fq.gz	SdA0803409EWGSZ_WKDL260008953-1A_237VHMLT4_L4_2.fq.gz	FALSE			
Sde-ATum_034-Ex1	SdA0803409EWGSZ_WKDL260008953-1A_237VHMLT4_L5	/archive/carpenterlab/pire/raw_sequence_archive/spratelloides_delicatulus/20260629_Sde-lcwgs	wahab	lcwgs		SdA0803409EWGSZ_WKDL260008953-1A_237VHMLT4_L5_1.fq.gz	SdA0803409EWGSZ_WKDL260008953-1A_237VHMLT4_L5_2.fq.gz	FALSE			
Sde-ATum_035-Ex1	SdA0803509FWGSZ_WKDL260008953-1A_237VHMLT4_L4	/archive/carpenterlab/pire/raw_sequence_archive/spratelloides_delicatulus/20260629_Sde-lcwgs	wahab	lcwgs		SdA0803509FWGSZ_WKDL260008953-1A_237VHMLT4_L4_1.fq.gz	SdA0803509FWGSZ_WKDL260008953-1A_237VHMLT4_L4_2.fq.gz	FALSE			
Sde-ATum_035-Ex1	SdA0803509FWGSZ_WKDL260008953-1A_237VHMLT4_L5	/archive/carpenterlab/pire/raw_sequence_archive/spratelloides_delicatulus/20260629_Sde-lcwgs	wahab	lcwgs		SdA0803509FWGSZ_WKDL260008953-1A_237VHMLT4_L5_1.fq.gz	SdA0803509FWGSZ_WKDL260008953-1A_237VHMLT4_L5_2.fq.gz	FALSE			
Sde-ATum_036-Ex1	SdA0803609GWGSZ_WKDL260008953-1A_237VHMLT4_L4	/archive/carpenterlab/pire/raw_sequence_archive/spratelloides_delicatulus/20260629_Sde-lcwgs	wahab	lcwgs		SdA0803609GWGSZ_WKDL260008953-1A_237VHMLT4_L4_1.fq.gz	SdA0803609GWGSZ_WKDL260008953-1A_237VHMLT4_L4_2.fq.gz	FALSE			
Sde-ATum_036-Ex1	SdA0803609GWGSZ_WKDL260008953-1A_237VHMLT4_L5	/archive/carpenterlab/pire/raw_sequence_archive/spratelloides_delicatulus/20260629_Sde-lcwgs	wahab	lcwgs		SdA0803609GWGSZ_WKDL260008953-1A_237VHMLT4_L5_1.fq.gz	SdA0803609GWGSZ_WKDL260008953-1A_237VHMLT4_L5_2.fq.gz	FALSE			
Sde-ATum_037-Ex1	SdA0803709HWGSZ_WKDL260008953-1A_237VHMLT4_L4	/archive/carpenterlab/pire/raw_sequence_archive/spratelloides_delicatulus/20260629_Sde-lcwgs	wahab	lcwgs		SdA0803709HWGSZ_WKDL260008953-1A_237VHMLT4_L4_1.fq.gz	SdA0803709HWGSZ_WKDL260008953-1A_237VHMLT4_L4_2.fq.gz	FALSE			
Sde-ATum_037-Ex1	SdA0803709HWGSZ_WKDL260008953-1A_237VHMLT4_L5	/archive/carpenterlab/pire/raw_sequence_archive/spratelloides_delicatulus/20260629_Sde-lcwgs	wahab	lcwgs		SdA0803709HWGSZ_WKDL260008953-1A_237VHMLT4_L5_1.fq.gz	SdA0803709HWGSZ_WKDL260008953-1A_237VHMLT4_L5_2.fq.gz	FALSE			
Sde-ATum_038-Ex1	SdA0803810AWGSZ_WKDL260008953-1A_237VHMLT4_L4	/archive/carpenterlab/pire/raw_sequence_archive/spratelloides_delicatulus/20260629_Sde-lcwgs	wahab	lcwgs		SdA0803810AWGSZ_WKDL260008953-1A_237VHMLT4_L4_1.fq.gz	SdA0803810AWGSZ_WKDL260008953-1A_237VHMLT4_L4_2.fq.gz	FALSE			
Sde-ATum_038-Ex1	SdA0803810AWGSZ_WKDL260008953-1A_237VHMLT4_L5	/archive/carpenterlab/pire/raw_sequence_archive/spratelloides_delicatulus/20260629_Sde-lcwgs	wahab	lcwgs		SdA0803810AWGSZ_WKDL260008953-1A_237VHMLT4_L5_1.fq.gz	SdA0803810AWGSZ_WKDL260008953-1A_237VHMLT4_L5_2.fq.gz	FALSE			
Sde-ATum_039-Ex1	SdA0803910BWGSZ_WKDL260008953-1A_237VHMLT4_L4	/archive/carpenterlab/pire/raw_sequence_archive/spratelloides_delicatulus/20260629_Sde-lcwgs	wahab	lcwgs		SdA0803910BWGSZ_WKDL260008953-1A_237VHMLT4_L4_1.fq.gz	SdA0803910BWGSZ_WKDL260008953-1A_237VHMLT4_L4_2.fq.gz	FALSE			
Sde-ATum_039-Ex1	SdA0803910BWGSZ_WKDL260008953-1A_237VHMLT4_L5	/archive/carpenterlab/pire/raw_sequence_archive/spratelloides_delicatulus/20260629_Sde-lcwgs	wahab	lcwgs		SdA0803910BWGSZ_WKDL260008953-1A_237VHMLT4_L5_1.fq.gz	SdA0803910BWGSZ_WKDL260008953-1A_237VHMLT4_L5_2.fq.gz	FALSE			
Sde-ATum_040-Ex1	SdA0804010CWGSZ_WKDL260008953-1A_237VHMLT4_L4	/archive/carpenterlab/pire/raw_sequence_archive/spratelloides_delicatulus/20260629_Sde-lcwgs	wahab	lcwgs		SdA0804010CWGSZ_WKDL260008953-1A_237VHMLT4_L4_1.fq.gz	SdA0804010CWGSZ_WKDL260008953-1A_237VHMLT4_L4_2.fq.gz	FALSE			
Sde-ATum_040-Ex1	SdA0804010CWGSZ_WKDL260008953-1A_237VHMLT4_L5	/archive/carpenterlab/pire/raw_sequence_archive/spratelloides_delicatulus/20260629_Sde-lcwgs	wahab	lcwgs		SdA0804010CWGSZ_WKDL260008953-1A_237VHMLT4_L5_1.fq.gz	SdA0804010CWGSZ_WKDL260008953-1A_237VHMLT4_L5_2.fq.gz	FALSE			
Sde-ATum_041-Ex1	SdA0804110DWGSZ_WKDL260008953-1A_237VHMLT4_L4	/archive/carpenterlab/pire/raw_sequence_archive/spratelloides_delicatulus/20260629_Sde-lcwgs	wahab	lcwgs		SdA0804110DWGSZ_WKDL260008953-1A_237VHMLT4_L4_1.fq.gz	SdA0804110DWGSZ_WKDL260008953-1A_237VHMLT4_L4_2.fq.gz	FALSE			
Sde-ATum_041-Ex1	SdA0804110DWGSZ_WKDL260008953-1A_237VHMLT4_L5	/archive/carpenterlab/pire/raw_sequence_archive/spratelloides_delicatulus/20260629_Sde-lcwgs	wahab	lcwgs		SdA0804110DWGSZ_WKDL260008953-1A_237VHMLT4_L5_1.fq.gz	SdA0804110DWGSZ_WKDL260008953-1A_237VHMLT4_L5_2.fq.gz	FALSE			
Sde-ATum_042-Ex1	SdA0804210EWGSZ_WKDL260008953-1A_237VHMLT4_L4	/archive/carpenterlab/pire/raw_sequence_archive/spratelloides_delicatulus/20260629_Sde-lcwgs	wahab	lcwgs		SdA0804210EWGSZ_WKDL260008953-1A_237VHMLT4_L4_1.fq.gz	SdA0804210EWGSZ_WKDL260008953-1A_237VHMLT4_L4_2.fq.gz	FALSE			
Sde-ATum_042-Ex1	SdA0804210EWGSZ_WKDL260008953-1A_237VHMLT4_L5	/archive/carpenterlab/pire/raw_sequence_archive/spratelloides_delicatulus/20260629_Sde-lcwgs	wahab	lcwgs		SdA0804210EWGSZ_WKDL260008953-1A_237VHMLT4_L5_1.fq.gz	SdA0804210EWGSZ_WKDL260008953-1A_237VHMLT4_L5_2.fq.gz	FALSE			
Sde-ATum_043-Ex1	SdA0804310FWGSZ_WKDL260008953-1A_237VHMLT4_L4	/archive/carpenterlab/pire/raw_sequence_archive/spratelloides_delicatulus/20260629_Sde-lcwgs	wahab	lcwgs		SdA0804310FWGSZ_WKDL260008953-1A_237VHMLT4_L4_1.fq.gz	SdA0804310FWGSZ_WKDL260008953-1A_237VHMLT4_L4_2.fq.gz	FALSE			
Sde-ATum_043-Ex1	SdA0804310FWGSZ_WKDL260008953-1A_237VHMLT4_L5	/archive/carpenterlab/pire/raw_sequence_archive/spratelloides_delicatulus/20260629_Sde-lcwgs	wahab	lcwgs		SdA0804310FWGSZ_WKDL260008953-1A_237VHMLT4_L5_1.fq.gz	SdA0804310FWGSZ_WKDL260008953-1A_237VHMLT4_L5_2.fq.gz	FALSE			
Sde-ATum_044-Ex1	SdA0804410GWGSZ_WKDL260008953-1A_237VHMLT4_L4	/archive/carpenterlab/pire/raw_sequence_archive/spratelloides_delicatulus/20260629_Sde-lcwgs	wahab	lcwgs		SdA0804410GWGSZ_WKDL260008953-1A_237VHMLT4_L4_1.fq.gz	SdA0804410GWGSZ_WKDL260008953-1A_237VHMLT4_L4_2.fq.gz	FALSE			
Sde-ATum_044-Ex1	SdA0804410GWGSZ_WKDL260008953-1A_237VHMLT4_L5	/archive/carpenterlab/pire/raw_sequence_archive/spratelloides_delicatulus/20260629_Sde-lcwgs	wahab	lcwgs		SdA0804410GWGSZ_WKDL260008953-1A_237VHMLT4_L5_1.fq.gz	SdA0804410GWGSZ_WKDL260008953-1A_237VHMLT4_L5_2.fq.gz	FALSE			
Sde-ATum_045-Ex1	SdA0804510HWGSZ_WKDL260008953-1A_237VHMLT4_L4	/archive/carpenterlab/pire/raw_sequence_archive/spratelloides_delicatulus/20260629_Sde-lcwgs	wahab	lcwgs		SdA0804510HWGSZ_WKDL260008953-1A_237VHMLT4_L4_1.fq.gz	SdA0804510HWGSZ_WKDL260008953-1A_237VHMLT4_L4_2.fq.gz	FALSE			
Sde-ATum_045-Ex1	SdA0804510HWGSZ_WKDL260008953-1A_237VHMLT4_L5	/archive/carpenterlab/pire/raw_sequence_archive/spratelloides_delicatulus/20260629_Sde-lcwgs	wahab	lcwgs		SdA0804510HWGSZ_WKDL260008953-1A_237VHMLT4_L5_1.fq.gz	SdA0804510HWGSZ_WKDL260008953-1A_237VHMLT4_L5_2.fq.gz	FALSE			
Sde-ATum_046-Ex1	SdA0804611AWGSZ_WKDL260008953-1A_237VHMLT4_L4	/archive/carpenterlab/pire/raw_sequence_archive/spratelloides_delicatulus/20260629_Sde-lcwgs	wahab	lcwgs		SdA0804611AWGSZ_WKDL260008953-1A_237VHMLT4_L4_1.fq.gz	SdA0804611AWGSZ_WKDL260008953-1A_237VHMLT4_L4_2.fq.gz	FALSE			
Sde-ATum_046-Ex1	SdA0804611AWGSZ_WKDL260008953-1A_237VHMLT4_L5	/archive/carpenterlab/pire/raw_sequence_archive/spratelloides_delicatulus/20260629_Sde-lcwgs	wahab	lcwgs		SdA0804611AWGSZ_WKDL260008953-1A_237VHMLT4_L5_1.fq.gz	SdA0804611AWGSZ_WKDL260008953-1A_237VHMLT4_L5_2.fq.gz	FALSE			
Sde-ATum_047-Ex1	SdA0804711BWGSZ_WKDL260008953-1A_237VHMLT4_L4	/archive/carpenterlab/pire/raw_sequence_archive/spratelloides_delicatulus/20260629_Sde-lcwgs	wahab	lcwgs		SdA0804711BWGSZ_WKDL260008953-1A_237VHMLT4_L4_1.fq.gz	SdA0804711BWGSZ_WKDL260008953-1A_237VHMLT4_L4_2.fq.gz	FALSE			
Sde-ATum_047-Ex1	SdA0804711BWGSZ_WKDL260008953-1A_237VHMLT4_L5	/archive/carpenterlab/pire/raw_sequence_archive/spratelloides_delicatulus/20260629_Sde-lcwgs	wahab	lcwgs		SdA0804711BWGSZ_WKDL260008953-1A_237VHMLT4_L5_1.fq.gz	SdA0804711BWGSZ_WKDL260008953-1A_237VHMLT4_L5_2.fq.gz	FALSE			
Sde-ATum_048-Ex1	SdA0804811CWGSZ_WKDL260008953-1A_237VHMLT4_L4	/archive/carpenterlab/pire/raw_sequence_archive/spratelloides_delicatulus/20260629_Sde-lcwgs	wahab	lcwgs		SdA0804811CWGSZ_WKDL260008953-1A_237VHMLT4_L4_1.fq.gz	SdA0804811CWGSZ_WKDL260008953-1A_237VHMLT4_L4_2.fq.gz	FALSE			
Sde-ATum_048-Ex1	SdA0804811CWGSZ_WKDL260008953-1A_237VHMLT4_L5	/archive/carpenterlab/pire/raw_sequence_archive/spratelloides_delicatulus/20260629_Sde-lcwgs	wahab	lcwgs		SdA0804811CWGSZ_WKDL260008953-1A_237VHMLT4_L5_1.fq.gz	SdA0804811CWGSZ_WKDL260008953-1A_237VHMLT4_L5_2.fq.gz	FALSE			
Sde-ASac_001-Ex1	SdA0900101AWGSZ_WKDL260008953-1A_237VHMLT4_L4	/archive/carpenterlab/pire/raw_sequence_archive/spratelloides_delicatulus/20260629_Sde-lcwgs	wahab	lcwgs		SdA0900101AWGSZ_WKDL260008953-1A_237VHMLT4_L4_1.fq.gz	SdA0900101AWGSZ_WKDL260008953-1A_237VHMLT4_L4_2.fq.gz	FALSE			
Sde-ASac_001-Ex1	SdA0900101AWGSZ_WKDL260008953-1A_237VHMLT4_L5	/archive/carpenterlab/pire/raw_sequence_archive/spratelloides_delicatulus/20260629_Sde-lcwgs	wahab	lcwgs		SdA0900101AWGSZ_WKDL260008953-1A_237VHMLT4_L5_1.fq.gz	SdA0900101AWGSZ_WKDL260008953-1A_237VHMLT4_L5_2.fq.gz	FALSE			
Sde-ASac_002-Ex1	SdA0900202AWGSZ_WKDL260008953-1A_237VHMLT4_L4	/archive/carpenterlab/pire/raw_sequence_archive/spratelloides_delicatulus/20260629_Sde-lcwgs	wahab	lcwgs		SdA0900202AWGSZ_WKDL260008953-1A_237VHMLT4_L4_1.fq.gz	SdA0900202AWGSZ_WKDL260008953-1A_237VHMLT4_L4_2.fq.gz	FALSE			
Sde-ASac_002-Ex1	SdA0900202AWGSZ_WKDL260008953-1A_237VHMLT4_L5	/archive/carpenterlab/pire/raw_sequence_archive/spratelloides_delicatulus/20260629_Sde-lcwgs	wahab	lcwgs		SdA0900202AWGSZ_WKDL260008953-1A_237VHMLT4_L5_1.fq.gz	SdA0900202AWGSZ_WKDL260008953-1A_237VHMLT4_L5_2.fq.gz	FALSE			
Sde-ASac_003-Ex1	SdA0900303AWGSZ_WKDL260008953-1A_237VHMLT4_L4	/archive/carpenterlab/pire/raw_sequence_archive/spratelloides_delicatulus/20260629_Sde-lcwgs	wahab	lcwgs		SdA0900303AWGSZ_WKDL260008953-1A_237VHMLT4_L4_1.fq.gz	SdA0900303AWGSZ_WKDL260008953-1A_237VHMLT4_L4_2.fq.gz	FALSE			
Sde-ASac_003-Ex1	SdA0900303AWGSZ_WKDL260008953-1A_237VHMLT4_L5	/archive/carpenterlab/pire/raw_sequence_archive/spratelloides_delicatulus/20260629_Sde-lcwgs	wahab	lcwgs		SdA0900303AWGSZ_WKDL260008953-1A_237VHMLT4_L5_1.fq.gz	SdA0900303AWGSZ_WKDL260008953-1A_237VHMLT4_L5_2.fq.gz	FALSE			
Sde-ASac_004-Ex1	SdA0900404AWGSZ_WKDL260008953-1A_237VHMLT4_L4	/archive/carpenterlab/pire/raw_sequence_archive/spratelloides_delicatulus/20260629_Sde-lcwgs	wahab	lcwgs		SdA0900404AWGSZ_WKDL260008953-1A_237VHMLT4_L4_1.fq.gz	SdA0900404AWGSZ_WKDL260008953-1A_237VHMLT4_L4_2.fq.gz	FALSE			
Sde-ASac_004-Ex1	SdA0900404AWGSZ_WKDL260008953-1A_237VHMLT4_L5	/archive/carpenterlab/pire/raw_sequence_archive/spratelloides_delicatulus/20260629_Sde-lcwgs	wahab	lcwgs		SdA0900404AWGSZ_WKDL260008953-1A_237VHMLT4_L5_1.fq.gz	SdA0900404AWGSZ_WKDL260008953-1A_237VHMLT4_L5_2.fq.gz	FALSE			
Sde-ASac_006-Ex1	SdA0900606AWGSZ_WKDL260008953-1A_237VHMLT4_L4	/archive/carpenterlab/pire/raw_sequence_archive/spratelloides_delicatulus/20260629_Sde-lcwgs	wahab	lcwgs		SdA0900606AWGSZ_WKDL260008953-1A_237VHMLT4_L4_1.fq.gz	SdA0900606AWGSZ_WKDL260008953-1A_237VHMLT4_L4_2.fq.gz	FALSE			
Sde-ASac_006-Ex1	SdA0900606AWGSZ_WKDL260008953-1A_237VHMLT4_L5	/archive/carpenterlab/pire/raw_sequence_archive/spratelloides_delicatulus/20260629_Sde-lcwgs	wahab	lcwgs		SdA0900606AWGSZ_WKDL260008953-1A_237VHMLT4_L5_1.fq.gz	SdA0900606AWGSZ_WKDL260008953-1A_237VHMLT4_L5_2.fq.gz	FALSE			
Sde-ASac_007-Ex1	SdA0900707AWGSZ_WKDL260008953-1A_237VHMLT4_L4	/archive/carpenterlab/pire/raw_sequence_archive/spratelloides_delicatulus/20260629_Sde-lcwgs	wahab	lcwgs		SdA0900707AWGSZ_WKDL260008953-1A_237VHMLT4_L4_1.fq.gz	SdA0900707AWGSZ_WKDL260008953-1A_237VHMLT4_L4_2.fq.gz	FALSE			
Sde-ASac_007-Ex1	SdA0900707AWGSZ_WKDL260008953-1A_237VHMLT4_L5	/archive/carpenterlab/pire/raw_sequence_archive/spratelloides_delicatulus/20260629_Sde-lcwgs	wahab	lcwgs		SdA0900707AWGSZ_WKDL260008953-1A_237VHMLT4_L5_1.fq.gz	SdA0900707AWGSZ_WKDL260008953-1A_237VHMLT4_L5_2.fq.gz	FALSE			
Sde-ASac_008-Ex1	SdA0900808AWGSZ_WKDL260008953-1A_237VHMLT4_L4	/archive/carpenterlab/pire/raw_sequence_archive/spratelloides_delicatulus/20260629_Sde-lcwgs	wahab	lcwgs		SdA0900808AWGSZ_WKDL260008953-1A_237VHMLT4_L4_1.fq.gz	SdA0900808AWGSZ_WKDL260008953-1A_237VHMLT4_L4_2.fq.gz	FALSE			
Sde-ASac_008-Ex1	SdA0900808AWGSZ_WKDL260008953-1A_237VHMLT4_L5	/archive/carpenterlab/pire/raw_sequence_archive/spratelloides_delicatulus/20260629_Sde-lcwgs	wahab	lcwgs		SdA0900808AWGSZ_WKDL260008953-1A_237VHMLT4_L5_1.fq.gz	SdA0900808AWGSZ_WKDL260008953-1A_237VHMLT4_L5_2.fq.gz	FALSE			
Sde-ASac_009-Ex1	SdA0900909AWGSZ_WKDL260008953-1A_237VHMLT4_L4	/archive/carpenterlab/pire/raw_sequence_archive/spratelloides_delicatulus/20260629_Sde-lcwgs	wahab	lcwgs		SdA0900909AWGSZ_WKDL260008953-1A_237VHMLT4_L4_1.fq.gz	SdA0900909AWGSZ_WKDL260008953-1A_237VHMLT4_L4_2.fq.gz	FALSE			
Sde-ASac_009-Ex1	SdA0900909AWGSZ_WKDL260008953-1A_237VHMLT4_L5	/archive/carpenterlab/pire/raw_sequence_archive/spratelloides_delicatulus/20260629_Sde-lcwgs	wahab	lcwgs		SdA0900909AWGSZ_WKDL260008953-1A_237VHMLT4_L5_1.fq.gz	SdA0900909AWGSZ_WKDL260008953-1A_237VHMLT4_L5_2.fq.gz	FALSE			
Sde-ASac_010-Ex1	SdA0901010AWGSZ_WKDL260008953-1A_237VHMLT4_L4	/archive/carpenterlab/pire/raw_sequence_archive/spratelloides_delicatulus/20260629_Sde-lcwgs	wahab	lcwgs		SdA0901010AWGSZ_WKDL260008953-1A_237VHMLT4_L4_1.fq.gz	SdA0901010AWGSZ_WKDL260008953-1A_237VHMLT4_L4_2.fq.gz	FALSE			
Sde-ASac_010-Ex1	SdA0901010AWGSZ_WKDL260008953-1A_237VHMLT4_L5	/archive/carpenterlab/pire/raw_sequence_archive/spratelloides_delicatulus/20260629_Sde-lcwgs	wahab	lcwgs		SdA0901010AWGSZ_WKDL260008953-1A_237VHMLT4_L5_1.fq.gz	SdA0901010AWGSZ_WKDL260008953-1A_237VHMLT4_L5_2.fq.gz	FALSE			
Sde-ASac_011-Ex1	SdA0901111AWGSZ_WKDL260008953-1A_237VHMLT4_L4	/archive/carpenterlab/pire/raw_sequence_archive/spratelloides_delicatulus/20260629_Sde-lcwgs	wahab	lcwgs		SdA0901111AWGSZ_WKDL260008953-1A_237VHMLT4_L4_1.fq.gz	SdA0901111AWGSZ_WKDL260008953-1A_237VHMLT4_L4_2.fq.gz	FALSE			
Sde-ASac_011-Ex1	SdA0901111AWGSZ_WKDL260008953-1A_237VHMLT4_L5	/archive/carpenterlab/pire/raw_sequence_archive/spratelloides_delicatulus/20260629_Sde-lcwgs	wahab	lcwgs		SdA0901111AWGSZ_WKDL260008953-1A_237VHMLT4_L5_1.fq.gz	SdA0901111AWGSZ_WKDL260008953-1A_237VHMLT4_L5_2.fq.gz	FALSE			
Sde-ASac_012-Ex1	SdA0901212AWGSZ_WKDL260008953-1A_237VHMLT4_L4	/archive/carpenterlab/pire/raw_sequence_archive/spratelloides_delicatulus/20260629_Sde-lcwgs	wahab	lcwgs		SdA0901212AWGSZ_WKDL260008953-1A_237VHMLT4_L4_1.fq.gz	SdA0901212AWGSZ_WKDL260008953-1A_237VHMLT4_L4_2.fq.gz	FALSE			
Sde-ASac_012-Ex1	SdA0901212AWGSZ_WKDL260008953-1A_237VHMLT4_L5	/archive/carpenterlab/pire/raw_sequence_archive/spratelloides_delicatulus/20260629_Sde-lcwgs	wahab	lcwgs		SdA0901212AWGSZ_WKDL260008953-1A_237VHMLT4_L5_1.fq.gz	SdA0901212AWGSZ_WKDL260008953-1A_237VHMLT4_L5_2.fq.gz	FALSE			
Sde-ASac_013-Ex1	SdA0901301BWGSZ_WKDL260008953-1A_237VHMLT4_L4	/archive/carpenterlab/pire/raw_sequence_archive/spratelloides_delicatulus/20260629_Sde-lcwgs	wahab	lcwgs		SdA0901301BWGSZ_WKDL260008953-1A_237VHMLT4_L4_1.fq.gz	SdA0901301BWGSZ_WKDL260008953-1A_237VHMLT4_L4_2.fq.gz	FALSE			
Sde-ASac_013-Ex1	SdA0901301BWGSZ_WKDL260008953-1A_237VHMLT4_L5	/archive/carpenterlab/pire/raw_sequence_archive/spratelloides_delicatulus/20260629_Sde-lcwgs	wahab	lcwgs		SdA0901301BWGSZ_WKDL260008953-1A_237VHMLT4_L5_1.fq.gz	SdA0901301BWGSZ_WKDL260008953-1A_237VHMLT4_L5_2.fq.gz	FALSE			
Sde-ASac_014-Ex1	SdA0901402BWGSZ_WKDL260008953-1A_237VHMLT4_L4	/archive/carpenterlab/pire/raw_sequence_archive/spratelloides_delicatulus/20260629_Sde-lcwgs	wahab	lcwgs		SdA0901402BWGSZ_WKDL260008953-1A_237VHMLT4_L4_1.fq.gz	SdA0901402BWGSZ_WKDL260008953-1A_237VHMLT4_L4_2.fq.gz	FALSE			
Sde-ASac_014-Ex1	SdA0901402BWGSZ_WKDL260008953-1A_237VHMLT4_L5	/archive/carpenterlab/pire/raw_sequence_archive/spratelloides_delicatulus/20260629_Sde-lcwgs	wahab	lcwgs		SdA0901402BWGSZ_WKDL260008953-1A_237VHMLT4_L5_1.fq.gz	SdA0901402BWGSZ_WKDL260008953-1A_237VHMLT4_L5_2.fq.gz	FALSE			
Sde-ASac_015-Ex1	SdA0901503BWGSZ_WKDL260008953-1A_237VHMLT4_L4	/archive/carpenterlab/pire/raw_sequence_archive/spratelloides_delicatulus/20260629_Sde-lcwgs	wahab	lcwgs		SdA0901503BWGSZ_WKDL260008953-1A_237VHMLT4_L4_1.fq.gz	SdA0901503BWGSZ_WKDL260008953-1A_237VHMLT4_L4_2.fq.gz	FALSE			
Sde-ASac_015-Ex1	SdA0901503BWGSZ_WKDL260008953-1A_237VHMLT4_L5	/archive/carpenterlab/pire/raw_sequence_archive/spratelloides_delicatulus/20260629_Sde-lcwgs	wahab	lcwgs		SdA0901503BWGSZ_WKDL260008953-1A_237VHMLT4_L5_1.fq.gz	SdA0901503BWGSZ_WKDL260008953-1A_237VHMLT4_L5_2.fq.gz	FALSE			
Sde-ASac_016-Ex1	SdA0901604BWGSZ_WKDL260008953-1A_237VHMLT4_L4	/archive/carpenterlab/pire/raw_sequence_archive/spratelloides_delicatulus/20260629_Sde-lcwgs	wahab	lcwgs		SdA0901604BWGSZ_WKDL260008953-1A_237VHMLT4_L4_1.fq.gz	SdA0901604BWGSZ_WKDL260008953-1A_237VHMLT4_L4_2.fq.gz	FALSE			
Sde-ASac_016-Ex1	SdA0901604BWGSZ_WKDL260008953-1A_237VHMLT4_L5	/archive/carpenterlab/pire/raw_sequence_archive/spratelloides_delicatulus/20260629_Sde-lcwgs	wahab	lcwgs		SdA0901604BWGSZ_WKDL260008953-1A_237VHMLT4_L5_1.fq.gz	SdA0901604BWGSZ_WKDL260008953-1A_237VHMLT4_L5_2.fq.gz	FALSE			
Sde-ASac_017-Ex1	SdA0901705BWGSZ_WKDL260008953-1A_237VHMLT4_L4	/archive/carpenterlab/pire/raw_sequence_archive/spratelloides_delicatulus/20260629_Sde-lcwgs	wahab	lcwgs		SdA0901705BWGSZ_WKDL260008953-1A_237VHMLT4_L4_1.fq.gz	SdA0901705BWGSZ_WKDL260008953-1A_237VHMLT4_L4_2.fq.gz	FALSE			
Sde-ASac_017-Ex1	SdA0901705BWGSZ_WKDL260008953-1A_237VHMLT4_L5	/archive/carpenterlab/pire/raw_sequence_archive/spratelloides_delicatulus/20260629_Sde-lcwgs	wahab	lcwgs		SdA0901705BWGSZ_WKDL260008953-1A_237VHMLT4_L5_1.fq.gz	SdA0901705BWGSZ_WKDL260008953-1A_237VHMLT4_L5_2.fq.gz	FALSE			
Sde-ASac_018-Ex1	SdA0901806BWGSZ_WKDL260008953-1A_237VHMLT4_L4	/archive/carpenterlab/pire/raw_sequence_archive/spratelloides_delicatulus/20260629_Sde-lcwgs	wahab	lcwgs		SdA0901806BWGSZ_WKDL260008953-1A_237VHMLT4_L4_1.fq.gz	SdA0901806BWGSZ_WKDL260008953-1A_237VHMLT4_L4_2.fq.gz	FALSE			
Sde-ASac_018-Ex1	SdA0901806BWGSZ_WKDL260008953-1A_237VHMLT4_L5	/archive/carpenterlab/pire/raw_sequence_archive/spratelloides_delicatulus/20260629_Sde-lcwgs	wahab	lcwgs		SdA0901806BWGSZ_WKDL260008953-1A_237VHMLT4_L5_1.fq.gz	SdA0901806BWGSZ_WKDL260008953-1A_237VHMLT4_L5_2.fq.gz	FALSE			
Sde-ASac_020-Ex1	SdA0902008BWGSZ_WKDL260008953-1A_237VHMLT4_L4	/archive/carpenterlab/pire/raw_sequence_archive/spratelloides_delicatulus/20260629_Sde-lcwgs	wahab	lcwgs		SdA0902008BWGSZ_WKDL260008953-1A_237VHMLT4_L4_1.fq.gz	SdA0902008BWGSZ_WKDL260008953-1A_237VHMLT4_L4_2.fq.gz	FALSE			
Sde-ASac_020-Ex1	SdA0902008BWGSZ_WKDL260008953-1A_237VHMLT4_L5	/archive/carpenterlab/pire/raw_sequence_archive/spratelloides_delicatulus/20260629_Sde-lcwgs	wahab	lcwgs		SdA0902008BWGSZ_WKDL260008953-1A_237VHMLT4_L5_1.fq.gz	SdA0902008BWGSZ_WKDL260008953-1A_237VHMLT4_L5_2.fq.gz	FALSE			
Sde-ASac_021-Ex1	SdA0902109BWGSZ_WKDL260008953-1A_237VHMLT4_L4	/archive/carpenterlab/pire/raw_sequence_archive/spratelloides_delicatulus/20260629_Sde-lcwgs	wahab	lcwgs		SdA0902109BWGSZ_WKDL260008953-1A_237VHMLT4_L4_1.fq.gz	SdA0902109BWGSZ_WKDL260008953-1A_237VHMLT4_L4_2.fq.gz	FALSE			
Sde-ASac_021-Ex1	SdA0902109BWGSZ_WKDL260008953-1A_237VHMLT4_L5	/archive/carpenterlab/pire/raw_sequence_archive/spratelloides_delicatulus/20260629_Sde-lcwgs	wahab	lcwgs		SdA0902109BWGSZ_WKDL260008953-1A_237VHMLT4_L5_1.fq.gz	SdA0902109BWGSZ_WKDL260008953-1A_237VHMLT4_L5_2.fq.gz	FALSE			
Sde-ASac_022-Ex1	SdA0902210BWGSZ_WKDL260008953-1A_237VHMLT4_L4	/archive/carpenterlab/pire/raw_sequence_archive/spratelloides_delicatulus/20260629_Sde-lcwgs	wahab	lcwgs		SdA0902210BWGSZ_WKDL260008953-1A_237VHMLT4_L4_1.fq.gz	SdA0902210BWGSZ_WKDL260008953-1A_237VHMLT4_L4_2.fq.gz	FALSE			
Sde-ASac_022-Ex1	SdA0902210BWGSZ_WKDL260008953-1A_237VHMLT4_L5	/archive/carpenterlab/pire/raw_sequence_archive/spratelloides_delicatulus/20260629_Sde-lcwgs	wahab	lcwgs		SdA0902210BWGSZ_WKDL260008953-1A_237VHMLT4_L5_1.fq.gz	SdA0902210BWGSZ_WKDL260008953-1A_237VHMLT4_L5_2.fq.gz	FALSE			
Sde-ASac_023-Ex1	SdA0902311BWGSZ_WKDL260008953-1A_237VHMLT4_L4	/archive/carpenterlab/pire/raw_sequence_archive/spratelloides_delicatulus/20260629_Sde-lcwgs	wahab	lcwgs		SdA0902311BWGSZ_WKDL260008953-1A_237VHMLT4_L4_1.fq.gz	SdA0902311BWGSZ_WKDL260008953-1A_237VHMLT4_L4_2.fq.gz	FALSE			
Sde-ASac_023-Ex1	SdA0902311BWGSZ_WKDL260008953-1A_237VHMLT4_L5	/archive/carpenterlab/pire/raw_sequence_archive/spratelloides_delicatulus/20260629_Sde-lcwgs	wahab	lcwgs		SdA0902311BWGSZ_WKDL260008953-1A_237VHMLT4_L5_1.fq.gz	SdA0902311BWGSZ_WKDL260008953-1A_237VHMLT4_L5_2.fq.gz	FALSE			
Sde-ASac_024-Ex1	SdA0902412BWGSZ_WKDL260008953-1A_237VHMLT4_L4	/archive/carpenterlab/pire/raw_sequence_archive/spratelloides_delicatulus/20260629_Sde-lcwgs	wahab	lcwgs		SdA0902412BWGSZ_WKDL260008953-1A_237VHMLT4_L4_1.fq.gz	SdA0902412BWGSZ_WKDL260008953-1A_237VHMLT4_L4_2.fq.gz	FALSE			
Sde-ASac_024-Ex1	SdA0902412BWGSZ_WKDL260008953-1A_237VHMLT4_L5	/archive/carpenterlab/pire/raw_sequence_archive/spratelloides_delicatulus/20260629_Sde-lcwgs	wahab	lcwgs		SdA0902412BWGSZ_WKDL260008953-1A_237VHMLT4_L5_1.fq.gz	SdA0902412BWGSZ_WKDL260008953-1A_237VHMLT4_L5_2.fq.gz	FALSE			
Sde-ASac_025-Ex1	SdA0902501CWGSZ_WKDL260008953-1A_237VHMLT4_L4	/archive/carpenterlab/pire/raw_sequence_archive/spratelloides_delicatulus/20260629_Sde-lcwgs	wahab	lcwgs		SdA0902501CWGSZ_WKDL260008953-1A_237VHMLT4_L4_1.fq.gz	SdA0902501CWGSZ_WKDL260008953-1A_237VHMLT4_L4_2.fq.gz	FALSE			
Sde-ASac_025-Ex1	SdA0902501CWGSZ_WKDL260008953-1A_237VHMLT4_L5	/archive/carpenterlab/pire/raw_sequence_archive/spratelloides_delicatulus/20260629_Sde-lcwgs	wahab	lcwgs		SdA0902501CWGSZ_WKDL260008953-1A_237VHMLT4_L5_1.fq.gz	SdA0902501CWGSZ_WKDL260008953-1A_237VHMLT4_L5_2.fq.gz	FALSE			
Sde-ASac_026-Ex1	SdA0902602CWGSZ_WKDL260008953-1A_237VHMLT4_L4	/archive/carpenterlab/pire/raw_sequence_archive/spratelloides_delicatulus/20260629_Sde-lcwgs	wahab	lcwgs		SdA0902602CWGSZ_WKDL260008953-1A_237VHMLT4_L4_1.fq.gz	SdA0902602CWGSZ_WKDL260008953-1A_237VHMLT4_L4_2.fq.gz	FALSE			
Sde-ASac_026-Ex1	SdA0902602CWGSZ_WKDL260008953-1A_237VHMLT4_L5	/archive/carpenterlab/pire/raw_sequence_archive/spratelloides_delicatulus/20260629_Sde-lcwgs	wahab	lcwgs		SdA0902602CWGSZ_WKDL260008953-1A_237VHMLT4_L5_1.fq.gz	SdA0902602CWGSZ_WKDL260008953-1A_237VHMLT4_L5_2.fq.gz	FALSE			
Sde-ASac_027-Ex1	SdA0902703CWGSZ_WKDL260008953-1A_237VHMLT4_L4	/archive/carpenterlab/pire/raw_sequence_archive/spratelloides_delicatulus/20260629_Sde-lcwgs	wahab	lcwgs		SdA0902703CWGSZ_WKDL260008953-1A_237VHMLT4_L4_1.fq.gz	SdA0902703CWGSZ_WKDL260008953-1A_237VHMLT4_L4_2.fq.gz	FALSE			
Sde-ASac_027-Ex1	SdA0902703CWGSZ_WKDL260008953-1A_237VHMLT4_L5	/archive/carpenterlab/pire/raw_sequence_archive/spratelloides_delicatulus/20260629_Sde-lcwgs	wahab	lcwgs		SdA0902703CWGSZ_WKDL260008953-1A_237VHMLT4_L5_1.fq.gz	SdA0902703CWGSZ_WKDL260008953-1A_237VHMLT4_L5_2.fq.gz	FALSE			
Sde-ASac_028-Ex1	SdA0902804CWGSZ_WKDL260008953-1A_237VHMLT4_L4	/archive/carpenterlab/pire/raw_sequence_archive/spratelloides_delicatulus/20260629_Sde-lcwgs	wahab	lcwgs		SdA0902804CWGSZ_WKDL260008953-1A_237VHMLT4_L4_1.fq.gz	SdA0902804CWGSZ_WKDL260008953-1A_237VHMLT4_L4_2.fq.gz	FALSE			
Sde-ASac_028-Ex1	SdA0902804CWGSZ_WKDL260008953-1A_237VHMLT4_L5	/archive/carpenterlab/pire/raw_sequence_archive/spratelloides_delicatulus/20260629_Sde-lcwgs	wahab	lcwgs		SdA0902804CWGSZ_WKDL260008953-1A_237VHMLT4_L5_1.fq.gz	SdA0902804CWGSZ_WKDL260008953-1A_237VHMLT4_L5_2.fq.gz	FALSE			
Sde-ASac_029-Ex1	SdA0902905CWGSZ_WKDL260008953-1A_237VHMLT4_L4	/archive/carpenterlab/pire/raw_sequence_archive/spratelloides_delicatulus/20260629_Sde-lcwgs	wahab	lcwgs		SdA0902905CWGSZ_WKDL260008953-1A_237VHMLT4_L4_1.fq.gz	SdA0902905CWGSZ_WKDL260008953-1A_237VHMLT4_L4_2.fq.gz	FALSE			
Sde-ASac_029-Ex1	SdA0902905CWGSZ_WKDL260008953-1A_237VHMLT4_L5	/archive/carpenterlab/pire/raw_sequence_archive/spratelloides_delicatulus/20260629_Sde-lcwgs	wahab	lcwgs		SdA0902905CWGSZ_WKDL260008953-1A_237VHMLT4_L5_1.fq.gz	SdA0902905CWGSZ_WKDL260008953-1A_237VHMLT4_L5_2.fq.gz	FALSE			
Sde-ASac_031-Ex1	SdA0903107CWGSZ_WKDL260008953-1A_237VHMLT4_L4	/archive/carpenterlab/pire/raw_sequence_archive/spratelloides_delicatulus/20260629_Sde-lcwgs	wahab	lcwgs		SdA0903107CWGSZ_WKDL260008953-1A_237VHMLT4_L4_1.fq.gz	SdA0903107CWGSZ_WKDL260008953-1A_237VHMLT4_L4_2.fq.gz	FALSE			
Sde-ASac_031-Ex1	SdA0903107CWGSZ_WKDL260008953-1A_237VHMLT4_L5	/archive/carpenterlab/pire/raw_sequence_archive/spratelloides_delicatulus/20260629_Sde-lcwgs	wahab	lcwgs		SdA0903107CWGSZ_WKDL260008953-1A_237VHMLT4_L5_1.fq.gz	SdA0903107CWGSZ_WKDL260008953-1A_237VHMLT4_L5_2.fq.gz	FALSE			
Sde-ASac_032-Ex1	SdA0903208CWGSZ_WKDL260008953-1A_237VHMLT4_L4	/archive/carpenterlab/pire/raw_sequence_archive/spratelloides_delicatulus/20260629_Sde-lcwgs	wahab	lcwgs		SdA0903208CWGSZ_WKDL260008953-1A_237VHMLT4_L4_1.fq.gz	SdA0903208CWGSZ_WKDL260008953-1A_237VHMLT4_L4_2.fq.gz	FALSE			
Sde-ASac_032-Ex1	SdA0903208CWGSZ_WKDL260008953-1A_237VHMLT4_L5	/archive/carpenterlab/pire/raw_sequence_archive/spratelloides_delicatulus/20260629_Sde-lcwgs	wahab	lcwgs		SdA0903208CWGSZ_WKDL260008953-1A_237VHMLT4_L5_1.fq.gz	SdA0903208CWGSZ_WKDL260008953-1A_237VHMLT4_L5_2.fq.gz	FALSE			
Sde-ASac_033-Ex1	SdA0903309CWGSZ_WKDL260008953-1A_237VHMLT4_L4	/archive/carpenterlab/pire/raw_sequence_archive/spratelloides_delicatulus/20260629_Sde-lcwgs	wahab	lcwgs		SdA0903309CWGSZ_WKDL260008953-1A_237VHMLT4_L4_1.fq.gz	SdA0903309CWGSZ_WKDL260008953-1A_237VHMLT4_L4_2.fq.gz	FALSE			
Sde-ASac_033-Ex1	SdA0903309CWGSZ_WKDL260008953-1A_237VHMLT4_L5	/archive/carpenterlab/pire/raw_sequence_archive/spratelloides_delicatulus/20260629_Sde-lcwgs	wahab	lcwgs		SdA0903309CWGSZ_WKDL260008953-1A_237VHMLT4_L5_1.fq.gz	SdA0903309CWGSZ_WKDL260008953-1A_237VHMLT4_L5_2.fq.gz	FALSE			
Sde-ASac_034-Ex1	SdA0903410CWGSZ_WKDL260008953-1A_237VHMLT4_L4	/archive/carpenterlab/pire/raw_sequence_archive/spratelloides_delicatulus/20260629_Sde-lcwgs	wahab	lcwgs		SdA0903410CWGSZ_WKDL260008953-1A_237VHMLT4_L4_1.fq.gz	SdA0903410CWGSZ_WKDL260008953-1A_237VHMLT4_L4_2.fq.gz	FALSE			
Sde-ASac_034-Ex1	SdA0903410CWGSZ_WKDL260008953-1A_237VHMLT4_L5	/archive/carpenterlab/pire/raw_sequence_archive/spratelloides_delicatulus/20260629_Sde-lcwgs	wahab	lcwgs		SdA0903410CWGSZ_WKDL260008953-1A_237VHMLT4_L5_1.fq.gz	SdA0903410CWGSZ_WKDL260008953-1A_237VHMLT4_L5_2.fq.gz	FALSE			
Sde-ASac_035-Ex1	SdA0903511CWGSZ_WKDL260008953-1A_237VHMLT4_L4	/archive/carpenterlab/pire/raw_sequence_archive/spratelloides_delicatulus/20260629_Sde-lcwgs	wahab	lcwgs		SdA0903511CWGSZ_WKDL260008953-1A_237VHMLT4_L4_1.fq.gz	SdA0903511CWGSZ_WKDL260008953-1A_237VHMLT4_L4_2.fq.gz	FALSE			
Sde-ASac_035-Ex1	SdA0903511CWGSZ_WKDL260008953-1A_237VHMLT4_L5	/archive/carpenterlab/pire/raw_sequence_archive/spratelloides_delicatulus/20260629_Sde-lcwgs	wahab	lcwgs		SdA0903511CWGSZ_WKDL260008953-1A_237VHMLT4_L5_1.fq.gz	SdA0903511CWGSZ_WKDL260008953-1A_237VHMLT4_L5_2.fq.gz	FALSE			
Sde-ASac_036-Ex1	SdA0903612CWGSZ_WKDL260008953-1A_237VHMLT4_L4	/archive/carpenterlab/pire/raw_sequence_archive/spratelloides_delicatulus/20260629_Sde-lcwgs	wahab	lcwgs		SdA0903612CWGSZ_WKDL260008953-1A_237VHMLT4_L4_1.fq.gz	SdA0903612CWGSZ_WKDL260008953-1A_237VHMLT4_L4_2.fq.gz	FALSE			
Sde-ASac_036-Ex1	SdA0903612CWGSZ_WKDL260008953-1A_237VHMLT4_L5	/archive/carpenterlab/pire/raw_sequence_archive/spratelloides_delicatulus/20260629_Sde-lcwgs	wahab	lcwgs		SdA0903612CWGSZ_WKDL260008953-1A_237VHMLT4_L5_1.fq.gz	SdA0903612CWGSZ_WKDL260008953-1A_237VHMLT4_L5_2.fq.gz	FALSE			
Sde-ASac_037-Ex1	SdA0903701DWGSZ_WKDL260008953-1A_237VHMLT4_L4	/archive/carpenterlab/pire/raw_sequence_archive/spratelloides_delicatulus/20260629_Sde-lcwgs	wahab	lcwgs		SdA0903701DWGSZ_WKDL260008953-1A_237VHMLT4_L4_1.fq.gz	SdA0903701DWGSZ_WKDL260008953-1A_237VHMLT4_L4_2.fq.gz	FALSE			
Sde-ASac_037-Ex1	SdA0903701DWGSZ_WKDL260008953-1A_237VHMLT4_L5	/archive/carpenterlab/pire/raw_sequence_archive/spratelloides_delicatulus/20260629_Sde-lcwgs	wahab	lcwgs		SdA0903701DWGSZ_WKDL260008953-1A_237VHMLT4_L5_1.fq.gz	SdA0903701DWGSZ_WKDL260008953-1A_237VHMLT4_L5_2.fq.gz	FALSE			
Sde-ASac_038-Ex1	SdA0903802DWGSZ_WKDL260008953-1A_237VHMLT4_L4	/archive/carpenterlab/pire/raw_sequence_archive/spratelloides_delicatulus/20260629_Sde-lcwgs	wahab	lcwgs		SdA0903802DWGSZ_WKDL260008953-1A_237VHMLT4_L4_1.fq.gz	SdA0903802DWGSZ_WKDL260008953-1A_237VHMLT4_L4_2.fq.gz	FALSE			
Sde-ASac_038-Ex1	SdA0903802DWGSZ_WKDL260008953-1A_237VHMLT4_L5	/archive/carpenterlab/pire/raw_sequence_archive/spratelloides_delicatulus/20260629_Sde-lcwgs	wahab	lcwgs		SdA0903802DWGSZ_WKDL260008953-1A_237VHMLT4_L5_1.fq.gz	SdA0903802DWGSZ_WKDL260008953-1A_237VHMLT4_L5_2.fq.gz	FALSE			
Sde-ASac_039-Ex1	SdA0903903DWGSZ_WKDL260008953-1A_237VHMLT4_L4	/archive/carpenterlab/pire/raw_sequence_archive/spratelloides_delicatulus/20260629_Sde-lcwgs	wahab	lcwgs		SdA0903903DWGSZ_WKDL260008953-1A_237VHMLT4_L4_1.fq.gz	SdA0903903DWGSZ_WKDL260008953-1A_237VHMLT4_L4_2.fq.gz	FALSE			
Sde-ASac_039-Ex1	SdA0903903DWGSZ_WKDL260008953-1A_237VHMLT4_L5	/archive/carpenterlab/pire/raw_sequence_archive/spratelloides_delicatulus/20260629_Sde-lcwgs	wahab	lcwgs		SdA0903903DWGSZ_WKDL260008953-1A_237VHMLT4_L5_1.fq.gz	SdA0903903DWGSZ_WKDL260008953-1A_237VHMLT4_L5_2.fq.gz	FALSE			
Sde-ASac_040-Ex1	SdA0904004DWGSZ_WKDL260008953-1A_237VHMLT4_L4	/archive/carpenterlab/pire/raw_sequence_archive/spratelloides_delicatulus/20260629_Sde-lcwgs	wahab	lcwgs		SdA0904004DWGSZ_WKDL260008953-1A_237VHMLT4_L4_1.fq.gz	SdA0904004DWGSZ_WKDL260008953-1A_237VHMLT4_L4_2.fq.gz	FALSE			
Sde-ASac_040-Ex1	SdA0904004DWGSZ_WKDL260008953-1A_237VHMLT4_L5	/archive/carpenterlab/pire/raw_sequence_archive/spratelloides_delicatulus/20260629_Sde-lcwgs	wahab	lcwgs		SdA0904004DWGSZ_WKDL260008953-1A_237VHMLT4_L5_1.fq.gz	SdA0904004DWGSZ_WKDL260008953-1A_237VHMLT4_L5_2.fq.gz	FALSE			
Sde-ASac_041-Ex1	SdA0904105DWGSZ_WKDL260008953-1A_237VHMLT4_L4	/archive/carpenterlab/pire/raw_sequence_archive/spratelloides_delicatulus/20260629_Sde-lcwgs	wahab	lcwgs		SdA0904105DWGSZ_WKDL260008953-1A_237VHMLT4_L4_1.fq.gz	SdA0904105DWGSZ_WKDL260008953-1A_237VHMLT4_L4_2.fq.gz	FALSE			
Sde-ASac_041-Ex1	SdA0904105DWGSZ_WKDL260008953-1A_237VHMLT4_L5	/archive/carpenterlab/pire/raw_sequence_archive/spratelloides_delicatulus/20260629_Sde-lcwgs	wahab	lcwgs		SdA0904105DWGSZ_WKDL260008953-1A_237VHMLT4_L5_1.fq.gz	SdA0904105DWGSZ_WKDL260008953-1A_237VHMLT4_L5_2.fq.gz	FALSE			
Sde-ASac_042-Ex1	SdA0904206DWGSZ_WKDL260008953-1A_237VHMLT4_L4	/archive/carpenterlab/pire/raw_sequence_archive/spratelloides_delicatulus/20260629_Sde-lcwgs	wahab	lcwgs		SdA0904206DWGSZ_WKDL260008953-1A_237VHMLT4_L4_1.fq.gz	SdA0904206DWGSZ_WKDL260008953-1A_237VHMLT4_L4_2.fq.gz	FALSE			
Sde-ASac_042-Ex1	SdA0904206DWGSZ_WKDL260008953-1A_237VHMLT4_L5	/archive/carpenterlab/pire/raw_sequence_archive/spratelloides_delicatulus/20260629_Sde-lcwgs	wahab	lcwgs		SdA0904206DWGSZ_WKDL260008953-1A_237VHMLT4_L5_1.fq.gz	SdA0904206DWGSZ_WKDL260008953-1A_237VHMLT4_L5_2.fq.gz	FALSE			
Sde-ASac_043-Ex1	SdA0904307DWGSZ_WKDL260008953-1A_237VHMLT4_L4	/archive/carpenterlab/pire/raw_sequence_archive/spratelloides_delicatulus/20260629_Sde-lcwgs	wahab	lcwgs		SdA0904307DWGSZ_WKDL260008953-1A_237VHMLT4_L4_1.fq.gz	SdA0904307DWGSZ_WKDL260008953-1A_237VHMLT4_L4_2.fq.gz	FALSE			
Sde-ASac_043-Ex1	SdA0904307DWGSZ_WKDL260008953-1A_237VHMLT4_L5	/archive/carpenterlab/pire/raw_sequence_archive/spratelloides_delicatulus/20260629_Sde-lcwgs	wahab	lcwgs		SdA0904307DWGSZ_WKDL260008953-1A_237VHMLT4_L5_1.fq.gz	SdA0904307DWGSZ_WKDL260008953-1A_237VHMLT4_L5_2.fq.gz	FALSE			
Sde-ASac_044-Ex1	SdA0904408DWGSZ_WKDL260008953-1A_237VHMLT4_L4	/archive/carpenterlab/pire/raw_sequence_archive/spratelloides_delicatulus/20260629_Sde-lcwgs	wahab	lcwgs		SdA0904408DWGSZ_WKDL260008953-1A_237VHMLT4_L4_1.fq.gz	SdA0904408DWGSZ_WKDL260008953-1A_237VHMLT4_L4_2.fq.gz	FALSE			
Sde-ASac_044-Ex1	SdA0904408DWGSZ_WKDL260008953-1A_237VHMLT4_L5	/archive/carpenterlab/pire/raw_sequence_archive/spratelloides_delicatulus/20260629_Sde-lcwgs	wahab	lcwgs		SdA0904408DWGSZ_WKDL260008953-1A_237VHMLT4_L5_1.fq.gz	SdA0904408DWGSZ_WKDL260008953-1A_237VHMLT4_L5_2.fq.gz	FALSE			
Sde-ASac_045-Ex1	SdA0904509DWGSZ_WKDL260008953-1A_237VHMLT4_L4	/archive/carpenterlab/pire/raw_sequence_archive/spratelloides_delicatulus/20260629_Sde-lcwgs	wahab	lcwgs		SdA0904509DWGSZ_WKDL260008953-1A_237VHMLT4_L4_1.fq.gz	SdA0904509DWGSZ_WKDL260008953-1A_237VHMLT4_L4_2.fq.gz	FALSE			
Sde-ASac_045-Ex1	SdA0904509DWGSZ_WKDL260008953-1A_237VHMLT4_L5	/archive/carpenterlab/pire/raw_sequence_archive/spratelloides_delicatulus/20260629_Sde-lcwgs	wahab	lcwgs		SdA0904509DWGSZ_WKDL260008953-1A_237VHMLT4_L5_1.fq.gz	SdA0904509DWGSZ_WKDL260008953-1A_237VHMLT4_L5_2.fq.gz	FALSE			
Sde-ASac_046-Ex1	SdA0904610DWGSZ_WKDL260008953-1A_237VHMLT4_L4	/archive/carpenterlab/pire/raw_sequence_archive/spratelloides_delicatulus/20260629_Sde-lcwgs	wahab	lcwgs		SdA0904610DWGSZ_WKDL260008953-1A_237VHMLT4_L4_1.fq.gz	SdA0904610DWGSZ_WKDL260008953-1A_237VHMLT4_L4_2.fq.gz	FALSE			
Sde-ASac_046-Ex1	SdA0904610DWGSZ_WKDL260008953-1A_237VHMLT4_L5	/archive/carpenterlab/pire/raw_sequence_archive/spratelloides_delicatulus/20260629_Sde-lcwgs	wahab	lcwgs		SdA0904610DWGSZ_WKDL260008953-1A_237VHMLT4_L5_1.fq.gz	SdA0904610DWGSZ_WKDL260008953-1A_237VHMLT4_L5_2.fq.gz	FALSE			
Sde-ASac_047-Ex1	SdA0904711DWGSZ_WKDL260008953-1A_237VHMLT4_L4	/archive/carpenterlab/pire/raw_sequence_archive/spratelloides_delicatulus/20260629_Sde-lcwgs	wahab	lcwgs		SdA0904711DWGSZ_WKDL260008953-1A_237VHMLT4_L4_1.fq.gz	SdA0904711DWGSZ_WKDL260008953-1A_237VHMLT4_L4_2.fq.gz	FALSE			
Sde-ASac_047-Ex1	SdA0904711DWGSZ_WKDL260008953-1A_237VHMLT4_L5	/archive/carpenterlab/pire/raw_sequence_archive/spratelloides_delicatulus/20260629_Sde-lcwgs	wahab	lcwgs		SdA0904711DWGSZ_WKDL260008953-1A_237VHMLT4_L5_1.fq.gz	SdA0904711DWGSZ_WKDL260008953-1A_237VHMLT4_L5_2.fq.gz	FALSE			
Sde-ASac_048-Ex1	SdA0904812DWGSZ_WKDL260008953-1A_237VHMLT4_L4	/archive/carpenterlab/pire/raw_sequence_archive/spratelloides_delicatulus/20260629_Sde-lcwgs	wahab	lcwgs		SdA0904812DWGSZ_WKDL260008953-1A_237VHMLT4_L4_1.fq.gz	SdA0904812DWGSZ_WKDL260008953-1A_237VHMLT4_L4_2.fq.gz	FALSE			
Sde-ASac_048-Ex1	SdA0904812DWGSZ_WKDL260008953-1A_237VHMLT4_L5	/archive/carpenterlab/pire/raw_sequence_archive/spratelloides_delicatulus/20260629_Sde-lcwgs	wahab	lcwgs		SdA0904812DWGSZ_WKDL260008953-1A_237VHMLT4_L5_1.fq.gz	SdA0904812DWGSZ_WKDL260008953-1A_237VHMLT4_L5_2.fq.gz	FALSE			
Sde-ASac_049-Ex1	SdA0904901EWGSZ_WKDL260008953-1A_237VHMLT4_L4	/archive/carpenterlab/pire/raw_sequence_archive/spratelloides_delicatulus/20260629_Sde-lcwgs	wahab	lcwgs		SdA0904901EWGSZ_WKDL260008953-1A_237VHMLT4_L4_1.fq.gz	SdA0904901EWGSZ_WKDL260008953-1A_237VHMLT4_L4_2.fq.gz	FALSE			
Sde-ASac_049-Ex1	SdA0904901EWGSZ_WKDL260008953-1A_237VHMLT4_L5	/archive/carpenterlab/pire/raw_sequence_archive/spratelloides_delicatulus/20260629_Sde-lcwgs	wahab	lcwgs		SdA0904901EWGSZ_WKDL260008953-1A_237VHMLT4_L5_1.fq.gz	SdA0904901EWGSZ_WKDL260008953-1A_237VHMLT4_L5_2.fq.gz	FALSE			
Sde-ASac_050-Ex1	SdA0905002EWGSZ_WKDL260008953-1A_237VHMLT4_L4	/archive/carpenterlab/pire/raw_sequence_archive/spratelloides_delicatulus/20260629_Sde-lcwgs	wahab	lcwgs		SdA0905002EWGSZ_WKDL260008953-1A_237VHMLT4_L4_1.fq.gz	SdA0905002EWGSZ_WKDL260008953-1A_237VHMLT4_L4_2.fq.gz	FALSE			
Sde-ASac_050-Ex1	SdA0905002EWGSZ_WKDL260008953-1A_237VHMLT4_L5	/archive/carpenterlab/pire/raw_sequence_archive/spratelloides_delicatulus/20260629_Sde-lcwgs	wahab	lcwgs		SdA0905002EWGSZ_WKDL260008953-1A_237VHMLT4_L5_1.fq.gz	SdA0905002EWGSZ_WKDL260008953-1A_237VHMLT4_L5_2.fq.gz	FALSE			
Sde-ASac_051-Ex1	SdA0905103EWGSZ_WKDL260008953-1A_237VHMLT4_L4	/archive/carpenterlab/pire/raw_sequence_archive/spratelloides_delicatulus/20260629_Sde-lcwgs	wahab	lcwgs		SdA0905103EWGSZ_WKDL260008953-1A_237VHMLT4_L4_1.fq.gz	SdA0905103EWGSZ_WKDL260008953-1A_237VHMLT4_L4_2.fq.gz	FALSE			
Sde-ASac_051-Ex1	SdA0905103EWGSZ_WKDL260008953-1A_237VHMLT4_L5	/archive/carpenterlab/pire/raw_sequence_archive/spratelloides_delicatulus/20260629_Sde-lcwgs	wahab	lcwgs		SdA0905103EWGSZ_WKDL260008953-1A_237VHMLT4_L5_1.fq.gz	SdA0905103EWGSZ_WKDL260008953-1A_237VHMLT4_L5_2.fq.gz	FALSE			
Sde-ASac_052-Ex1	SdA0905204EWGSZ_WKDL260008953-1A_237VHMLT4_L4	/archive/carpenterlab/pire/raw_sequence_archive/spratelloides_delicatulus/20260629_Sde-lcwgs	wahab	lcwgs		SdA0905204EWGSZ_WKDL260008953-1A_237VHMLT4_L4_1.fq.gz	SdA0905204EWGSZ_WKDL260008953-1A_237VHMLT4_L4_2.fq.gz	FALSE			
Sde-ASac_052-Ex1	SdA0905204EWGSZ_WKDL260008953-1A_237VHMLT4_L5	/archive/carpenterlab/pire/raw_sequence_archive/spratelloides_delicatulus/20260629_Sde-lcwgs	wahab	lcwgs		SdA0905204EWGSZ_WKDL260008953-1A_237VHMLT4_L5_1.fq.gz	SdA0905204EWGSZ_WKDL260008953-1A_237VHMLT4_L5_2.fq.gz	FALSE			
Sde-ASac_053-Ex1	SdA0905305EWGSZ_WKDL260008953-1A_237VHMLT4_L4	/archive/carpenterlab/pire/raw_sequence_archive/spratelloides_delicatulus/20260629_Sde-lcwgs	wahab	lcwgs		SdA0905305EWGSZ_WKDL260008953-1A_237VHMLT4_L4_1.fq.gz	SdA0905305EWGSZ_WKDL260008953-1A_237VHMLT4_L4_2.fq.gz	FALSE			
Sde-ASac_053-Ex1	SdA0905305EWGSZ_WKDL260008953-1A_237VHMLT4_L5	/archive/carpenterlab/pire/raw_sequence_archive/spratelloides_delicatulus/20260629_Sde-lcwgs	wahab	lcwgs		SdA0905305EWGSZ_WKDL260008953-1A_237VHMLT4_L5_1.fq.gz	SdA0905305EWGSZ_WKDL260008953-1A_237VHMLT4_L5_2.fq.gz	FALSE			
Sde-ASac_054-Ex1	SdA0905406EWGSZ_WKDL260008953-1A_237VHMLT4_L4	/archive/carpenterlab/pire/raw_sequence_archive/spratelloides_delicatulus/20260629_Sde-lcwgs	wahab	lcwgs		SdA0905406EWGSZ_WKDL260008953-1A_237VHMLT4_L4_1.fq.gz	SdA0905406EWGSZ_WKDL260008953-1A_237VHMLT4_L4_2.fq.gz	FALSE			
Sde-ASac_054-Ex1	SdA0905406EWGSZ_WKDL260008953-1A_237VHMLT4_L5	/archive/carpenterlab/pire/raw_sequence_archive/spratelloides_delicatulus/20260629_Sde-lcwgs	wahab	lcwgs		SdA0905406EWGSZ_WKDL260008953-1A_237VHMLT4_L5_1.fq.gz	SdA0905406EWGSZ_WKDL260008953-1A_237VHMLT4_L5_2.fq.gz	FALSE			
Sde-ASac_055-Ex1	SdA0905507EWGSZ_WKDL260008953-1A_237VHMLT4_L4	/archive/carpenterlab/pire/raw_sequence_archive/spratelloides_delicatulus/20260629_Sde-lcwgs	wahab	lcwgs		SdA0905507EWGSZ_WKDL260008953-1A_237VHMLT4_L4_1.fq.gz	SdA0905507EWGSZ_WKDL260008953-1A_237VHMLT4_L4_2.fq.gz	FALSE			
Sde-ASac_055-Ex1	SdA0905507EWGSZ_WKDL260008953-1A_237VHMLT4_L5	/archive/carpenterlab/pire/raw_sequence_archive/spratelloides_delicatulus/20260629_Sde-lcwgs	wahab	lcwgs		SdA0905507EWGSZ_WKDL260008953-1A_237VHMLT4_L5_1.fq.gz	SdA0905507EWGSZ_WKDL260008953-1A_237VHMLT4_L5_2.fq.gz	FALSE			
Sde-ASac_056-Ex1	SdA0905608EWGSZ_WKDL260008953-1A_237VHMLT4_L4	/archive/carpenterlab/pire/raw_sequence_archive/spratelloides_delicatulus/20260629_Sde-lcwgs	wahab	lcwgs		SdA0905608EWGSZ_WKDL260008953-1A_237VHMLT4_L4_1.fq.gz	SdA0905608EWGSZ_WKDL260008953-1A_237VHMLT4_L4_2.fq.gz	FALSE			
Sde-ASac_056-Ex1	SdA0905608EWGSZ_WKDL260008953-1A_237VHMLT4_L5	/archive/carpenterlab/pire/raw_sequence_archive/spratelloides_delicatulus/20260629_Sde-lcwgs	wahab	lcwgs		SdA0905608EWGSZ_WKDL260008953-1A_237VHMLT4_L5_1.fq.gz	SdA0905608EWGSZ_WKDL260008953-1A_237VHMLT4_L5_2.fq.gz	FALSE			
Sde-ASac_057-Ex1	SdA0905709EWGSZ_WKDL260008953-1A_237VHMLT4_L4	/archive/carpenterlab/pire/raw_sequence_archive/spratelloides_delicatulus/20260629_Sde-lcwgs	wahab	lcwgs		SdA0905709EWGSZ_WKDL260008953-1A_237VHMLT4_L4_1.fq.gz	SdA0905709EWGSZ_WKDL260008953-1A_237VHMLT4_L4_2.fq.gz	FALSE			
Sde-ASac_057-Ex1	SdA0905709EWGSZ_WKDL260008953-1A_237VHMLT4_L5	/archive/carpenterlab/pire/raw_sequence_archive/spratelloides_delicatulus/20260629_Sde-lcwgs	wahab	lcwgs		SdA0905709EWGSZ_WKDL260008953-1A_237VHMLT4_L5_1.fq.gz	SdA0905709EWGSZ_WKDL260008953-1A_237VHMLT4_L5_2.fq.gz	FALSE			
Sde-ASac_058-Ex1	SdA0905810EWGSZ_WKDL260008953-1A_237VHMLT4_L4	/archive/carpenterlab/pire/raw_sequence_archive/spratelloides_delicatulus/20260629_Sde-lcwgs	wahab	lcwgs		SdA0905810EWGSZ_WKDL260008953-1A_237VHMLT4_L4_1.fq.gz	SdA0905810EWGSZ_WKDL260008953-1A_237VHMLT4_L4_2.fq.gz	FALSE			
Sde-ASac_058-Ex1	SdA0905810EWGSZ_WKDL260008953-1A_237VHMLT4_L5	/archive/carpenterlab/pire/raw_sequence_archive/spratelloides_delicatulus/20260629_Sde-lcwgs	wahab	lcwgs		SdA0905810EWGSZ_WKDL260008953-1A_237VHMLT4_L5_1.fq.gz	SdA0905810EWGSZ_WKDL260008953-1A_237VHMLT4_L5_2.fq.gz	FALSE			
Sde-ASac_059-Ex1	SdA0905911EWGSZ_WKDL260008953-1A_237VHMLT4_L4	/archive/carpenterlab/pire/raw_sequence_archive/spratelloides_delicatulus/20260629_Sde-lcwgs	wahab	lcwgs		SdA0905911EWGSZ_WKDL260008953-1A_237VHMLT4_L4_1.fq.gz	SdA0905911EWGSZ_WKDL260008953-1A_237VHMLT4_L4_2.fq.gz	FALSE			
Sde-ASac_059-Ex1	SdA0905911EWGSZ_WKDL260008953-1A_237VHMLT4_L5	/archive/carpenterlab/pire/raw_sequence_archive/spratelloides_delicatulus/20260629_Sde-lcwgs	wahab	lcwgs		SdA0905911EWGSZ_WKDL260008953-1A_237VHMLT4_L5_1.fq.gz	SdA0905911EWGSZ_WKDL260008953-1A_237VHMLT4_L5_2.fq.gz	FALSE			
Sde-ASac_060-Ex1	SdA0906012EWGSZ_WKDL260008953-1A_237VHMLT4_L4	/archive/carpenterlab/pire/raw_sequence_archive/spratelloides_delicatulus/20260629_Sde-lcwgs	wahab	lcwgs		SdA0906012EWGSZ_WKDL260008953-1A_237VHMLT4_L4_1.fq.gz	SdA0906012EWGSZ_WKDL260008953-1A_237VHMLT4_L4_2.fq.gz	FALSE			
Sde-ASac_060-Ex1	SdA0906012EWGSZ_WKDL260008953-1A_237VHMLT4_L5	/archive/carpenterlab/pire/raw_sequence_archive/spratelloides_delicatulus/20260629_Sde-lcwgs	wahab	lcwgs		SdA0906012EWGSZ_WKDL260008953-1A_237VHMLT4_L5_1.fq.gz	SdA0906012EWGSZ_WKDL260008953-1A_237VHMLT4_L5_2.fq.gz	FALSE			
Sde-ASac_061-Ex1	SdA0906101FWGSZ_WKDL260008953-1A_237VHMLT4_L4	/archive/carpenterlab/pire/raw_sequence_archive/spratelloides_delicatulus/20260629_Sde-lcwgs	wahab	lcwgs		SdA0906101FWGSZ_WKDL260008953-1A_237VHMLT4_L4_1.fq.gz	SdA0906101FWGSZ_WKDL260008953-1A_237VHMLT4_L4_2.fq.gz	FALSE			
Sde-ASac_061-Ex1	SdA0906101FWGSZ_WKDL260008953-1A_237VHMLT4_L5	/archive/carpenterlab/pire/raw_sequence_archive/spratelloides_delicatulus/20260629_Sde-lcwgs	wahab	lcwgs		SdA0906101FWGSZ_WKDL260008953-1A_237VHMLT4_L5_1.fq.gz	SdA0906101FWGSZ_WKDL260008953-1A_237VHMLT4_L5_2.fq.gz	FALSE			
Sde-ASac_062-Ex1	SdA0906201GWGSZ_WKDL260008953-1A_237VHMLT4_L4	/archive/carpenterlab/pire/raw_sequence_archive/spratelloides_delicatulus/20260629_Sde-lcwgs	wahab	lcwgs		SdA0906201GWGSZ_WKDL260008953-1A_237VHMLT4_L4_1.fq.gz	SdA0906201GWGSZ_WKDL260008953-1A_237VHMLT4_L4_2.fq.gz	FALSE			
Sde-ASac_062-Ex1	SdA0906201GWGSZ_WKDL260008953-1A_237VHMLT4_L5	/archive/carpenterlab/pire/raw_sequence_archive/spratelloides_delicatulus/20260629_Sde-lcwgs	wahab	lcwgs		SdA0906201GWGSZ_WKDL260008953-1A_237VHMLT4_L5_1.fq.gz	SdA0906201GWGSZ_WKDL260008953-1A_237VHMLT4_L5_2.fq.gz	FALSE			
Sde-ASac_063-Ex1	SdA0906302FWGSZ_WKDL260008953-1A_237VHMLT4_L4	/archive/carpenterlab/pire/raw_sequence_archive/spratelloides_delicatulus/20260629_Sde-lcwgs	wahab	lcwgs		SdA0906302FWGSZ_WKDL260008953-1A_237VHMLT4_L4_1.fq.gz	SdA0906302FWGSZ_WKDL260008953-1A_237VHMLT4_L4_2.fq.gz	FALSE			
Sde-ASac_063-Ex1	SdA0906302FWGSZ_WKDL260008953-1A_237VHMLT4_L5	/archive/carpenterlab/pire/raw_sequence_archive/spratelloides_delicatulus/20260629_Sde-lcwgs	wahab	lcwgs		SdA0906302FWGSZ_WKDL260008953-1A_237VHMLT4_L5_1.fq.gz	SdA0906302FWGSZ_WKDL260008953-1A_237VHMLT4_L5_2.fq.gz	FALSE			
Sde-ASac_064-Ex1	SdA0906404FWGSZ_WKDL260008953-1A_237VHMLT4_L4	/archive/carpenterlab/pire/raw_sequence_archive/spratelloides_delicatulus/20260629_Sde-lcwgs	wahab	lcwgs		SdA0906404FWGSZ_WKDL260008953-1A_237VHMLT4_L4_1.fq.gz	SdA0906404FWGSZ_WKDL260008953-1A_237VHMLT4_L4_2.fq.gz	FALSE			
Sde-ASac_064-Ex1	SdA0906404FWGSZ_WKDL260008953-1A_237VHMLT4_L5	/archive/carpenterlab/pire/raw_sequence_archive/spratelloides_delicatulus/20260629_Sde-lcwgs	wahab	lcwgs		SdA0906404FWGSZ_WKDL260008953-1A_237VHMLT4_L5_1.fq.gz	SdA0906404FWGSZ_WKDL260008953-1A_237VHMLT4_L5_2.fq.gz	FALSE			
Sde-ASac_065-Ex1	SdA0906505FWGSZ_WKDL260008953-1A_237VHMLT4_L4	/archive/carpenterlab/pire/raw_sequence_archive/spratelloides_delicatulus/20260629_Sde-lcwgs	wahab	lcwgs		SdA0906505FWGSZ_WKDL260008953-1A_237VHMLT4_L4_1.fq.gz	SdA0906505FWGSZ_WKDL260008953-1A_237VHMLT4_L4_2.fq.gz	FALSE			
Sde-ASac_065-Ex1	SdA0906505FWGSZ_WKDL260008953-1A_237VHMLT4_L5	/archive/carpenterlab/pire/raw_sequence_archive/spratelloides_delicatulus/20260629_Sde-lcwgs	wahab	lcwgs		SdA0906505FWGSZ_WKDL260008953-1A_237VHMLT4_L5_1.fq.gz	SdA0906505FWGSZ_WKDL260008953-1A_237VHMLT4_L5_2.fq.gz	FALSE			
Sde-ASac_066-Ex1	SdA0906606FWGSZ_WKDL260008953-1A_237VHMLT4_L4	/archive/carpenterlab/pire/raw_sequence_archive/spratelloides_delicatulus/20260629_Sde-lcwgs	wahab	lcwgs		SdA0906606FWGSZ_WKDL260008953-1A_237VHMLT4_L4_1.fq.gz	SdA0906606FWGSZ_WKDL260008953-1A_237VHMLT4_L4_2.fq.gz	FALSE			
Sde-ASac_066-Ex1	SdA0906606FWGSZ_WKDL260008953-1A_237VHMLT4_L5	/archive/carpenterlab/pire/raw_sequence_archive/spratelloides_delicatulus/20260629_Sde-lcwgs	wahab	lcwgs		SdA0906606FWGSZ_WKDL260008953-1A_237VHMLT4_L5_1.fq.gz	SdA0906606FWGSZ_WKDL260008953-1A_237VHMLT4_L5_2.fq.gz	FALSE			
Sde-ASac_067-Ex1	SdA0906707FWGSZ_WKDL260008953-1A_237VHMLT4_L4	/archive/carpenterlab/pire/raw_sequence_archive/spratelloides_delicatulus/20260629_Sde-lcwgs	wahab	lcwgs		SdA0906707FWGSZ_WKDL260008953-1A_237VHMLT4_L4_1.fq.gz	SdA0906707FWGSZ_WKDL260008953-1A_237VHMLT4_L4_2.fq.gz	FALSE			
Sde-ASac_067-Ex1	SdA0906707FWGSZ_WKDL260008953-1A_237VHMLT4_L5	/archive/carpenterlab/pire/raw_sequence_archive/spratelloides_delicatulus/20260629_Sde-lcwgs	wahab	lcwgs		SdA0906707FWGSZ_WKDL260008953-1A_237VHMLT4_L5_1.fq.gz	SdA0906707FWGSZ_WKDL260008953-1A_237VHMLT4_L5_2.fq.gz	FALSE			
Sde-ASac_068-Ex1	SdA0906808FWGSZ_WKDL260008953-1A_237VHMLT4_L4	/archive/carpenterlab/pire/raw_sequence_archive/spratelloides_delicatulus/20260629_Sde-lcwgs	wahab	lcwgs		SdA0906808FWGSZ_WKDL260008953-1A_237VHMLT4_L4_1.fq.gz	SdA0906808FWGSZ_WKDL260008953-1A_237VHMLT4_L4_2.fq.gz	FALSE			
Sde-ASac_068-Ex1	SdA0906808FWGSZ_WKDL260008953-1A_237VHMLT4_L5	/archive/carpenterlab/pire/raw_sequence_archive/spratelloides_delicatulus/20260629_Sde-lcwgs	wahab	lcwgs		SdA0906808FWGSZ_WKDL260008953-1A_237VHMLT4_L5_1.fq.gz	SdA0906808FWGSZ_WKDL260008953-1A_237VHMLT4_L5_2.fq.gz	FALSE			
Sde-ASac_069-Ex1	SdA0906909FWGSZ_WKDL260008953-1A_237VHMLT4_L4	/archive/carpenterlab/pire/raw_sequence_archive/spratelloides_delicatulus/20260629_Sde-lcwgs	wahab	lcwgs		SdA0906909FWGSZ_WKDL260008953-1A_237VHMLT4_L4_1.fq.gz	SdA0906909FWGSZ_WKDL260008953-1A_237VHMLT4_L4_2.fq.gz	FALSE			
Sde-ASac_069-Ex1	SdA0906909FWGSZ_WKDL260008953-1A_237VHMLT4_L5	/archive/carpenterlab/pire/raw_sequence_archive/spratelloides_delicatulus/20260629_Sde-lcwgs	wahab	lcwgs		SdA0906909FWGSZ_WKDL260008953-1A_237VHMLT4_L5_1.fq.gz	SdA0906909FWGSZ_WKDL260008953-1A_237VHMLT4_L5_2.fq.gz	FALSE			
Sde-ASac_070-Ex1	SdA0907010FWGSZ_WKDL260008953-1A_237VHMLT4_L4	/archive/carpenterlab/pire/raw_sequence_archive/spratelloides_delicatulus/20260629_Sde-lcwgs	wahab	lcwgs		SdA0907010FWGSZ_WKDL260008953-1A_237VHMLT4_L4_1.fq.gz	SdA0907010FWGSZ_WKDL260008953-1A_237VHMLT4_L4_2.fq.gz	FALSE			
Sde-ASac_070-Ex1	SdA0907010FWGSZ_WKDL260008953-1A_237VHMLT4_L5	/archive/carpenterlab/pire/raw_sequence_archive/spratelloides_delicatulus/20260629_Sde-lcwgs	wahab	lcwgs		SdA0907010FWGSZ_WKDL260008953-1A_237VHMLT4_L5_1.fq.gz	SdA0907010FWGSZ_WKDL260008953-1A_237VHMLT4_L5_2.fq.gz	FALSE			
Sde-ASac_071-Ex1	SdA0907111FWGSZ_WKDL260008953-1A_237VHMLT4_L4	/archive/carpenterlab/pire/raw_sequence_archive/spratelloides_delicatulus/20260629_Sde-lcwgs	wahab	lcwgs		SdA0907111FWGSZ_WKDL260008953-1A_237VHMLT4_L4_1.fq.gz	SdA0907111FWGSZ_WKDL260008953-1A_237VHMLT4_L4_2.fq.gz	FALSE			
Sde-ASac_071-Ex1	SdA0907111FWGSZ_WKDL260008953-1A_237VHMLT4_L5	/archive/carpenterlab/pire/raw_sequence_archive/spratelloides_delicatulus/20260629_Sde-lcwgs	wahab	lcwgs		SdA0907111FWGSZ_WKDL260008953-1A_237VHMLT4_L5_1.fq.gz	SdA0907111FWGSZ_WKDL260008953-1A_237VHMLT4_L5_2.fq.gz	FALSE			
Sde-ASac_072-Ex1	SdA0907212FWGSZ_WKDL260008953-1A_237VHMLT4_L4	/archive/carpenterlab/pire/raw_sequence_archive/spratelloides_delicatulus/20260629_Sde-lcwgs	wahab	lcwgs		SdA0907212FWGSZ_WKDL260008953-1A_237VHMLT4_L4_1.fq.gz	SdA0907212FWGSZ_WKDL260008953-1A_237VHMLT4_L4_2.fq.gz	FALSE			
Sde-ASac_072-Ex1	SdA0907212FWGSZ_WKDL260008953-1A_237VHMLT4_L5	/archive/carpenterlab/pire/raw_sequence_archive/spratelloides_delicatulus/20260629_Sde-lcwgs	wahab	lcwgs		SdA0907212FWGSZ_WKDL260008953-1A_237VHMLT4_L5_1.fq.gz	SdA0907212FWGSZ_WKDL260008953-1A_237VHMLT4_L5_2.fq.gz	FALSE			
Sde-ASac_073-Ex1	SdA0907301HWGSZ_WKDL260008953-1A_237VHMLT4_L4	/archive/carpenterlab/pire/raw_sequence_archive/spratelloides_delicatulus/20260629_Sde-lcwgs	wahab	lcwgs		SdA0907301HWGSZ_WKDL260008953-1A_237VHMLT4_L4_1.fq.gz	SdA0907301HWGSZ_WKDL260008953-1A_237VHMLT4_L4_2.fq.gz	FALSE			
Sde-ASac_073-Ex1	SdA0907301HWGSZ_WKDL260008953-1A_237VHMLT4_L5	/archive/carpenterlab/pire/raw_sequence_archive/spratelloides_delicatulus/20260629_Sde-lcwgs	wahab	lcwgs		SdA0907301HWGSZ_WKDL260008953-1A_237VHMLT4_L5_1.fq.gz	SdA0907301HWGSZ_WKDL260008953-1A_237VHMLT4_L5_2.fq.gz	FALSE			
Sde-ASac_074-Ex1	SdA0907402GWGSZ_WKDL260008953-1A_237VHMLT4_L4	/archive/carpenterlab/pire/raw_sequence_archive/spratelloides_delicatulus/20260629_Sde-lcwgs	wahab	lcwgs		SdA0907402GWGSZ_WKDL260008953-1A_237VHMLT4_L4_1.fq.gz	SdA0907402GWGSZ_WKDL260008953-1A_237VHMLT4_L4_2.fq.gz	FALSE			
Sde-ASac_074-Ex1	SdA0907402GWGSZ_WKDL260008953-1A_237VHMLT4_L5	/archive/carpenterlab/pire/raw_sequence_archive/spratelloides_delicatulus/20260629_Sde-lcwgs	wahab	lcwgs		SdA0907402GWGSZ_WKDL260008953-1A_237VHMLT4_L5_1.fq.gz	SdA0907402GWGSZ_WKDL260008953-1A_237VHMLT4_L5_2.fq.gz	FALSE			
Sde-ASac_075-Ex1	SdA0907503FWGSZ_WKDL260008953-1A_237VHMLT4_L4	/archive/carpenterlab/pire/raw_sequence_archive/spratelloides_delicatulus/20260629_Sde-lcwgs	wahab	lcwgs		SdA0907503FWGSZ_WKDL260008953-1A_237VHMLT4_L4_1.fq.gz	SdA0907503FWGSZ_WKDL260008953-1A_237VHMLT4_L4_2.fq.gz	FALSE			
Sde-ASac_075-Ex1	SdA0907503FWGSZ_WKDL260008953-1A_237VHMLT4_L5	/archive/carpenterlab/pire/raw_sequence_archive/spratelloides_delicatulus/20260629_Sde-lcwgs	wahab	lcwgs		SdA0907503FWGSZ_WKDL260008953-1A_237VHMLT4_L5_1.fq.gz	SdA0907503FWGSZ_WKDL260008953-1A_237VHMLT4_L5_2.fq.gz	FALSE			
Sde-ASac_076-Ex1	SdA0907604GWGSZ_WKDL260008953-1A_237VHMLT4_L4	/archive/carpenterlab/pire/raw_sequence_archive/spratelloides_delicatulus/20260629_Sde-lcwgs	wahab	lcwgs		SdA0907604GWGSZ_WKDL260008953-1A_237VHMLT4_L4_1.fq.gz	SdA0907604GWGSZ_WKDL260008953-1A_237VHMLT4_L4_2.fq.gz	FALSE			
Sde-ASac_076-Ex1	SdA0907604GWGSZ_WKDL260008953-1A_237VHMLT4_L5	/archive/carpenterlab/pire/raw_sequence_archive/spratelloides_delicatulus/20260629_Sde-lcwgs	wahab	lcwgs		SdA0907604GWGSZ_WKDL260008953-1A_237VHMLT4_L5_1.fq.gz	SdA0907604GWGSZ_WKDL260008953-1A_237VHMLT4_L5_2.fq.gz	FALSE			
Sde-ASac_077-Ex1	SdA0907705GWGSZ_WKDL260008953-1A_237VHMLT4_L4	/archive/carpenterlab/pire/raw_sequence_archive/spratelloides_delicatulus/20260629_Sde-lcwgs	wahab	lcwgs		SdA0907705GWGSZ_WKDL260008953-1A_237VHMLT4_L4_1.fq.gz	SdA0907705GWGSZ_WKDL260008953-1A_237VHMLT4_L4_2.fq.gz	FALSE			
Sde-ASac_077-Ex1	SdA0907705GWGSZ_WKDL260008953-1A_237VHMLT4_L5	/archive/carpenterlab/pire/raw_sequence_archive/spratelloides_delicatulus/20260629_Sde-lcwgs	wahab	lcwgs		SdA0907705GWGSZ_WKDL260008953-1A_237VHMLT4_L5_1.fq.gz	SdA0907705GWGSZ_WKDL260008953-1A_237VHMLT4_L5_2.fq.gz	FALSE			
Sde-ASac_078-Ex1	SdA0907806GWGSZ_WKDL260008953-1A_237VHMLT4_L4	/archive/carpenterlab/pire/raw_sequence_archive/spratelloides_delicatulus/20260629_Sde-lcwgs	wahab	lcwgs		SdA0907806GWGSZ_WKDL260008953-1A_237VHMLT4_L4_1.fq.gz	SdA0907806GWGSZ_WKDL260008953-1A_237VHMLT4_L4_2.fq.gz	FALSE			
Sde-ASac_078-Ex1	SdA0907806GWGSZ_WKDL260008953-1A_237VHMLT4_L5	/archive/carpenterlab/pire/raw_sequence_archive/spratelloides_delicatulus/20260629_Sde-lcwgs	wahab	lcwgs		SdA0907806GWGSZ_WKDL260008953-1A_237VHMLT4_L5_1.fq.gz	SdA0907806GWGSZ_WKDL260008953-1A_237VHMLT4_L5_2.fq.gz	FALSE			
Sde-ASac_079-Ex1	SdA0907907GWGSZ_WKDL260008953-1A_237VHMLT4_L4	/archive/carpenterlab/pire/raw_sequence_archive/spratelloides_delicatulus/20260629_Sde-lcwgs	wahab	lcwgs		SdA0907907GWGSZ_WKDL260008953-1A_237VHMLT4_L4_1.fq.gz	SdA0907907GWGSZ_WKDL260008953-1A_237VHMLT4_L4_2.fq.gz	FALSE			
Sde-ASac_079-Ex1	SdA0907907GWGSZ_WKDL260008953-1A_237VHMLT4_L5	/archive/carpenterlab/pire/raw_sequence_archive/spratelloides_delicatulus/20260629_Sde-lcwgs	wahab	lcwgs		SdA0907907GWGSZ_WKDL260008953-1A_237VHMLT4_L5_1.fq.gz	SdA0907907GWGSZ_WKDL260008953-1A_237VHMLT4_L5_2.fq.gz	FALSE			
Sde-ASac_080-Ex1	SdA0908008GWGSZ_WKDL260008953-1A_237VHMLT4_L4	/archive/carpenterlab/pire/raw_sequence_archive/spratelloides_delicatulus/20260629_Sde-lcwgs	wahab	lcwgs		SdA0908008GWGSZ_WKDL260008953-1A_237VHMLT4_L4_1.fq.gz	SdA0908008GWGSZ_WKDL260008953-1A_237VHMLT4_L4_2.fq.gz	FALSE			
Sde-ASac_080-Ex1	SdA0908008GWGSZ_WKDL260008953-1A_237VHMLT4_L5	/archive/carpenterlab/pire/raw_sequence_archive/spratelloides_delicatulus/20260629_Sde-lcwgs	wahab	lcwgs		SdA0908008GWGSZ_WKDL260008953-1A_237VHMLT4_L5_1.fq.gz	SdA0908008GWGSZ_WKDL260008953-1A_237VHMLT4_L5_2.fq.gz	FALSE			
Sde-ASac_081-Ex1	SdA0908109GWGSZ_WKDL260008953-1A_237VHMLT4_L4	/archive/carpenterlab/pire/raw_sequence_archive/spratelloides_delicatulus/20260629_Sde-lcwgs	wahab	lcwgs		SdA0908109GWGSZ_WKDL260008953-1A_237VHMLT4_L4_1.fq.gz	SdA0908109GWGSZ_WKDL260008953-1A_237VHMLT4_L4_2.fq.gz	FALSE			
Sde-ASac_081-Ex1	SdA0908109GWGSZ_WKDL260008953-1A_237VHMLT4_L5	/archive/carpenterlab/pire/raw_sequence_archive/spratelloides_delicatulus/20260629_Sde-lcwgs	wahab	lcwgs		SdA0908109GWGSZ_WKDL260008953-1A_237VHMLT4_L5_1.fq.gz	SdA0908109GWGSZ_WKDL260008953-1A_237VHMLT4_L5_2.fq.gz	FALSE			
Sde-ASac_082-Ex1	SdA0908210GWGSZ_WKDL260008953-1A_237VHMLT4_L4	/archive/carpenterlab/pire/raw_sequence_archive/spratelloides_delicatulus/20260629_Sde-lcwgs	wahab	lcwgs		SdA0908210GWGSZ_WKDL260008953-1A_237VHMLT4_L4_1.fq.gz	SdA0908210GWGSZ_WKDL260008953-1A_237VHMLT4_L4_2.fq.gz	FALSE			
Sde-ASac_082-Ex1	SdA0908210GWGSZ_WKDL260008953-1A_237VHMLT4_L5	/archive/carpenterlab/pire/raw_sequence_archive/spratelloides_delicatulus/20260629_Sde-lcwgs	wahab	lcwgs		SdA0908210GWGSZ_WKDL260008953-1A_237VHMLT4_L5_1.fq.gz	SdA0908210GWGSZ_WKDL260008953-1A_237VHMLT4_L5_2.fq.gz	FALSE			
Sde-ASac_083-Ex1	SdA0908311GWGSZ_WKDL260008953-1A_237VHMLT4_L4	/archive/carpenterlab/pire/raw_sequence_archive/spratelloides_delicatulus/20260629_Sde-lcwgs	wahab	lcwgs		SdA0908311GWGSZ_WKDL260008953-1A_237VHMLT4_L4_1.fq.gz	SdA0908311GWGSZ_WKDL260008953-1A_237VHMLT4_L4_2.fq.gz	FALSE			
Sde-ASac_083-Ex1	SdA0908311GWGSZ_WKDL260008953-1A_237VHMLT4_L5	/archive/carpenterlab/pire/raw_sequence_archive/spratelloides_delicatulus/20260629_Sde-lcwgs	wahab	lcwgs		SdA0908311GWGSZ_WKDL260008953-1A_237VHMLT4_L5_1.fq.gz	SdA0908311GWGSZ_WKDL260008953-1A_237VHMLT4_L5_2.fq.gz	FALSE			
Sde-ASac_084-Ex1	SdA0908412GWGSZ_WKDL260008953-1A_237VHMLT4_L4	/archive/carpenterlab/pire/raw_sequence_archive/spratelloides_delicatulus/20260629_Sde-lcwgs	wahab	lcwgs		SdA0908412GWGSZ_WKDL260008953-1A_237VHMLT4_L4_1.fq.gz	SdA0908412GWGSZ_WKDL260008953-1A_237VHMLT4_L4_2.fq.gz	FALSE			
Sde-ASac_084-Ex1	SdA0908412GWGSZ_WKDL260008953-1A_237VHMLT4_L5	/archive/carpenterlab/pire/raw_sequence_archive/spratelloides_delicatulus/20260629_Sde-lcwgs	wahab	lcwgs		SdA0908412GWGSZ_WKDL260008953-1A_237VHMLT4_L5_1.fq.gz	SdA0908412GWGSZ_WKDL260008953-1A_237VHMLT4_L5_2.fq.gz	FALSE			
Sde-ASac_085-Ex1	SdA0908502HWGSZ_WKDL260008953-1A_237VHMLT4_L4	/archive/carpenterlab/pire/raw_sequence_archive/spratelloides_delicatulus/20260629_Sde-lcwgs	wahab	lcwgs		SdA0908502HWGSZ_WKDL260008953-1A_237VHMLT4_L4_1.fq.gz	SdA0908502HWGSZ_WKDL260008953-1A_237VHMLT4_L4_2.fq.gz	FALSE			
Sde-ASac_085-Ex1	SdA0908502HWGSZ_WKDL260008953-1A_237VHMLT4_L5	/archive/carpenterlab/pire/raw_sequence_archive/spratelloides_delicatulus/20260629_Sde-lcwgs	wahab	lcwgs		SdA0908502HWGSZ_WKDL260008953-1A_237VHMLT4_L5_1.fq.gz	SdA0908502HWGSZ_WKDL260008953-1A_237VHMLT4_L5_2.fq.gz	FALSE			
Sde-ASac_086-Ex1	SdA0908603GWGSZ_WKDL260008953-1A_237VHMLT4_L4	/archive/carpenterlab/pire/raw_sequence_archive/spratelloides_delicatulus/20260629_Sde-lcwgs	wahab	lcwgs		SdA0908603GWGSZ_WKDL260008953-1A_237VHMLT4_L4_1.fq.gz	SdA0908603GWGSZ_WKDL260008953-1A_237VHMLT4_L4_2.fq.gz	FALSE			
Sde-ASac_086-Ex1	SdA0908603GWGSZ_WKDL260008953-1A_237VHMLT4_L5	/archive/carpenterlab/pire/raw_sequence_archive/spratelloides_delicatulus/20260629_Sde-lcwgs	wahab	lcwgs		SdA0908603GWGSZ_WKDL260008953-1A_237VHMLT4_L5_1.fq.gz	SdA0908603GWGSZ_WKDL260008953-1A_237VHMLT4_L5_2.fq.gz	FALSE			
Sde-ASac_087-Ex1	SdA0908703HWGSZ_WKDL260008953-1A_237VHMLT4_L4	/archive/carpenterlab/pire/raw_sequence_archive/spratelloides_delicatulus/20260629_Sde-lcwgs	wahab	lcwgs		SdA0908703HWGSZ_WKDL260008953-1A_237VHMLT4_L4_1.fq.gz	SdA0908703HWGSZ_WKDL260008953-1A_237VHMLT4_L4_2.fq.gz	FALSE			
Sde-ASac_087-Ex1	SdA0908703HWGSZ_WKDL260008953-1A_237VHMLT4_L5	/archive/carpenterlab/pire/raw_sequence_archive/spratelloides_delicatulus/20260629_Sde-lcwgs	wahab	lcwgs		SdA0908703HWGSZ_WKDL260008953-1A_237VHMLT4_L5_1.fq.gz	SdA0908703HWGSZ_WKDL260008953-1A_237VHMLT4_L5_2.fq.gz	FALSE			
Sde-ASac_088-Ex1	SdA0908804HWGSZ_WKDL260008953-1A_237VHMLT4_L4	/archive/carpenterlab/pire/raw_sequence_archive/spratelloides_delicatulus/20260629_Sde-lcwgs	wahab	lcwgs		SdA0908804HWGSZ_WKDL260008953-1A_237VHMLT4_L4_1.fq.gz	SdA0908804HWGSZ_WKDL260008953-1A_237VHMLT4_L4_2.fq.gz	FALSE			
Sde-ASac_088-Ex1	SdA0908804HWGSZ_WKDL260008953-1A_237VHMLT4_L5	/archive/carpenterlab/pire/raw_sequence_archive/spratelloides_delicatulus/20260629_Sde-lcwgs	wahab	lcwgs		SdA0908804HWGSZ_WKDL260008953-1A_237VHMLT4_L5_1.fq.gz	SdA0908804HWGSZ_WKDL260008953-1A_237VHMLT4_L5_2.fq.gz	FALSE			
Sde-ASac_089-Ex1	SdA0908905HWGSZ_WKDL260008953-1A_237VHMLT4_L4	/archive/carpenterlab/pire/raw_sequence_archive/spratelloides_delicatulus/20260629_Sde-lcwgs	wahab	lcwgs		SdA0908905HWGSZ_WKDL260008953-1A_237VHMLT4_L4_1.fq.gz	SdA0908905HWGSZ_WKDL260008953-1A_237VHMLT4_L4_2.fq.gz	FALSE			
Sde-ASac_089-Ex1	SdA0908905HWGSZ_WKDL260008953-1A_237VHMLT4_L5	/archive/carpenterlab/pire/raw_sequence_archive/spratelloides_delicatulus/20260629_Sde-lcwgs	wahab	lcwgs		SdA0908905HWGSZ_WKDL260008953-1A_237VHMLT4_L5_1.fq.gz	SdA0908905HWGSZ_WKDL260008953-1A_237VHMLT4_L5_2.fq.gz	FALSE			
Sde-ASac_090-Ex1	SdA0909006HWGSZ_WKDL260008953-1A_237VHMLT4_L4	/archive/carpenterlab/pire/raw_sequence_archive/spratelloides_delicatulus/20260629_Sde-lcwgs	wahab	lcwgs		SdA0909006HWGSZ_WKDL260008953-1A_237VHMLT4_L4_1.fq.gz	SdA0909006HWGSZ_WKDL260008953-1A_237VHMLT4_L4_2.fq.gz	FALSE			
Sde-ASac_090-Ex1	SdA0909006HWGSZ_WKDL260008953-1A_237VHMLT4_L5	/archive/carpenterlab/pire/raw_sequence_archive/spratelloides_delicatulus/20260629_Sde-lcwgs	wahab	lcwgs		SdA0909006HWGSZ_WKDL260008953-1A_237VHMLT4_L5_1.fq.gz	SdA0909006HWGSZ_WKDL260008953-1A_237VHMLT4_L5_2.fq.gz	FALSE			
Sde-ASac_091-Ex1	SdA0909107HWGSZ_WKDL260008953-1A_237VHMLT4_L4	/archive/carpenterlab/pire/raw_sequence_archive/spratelloides_delicatulus/20260629_Sde-lcwgs	wahab	lcwgs		SdA0909107HWGSZ_WKDL260008953-1A_237VHMLT4_L4_1.fq.gz	SdA0909107HWGSZ_WKDL260008953-1A_237VHMLT4_L4_2.fq.gz	FALSE			
Sde-ASac_091-Ex1	SdA0909107HWGSZ_WKDL260008953-1A_237VHMLT4_L5	/archive/carpenterlab/pire/raw_sequence_archive/spratelloides_delicatulus/20260629_Sde-lcwgs	wahab	lcwgs		SdA0909107HWGSZ_WKDL260008953-1A_237VHMLT4_L5_1.fq.gz	SdA0909107HWGSZ_WKDL260008953-1A_237VHMLT4_L5_2.fq.gz	FALSE			
Sde-ASac_092-Ex1	SdA0909208HWGSZ_WKDL260008953-1A_237VHMLT4_L4	/archive/carpenterlab/pire/raw_sequence_archive/spratelloides_delicatulus/20260629_Sde-lcwgs	wahab	lcwgs		SdA0909208HWGSZ_WKDL260008953-1A_237VHMLT4_L4_1.fq.gz	SdA0909208HWGSZ_WKDL260008953-1A_237VHMLT4_L4_2.fq.gz	FALSE			
Sde-ASac_092-Ex1	SdA0909208HWGSZ_WKDL260008953-1A_237VHMLT4_L5	/archive/carpenterlab/pire/raw_sequence_archive/spratelloides_delicatulus/20260629_Sde-lcwgs	wahab	lcwgs		SdA0909208HWGSZ_WKDL260008953-1A_237VHMLT4_L5_1.fq.gz	SdA0909208HWGSZ_WKDL260008953-1A_237VHMLT4_L5_2.fq.gz	FALSE			
Sde-ASac_093-Ex1	SdA0909309HWGSZ_WKDL260008953-1A_237VHMLT4_L4	/archive/carpenterlab/pire/raw_sequence_archive/spratelloides_delicatulus/20260629_Sde-lcwgs	wahab	lcwgs		SdA0909309HWGSZ_WKDL260008953-1A_237VHMLT4_L4_1.fq.gz	SdA0909309HWGSZ_WKDL260008953-1A_237VHMLT4_L4_2.fq.gz	FALSE			
Sde-ASac_093-Ex1	SdA0909309HWGSZ_WKDL260008953-1A_237VHMLT4_L5	/archive/carpenterlab/pire/raw_sequence_archive/spratelloides_delicatulus/20260629_Sde-lcwgs	wahab	lcwgs		SdA0909309HWGSZ_WKDL260008953-1A_237VHMLT4_L5_1.fq.gz	SdA0909309HWGSZ_WKDL260008953-1A_237VHMLT4_L5_2.fq.gz	FALSE			
Sde-ASac_094-Ex1	SdA0909410HWGSZ_WKDL260008953-1A_237VHMLT4_L4	/archive/carpenterlab/pire/raw_sequence_archive/spratelloides_delicatulus/20260629_Sde-lcwgs	wahab	lcwgs		SdA0909410HWGSZ_WKDL260008953-1A_237VHMLT4_L4_1.fq.gz	SdA0909410HWGSZ_WKDL260008953-1A_237VHMLT4_L4_2.fq.gz	FALSE			
Sde-ASac_094-Ex1	SdA0909410HWGSZ_WKDL260008953-1A_237VHMLT4_L5	/archive/carpenterlab/pire/raw_sequence_archive/spratelloides_delicatulus/20260629_Sde-lcwgs	wahab	lcwgs		SdA0909410HWGSZ_WKDL260008953-1A_237VHMLT4_L5_1.fq.gz	SdA0909410HWGSZ_WKDL260008953-1A_237VHMLT4_L5_2.fq.gz	FALSE			
Sde-ASac_095-Ex1	SdA0909511HWGSZ_WKDL260008953-1A_237VHMLT4_L4	/archive/carpenterlab/pire/raw_sequence_archive/spratelloides_delicatulus/20260629_Sde-lcwgs	wahab	lcwgs		SdA0909511HWGSZ_WKDL260008953-1A_237VHMLT4_L4_1.fq.gz	SdA0909511HWGSZ_WKDL260008953-1A_237VHMLT4_L4_2.fq.gz	FALSE			
Sde-ASac_095-Ex1	SdA0909511HWGSZ_WKDL260008953-1A_237VHMLT4_L5	/archive/carpenterlab/pire/raw_sequence_archive/spratelloides_delicatulus/20260629_Sde-lcwgs	wahab	lcwgs		SdA0909511HWGSZ_WKDL260008953-1A_237VHMLT4_L5_1.fq.gz	SdA0909511HWGSZ_WKDL260008953-1A_237VHMLT4_L5_2.fq.gz	FALSE			
Sde-ASac_096-Ex1	SdA0909612HWGSZ_WKDL260008953-1A_237VHMLT4_L4	/archive/carpenterlab/pire/raw_sequence_archive/spratelloides_delicatulus/20260629_Sde-lcwgs	wahab	lcwgs		SdA0909612HWGSZ_WKDL260008953-1A_237VHMLT4_L4_1.fq.gz	SdA0909612HWGSZ_WKDL260008953-1A_237VHMLT4_L4_2.fq.gz	FALSE			
Sde-ASac_096-Ex1	SdA0909612HWGSZ_WKDL260008953-1A_237VHMLT4_L5	/archive/carpenterlab/pire/raw_sequence_archive/spratelloides_delicatulus/20260629_Sde-lcwgs	wahab	lcwgs		SdA0909612HWGSZ_WKDL260008953-1A_237VHMLT4_L5_1.fq.gz	SdA0909612HWGSZ_WKDL260008953-1A_237VHMLT4_L5_2.fq.gz	FALSE			
Sde-ABol_001-Ex1	SdA1100101AWGSZ_WKDL260008953-1A_237VHMLT4_L4	/archive/carpenterlab/pire/raw_sequence_archive/spratelloides_delicatulus/20260629_Sde-lcwgs	wahab	lcwgs		SdA1100101AWGSZ_WKDL260008953-1A_237VHMLT4_L4_1.fq.gz	SdA1100101AWGSZ_WKDL260008953-1A_237VHMLT4_L4_2.fq.gz	FALSE			
Sde-ABol_001-Ex1	SdA1100101AWGSZ_WKDL260008953-1A_237VHMLT4_L5	/archive/carpenterlab/pire/raw_sequence_archive/spratelloides_delicatulus/20260629_Sde-lcwgs	wahab	lcwgs		SdA1100101AWGSZ_WKDL260008953-1A_237VHMLT4_L5_1.fq.gz	SdA1100101AWGSZ_WKDL260008953-1A_237VHMLT4_L5_2.fq.gz	FALSE			
Sde-ABol_002-Ex1	SdA1100201BWGSZ_WKDL260008953-1A_237VHMLT4_L4	/archive/carpenterlab/pire/raw_sequence_archive/spratelloides_delicatulus/20260629_Sde-lcwgs	wahab	lcwgs		SdA1100201BWGSZ_WKDL260008953-1A_237VHMLT4_L4_1.fq.gz	SdA1100201BWGSZ_WKDL260008953-1A_237VHMLT4_L4_2.fq.gz	FALSE			
Sde-ABol_002-Ex1	SdA1100201BWGSZ_WKDL260008953-1A_237VHMLT4_L5	/archive/carpenterlab/pire/raw_sequence_archive/spratelloides_delicatulus/20260629_Sde-lcwgs	wahab	lcwgs		SdA1100201BWGSZ_WKDL260008953-1A_237VHMLT4_L5_1.fq.gz	SdA1100201BWGSZ_WKDL260008953-1A_237VHMLT4_L5_2.fq.gz	FALSE			
Sde-ABol_003-Ex1	SdA1100301CWGSZ_WKDL260008953-1A_237VHMLT4_L4	/archive/carpenterlab/pire/raw_sequence_archive/spratelloides_delicatulus/20260629_Sde-lcwgs	wahab	lcwgs		SdA1100301CWGSZ_WKDL260008953-1A_237VHMLT4_L4_1.fq.gz	SdA1100301CWGSZ_WKDL260008953-1A_237VHMLT4_L4_2.fq.gz	FALSE			
Sde-ABol_003-Ex1	SdA1100301CWGSZ_WKDL260008953-1A_237VHMLT4_L5	/archive/carpenterlab/pire/raw_sequence_archive/spratelloides_delicatulus/20260629_Sde-lcwgs	wahab	lcwgs		SdA1100301CWGSZ_WKDL260008953-1A_237VHMLT4_L5_1.fq.gz	SdA1100301CWGSZ_WKDL260008953-1A_237VHMLT4_L5_2.fq.gz	FALSE			
Sde-ABol_004-Ex1	SdA1100401DWGSZ_WKDL260008953-1A_237VHMLT4_L4	/archive/carpenterlab/pire/raw_sequence_archive/spratelloides_delicatulus/20260629_Sde-lcwgs	wahab	lcwgs		SdA1100401DWGSZ_WKDL260008953-1A_237VHMLT4_L4_1.fq.gz	SdA1100401DWGSZ_WKDL260008953-1A_237VHMLT4_L4_2.fq.gz	FALSE			
Sde-ABol_004-Ex1	SdA1100401DWGSZ_WKDL260008953-1A_237VHMLT4_L5	/archive/carpenterlab/pire/raw_sequence_archive/spratelloides_delicatulus/20260629_Sde-lcwgs	wahab	lcwgs		SdA1100401DWGSZ_WKDL260008953-1A_237VHMLT4_L5_1.fq.gz	SdA1100401DWGSZ_WKDL260008953-1A_237VHMLT4_L5_2.fq.gz	FALSE			
Sde-ABol_005-Ex1	SdA1100501EWGSZ_WKDL260008953-1A_237VHMLT4_L4	/archive/carpenterlab/pire/raw_sequence_archive/spratelloides_delicatulus/20260629_Sde-lcwgs	wahab	lcwgs		SdA1100501EWGSZ_WKDL260008953-1A_237VHMLT4_L4_1.fq.gz	SdA1100501EWGSZ_WKDL260008953-1A_237VHMLT4_L4_2.fq.gz	FALSE			
Sde-ABol_005-Ex1	SdA1100501EWGSZ_WKDL260008953-1A_237VHMLT4_L5	/archive/carpenterlab/pire/raw_sequence_archive/spratelloides_delicatulus/20260629_Sde-lcwgs	wahab	lcwgs		SdA1100501EWGSZ_WKDL260008953-1A_237VHMLT4_L5_1.fq.gz	SdA1100501EWGSZ_WKDL260008953-1A_237VHMLT4_L5_2.fq.gz	FALSE			
Sde-ABol_006-Ex1	SdA1100601FWGSZ_WKDL260008953-1A_237VHMLT4_L4	/archive/carpenterlab/pire/raw_sequence_archive/spratelloides_delicatulus/20260629_Sde-lcwgs	wahab	lcwgs		SdA1100601FWGSZ_WKDL260008953-1A_237VHMLT4_L4_1.fq.gz	SdA1100601FWGSZ_WKDL260008953-1A_237VHMLT4_L4_2.fq.gz	FALSE			
Sde-ABol_006-Ex1	SdA1100601FWGSZ_WKDL260008953-1A_237VHMLT4_L5	/archive/carpenterlab/pire/raw_sequence_archive/spratelloides_delicatulus/20260629_Sde-lcwgs	wahab	lcwgs		SdA1100601FWGSZ_WKDL260008953-1A_237VHMLT4_L5_1.fq.gz	SdA1100601FWGSZ_WKDL260008953-1A_237VHMLT4_L5_2.fq.gz	FALSE			
Sde-ABol_007-Ex1	SdA1100701GWGSZ_WKDL260008953-1A_237VHMLT4_L4	/archive/carpenterlab/pire/raw_sequence_archive/spratelloides_delicatulus/20260629_Sde-lcwgs	wahab	lcwgs		SdA1100701GWGSZ_WKDL260008953-1A_237VHMLT4_L4_1.fq.gz	SdA1100701GWGSZ_WKDL260008953-1A_237VHMLT4_L4_2.fq.gz	FALSE			
Sde-ABol_007-Ex1	SdA1100701GWGSZ_WKDL260008953-1A_237VHMLT4_L5	/archive/carpenterlab/pire/raw_sequence_archive/spratelloides_delicatulus/20260629_Sde-lcwgs	wahab	lcwgs		SdA1100701GWGSZ_WKDL260008953-1A_237VHMLT4_L5_1.fq.gz	SdA1100701GWGSZ_WKDL260008953-1A_237VHMLT4_L5_2.fq.gz	FALSE			
Sde-ABol_008-Ex1	SdA1100801HWGSZ_WKDL260008953-1A_237VHMLT4_L4	/archive/carpenterlab/pire/raw_sequence_archive/spratelloides_delicatulus/20260629_Sde-lcwgs	wahab	lcwgs		SdA1100801HWGSZ_WKDL260008953-1A_237VHMLT4_L4_1.fq.gz	SdA1100801HWGSZ_WKDL260008953-1A_237VHMLT4_L4_2.fq.gz	FALSE			
Sde-ABol_008-Ex1	SdA1100801HWGSZ_WKDL260008953-1A_237VHMLT4_L5	/archive/carpenterlab/pire/raw_sequence_archive/spratelloides_delicatulus/20260629_Sde-lcwgs	wahab	lcwgs		SdA1100801HWGSZ_WKDL260008953-1A_237VHMLT4_L5_1.fq.gz	SdA1100801HWGSZ_WKDL260008953-1A_237VHMLT4_L5_2.fq.gz	FALSE			
Sde-ABol_009-Ex1	SdA1100902AWGSZ_WKDL260008953-1A_237VHMLT4_L4	/archive/carpenterlab/pire/raw_sequence_archive/spratelloides_delicatulus/20260629_Sde-lcwgs	wahab	lcwgs		SdA1100902AWGSZ_WKDL260008953-1A_237VHMLT4_L4_1.fq.gz	SdA1100902AWGSZ_WKDL260008953-1A_237VHMLT4_L4_2.fq.gz	FALSE			
Sde-ABol_009-Ex1	SdA1100902AWGSZ_WKDL260008953-1A_237VHMLT4_L5	/archive/carpenterlab/pire/raw_sequence_archive/spratelloides_delicatulus/20260629_Sde-lcwgs	wahab	lcwgs		SdA1100902AWGSZ_WKDL260008953-1A_237VHMLT4_L5_1.fq.gz	SdA1100902AWGSZ_WKDL260008953-1A_237VHMLT4_L5_2.fq.gz	FALSE			
Sde-ABol_010-Ex1	SdA1101002BWGSZ_WKDL260008953-1A_237VHMLT4_L4	/archive/carpenterlab/pire/raw_sequence_archive/spratelloides_delicatulus/20260629_Sde-lcwgs	wahab	lcwgs		SdA1101002BWGSZ_WKDL260008953-1A_237VHMLT4_L4_1.fq.gz	SdA1101002BWGSZ_WKDL260008953-1A_237VHMLT4_L4_2.fq.gz	FALSE			
Sde-ABol_010-Ex1	SdA1101002BWGSZ_WKDL260008953-1A_237VHMLT4_L5	/archive/carpenterlab/pire/raw_sequence_archive/spratelloides_delicatulus/20260629_Sde-lcwgs	wahab	lcwgs		SdA1101002BWGSZ_WKDL260008953-1A_237VHMLT4_L5_1.fq.gz	SdA1101002BWGSZ_WKDL260008953-1A_237VHMLT4_L5_2.fq.gz	FALSE			
Sde-ABol_011-Ex1	SdA1101102CWGSZ_WKDL260008953-1A_237VHMLT4_L4	/archive/carpenterlab/pire/raw_sequence_archive/spratelloides_delicatulus/20260629_Sde-lcwgs	wahab	lcwgs		SdA1101102CWGSZ_WKDL260008953-1A_237VHMLT4_L4_1.fq.gz	SdA1101102CWGSZ_WKDL260008953-1A_237VHMLT4_L4_2.fq.gz	FALSE			
Sde-ABol_011-Ex1	SdA1101102CWGSZ_WKDL260008953-1A_237VHMLT4_L5	/archive/carpenterlab/pire/raw_sequence_archive/spratelloides_delicatulus/20260629_Sde-lcwgs	wahab	lcwgs		SdA1101102CWGSZ_WKDL260008953-1A_237VHMLT4_L5_1.fq.gz	SdA1101102CWGSZ_WKDL260008953-1A_237VHMLT4_L5_2.fq.gz	FALSE			
Sde-ABol_012-Ex1	SdA1101202DWGSZ_WKDL260008953-1A_237VHMLT4_L4	/archive/carpenterlab/pire/raw_sequence_archive/spratelloides_delicatulus/20260629_Sde-lcwgs	wahab	lcwgs		SdA1101202DWGSZ_WKDL260008953-1A_237VHMLT4_L4_1.fq.gz	SdA1101202DWGSZ_WKDL260008953-1A_237VHMLT4_L4_2.fq.gz	FALSE			
Sde-ABol_012-Ex1	SdA1101202DWGSZ_WKDL260008953-1A_237VHMLT4_L5	/archive/carpenterlab/pire/raw_sequence_archive/spratelloides_delicatulus/20260629_Sde-lcwgs	wahab	lcwgs		SdA1101202DWGSZ_WKDL260008953-1A_237VHMLT4_L5_1.fq.gz	SdA1101202DWGSZ_WKDL260008953-1A_237VHMLT4_L5_2.fq.gz	FALSE			
Sde-ABol_013-Ex1	SdA1101302EWGSZ_WKDL260008953-1A_237VHMLT4_L4	/archive/carpenterlab/pire/raw_sequence_archive/spratelloides_delicatulus/20260629_Sde-lcwgs	wahab	lcwgs		SdA1101302EWGSZ_WKDL260008953-1A_237VHMLT4_L4_1.fq.gz	SdA1101302EWGSZ_WKDL260008953-1A_237VHMLT4_L4_2.fq.gz	FALSE			
Sde-ABol_013-Ex1	SdA1101302EWGSZ_WKDL260008953-1A_237VHMLT4_L5	/archive/carpenterlab/pire/raw_sequence_archive/spratelloides_delicatulus/20260629_Sde-lcwgs	wahab	lcwgs		SdA1101302EWGSZ_WKDL260008953-1A_237VHMLT4_L5_1.fq.gz	SdA1101302EWGSZ_WKDL260008953-1A_237VHMLT4_L5_2.fq.gz	FALSE			
Sde-ABol_014-Ex1	SdA1101402FWGSZ_WKDL260008953-1A_237VHMLT4_L4	/archive/carpenterlab/pire/raw_sequence_archive/spratelloides_delicatulus/20260629_Sde-lcwgs	wahab	lcwgs		SdA1101402FWGSZ_WKDL260008953-1A_237VHMLT4_L4_1.fq.gz	SdA1101402FWGSZ_WKDL260008953-1A_237VHMLT4_L4_2.fq.gz	FALSE			
Sde-ABol_014-Ex1	SdA1101402FWGSZ_WKDL260008953-1A_237VHMLT4_L5	/archive/carpenterlab/pire/raw_sequence_archive/spratelloides_delicatulus/20260629_Sde-lcwgs	wahab	lcwgs		SdA1101402FWGSZ_WKDL260008953-1A_237VHMLT4_L5_1.fq.gz	SdA1101402FWGSZ_WKDL260008953-1A_237VHMLT4_L5_2.fq.gz	FALSE			
Sde-ABol_015-Ex1	SdA1101502GWGSZ_WKDL260008953-1A_237VHMLT4_L4	/archive/carpenterlab/pire/raw_sequence_archive/spratelloides_delicatulus/20260629_Sde-lcwgs	wahab	lcwgs		SdA1101502GWGSZ_WKDL260008953-1A_237VHMLT4_L4_1.fq.gz	SdA1101502GWGSZ_WKDL260008953-1A_237VHMLT4_L4_2.fq.gz	FALSE			
Sde-ABol_015-Ex1	SdA1101502GWGSZ_WKDL260008953-1A_237VHMLT4_L5	/archive/carpenterlab/pire/raw_sequence_archive/spratelloides_delicatulus/20260629_Sde-lcwgs	wahab	lcwgs		SdA1101502GWGSZ_WKDL260008953-1A_237VHMLT4_L5_1.fq.gz	SdA1101502GWGSZ_WKDL260008953-1A_237VHMLT4_L5_2.fq.gz	FALSE			
Sde-ABol_016-Ex1	SdA1101602HWGSZ_WKDL260008953-1A_237VHMLT4_L4	/archive/carpenterlab/pire/raw_sequence_archive/spratelloides_delicatulus/20260629_Sde-lcwgs	wahab	lcwgs		SdA1101602HWGSZ_WKDL260008953-1A_237VHMLT4_L4_1.fq.gz	SdA1101602HWGSZ_WKDL260008953-1A_237VHMLT4_L4_2.fq.gz	FALSE			
Sde-ABol_016-Ex1	SdA1101602HWGSZ_WKDL260008953-1A_237VHMLT4_L5	/archive/carpenterlab/pire/raw_sequence_archive/spratelloides_delicatulus/20260629_Sde-lcwgs	wahab	lcwgs		SdA1101602HWGSZ_WKDL260008953-1A_237VHMLT4_L5_1.fq.gz	SdA1101602HWGSZ_WKDL260008953-1A_237VHMLT4_L5_2.fq.gz	FALSE			
Sde-ABol_017-Ex1	SdA1101703AWGSZ_WKDL260008953-1A_237VHMLT4_L4	/archive/carpenterlab/pire/raw_sequence_archive/spratelloides_delicatulus/20260629_Sde-lcwgs	wahab	lcwgs		SdA1101703AWGSZ_WKDL260008953-1A_237VHMLT4_L4_1.fq.gz	SdA1101703AWGSZ_WKDL260008953-1A_237VHMLT4_L4_2.fq.gz	FALSE			
Sde-ABol_017-Ex1	SdA1101703AWGSZ_WKDL260008953-1A_237VHMLT4_L5	/archive/carpenterlab/pire/raw_sequence_archive/spratelloides_delicatulus/20260629_Sde-lcwgs	wahab	lcwgs		SdA1101703AWGSZ_WKDL260008953-1A_237VHMLT4_L5_1.fq.gz	SdA1101703AWGSZ_WKDL260008953-1A_237VHMLT4_L5_2.fq.gz	FALSE			
Sde-ABol_018-Ex1	SdA1101803BWGSZ_WKDL260008953-1A_237VHMLT4_L4	/archive/carpenterlab/pire/raw_sequence_archive/spratelloides_delicatulus/20260629_Sde-lcwgs	wahab	lcwgs		SdA1101803BWGSZ_WKDL260008953-1A_237VHMLT4_L4_1.fq.gz	SdA1101803BWGSZ_WKDL260008953-1A_237VHMLT4_L4_2.fq.gz	FALSE			
Sde-ABol_018-Ex1	SdA1101803BWGSZ_WKDL260008953-1A_237VHMLT4_L5	/archive/carpenterlab/pire/raw_sequence_archive/spratelloides_delicatulus/20260629_Sde-lcwgs	wahab	lcwgs		SdA1101803BWGSZ_WKDL260008953-1A_237VHMLT4_L5_1.fq.gz	SdA1101803BWGSZ_WKDL260008953-1A_237VHMLT4_L5_2.fq.gz	FALSE			
Sde-ABol_019-Ex1	SdA1101903CWGSZ_WKDL260008953-1A_237VHMLT4_L4	/archive/carpenterlab/pire/raw_sequence_archive/spratelloides_delicatulus/20260629_Sde-lcwgs	wahab	lcwgs		SdA1101903CWGSZ_WKDL260008953-1A_237VHMLT4_L4_1.fq.gz	SdA1101903CWGSZ_WKDL260008953-1A_237VHMLT4_L4_2.fq.gz	FALSE			
Sde-ABol_019-Ex1	SdA1101903CWGSZ_WKDL260008953-1A_237VHMLT4_L5	/archive/carpenterlab/pire/raw_sequence_archive/spratelloides_delicatulus/20260629_Sde-lcwgs	wahab	lcwgs		SdA1101903CWGSZ_WKDL260008953-1A_237VHMLT4_L5_1.fq.gz	SdA1101903CWGSZ_WKDL260008953-1A_237VHMLT4_L5_2.fq.gz	FALSE			
Sde-ABol_020-Ex1	SdA1102003DWGSZ_WKDL260008953-1A_237VHMLT4_L4	/archive/carpenterlab/pire/raw_sequence_archive/spratelloides_delicatulus/20260629_Sde-lcwgs	wahab	lcwgs		SdA1102003DWGSZ_WKDL260008953-1A_237VHMLT4_L4_1.fq.gz	SdA1102003DWGSZ_WKDL260008953-1A_237VHMLT4_L4_2.fq.gz	FALSE			
Sde-ABol_020-Ex1	SdA1102003DWGSZ_WKDL260008953-1A_237VHMLT4_L5	/archive/carpenterlab/pire/raw_sequence_archive/spratelloides_delicatulus/20260629_Sde-lcwgs	wahab	lcwgs		SdA1102003DWGSZ_WKDL260008953-1A_237VHMLT4_L5_1.fq.gz	SdA1102003DWGSZ_WKDL260008953-1A_237VHMLT4_L5_2.fq.gz	FALSE			
Sde-ABol_021-Ex1	SdA1102103EWGSZ_WKDL260008953-1A_237VHMLT4_L4	/archive/carpenterlab/pire/raw_sequence_archive/spratelloides_delicatulus/20260629_Sde-lcwgs	wahab	lcwgs		SdA1102103EWGSZ_WKDL260008953-1A_237VHMLT4_L4_1.fq.gz	SdA1102103EWGSZ_WKDL260008953-1A_237VHMLT4_L4_2.fq.gz	FALSE			
Sde-ABol_021-Ex1	SdA1102103EWGSZ_WKDL260008953-1A_237VHMLT4_L5	/archive/carpenterlab/pire/raw_sequence_archive/spratelloides_delicatulus/20260629_Sde-lcwgs	wahab	lcwgs		SdA1102103EWGSZ_WKDL260008953-1A_237VHMLT4_L5_1.fq.gz	SdA1102103EWGSZ_WKDL260008953-1A_237VHMLT4_L5_2.fq.gz	FALSE			
Sde-ABol_022-Ex1	SdA1102203FWGSZ_WKDL260008953-1A_237VHMLT4_L4	/archive/carpenterlab/pire/raw_sequence_archive/spratelloides_delicatulus/20260629_Sde-lcwgs	wahab	lcwgs		SdA1102203FWGSZ_WKDL260008953-1A_237VHMLT4_L4_1.fq.gz	SdA1102203FWGSZ_WKDL260008953-1A_237VHMLT4_L4_2.fq.gz	FALSE			
Sde-ABol_022-Ex1	SdA1102203FWGSZ_WKDL260008953-1A_237VHMLT4_L5	/archive/carpenterlab/pire/raw_sequence_archive/spratelloides_delicatulus/20260629_Sde-lcwgs	wahab	lcwgs		SdA1102203FWGSZ_WKDL260008953-1A_237VHMLT4_L5_1.fq.gz	SdA1102203FWGSZ_WKDL260008953-1A_237VHMLT4_L5_2.fq.gz	FALSE			
Sde-ABol_023-Ex1	SdA1102303GWGSZ_WKDL260008953-1A_237VHMLT4_L4	/archive/carpenterlab/pire/raw_sequence_archive/spratelloides_delicatulus/20260629_Sde-lcwgs	wahab	lcwgs		SdA1102303GWGSZ_WKDL260008953-1A_237VHMLT4_L4_1.fq.gz	SdA1102303GWGSZ_WKDL260008953-1A_237VHMLT4_L4_2.fq.gz	FALSE			
Sde-ABol_023-Ex1	SdA1102303GWGSZ_WKDL260008953-1A_237VHMLT4_L5	/archive/carpenterlab/pire/raw_sequence_archive/spratelloides_delicatulus/20260629_Sde-lcwgs	wahab	lcwgs		SdA1102303GWGSZ_WKDL260008953-1A_237VHMLT4_L5_1.fq.gz	SdA1102303GWGSZ_WKDL260008953-1A_237VHMLT4_L5_2.fq.gz	FALSE			
Sde-ABol_024-Ex1	SdA1102403HWGSZ_WKDL260008953-1A_237VHMLT4_L4	/archive/carpenterlab/pire/raw_sequence_archive/spratelloides_delicatulus/20260629_Sde-lcwgs	wahab	lcwgs		SdA1102403HWGSZ_WKDL260008953-1A_237VHMLT4_L4_1.fq.gz	SdA1102403HWGSZ_WKDL260008953-1A_237VHMLT4_L4_2.fq.gz	FALSE			
Sde-ABol_024-Ex1	SdA1102403HWGSZ_WKDL260008953-1A_237VHMLT4_L5	/archive/carpenterlab/pire/raw_sequence_archive/spratelloides_delicatulus/20260629_Sde-lcwgs	wahab	lcwgs		SdA1102403HWGSZ_WKDL260008953-1A_237VHMLT4_L5_1.fq.gz	SdA1102403HWGSZ_WKDL260008953-1A_237VHMLT4_L5_2.fq.gz	FALSE			
Sde-ABol_025-Ex1	SdA1102504AWGSZ_WKDL260008953-1A_237VHMLT4_L4	/archive/carpenterlab/pire/raw_sequence_archive/spratelloides_delicatulus/20260629_Sde-lcwgs	wahab	lcwgs		SdA1102504AWGSZ_WKDL260008953-1A_237VHMLT4_L4_1.fq.gz	SdA1102504AWGSZ_WKDL260008953-1A_237VHMLT4_L4_2.fq.gz	FALSE			
Sde-ABol_025-Ex1	SdA1102504AWGSZ_WKDL260008953-1A_237VHMLT4_L5	/archive/carpenterlab/pire/raw_sequence_archive/spratelloides_delicatulus/20260629_Sde-lcwgs	wahab	lcwgs		SdA1102504AWGSZ_WKDL260008953-1A_237VHMLT4_L5_1.fq.gz	SdA1102504AWGSZ_WKDL260008953-1A_237VHMLT4_L5_2.fq.gz	FALSE			
Sde-ABol_026-Ex1	SdA1102602CWGSU_WKDL260008953-1A_237VHMLT4_L4	/archive/carpenterlab/pire/raw_sequence_archive/spratelloides_delicatulus/20260629_Sde-lcwgs	wahab	lcwgs		SdA1102602CWGSU_WKDL260008953-1A_237VHMLT4_L4_1.fq.gz	SdA1102602CWGSU_WKDL260008953-1A_237VHMLT4_L4_2.fq.gz	FALSE			
Sde-ABol_026-Ex1	SdA1102602CWGSU_WKDL260008953-1A_237VHMLT4_L5	/archive/carpenterlab/pire/raw_sequence_archive/spratelloides_delicatulus/20260629_Sde-lcwgs	wahab	lcwgs		SdA1102602CWGSU_WKDL260008953-1A_237VHMLT4_L5_1.fq.gz	SdA1102602CWGSU_WKDL260008953-1A_237VHMLT4_L5_2.fq.gz	FALSE			
Sde-ABol_026-Ex1	SdA1102604BWGSZ_WKDL260008953-1A_237VHMLT4_L4	/archive/carpenterlab/pire/raw_sequence_archive/spratelloides_delicatulus/20260629_Sde-lcwgs	wahab	lcwgs		SdA1102604BWGSZ_WKDL260008953-1A_237VHMLT4_L4_1.fq.gz	SdA1102604BWGSZ_WKDL260008953-1A_237VHMLT4_L4_2.fq.gz	FALSE			
Sde-ABol_026-Ex1	SdA1102604BWGSZ_WKDL260008953-1A_237VHMLT4_L5	/archive/carpenterlab/pire/raw_sequence_archive/spratelloides_delicatulus/20260629_Sde-lcwgs	wahab	lcwgs		SdA1102604BWGSZ_WKDL260008953-1A_237VHMLT4_L5_1.fq.gz	SdA1102604BWGSZ_WKDL260008953-1A_237VHMLT4_L5_2.fq.gz	FALSE			
Sde-ABol_027-Ex1	SdA1102704CWGSZ_WKDL260008953-1A_237VHMLT4_L4	/archive/carpenterlab/pire/raw_sequence_archive/spratelloides_delicatulus/20260629_Sde-lcwgs	wahab	lcwgs		SdA1102704CWGSZ_WKDL260008953-1A_237VHMLT4_L4_1.fq.gz	SdA1102704CWGSZ_WKDL260008953-1A_237VHMLT4_L4_2.fq.gz	FALSE			
Sde-ABol_027-Ex1	SdA1102704CWGSZ_WKDL260008953-1A_237VHMLT4_L5	/archive/carpenterlab/pire/raw_sequence_archive/spratelloides_delicatulus/20260629_Sde-lcwgs	wahab	lcwgs		SdA1102704CWGSZ_WKDL260008953-1A_237VHMLT4_L5_1.fq.gz	SdA1102704CWGSZ_WKDL260008953-1A_237VHMLT4_L5_2.fq.gz	FALSE			
Sde-ABol_028-Ex1	SdA1102804DWGSZ_WKDL260008953-1A_237VHMLT4_L4	/archive/carpenterlab/pire/raw_sequence_archive/spratelloides_delicatulus/20260629_Sde-lcwgs	wahab	lcwgs		SdA1102804DWGSZ_WKDL260008953-1A_237VHMLT4_L4_1.fq.gz	SdA1102804DWGSZ_WKDL260008953-1A_237VHMLT4_L4_2.fq.gz	FALSE			
Sde-ABol_028-Ex1	SdA1102804DWGSZ_WKDL260008953-1A_237VHMLT4_L5	/archive/carpenterlab/pire/raw_sequence_archive/spratelloides_delicatulus/20260629_Sde-lcwgs	wahab	lcwgs		SdA1102804DWGSZ_WKDL260008953-1A_237VHMLT4_L5_1.fq.gz	SdA1102804DWGSZ_WKDL260008953-1A_237VHMLT4_L5_2.fq.gz	FALSE			
Sde-ABol_029-Ex1	SdA1102904EWGSZ_WKDL260008953-1A_237VHMLT4_L4	/archive/carpenterlab/pire/raw_sequence_archive/spratelloides_delicatulus/20260629_Sde-lcwgs	wahab	lcwgs		SdA1102904EWGSZ_WKDL260008953-1A_237VHMLT4_L4_1.fq.gz	SdA1102904EWGSZ_WKDL260008953-1A_237VHMLT4_L4_2.fq.gz	FALSE			
Sde-ABol_029-Ex1	SdA1102904EWGSZ_WKDL260008953-1A_237VHMLT4_L5	/archive/carpenterlab/pire/raw_sequence_archive/spratelloides_delicatulus/20260629_Sde-lcwgs	wahab	lcwgs		SdA1102904EWGSZ_WKDL260008953-1A_237VHMLT4_L5_1.fq.gz	SdA1102904EWGSZ_WKDL260008953-1A_237VHMLT4_L5_2.fq.gz	FALSE			
Sde-ABol_030-Ex1	SdA1103004FWGSZ_WKDL260008953-1A_237VHMLT4_L4	/archive/carpenterlab/pire/raw_sequence_archive/spratelloides_delicatulus/20260629_Sde-lcwgs	wahab	lcwgs		SdA1103004FWGSZ_WKDL260008953-1A_237VHMLT4_L4_1.fq.gz	SdA1103004FWGSZ_WKDL260008953-1A_237VHMLT4_L4_2.fq.gz	FALSE			
Sde-ABol_030-Ex1	SdA1103004FWGSZ_WKDL260008953-1A_237VHMLT4_L5	/archive/carpenterlab/pire/raw_sequence_archive/spratelloides_delicatulus/20260629_Sde-lcwgs	wahab	lcwgs		SdA1103004FWGSZ_WKDL260008953-1A_237VHMLT4_L5_1.fq.gz	SdA1103004FWGSZ_WKDL260008953-1A_237VHMLT4_L5_2.fq.gz	FALSE			
Sde-ABol_031-Ex1	SdA1103104GWGSZ_WKDL260008953-1A_237VHMLT4_L4	/archive/carpenterlab/pire/raw_sequence_archive/spratelloides_delicatulus/20260629_Sde-lcwgs	wahab	lcwgs		SdA1103104GWGSZ_WKDL260008953-1A_237VHMLT4_L4_1.fq.gz	SdA1103104GWGSZ_WKDL260008953-1A_237VHMLT4_L4_2.fq.gz	FALSE			
Sde-ABol_031-Ex1	SdA1103104GWGSZ_WKDL260008953-1A_237VHMLT4_L5	/archive/carpenterlab/pire/raw_sequence_archive/spratelloides_delicatulus/20260629_Sde-lcwgs	wahab	lcwgs		SdA1103104GWGSZ_WKDL260008953-1A_237VHMLT4_L5_1.fq.gz	SdA1103104GWGSZ_WKDL260008953-1A_237VHMLT4_L5_2.fq.gz	FALSE			
Sde-ABol_032-Ex1	SdA1103204HWGSZ_WKDL260008953-1A_237VHMLT4_L4	/archive/carpenterlab/pire/raw_sequence_archive/spratelloides_delicatulus/20260629_Sde-lcwgs	wahab	lcwgs		SdA1103204HWGSZ_WKDL260008953-1A_237VHMLT4_L4_1.fq.gz	SdA1103204HWGSZ_WKDL260008953-1A_237VHMLT4_L4_2.fq.gz	FALSE			
Sde-ABol_032-Ex1	SdA1103204HWGSZ_WKDL260008953-1A_237VHMLT4_L5	/archive/carpenterlab/pire/raw_sequence_archive/spratelloides_delicatulus/20260629_Sde-lcwgs	wahab	lcwgs		SdA1103204HWGSZ_WKDL260008953-1A_237VHMLT4_L5_1.fq.gz	SdA1103204HWGSZ_WKDL260008953-1A_237VHMLT4_L5_2.fq.gz	FALSE			
Sde-ABol_033-Ex1	SdA1103305AWGSZ_WKDL260008953-1A_237VHMLT4_L4	/archive/carpenterlab/pire/raw_sequence_archive/spratelloides_delicatulus/20260629_Sde-lcwgs	wahab	lcwgs		SdA1103305AWGSZ_WKDL260008953-1A_237VHMLT4_L4_1.fq.gz	SdA1103305AWGSZ_WKDL260008953-1A_237VHMLT4_L4_2.fq.gz	FALSE			
Sde-ABol_033-Ex1	SdA1103305AWGSZ_WKDL260008953-1A_237VHMLT4_L5	/archive/carpenterlab/pire/raw_sequence_archive/spratelloides_delicatulus/20260629_Sde-lcwgs	wahab	lcwgs		SdA1103305AWGSZ_WKDL260008953-1A_237VHMLT4_L5_1.fq.gz	SdA1103305AWGSZ_WKDL260008953-1A_237VHMLT4_L5_2.fq.gz	FALSE			
Sde-ABol_034-Ex1	SdA1103405BWGSZ_WKDL260008953-1A_237VHMLT4_L4	/archive/carpenterlab/pire/raw_sequence_archive/spratelloides_delicatulus/20260629_Sde-lcwgs	wahab	lcwgs		SdA1103405BWGSZ_WKDL260008953-1A_237VHMLT4_L4_1.fq.gz	SdA1103405BWGSZ_WKDL260008953-1A_237VHMLT4_L4_2.fq.gz	FALSE			
Sde-ABol_034-Ex1	SdA1103405BWGSZ_WKDL260008953-1A_237VHMLT4_L5	/archive/carpenterlab/pire/raw_sequence_archive/spratelloides_delicatulus/20260629_Sde-lcwgs	wahab	lcwgs		SdA1103405BWGSZ_WKDL260008953-1A_237VHMLT4_L5_1.fq.gz	SdA1103405BWGSZ_WKDL260008953-1A_237VHMLT4_L5_2.fq.gz	FALSE			
Sde-ABol_035-Ex1	SdA1103505CWGSZ_WKDL260008953-1A_237VHMLT4_L4	/archive/carpenterlab/pire/raw_sequence_archive/spratelloides_delicatulus/20260629_Sde-lcwgs	wahab	lcwgs		SdA1103505CWGSZ_WKDL260008953-1A_237VHMLT4_L4_1.fq.gz	SdA1103505CWGSZ_WKDL260008953-1A_237VHMLT4_L4_2.fq.gz	FALSE			
Sde-ABol_035-Ex1	SdA1103505CWGSZ_WKDL260008953-1A_237VHMLT4_L5	/archive/carpenterlab/pire/raw_sequence_archive/spratelloides_delicatulus/20260629_Sde-lcwgs	wahab	lcwgs		SdA1103505CWGSZ_WKDL260008953-1A_237VHMLT4_L5_1.fq.gz	SdA1103505CWGSZ_WKDL260008953-1A_237VHMLT4_L5_2.fq.gz	FALSE			
Sde-ABol_036-Ex1	SdA1103605DWGSZ_WKDL260008953-1A_237VHMLT4_L4	/archive/carpenterlab/pire/raw_sequence_archive/spratelloides_delicatulus/20260629_Sde-lcwgs	wahab	lcwgs		SdA1103605DWGSZ_WKDL260008953-1A_237VHMLT4_L4_1.fq.gz	SdA1103605DWGSZ_WKDL260008953-1A_237VHMLT4_L4_2.fq.gz	FALSE			
Sde-ABol_036-Ex1	SdA1103605DWGSZ_WKDL260008953-1A_237VHMLT4_L5	/archive/carpenterlab/pire/raw_sequence_archive/spratelloides_delicatulus/20260629_Sde-lcwgs	wahab	lcwgs		SdA1103605DWGSZ_WKDL260008953-1A_237VHMLT4_L5_1.fq.gz	SdA1103605DWGSZ_WKDL260008953-1A_237VHMLT4_L5_2.fq.gz	FALSE			
Sde-ABol_037-Ex1	SdA1103705EWGSZ_WKDL260008953-1A_237VHMLT4_L4	/archive/carpenterlab/pire/raw_sequence_archive/spratelloides_delicatulus/20260629_Sde-lcwgs	wahab	lcwgs		SdA1103705EWGSZ_WKDL260008953-1A_237VHMLT4_L4_1.fq.gz	SdA1103705EWGSZ_WKDL260008953-1A_237VHMLT4_L4_2.fq.gz	FALSE			
Sde-ABol_037-Ex1	SdA1103705EWGSZ_WKDL260008953-1A_237VHMLT4_L5	/archive/carpenterlab/pire/raw_sequence_archive/spratelloides_delicatulus/20260629_Sde-lcwgs	wahab	lcwgs		SdA1103705EWGSZ_WKDL260008953-1A_237VHMLT4_L5_1.fq.gz	SdA1103705EWGSZ_WKDL260008953-1A_237VHMLT4_L5_2.fq.gz	FALSE			
Sde-ABol_038-Ex1	SdA1103805FWGSZ_WKDL260008953-1A_237VHMLT4_L4	/archive/carpenterlab/pire/raw_sequence_archive/spratelloides_delicatulus/20260629_Sde-lcwgs	wahab	lcwgs		SdA1103805FWGSZ_WKDL260008953-1A_237VHMLT4_L4_1.fq.gz	SdA1103805FWGSZ_WKDL260008953-1A_237VHMLT4_L4_2.fq.gz	FALSE			
Sde-ABol_038-Ex1	SdA1103805FWGSZ_WKDL260008953-1A_237VHMLT4_L5	/archive/carpenterlab/pire/raw_sequence_archive/spratelloides_delicatulus/20260629_Sde-lcwgs	wahab	lcwgs		SdA1103805FWGSZ_WKDL260008953-1A_237VHMLT4_L5_1.fq.gz	SdA1103805FWGSZ_WKDL260008953-1A_237VHMLT4_L5_2.fq.gz	FALSE			
Sde-ABol_039-Ex1	SdA1103905GWGSZ_WKDL260008953-1A_237VHMLT4_L4	/archive/carpenterlab/pire/raw_sequence_archive/spratelloides_delicatulus/20260629_Sde-lcwgs	wahab	lcwgs		SdA1103905GWGSZ_WKDL260008953-1A_237VHMLT4_L4_1.fq.gz	SdA1103905GWGSZ_WKDL260008953-1A_237VHMLT4_L4_2.fq.gz	FALSE			
Sde-ABol_039-Ex1	SdA1103905GWGSZ_WKDL260008953-1A_237VHMLT4_L5	/archive/carpenterlab/pire/raw_sequence_archive/spratelloides_delicatulus/20260629_Sde-lcwgs	wahab	lcwgs		SdA1103905GWGSZ_WKDL260008953-1A_237VHMLT4_L5_1.fq.gz	SdA1103905GWGSZ_WKDL260008953-1A_237VHMLT4_L5_2.fq.gz	FALSE			
Sde-ABol_040-Ex1	SdA1104005HWGSZ_WKDL260008953-1A_237VHMLT4_L4	/archive/carpenterlab/pire/raw_sequence_archive/spratelloides_delicatulus/20260629_Sde-lcwgs	wahab	lcwgs		SdA1104005HWGSZ_WKDL260008953-1A_237VHMLT4_L4_1.fq.gz	SdA1104005HWGSZ_WKDL260008953-1A_237VHMLT4_L4_2.fq.gz	FALSE			
Sde-ABol_040-Ex1	SdA1104005HWGSZ_WKDL260008953-1A_237VHMLT4_L5	/archive/carpenterlab/pire/raw_sequence_archive/spratelloides_delicatulus/20260629_Sde-lcwgs	wahab	lcwgs		SdA1104005HWGSZ_WKDL260008953-1A_237VHMLT4_L5_1.fq.gz	SdA1104005HWGSZ_WKDL260008953-1A_237VHMLT4_L5_2.fq.gz	FALSE			
Sde-ABol_041-Ex1	SdA1104106AWGSZ_WKDL260008953-1A_237VHMLT4_L4	/archive/carpenterlab/pire/raw_sequence_archive/spratelloides_delicatulus/20260629_Sde-lcwgs	wahab	lcwgs		SdA1104106AWGSZ_WKDL260008953-1A_237VHMLT4_L4_1.fq.gz	SdA1104106AWGSZ_WKDL260008953-1A_237VHMLT4_L4_2.fq.gz	FALSE			
Sde-ABol_041-Ex1	SdA1104106AWGSZ_WKDL260008953-1A_237VHMLT4_L5	/archive/carpenterlab/pire/raw_sequence_archive/spratelloides_delicatulus/20260629_Sde-lcwgs	wahab	lcwgs		SdA1104106AWGSZ_WKDL260008953-1A_237VHMLT4_L5_1.fq.gz	SdA1104106AWGSZ_WKDL260008953-1A_237VHMLT4_L5_2.fq.gz	FALSE			
Sde-ABol_042-Ex1	SdA1104206BWGSZ_WKDL260008953-1A_237VHMLT4_L4	/archive/carpenterlab/pire/raw_sequence_archive/spratelloides_delicatulus/20260629_Sde-lcwgs	wahab	lcwgs		SdA1104206BWGSZ_WKDL260008953-1A_237VHMLT4_L4_1.fq.gz	SdA1104206BWGSZ_WKDL260008953-1A_237VHMLT4_L4_2.fq.gz	FALSE			
Sde-ABol_042-Ex1	SdA1104206BWGSZ_WKDL260008953-1A_237VHMLT4_L5	/archive/carpenterlab/pire/raw_sequence_archive/spratelloides_delicatulus/20260629_Sde-lcwgs	wahab	lcwgs		SdA1104206BWGSZ_WKDL260008953-1A_237VHMLT4_L5_1.fq.gz	SdA1104206BWGSZ_WKDL260008953-1A_237VHMLT4_L5_2.fq.gz	FALSE			
Sde-ABol_043-Ex1	SdA1104306CWGSZ_WKDL260008953-1A_237VHMLT4_L4	/archive/carpenterlab/pire/raw_sequence_archive/spratelloides_delicatulus/20260629_Sde-lcwgs	wahab	lcwgs		SdA1104306CWGSZ_WKDL260008953-1A_237VHMLT4_L4_1.fq.gz	SdA1104306CWGSZ_WKDL260008953-1A_237VHMLT4_L4_2.fq.gz	FALSE			
Sde-ABol_043-Ex1	SdA1104306CWGSZ_WKDL260008953-1A_237VHMLT4_L5	/archive/carpenterlab/pire/raw_sequence_archive/spratelloides_delicatulus/20260629_Sde-lcwgs	wahab	lcwgs		SdA1104306CWGSZ_WKDL260008953-1A_237VHMLT4_L5_1.fq.gz	SdA1104306CWGSZ_WKDL260008953-1A_237VHMLT4_L5_2.fq.gz	FALSE			
Sde-ABol_044-Ex1	SdA1104406DWGSZ_WKDL260008953-1A_237VHMLT4_L4	/archive/carpenterlab/pire/raw_sequence_archive/spratelloides_delicatulus/20260629_Sde-lcwgs	wahab	lcwgs		SdA1104406DWGSZ_WKDL260008953-1A_237VHMLT4_L4_1.fq.gz	SdA1104406DWGSZ_WKDL260008953-1A_237VHMLT4_L4_2.fq.gz	FALSE			
Sde-ABol_044-Ex1	SdA1104406DWGSZ_WKDL260008953-1A_237VHMLT4_L5	/archive/carpenterlab/pire/raw_sequence_archive/spratelloides_delicatulus/20260629_Sde-lcwgs	wahab	lcwgs		SdA1104406DWGSZ_WKDL260008953-1A_237VHMLT4_L5_1.fq.gz	SdA1104406DWGSZ_WKDL260008953-1A_237VHMLT4_L5_2.fq.gz	FALSE			
Sde-ABol_045-Ex1	SdA1104506EWGSZ_WKDL260008953-1A_237VHMLT4_L4	/archive/carpenterlab/pire/raw_sequence_archive/spratelloides_delicatulus/20260629_Sde-lcwgs	wahab	lcwgs		SdA1104506EWGSZ_WKDL260008953-1A_237VHMLT4_L4_1.fq.gz	SdA1104506EWGSZ_WKDL260008953-1A_237VHMLT4_L4_2.fq.gz	FALSE			
Sde-ABol_045-Ex1	SdA1104506EWGSZ_WKDL260008953-1A_237VHMLT4_L5	/archive/carpenterlab/pire/raw_sequence_archive/spratelloides_delicatulus/20260629_Sde-lcwgs	wahab	lcwgs		SdA1104506EWGSZ_WKDL260008953-1A_237VHMLT4_L5_1.fq.gz	SdA1104506EWGSZ_WKDL260008953-1A_237VHMLT4_L5_2.fq.gz	FALSE			
Sde-ABol_046-Ex1	SdA1104606FWGSZ_WKDL260008953-1A_237VHMLT4_L4	/archive/carpenterlab/pire/raw_sequence_archive/spratelloides_delicatulus/20260629_Sde-lcwgs	wahab	lcwgs		SdA1104606FWGSZ_WKDL260008953-1A_237VHMLT4_L4_1.fq.gz	SdA1104606FWGSZ_WKDL260008953-1A_237VHMLT4_L4_2.fq.gz	FALSE			
Sde-ABol_046-Ex1	SdA1104606FWGSZ_WKDL260008953-1A_237VHMLT4_L5	/archive/carpenterlab/pire/raw_sequence_archive/spratelloides_delicatulus/20260629_Sde-lcwgs	wahab	lcwgs		SdA1104606FWGSZ_WKDL260008953-1A_237VHMLT4_L5_1.fq.gz	SdA1104606FWGSZ_WKDL260008953-1A_237VHMLT4_L5_2.fq.gz	FALSE			
Sde-ABol_047-Ex1	SdA1104706GWGSZ_WKDL260008953-1A_237VHMLT4_L4	/archive/carpenterlab/pire/raw_sequence_archive/spratelloides_delicatulus/20260629_Sde-lcwgs	wahab	lcwgs		SdA1104706GWGSZ_WKDL260008953-1A_237VHMLT4_L4_1.fq.gz	SdA1104706GWGSZ_WKDL260008953-1A_237VHMLT4_L4_2.fq.gz	FALSE			
Sde-ABol_047-Ex1	SdA1104706GWGSZ_WKDL260008953-1A_237VHMLT4_L5	/archive/carpenterlab/pire/raw_sequence_archive/spratelloides_delicatulus/20260629_Sde-lcwgs	wahab	lcwgs		SdA1104706GWGSZ_WKDL260008953-1A_237VHMLT4_L5_1.fq.gz	SdA1104706GWGSZ_WKDL260008953-1A_237VHMLT4_L5_2.fq.gz	FALSE			
Sde-ABol_047-Ex1	SdA1104711DWGSU_WKDL260008953-1A_237VHMLT4_L4	/archive/carpenterlab/pire/raw_sequence_archive/spratelloides_delicatulus/20260629_Sde-lcwgs	wahab	lcwgs		SdA1104711DWGSU_WKDL260008953-1A_237VHMLT4_L4_1.fq.gz	SdA1104711DWGSU_WKDL260008953-1A_237VHMLT4_L4_2.fq.gz	FALSE			
Sde-ABol_047-Ex1	SdA1104711DWGSU_WKDL260008953-1A_237VHMLT4_L5	/archive/carpenterlab/pire/raw_sequence_archive/spratelloides_delicatulus/20260629_Sde-lcwgs	wahab	lcwgs		SdA1104711DWGSU_WKDL260008953-1A_237VHMLT4_L5_1.fq.gz	SdA1104711DWGSU_WKDL260008953-1A_237VHMLT4_L5_2.fq.gz	FALSE			
Sde-ABol_048-Ex1	SdA1104806HWGSZ_WKDL260008953-1A_237VHMLT4_L4	/archive/carpenterlab/pire/raw_sequence_archive/spratelloides_delicatulus/20260629_Sde-lcwgs	wahab	lcwgs		SdA1104806HWGSZ_WKDL260008953-1A_237VHMLT4_L4_1.fq.gz	SdA1104806HWGSZ_WKDL260008953-1A_237VHMLT4_L4_2.fq.gz	FALSE			
Sde-ABol_048-Ex1	SdA1104806HWGSZ_WKDL260008953-1A_237VHMLT4_L5	/archive/carpenterlab/pire/raw_sequence_archive/spratelloides_delicatulus/20260629_Sde-lcwgs	wahab	lcwgs		SdA1104806HWGSZ_WKDL260008953-1A_237VHMLT4_L5_1.fq.gz	SdA1104806HWGSZ_WKDL260008953-1A_237VHMLT4_L5_2.fq.gz	FALSE			
Sde-ABol_049-Ex1	SdA1104901EWGSU_WKDL260008953-1A_237VHMLT4_L4	/archive/carpenterlab/pire/raw_sequence_archive/spratelloides_delicatulus/20260629_Sde-lcwgs	wahab	lcwgs		SdA1104901EWGSU_WKDL260008953-1A_237VHMLT4_L4_1.fq.gz	SdA1104901EWGSU_WKDL260008953-1A_237VHMLT4_L4_2.fq.gz	FALSE			
Sde-ABol_049-Ex1	SdA1104901EWGSU_WKDL260008953-1A_237VHMLT4_L5	/archive/carpenterlab/pire/raw_sequence_archive/spratelloides_delicatulus/20260629_Sde-lcwgs	wahab	lcwgs		SdA1104901EWGSU_WKDL260008953-1A_237VHMLT4_L5_1.fq.gz	SdA1104901EWGSU_WKDL260008953-1A_237VHMLT4_L5_2.fq.gz	FALSE			
Sde-ABol_049-Ex1	SdA1104907AWGSZ_WKDL260008953-1A_237VHMLT4_L4	/archive/carpenterlab/pire/raw_sequence_archive/spratelloides_delicatulus/20260629_Sde-lcwgs	wahab	lcwgs		SdA1104907AWGSZ_WKDL260008953-1A_237VHMLT4_L4_1.fq.gz	SdA1104907AWGSZ_WKDL260008953-1A_237VHMLT4_L4_2.fq.gz	FALSE			
Sde-ABol_049-Ex1	SdA1104907AWGSZ_WKDL260008953-1A_237VHMLT4_L5	/archive/carpenterlab/pire/raw_sequence_archive/spratelloides_delicatulus/20260629_Sde-lcwgs	wahab	lcwgs		SdA1104907AWGSZ_WKDL260008953-1A_237VHMLT4_L5_1.fq.gz	SdA1104907AWGSZ_WKDL260008953-1A_237VHMLT4_L5_2.fq.gz	FALSE			
Sde-ABol_050-Ex1	SdA1105007BWGSZ_WKDL260008953-1A_237VHMLT4_L4	/archive/carpenterlab/pire/raw_sequence_archive/spratelloides_delicatulus/20260629_Sde-lcwgs	wahab	lcwgs		SdA1105007BWGSZ_WKDL260008953-1A_237VHMLT4_L4_1.fq.gz	SdA1105007BWGSZ_WKDL260008953-1A_237VHMLT4_L4_2.fq.gz	FALSE			
Sde-ABol_050-Ex1	SdA1105007BWGSZ_WKDL260008953-1A_237VHMLT4_L5	/archive/carpenterlab/pire/raw_sequence_archive/spratelloides_delicatulus/20260629_Sde-lcwgs	wahab	lcwgs		SdA1105007BWGSZ_WKDL260008953-1A_237VHMLT4_L5_1.fq.gz	SdA1105007BWGSZ_WKDL260008953-1A_237VHMLT4_L5_2.fq.gz	FALSE			
Sde-ABol_051-Ex1	SdA1105107CWGSZ_WKDL260008953-1A_237VHMLT4_L4	/archive/carpenterlab/pire/raw_sequence_archive/spratelloides_delicatulus/20260629_Sde-lcwgs	wahab	lcwgs		SdA1105107CWGSZ_WKDL260008953-1A_237VHMLT4_L4_1.fq.gz	SdA1105107CWGSZ_WKDL260008953-1A_237VHMLT4_L4_2.fq.gz	FALSE			
Sde-ABol_051-Ex1	SdA1105107CWGSZ_WKDL260008953-1A_237VHMLT4_L5	/archive/carpenterlab/pire/raw_sequence_archive/spratelloides_delicatulus/20260629_Sde-lcwgs	wahab	lcwgs		SdA1105107CWGSZ_WKDL260008953-1A_237VHMLT4_L5_1.fq.gz	SdA1105107CWGSZ_WKDL260008953-1A_237VHMLT4_L5_2.fq.gz	FALSE			
Sde-ABol_052-Ex1	SdA1105207DWGSZ_WKDL260008953-1A_237VHMLT4_L4	/archive/carpenterlab/pire/raw_sequence_archive/spratelloides_delicatulus/20260629_Sde-lcwgs	wahab	lcwgs		SdA1105207DWGSZ_WKDL260008953-1A_237VHMLT4_L4_1.fq.gz	SdA1105207DWGSZ_WKDL260008953-1A_237VHMLT4_L4_2.fq.gz	FALSE			
Sde-ABol_052-Ex1	SdA1105207DWGSZ_WKDL260008953-1A_237VHMLT4_L5	/archive/carpenterlab/pire/raw_sequence_archive/spratelloides_delicatulus/20260629_Sde-lcwgs	wahab	lcwgs		SdA1105207DWGSZ_WKDL260008953-1A_237VHMLT4_L5_1.fq.gz	SdA1105207DWGSZ_WKDL260008953-1A_237VHMLT4_L5_2.fq.gz	FALSE			
Sde-ABol_053-Ex1	SdA1105307EWGSZ_WKDL260008953-1A_237VHMLT4_L4	/archive/carpenterlab/pire/raw_sequence_archive/spratelloides_delicatulus/20260629_Sde-lcwgs	wahab	lcwgs		SdA1105307EWGSZ_WKDL260008953-1A_237VHMLT4_L4_1.fq.gz	SdA1105307EWGSZ_WKDL260008953-1A_237VHMLT4_L4_2.fq.gz	FALSE			
Sde-ABol_053-Ex1	SdA1105307EWGSZ_WKDL260008953-1A_237VHMLT4_L5	/archive/carpenterlab/pire/raw_sequence_archive/spratelloides_delicatulus/20260629_Sde-lcwgs	wahab	lcwgs		SdA1105307EWGSZ_WKDL260008953-1A_237VHMLT4_L5_1.fq.gz	SdA1105307EWGSZ_WKDL260008953-1A_237VHMLT4_L5_2.fq.gz	FALSE			
Sde-ABol_054-Ex1	SdA1105407FWGSZ_WKDL260008953-1A_237VHMLT4_L4	/archive/carpenterlab/pire/raw_sequence_archive/spratelloides_delicatulus/20260629_Sde-lcwgs	wahab	lcwgs		SdA1105407FWGSZ_WKDL260008953-1A_237VHMLT4_L4_1.fq.gz	SdA1105407FWGSZ_WKDL260008953-1A_237VHMLT4_L4_2.fq.gz	FALSE			
Sde-ABol_054-Ex1	SdA1105407FWGSZ_WKDL260008953-1A_237VHMLT4_L5	/archive/carpenterlab/pire/raw_sequence_archive/spratelloides_delicatulus/20260629_Sde-lcwgs	wahab	lcwgs		SdA1105407FWGSZ_WKDL260008953-1A_237VHMLT4_L5_1.fq.gz	SdA1105407FWGSZ_WKDL260008953-1A_237VHMLT4_L5_2.fq.gz	FALSE			
Sde-ABol_055-Ex1	SdA1105507EWGSU_WKDL260008953-1A_237VHMLT4_L4	/archive/carpenterlab/pire/raw_sequence_archive/spratelloides_delicatulus/20260629_Sde-lcwgs	wahab	lcwgs		SdA1105507EWGSU_WKDL260008953-1A_237VHMLT4_L4_1.fq.gz	SdA1105507EWGSU_WKDL260008953-1A_237VHMLT4_L4_2.fq.gz	FALSE			
Sde-ABol_055-Ex1	SdA1105507EWGSU_WKDL260008953-1A_237VHMLT4_L5	/archive/carpenterlab/pire/raw_sequence_archive/spratelloides_delicatulus/20260629_Sde-lcwgs	wahab	lcwgs		SdA1105507EWGSU_WKDL260008953-1A_237VHMLT4_L5_1.fq.gz	SdA1105507EWGSU_WKDL260008953-1A_237VHMLT4_L5_2.fq.gz	FALSE			
Sde-ABol_055-Ex1	SdA1105507GWGSZ_WKDL260008953-1A_237VHMLT4_L4	/archive/carpenterlab/pire/raw_sequence_archive/spratelloides_delicatulus/20260629_Sde-lcwgs	wahab	lcwgs		SdA1105507GWGSZ_WKDL260008953-1A_237VHMLT4_L4_1.fq.gz	SdA1105507GWGSZ_WKDL260008953-1A_237VHMLT4_L4_2.fq.gz	FALSE			
Sde-ABol_055-Ex1	SdA1105507GWGSZ_WKDL260008953-1A_237VHMLT4_L5	/archive/carpenterlab/pire/raw_sequence_archive/spratelloides_delicatulus/20260629_Sde-lcwgs	wahab	lcwgs		SdA1105507GWGSZ_WKDL260008953-1A_237VHMLT4_L5_1.fq.gz	SdA1105507GWGSZ_WKDL260008953-1A_237VHMLT4_L5_2.fq.gz	FALSE			
Sde-ABol_056-Ex1	SdA1105607HWGSZ_WKDL260008953-1A_237VHMLT4_L4	/archive/carpenterlab/pire/raw_sequence_archive/spratelloides_delicatulus/20260629_Sde-lcwgs	wahab	lcwgs		SdA1105607HWGSZ_WKDL260008953-1A_237VHMLT4_L4_1.fq.gz	SdA1105607HWGSZ_WKDL260008953-1A_237VHMLT4_L4_2.fq.gz	FALSE			
Sde-ABol_056-Ex1	SdA1105607HWGSZ_WKDL260008953-1A_237VHMLT4_L5	/archive/carpenterlab/pire/raw_sequence_archive/spratelloides_delicatulus/20260629_Sde-lcwgs	wahab	lcwgs		SdA1105607HWGSZ_WKDL260008953-1A_237VHMLT4_L5_1.fq.gz	SdA1105607HWGSZ_WKDL260008953-1A_237VHMLT4_L5_2.fq.gz	FALSE			
Sde-ABol_056-Ex1	SdA1105608EWGSU_WKDL260008953-1A_237VHMLT4_L4	/archive/carpenterlab/pire/raw_sequence_archive/spratelloides_delicatulus/20260629_Sde-lcwgs	wahab	lcwgs		SdA1105608EWGSU_WKDL260008953-1A_237VHMLT4_L4_1.fq.gz	SdA1105608EWGSU_WKDL260008953-1A_237VHMLT4_L4_2.fq.gz	FALSE			
Sde-ABol_056-Ex1	SdA1105608EWGSU_WKDL260008953-1A_237VHMLT4_L5	/archive/carpenterlab/pire/raw_sequence_archive/spratelloides_delicatulus/20260629_Sde-lcwgs	wahab	lcwgs		SdA1105608EWGSU_WKDL260008953-1A_237VHMLT4_L5_1.fq.gz	SdA1105608EWGSU_WKDL260008953-1A_237VHMLT4_L5_2.fq.gz	FALSE			
Sde-ABol_057-Ex1	SdA1105708AWGSZ_WKDL260008953-1A_237VHMLT4_L4	/archive/carpenterlab/pire/raw_sequence_archive/spratelloides_delicatulus/20260629_Sde-lcwgs	wahab	lcwgs		SdA1105708AWGSZ_WKDL260008953-1A_237VHMLT4_L4_1.fq.gz	SdA1105708AWGSZ_WKDL260008953-1A_237VHMLT4_L4_2.fq.gz	FALSE			
Sde-ABol_057-Ex1	SdA1105708AWGSZ_WKDL260008953-1A_237VHMLT4_L5	/archive/carpenterlab/pire/raw_sequence_archive/spratelloides_delicatulus/20260629_Sde-lcwgs	wahab	lcwgs		SdA1105708AWGSZ_WKDL260008953-1A_237VHMLT4_L5_1.fq.gz	SdA1105708AWGSZ_WKDL260008953-1A_237VHMLT4_L5_2.fq.gz	FALSE			
Sde-ABol_058-Ex1	SdA1105808BWGSZ_WKDL260008953-1A_237VHMLT4_L4	/archive/carpenterlab/pire/raw_sequence_archive/spratelloides_delicatulus/20260629_Sde-lcwgs	wahab	lcwgs		SdA1105808BWGSZ_WKDL260008953-1A_237VHMLT4_L4_1.fq.gz	SdA1105808BWGSZ_WKDL260008953-1A_237VHMLT4_L4_2.fq.gz	FALSE			
Sde-ABol_058-Ex1	SdA1105808BWGSZ_WKDL260008953-1A_237VHMLT4_L5	/archive/carpenterlab/pire/raw_sequence_archive/spratelloides_delicatulus/20260629_Sde-lcwgs	wahab	lcwgs		SdA1105808BWGSZ_WKDL260008953-1A_237VHMLT4_L5_1.fq.gz	SdA1105808BWGSZ_WKDL260008953-1A_237VHMLT4_L5_2.fq.gz	FALSE			
Sde-ABol_058-Ex1	SdA1105810EWGSU_WKDL260008953-1A_237VHMLT4_L4	/archive/carpenterlab/pire/raw_sequence_archive/spratelloides_delicatulus/20260629_Sde-lcwgs	wahab	lcwgs		SdA1105810EWGSU_WKDL260008953-1A_237VHMLT4_L4_1.fq.gz	SdA1105810EWGSU_WKDL260008953-1A_237VHMLT4_L4_2.fq.gz	FALSE			
Sde-ABol_058-Ex1	SdA1105810EWGSU_WKDL260008953-1A_237VHMLT4_L5	/archive/carpenterlab/pire/raw_sequence_archive/spratelloides_delicatulus/20260629_Sde-lcwgs	wahab	lcwgs		SdA1105810EWGSU_WKDL260008953-1A_237VHMLT4_L5_1.fq.gz	SdA1105810EWGSU_WKDL260008953-1A_237VHMLT4_L5_2.fq.gz	FALSE			
Sde-ABol_059-Ex1	SdA1105908CWGSZ_WKDL260008953-1A_237VHMLT4_L4	/archive/carpenterlab/pire/raw_sequence_archive/spratelloides_delicatulus/20260629_Sde-lcwgs	wahab	lcwgs		SdA1105908CWGSZ_WKDL260008953-1A_237VHMLT4_L4_1.fq.gz	SdA1105908CWGSZ_WKDL260008953-1A_237VHMLT4_L4_2.fq.gz	FALSE			
Sde-ABol_059-Ex1	SdA1105908CWGSZ_WKDL260008953-1A_237VHMLT4_L5	/archive/carpenterlab/pire/raw_sequence_archive/spratelloides_delicatulus/20260629_Sde-lcwgs	wahab	lcwgs		SdA1105908CWGSZ_WKDL260008953-1A_237VHMLT4_L5_1.fq.gz	SdA1105908CWGSZ_WKDL260008953-1A_237VHMLT4_L5_2.fq.gz	FALSE			
Sde-ABol_059-Ex1	SdA1105911EWGSU_WKDL260008953-1A_237VHMLT4_L4	/archive/carpenterlab/pire/raw_sequence_archive/spratelloides_delicatulus/20260629_Sde-lcwgs	wahab	lcwgs		SdA1105911EWGSU_WKDL260008953-1A_237VHMLT4_L4_1.fq.gz	SdA1105911EWGSU_WKDL260008953-1A_237VHMLT4_L4_2.fq.gz	FALSE			
Sde-ABol_059-Ex1	SdA1105911EWGSU_WKDL260008953-1A_237VHMLT4_L5	/archive/carpenterlab/pire/raw_sequence_archive/spratelloides_delicatulus/20260629_Sde-lcwgs	wahab	lcwgs		SdA1105911EWGSU_WKDL260008953-1A_237VHMLT4_L5_1.fq.gz	SdA1105911EWGSU_WKDL260008953-1A_237VHMLT4_L5_2.fq.gz	FALSE			
Sde-ABol_060-Ex1	SdA1106008DWGSZ_WKDL260008953-1A_237VHMLT4_L4	/archive/carpenterlab/pire/raw_sequence_archive/spratelloides_delicatulus/20260629_Sde-lcwgs	wahab	lcwgs		SdA1106008DWGSZ_WKDL260008953-1A_237VHMLT4_L4_1.fq.gz	SdA1106008DWGSZ_WKDL260008953-1A_237VHMLT4_L4_2.fq.gz	FALSE			
Sde-ABol_060-Ex1	SdA1106008DWGSZ_WKDL260008953-1A_237VHMLT4_L5	/archive/carpenterlab/pire/raw_sequence_archive/spratelloides_delicatulus/20260629_Sde-lcwgs	wahab	lcwgs		SdA1106008DWGSZ_WKDL260008953-1A_237VHMLT4_L5_1.fq.gz	SdA1106008DWGSZ_WKDL260008953-1A_237VHMLT4_L5_2.fq.gz	FALSE			
Sde-ABol_061-Ex1	SdA1106108EWGSZ_WKDL260008953-1A_237VHMLT4_L4	/archive/carpenterlab/pire/raw_sequence_archive/spratelloides_delicatulus/20260629_Sde-lcwgs	wahab	lcwgs		SdA1106108EWGSZ_WKDL260008953-1A_237VHMLT4_L4_1.fq.gz	SdA1106108EWGSZ_WKDL260008953-1A_237VHMLT4_L4_2.fq.gz	FALSE			
Sde-ABol_061-Ex1	SdA1106108EWGSZ_WKDL260008953-1A_237VHMLT4_L5	/archive/carpenterlab/pire/raw_sequence_archive/spratelloides_delicatulus/20260629_Sde-lcwgs	wahab	lcwgs		SdA1106108EWGSZ_WKDL260008953-1A_237VHMLT4_L5_1.fq.gz	SdA1106108EWGSZ_WKDL260008953-1A_237VHMLT4_L5_2.fq.gz	FALSE			
Sde-ABol_062-Ex1	SdA1106208FWGSZ_WKDL260008953-1A_237VHMLT4_L4	/archive/carpenterlab/pire/raw_sequence_archive/spratelloides_delicatulus/20260629_Sde-lcwgs	wahab	lcwgs		SdA1106208FWGSZ_WKDL260008953-1A_237VHMLT4_L4_1.fq.gz	SdA1106208FWGSZ_WKDL260008953-1A_237VHMLT4_L4_2.fq.gz	FALSE			
Sde-ABol_062-Ex1	SdA1106208FWGSZ_WKDL260008953-1A_237VHMLT4_L5	/archive/carpenterlab/pire/raw_sequence_archive/spratelloides_delicatulus/20260629_Sde-lcwgs	wahab	lcwgs		SdA1106208FWGSZ_WKDL260008953-1A_237VHMLT4_L5_1.fq.gz	SdA1106208FWGSZ_WKDL260008953-1A_237VHMLT4_L5_2.fq.gz	FALSE			
Sde-ABol_063-Ex1	SdA1106308GWGSZ_WKDL260008953-1A_237VHMLT4_L4	/archive/carpenterlab/pire/raw_sequence_archive/spratelloides_delicatulus/20260629_Sde-lcwgs	wahab	lcwgs		SdA1106308GWGSZ_WKDL260008953-1A_237VHMLT4_L4_1.fq.gz	SdA1106308GWGSZ_WKDL260008953-1A_237VHMLT4_L4_2.fq.gz	FALSE			
Sde-ABol_063-Ex1	SdA1106308GWGSZ_WKDL260008953-1A_237VHMLT4_L5	/archive/carpenterlab/pire/raw_sequence_archive/spratelloides_delicatulus/20260629_Sde-lcwgs	wahab	lcwgs		SdA1106308GWGSZ_WKDL260008953-1A_237VHMLT4_L5_1.fq.gz	SdA1106308GWGSZ_WKDL260008953-1A_237VHMLT4_L5_2.fq.gz	FALSE			
Sde-ABol_064-Ex1	SdA1106408HWGSZ_WKDL260008953-1A_237VHMLT4_L4	/archive/carpenterlab/pire/raw_sequence_archive/spratelloides_delicatulus/20260629_Sde-lcwgs	wahab	lcwgs		SdA1106408HWGSZ_WKDL260008953-1A_237VHMLT4_L4_1.fq.gz	SdA1106408HWGSZ_WKDL260008953-1A_237VHMLT4_L4_2.fq.gz	FALSE			
Sde-ABol_064-Ex1	SdA1106408HWGSZ_WKDL260008953-1A_237VHMLT4_L5	/archive/carpenterlab/pire/raw_sequence_archive/spratelloides_delicatulus/20260629_Sde-lcwgs	wahab	lcwgs		SdA1106408HWGSZ_WKDL260008953-1A_237VHMLT4_L5_1.fq.gz	SdA1106408HWGSZ_WKDL260008953-1A_237VHMLT4_L5_2.fq.gz	FALSE			
Sde-ABol_065-Ex1	SdA1106509AWGSZ_WKDL260008953-1A_237VHMLT4_L4	/archive/carpenterlab/pire/raw_sequence_archive/spratelloides_delicatulus/20260629_Sde-lcwgs	wahab	lcwgs		SdA1106509AWGSZ_WKDL260008953-1A_237VHMLT4_L4_1.fq.gz	SdA1106509AWGSZ_WKDL260008953-1A_237VHMLT4_L4_2.fq.gz	FALSE			
Sde-ABol_065-Ex1	SdA1106509AWGSZ_WKDL260008953-1A_237VHMLT4_L5	/archive/carpenterlab/pire/raw_sequence_archive/spratelloides_delicatulus/20260629_Sde-lcwgs	wahab	lcwgs		SdA1106509AWGSZ_WKDL260008953-1A_237VHMLT4_L5_1.fq.gz	SdA1106509AWGSZ_WKDL260008953-1A_237VHMLT4_L5_2.fq.gz	FALSE			
Sde-ABol_066-Ex1	SdA1106609BWGSZ_WKDL260008953-1A_237VHMLT4_L4	/archive/carpenterlab/pire/raw_sequence_archive/spratelloides_delicatulus/20260629_Sde-lcwgs	wahab	lcwgs		SdA1106609BWGSZ_WKDL260008953-1A_237VHMLT4_L4_1.fq.gz	SdA1106609BWGSZ_WKDL260008953-1A_237VHMLT4_L4_2.fq.gz	FALSE			
Sde-ABol_066-Ex1	SdA1106609BWGSZ_WKDL260008953-1A_237VHMLT4_L5	/archive/carpenterlab/pire/raw_sequence_archive/spratelloides_delicatulus/20260629_Sde-lcwgs	wahab	lcwgs		SdA1106609BWGSZ_WKDL260008953-1A_237VHMLT4_L5_1.fq.gz	SdA1106609BWGSZ_WKDL260008953-1A_237VHMLT4_L5_2.fq.gz	FALSE			
Sde-ABol_067-Ex1	SdA1106709CWGSZ_WKDL260008953-1A_237VHMLT4_L4	/archive/carpenterlab/pire/raw_sequence_archive/spratelloides_delicatulus/20260629_Sde-lcwgs	wahab	lcwgs		SdA1106709CWGSZ_WKDL260008953-1A_237VHMLT4_L4_1.fq.gz	SdA1106709CWGSZ_WKDL260008953-1A_237VHMLT4_L4_2.fq.gz	FALSE			
Sde-ABol_067-Ex1	SdA1106709CWGSZ_WKDL260008953-1A_237VHMLT4_L5	/archive/carpenterlab/pire/raw_sequence_archive/spratelloides_delicatulus/20260629_Sde-lcwgs	wahab	lcwgs		SdA1106709CWGSZ_WKDL260008953-1A_237VHMLT4_L5_1.fq.gz	SdA1106709CWGSZ_WKDL260008953-1A_237VHMLT4_L5_2.fq.gz	FALSE			
Sde-ABol_068-Ex1	SdA1106809DWGSZ_WKDL260008953-1A_237VHMLT4_L4	/archive/carpenterlab/pire/raw_sequence_archive/spratelloides_delicatulus/20260629_Sde-lcwgs	wahab	lcwgs		SdA1106809DWGSZ_WKDL260008953-1A_237VHMLT4_L4_1.fq.gz	SdA1106809DWGSZ_WKDL260008953-1A_237VHMLT4_L4_2.fq.gz	FALSE			
Sde-ABol_068-Ex1	SdA1106809DWGSZ_WKDL260008953-1A_237VHMLT4_L5	/archive/carpenterlab/pire/raw_sequence_archive/spratelloides_delicatulus/20260629_Sde-lcwgs	wahab	lcwgs		SdA1106809DWGSZ_WKDL260008953-1A_237VHMLT4_L5_1.fq.gz	SdA1106809DWGSZ_WKDL260008953-1A_237VHMLT4_L5_2.fq.gz	FALSE			
Sde-ABol_069-Ex1	SdA1106909EWGSZ_WKDL260008953-1A_237VHMLT4_L4	/archive/carpenterlab/pire/raw_sequence_archive/spratelloides_delicatulus/20260629_Sde-lcwgs	wahab	lcwgs		SdA1106909EWGSZ_WKDL260008953-1A_237VHMLT4_L4_1.fq.gz	SdA1106909EWGSZ_WKDL260008953-1A_237VHMLT4_L4_2.fq.gz	FALSE			
Sde-ABol_069-Ex1	SdA1106909EWGSZ_WKDL260008953-1A_237VHMLT4_L5	/archive/carpenterlab/pire/raw_sequence_archive/spratelloides_delicatulus/20260629_Sde-lcwgs	wahab	lcwgs		SdA1106909EWGSZ_WKDL260008953-1A_237VHMLT4_L5_1.fq.gz	SdA1106909EWGSZ_WKDL260008953-1A_237VHMLT4_L5_2.fq.gz	FALSE			
Sde-ABol_070-Ex1	SdA1107009FWGSZ_WKDL260008953-1A_237VHMLT4_L4	/archive/carpenterlab/pire/raw_sequence_archive/spratelloides_delicatulus/20260629_Sde-lcwgs	wahab	lcwgs		SdA1107009FWGSZ_WKDL260008953-1A_237VHMLT4_L4_1.fq.gz	SdA1107009FWGSZ_WKDL260008953-1A_237VHMLT4_L4_2.fq.gz	FALSE			
Sde-ABol_070-Ex1	SdA1107009FWGSZ_WKDL260008953-1A_237VHMLT4_L5	/archive/carpenterlab/pire/raw_sequence_archive/spratelloides_delicatulus/20260629_Sde-lcwgs	wahab	lcwgs		SdA1107009FWGSZ_WKDL260008953-1A_237VHMLT4_L5_1.fq.gz	SdA1107009FWGSZ_WKDL260008953-1A_237VHMLT4_L5_2.fq.gz	FALSE			
Sde-ABol_071-Ex1	SdA1107109GWGSZ_WKDL260008953-1A_237VHMLT4_L4	/archive/carpenterlab/pire/raw_sequence_archive/spratelloides_delicatulus/20260629_Sde-lcwgs	wahab	lcwgs		SdA1107109GWGSZ_WKDL260008953-1A_237VHMLT4_L4_1.fq.gz	SdA1107109GWGSZ_WKDL260008953-1A_237VHMLT4_L4_2.fq.gz	FALSE			
Sde-ABol_071-Ex1	SdA1107109GWGSZ_WKDL260008953-1A_237VHMLT4_L5	/archive/carpenterlab/pire/raw_sequence_archive/spratelloides_delicatulus/20260629_Sde-lcwgs	wahab	lcwgs		SdA1107109GWGSZ_WKDL260008953-1A_237VHMLT4_L5_1.fq.gz	SdA1107109GWGSZ_WKDL260008953-1A_237VHMLT4_L5_2.fq.gz	FALSE			
Sde-ABol_072-Ex1	SdA1107209HWGSZ_WKDL260008953-1A_237VHMLT4_L4	/archive/carpenterlab/pire/raw_sequence_archive/spratelloides_delicatulus/20260629_Sde-lcwgs	wahab	lcwgs		SdA1107209HWGSZ_WKDL260008953-1A_237VHMLT4_L4_1.fq.gz	SdA1107209HWGSZ_WKDL260008953-1A_237VHMLT4_L4_2.fq.gz	FALSE			
Sde-ABol_072-Ex1	SdA1107209HWGSZ_WKDL260008953-1A_237VHMLT4_L5	/archive/carpenterlab/pire/raw_sequence_archive/spratelloides_delicatulus/20260629_Sde-lcwgs	wahab	lcwgs		SdA1107209HWGSZ_WKDL260008953-1A_237VHMLT4_L5_1.fq.gz	SdA1107209HWGSZ_WKDL260008953-1A_237VHMLT4_L5_2.fq.gz	FALSE			
Sde-ABol_072-Ex1	SdA1107212FWGSU_WKDL260008953-1A_237VHMLT4_L4	/archive/carpenterlab/pire/raw_sequence_archive/spratelloides_delicatulus/20260629_Sde-lcwgs	wahab	lcwgs		SdA1107212FWGSU_WKDL260008953-1A_237VHMLT4_L4_1.fq.gz	SdA1107212FWGSU_WKDL260008953-1A_237VHMLT4_L4_2.fq.gz	FALSE			
Sde-ABol_072-Ex1	SdA1107212FWGSU_WKDL260008953-1A_237VHMLT4_L5	/archive/carpenterlab/pire/raw_sequence_archive/spratelloides_delicatulus/20260629_Sde-lcwgs	wahab	lcwgs		SdA1107212FWGSU_WKDL260008953-1A_237VHMLT4_L5_1.fq.gz	SdA1107212FWGSU_WKDL260008953-1A_237VHMLT4_L5_2.fq.gz	FALSE			
Sde-ABol_073-Ex1	SdA1107310AWGSZ_WKDL260008953-1A_237VHMLT4_L4	/archive/carpenterlab/pire/raw_sequence_archive/spratelloides_delicatulus/20260629_Sde-lcwgs	wahab	lcwgs		SdA1107310AWGSZ_WKDL260008953-1A_237VHMLT4_L4_1.fq.gz	SdA1107310AWGSZ_WKDL260008953-1A_237VHMLT4_L4_2.fq.gz	FALSE			
Sde-ABol_073-Ex1	SdA1107310AWGSZ_WKDL260008953-1A_237VHMLT4_L5	/archive/carpenterlab/pire/raw_sequence_archive/spratelloides_delicatulus/20260629_Sde-lcwgs	wahab	lcwgs		SdA1107310AWGSZ_WKDL260008953-1A_237VHMLT4_L5_1.fq.gz	SdA1107310AWGSZ_WKDL260008953-1A_237VHMLT4_L5_2.fq.gz	FALSE			
Sde-ABol_074-Ex1	SdA1107410BWGSZ_WKDL260008953-1A_237VHMLT4_L4	/archive/carpenterlab/pire/raw_sequence_archive/spratelloides_delicatulus/20260629_Sde-lcwgs	wahab	lcwgs		SdA1107410BWGSZ_WKDL260008953-1A_237VHMLT4_L4_1.fq.gz	SdA1107410BWGSZ_WKDL260008953-1A_237VHMLT4_L4_2.fq.gz	FALSE			
Sde-ABol_074-Ex1	SdA1107410BWGSZ_WKDL260008953-1A_237VHMLT4_L5	/archive/carpenterlab/pire/raw_sequence_archive/spratelloides_delicatulus/20260629_Sde-lcwgs	wahab	lcwgs		SdA1107410BWGSZ_WKDL260008953-1A_237VHMLT4_L5_1.fq.gz	SdA1107410BWGSZ_WKDL260008953-1A_237VHMLT4_L5_2.fq.gz	FALSE			
Sde-ABol_075-Ex1	SdA1107510CWGSZ_WKDL260008953-1A_237VHMLT4_L4	/archive/carpenterlab/pire/raw_sequence_archive/spratelloides_delicatulus/20260629_Sde-lcwgs	wahab	lcwgs		SdA1107510CWGSZ_WKDL260008953-1A_237VHMLT4_L4_1.fq.gz	SdA1107510CWGSZ_WKDL260008953-1A_237VHMLT4_L4_2.fq.gz	FALSE			
Sde-ABol_075-Ex1	SdA1107510CWGSZ_WKDL260008953-1A_237VHMLT4_L5	/archive/carpenterlab/pire/raw_sequence_archive/spratelloides_delicatulus/20260629_Sde-lcwgs	wahab	lcwgs		SdA1107510CWGSZ_WKDL260008953-1A_237VHMLT4_L5_1.fq.gz	SdA1107510CWGSZ_WKDL260008953-1A_237VHMLT4_L5_2.fq.gz	FALSE			
Sde-ABol_076-Ex1	SdA1107610DWGSZ_WKDL260008953-1A_237VHMLT4_L4	/archive/carpenterlab/pire/raw_sequence_archive/spratelloides_delicatulus/20260629_Sde-lcwgs	wahab	lcwgs		SdA1107610DWGSZ_WKDL260008953-1A_237VHMLT4_L4_1.fq.gz	SdA1107610DWGSZ_WKDL260008953-1A_237VHMLT4_L4_2.fq.gz	FALSE			
Sde-ABol_076-Ex1	SdA1107610DWGSZ_WKDL260008953-1A_237VHMLT4_L5	/archive/carpenterlab/pire/raw_sequence_archive/spratelloides_delicatulus/20260629_Sde-lcwgs	wahab	lcwgs		SdA1107610DWGSZ_WKDL260008953-1A_237VHMLT4_L5_1.fq.gz	SdA1107610DWGSZ_WKDL260008953-1A_237VHMLT4_L5_2.fq.gz	FALSE			
Sde-ABol_077-Ex1	SdA1107710EWGSZ_WKDL260008953-1A_237VHMLT4_L4	/archive/carpenterlab/pire/raw_sequence_archive/spratelloides_delicatulus/20260629_Sde-lcwgs	wahab	lcwgs		SdA1107710EWGSZ_WKDL260008953-1A_237VHMLT4_L4_1.fq.gz	SdA1107710EWGSZ_WKDL260008953-1A_237VHMLT4_L4_2.fq.gz	FALSE			
Sde-ABol_077-Ex1	SdA1107710EWGSZ_WKDL260008953-1A_237VHMLT4_L5	/archive/carpenterlab/pire/raw_sequence_archive/spratelloides_delicatulus/20260629_Sde-lcwgs	wahab	lcwgs		SdA1107710EWGSZ_WKDL260008953-1A_237VHMLT4_L5_1.fq.gz	SdA1107710EWGSZ_WKDL260008953-1A_237VHMLT4_L5_2.fq.gz	FALSE			
Sde-ABol_078-Ex1	SdA1107810FWGSZ_WKDL260008953-1A_237VHMLT4_L4	/archive/carpenterlab/pire/raw_sequence_archive/spratelloides_delicatulus/20260629_Sde-lcwgs	wahab	lcwgs		SdA1107810FWGSZ_WKDL260008953-1A_237VHMLT4_L4_1.fq.gz	SdA1107810FWGSZ_WKDL260008953-1A_237VHMLT4_L4_2.fq.gz	FALSE			
Sde-ABol_078-Ex1	SdA1107810FWGSZ_WKDL260008953-1A_237VHMLT4_L5	/archive/carpenterlab/pire/raw_sequence_archive/spratelloides_delicatulus/20260629_Sde-lcwgs	wahab	lcwgs		SdA1107810FWGSZ_WKDL260008953-1A_237VHMLT4_L5_1.fq.gz	SdA1107810FWGSZ_WKDL260008953-1A_237VHMLT4_L5_2.fq.gz	FALSE			
Sde-ABol_079-Ex1	SdA1107910GWGSZ_WKDL260008953-1A_237VHMLT4_L4	/archive/carpenterlab/pire/raw_sequence_archive/spratelloides_delicatulus/20260629_Sde-lcwgs	wahab	lcwgs		SdA1107910GWGSZ_WKDL260008953-1A_237VHMLT4_L4_1.fq.gz	SdA1107910GWGSZ_WKDL260008953-1A_237VHMLT4_L4_2.fq.gz	FALSE			
Sde-ABol_079-Ex1	SdA1107910GWGSZ_WKDL260008953-1A_237VHMLT4_L5	/archive/carpenterlab/pire/raw_sequence_archive/spratelloides_delicatulus/20260629_Sde-lcwgs	wahab	lcwgs		SdA1107910GWGSZ_WKDL260008953-1A_237VHMLT4_L5_1.fq.gz	SdA1107910GWGSZ_WKDL260008953-1A_237VHMLT4_L5_2.fq.gz	FALSE			
Sde-ABol_080-Ex1	SdA1108010HWGSZ_WKDL260008953-1A_237VHMLT4_L4	/archive/carpenterlab/pire/raw_sequence_archive/spratelloides_delicatulus/20260629_Sde-lcwgs	wahab	lcwgs		SdA1108010HWGSZ_WKDL260008953-1A_237VHMLT4_L4_1.fq.gz	SdA1108010HWGSZ_WKDL260008953-1A_237VHMLT4_L4_2.fq.gz	FALSE			
Sde-ABol_080-Ex1	SdA1108010HWGSZ_WKDL260008953-1A_237VHMLT4_L5	/archive/carpenterlab/pire/raw_sequence_archive/spratelloides_delicatulus/20260629_Sde-lcwgs	wahab	lcwgs		SdA1108010HWGSZ_WKDL260008953-1A_237VHMLT4_L5_1.fq.gz	SdA1108010HWGSZ_WKDL260008953-1A_237VHMLT4_L5_2.fq.gz	FALSE			
Sde-ABol_081-Ex1	SdA1108111AWGSZ_WKDL260008953-1A_237VHMLT4_L4	/archive/carpenterlab/pire/raw_sequence_archive/spratelloides_delicatulus/20260629_Sde-lcwgs	wahab	lcwgs		SdA1108111AWGSZ_WKDL260008953-1A_237VHMLT4_L4_1.fq.gz	SdA1108111AWGSZ_WKDL260008953-1A_237VHMLT4_L4_2.fq.gz	FALSE			
Sde-ABol_081-Ex1	SdA1108111AWGSZ_WKDL260008953-1A_237VHMLT4_L5	/archive/carpenterlab/pire/raw_sequence_archive/spratelloides_delicatulus/20260629_Sde-lcwgs	wahab	lcwgs		SdA1108111AWGSZ_WKDL260008953-1A_237VHMLT4_L5_1.fq.gz	SdA1108111AWGSZ_WKDL260008953-1A_237VHMLT4_L5_2.fq.gz	FALSE			
Sde-ABol_082-Ex1	SdA1108211BWGSZ_WKDL260008953-1A_237VHMLT4_L4	/archive/carpenterlab/pire/raw_sequence_archive/spratelloides_delicatulus/20260629_Sde-lcwgs	wahab	lcwgs		SdA1108211BWGSZ_WKDL260008953-1A_237VHMLT4_L4_1.fq.gz	SdA1108211BWGSZ_WKDL260008953-1A_237VHMLT4_L4_2.fq.gz	FALSE			
Sde-ABol_082-Ex1	SdA1108211BWGSZ_WKDL260008953-1A_237VHMLT4_L5	/archive/carpenterlab/pire/raw_sequence_archive/spratelloides_delicatulus/20260629_Sde-lcwgs	wahab	lcwgs		SdA1108211BWGSZ_WKDL260008953-1A_237VHMLT4_L5_1.fq.gz	SdA1108211BWGSZ_WKDL260008953-1A_237VHMLT4_L5_2.fq.gz	FALSE			
Sde-ABol_083-Ex1	SdA1108311CWGSZ_WKDL260008953-1A_237VHMLT4_L4	/archive/carpenterlab/pire/raw_sequence_archive/spratelloides_delicatulus/20260629_Sde-lcwgs	wahab	lcwgs		SdA1108311CWGSZ_WKDL260008953-1A_237VHMLT4_L4_1.fq.gz	SdA1108311CWGSZ_WKDL260008953-1A_237VHMLT4_L4_2.fq.gz	FALSE			
Sde-ABol_083-Ex1	SdA1108311CWGSZ_WKDL260008953-1A_237VHMLT4_L5	/archive/carpenterlab/pire/raw_sequence_archive/spratelloides_delicatulus/20260629_Sde-lcwgs	wahab	lcwgs		SdA1108311CWGSZ_WKDL260008953-1A_237VHMLT4_L5_1.fq.gz	SdA1108311CWGSZ_WKDL260008953-1A_237VHMLT4_L5_2.fq.gz	FALSE			
Sde-ABol_084-Ex1	SdA1108411DWGSZ_WKDL260008953-1A_237VHMLT4_L4	/archive/carpenterlab/pire/raw_sequence_archive/spratelloides_delicatulus/20260629_Sde-lcwgs	wahab	lcwgs		SdA1108411DWGSZ_WKDL260008953-1A_237VHMLT4_L4_1.fq.gz	SdA1108411DWGSZ_WKDL260008953-1A_237VHMLT4_L4_2.fq.gz	FALSE			
Sde-ABol_084-Ex1	SdA1108411DWGSZ_WKDL260008953-1A_237VHMLT4_L5	/archive/carpenterlab/pire/raw_sequence_archive/spratelloides_delicatulus/20260629_Sde-lcwgs	wahab	lcwgs		SdA1108411DWGSZ_WKDL260008953-1A_237VHMLT4_L5_1.fq.gz	SdA1108411DWGSZ_WKDL260008953-1A_237VHMLT4_L5_2.fq.gz	FALSE			
Sde-ABol_085-Ex1	SdA1108511EWGSZ_WKDL260008953-1A_237VHMLT4_L4	/archive/carpenterlab/pire/raw_sequence_archive/spratelloides_delicatulus/20260629_Sde-lcwgs	wahab	lcwgs		SdA1108511EWGSZ_WKDL260008953-1A_237VHMLT4_L4_1.fq.gz	SdA1108511EWGSZ_WKDL260008953-1A_237VHMLT4_L4_2.fq.gz	FALSE			
Sde-ABol_085-Ex1	SdA1108511EWGSZ_WKDL260008953-1A_237VHMLT4_L5	/archive/carpenterlab/pire/raw_sequence_archive/spratelloides_delicatulus/20260629_Sde-lcwgs	wahab	lcwgs		SdA1108511EWGSZ_WKDL260008953-1A_237VHMLT4_L5_1.fq.gz	SdA1108511EWGSZ_WKDL260008953-1A_237VHMLT4_L5_2.fq.gz	FALSE			
Sde-ABol_086-Ex1	SdA1108611FWGSZ_WKDL260008953-1A_237VHMLT4_L4	/archive/carpenterlab/pire/raw_sequence_archive/spratelloides_delicatulus/20260629_Sde-lcwgs	wahab	lcwgs		SdA1108611FWGSZ_WKDL260008953-1A_237VHMLT4_L4_1.fq.gz	SdA1108611FWGSZ_WKDL260008953-1A_237VHMLT4_L4_2.fq.gz	FALSE			
Sde-ABol_086-Ex1	SdA1108611FWGSZ_WKDL260008953-1A_237VHMLT4_L5	/archive/carpenterlab/pire/raw_sequence_archive/spratelloides_delicatulus/20260629_Sde-lcwgs	wahab	lcwgs		SdA1108611FWGSZ_WKDL260008953-1A_237VHMLT4_L5_1.fq.gz	SdA1108611FWGSZ_WKDL260008953-1A_237VHMLT4_L5_2.fq.gz	FALSE			
Sde-ABol_087-Ex1	SdA1108711GWGSZ_WKDL260008953-1A_237VHMLT4_L4	/archive/carpenterlab/pire/raw_sequence_archive/spratelloides_delicatulus/20260629_Sde-lcwgs	wahab	lcwgs		SdA1108711GWGSZ_WKDL260008953-1A_237VHMLT4_L4_1.fq.gz	SdA1108711GWGSZ_WKDL260008953-1A_237VHMLT4_L4_2.fq.gz	FALSE			
Sde-ABol_087-Ex1	SdA1108711GWGSZ_WKDL260008953-1A_237VHMLT4_L5	/archive/carpenterlab/pire/raw_sequence_archive/spratelloides_delicatulus/20260629_Sde-lcwgs	wahab	lcwgs		SdA1108711GWGSZ_WKDL260008953-1A_237VHMLT4_L5_1.fq.gz	SdA1108711GWGSZ_WKDL260008953-1A_237VHMLT4_L5_2.fq.gz	FALSE			
Sde-ABol_088-Ex1	SdA1108811HWGSZ_WKDL260008953-1A_237VHMLT4_L4	/archive/carpenterlab/pire/raw_sequence_archive/spratelloides_delicatulus/20260629_Sde-lcwgs	wahab	lcwgs		SdA1108811HWGSZ_WKDL260008953-1A_237VHMLT4_L4_1.fq.gz	SdA1108811HWGSZ_WKDL260008953-1A_237VHMLT4_L4_2.fq.gz	FALSE			
Sde-ABol_088-Ex1	SdA1108811HWGSZ_WKDL260008953-1A_237VHMLT4_L5	/archive/carpenterlab/pire/raw_sequence_archive/spratelloides_delicatulus/20260629_Sde-lcwgs	wahab	lcwgs		SdA1108811HWGSZ_WKDL260008953-1A_237VHMLT4_L5_1.fq.gz	SdA1108811HWGSZ_WKDL260008953-1A_237VHMLT4_L5_2.fq.gz	FALSE			
Sde-ABol_089-Ex1	SdA1108912AWGSZ_WKDL260008953-1A_237VHMLT4_L4	/archive/carpenterlab/pire/raw_sequence_archive/spratelloides_delicatulus/20260629_Sde-lcwgs	wahab	lcwgs		SdA1108912AWGSZ_WKDL260008953-1A_237VHMLT4_L4_1.fq.gz	SdA1108912AWGSZ_WKDL260008953-1A_237VHMLT4_L4_2.fq.gz	FALSE			
Sde-ABol_089-Ex1	SdA1108912AWGSZ_WKDL260008953-1A_237VHMLT4_L5	/archive/carpenterlab/pire/raw_sequence_archive/spratelloides_delicatulus/20260629_Sde-lcwgs	wahab	lcwgs		SdA1108912AWGSZ_WKDL260008953-1A_237VHMLT4_L5_1.fq.gz	SdA1108912AWGSZ_WKDL260008953-1A_237VHMLT4_L5_2.fq.gz	FALSE			
Sde-ABol_090-Ex1	SdA1109012BWGSZ_WKDL260008953-1A_237VHMLT4_L4	/archive/carpenterlab/pire/raw_sequence_archive/spratelloides_delicatulus/20260629_Sde-lcwgs	wahab	lcwgs		SdA1109012BWGSZ_WKDL260008953-1A_237VHMLT4_L4_1.fq.gz	SdA1109012BWGSZ_WKDL260008953-1A_237VHMLT4_L4_2.fq.gz	FALSE			
Sde-ABol_090-Ex1	SdA1109012BWGSZ_WKDL260008953-1A_237VHMLT4_L5	/archive/carpenterlab/pire/raw_sequence_archive/spratelloides_delicatulus/20260629_Sde-lcwgs	wahab	lcwgs		SdA1109012BWGSZ_WKDL260008953-1A_237VHMLT4_L5_1.fq.gz	SdA1109012BWGSZ_WKDL260008953-1A_237VHMLT4_L5_2.fq.gz	FALSE			
Sde-ABol_091-Ex1	SdA1109112CWGSZ_WKDL260008953-1A_237VHMLT4_L4	/archive/carpenterlab/pire/raw_sequence_archive/spratelloides_delicatulus/20260629_Sde-lcwgs	wahab	lcwgs		SdA1109112CWGSZ_WKDL260008953-1A_237VHMLT4_L4_1.fq.gz	SdA1109112CWGSZ_WKDL260008953-1A_237VHMLT4_L4_2.fq.gz	FALSE			
Sde-ABol_091-Ex1	SdA1109112CWGSZ_WKDL260008953-1A_237VHMLT4_L5	/archive/carpenterlab/pire/raw_sequence_archive/spratelloides_delicatulus/20260629_Sde-lcwgs	wahab	lcwgs		SdA1109112CWGSZ_WKDL260008953-1A_237VHMLT4_L5_1.fq.gz	SdA1109112CWGSZ_WKDL260008953-1A_237VHMLT4_L5_2.fq.gz	FALSE			
Sde-ABol_092-Ex1	SdA1109212DWGSZ_WKDL260008953-1A_237VHMLT4_L4	/archive/carpenterlab/pire/raw_sequence_archive/spratelloides_delicatulus/20260629_Sde-lcwgs	wahab	lcwgs		SdA1109212DWGSZ_WKDL260008953-1A_237VHMLT4_L4_1.fq.gz	SdA1109212DWGSZ_WKDL260008953-1A_237VHMLT4_L4_2.fq.gz	FALSE			
Sde-ABol_092-Ex1	SdA1109212DWGSZ_WKDL260008953-1A_237VHMLT4_L5	/archive/carpenterlab/pire/raw_sequence_archive/spratelloides_delicatulus/20260629_Sde-lcwgs	wahab	lcwgs		SdA1109212DWGSZ_WKDL260008953-1A_237VHMLT4_L5_1.fq.gz	SdA1109212DWGSZ_WKDL260008953-1A_237VHMLT4_L5_2.fq.gz	FALSE			
Sde-ABol_093-Ex1	SdA1109312EWGSZ_WKDL260008953-1A_237VHMLT4_L4	/archive/carpenterlab/pire/raw_sequence_archive/spratelloides_delicatulus/20260629_Sde-lcwgs	wahab	lcwgs		SdA1109312EWGSZ_WKDL260008953-1A_237VHMLT4_L4_1.fq.gz	SdA1109312EWGSZ_WKDL260008953-1A_237VHMLT4_L4_2.fq.gz	FALSE			
Sde-ABol_093-Ex1	SdA1109312EWGSZ_WKDL260008953-1A_237VHMLT4_L5	/archive/carpenterlab/pire/raw_sequence_archive/spratelloides_delicatulus/20260629_Sde-lcwgs	wahab	lcwgs		SdA1109312EWGSZ_WKDL260008953-1A_237VHMLT4_L5_1.fq.gz	SdA1109312EWGSZ_WKDL260008953-1A_237VHMLT4_L5_2.fq.gz	FALSE			
Sde-ABol_094-Ex1	SdA1109412FWGSZ_WKDL260008953-1A_237VHMLT4_L4	/archive/carpenterlab/pire/raw_sequence_archive/spratelloides_delicatulus/20260629_Sde-lcwgs	wahab	lcwgs		SdA1109412FWGSZ_WKDL260008953-1A_237VHMLT4_L4_1.fq.gz	SdA1109412FWGSZ_WKDL260008953-1A_237VHMLT4_L4_2.fq.gz	FALSE			
Sde-ABol_094-Ex1	SdA1109412FWGSZ_WKDL260008953-1A_237VHMLT4_L5	/archive/carpenterlab/pire/raw_sequence_archive/spratelloides_delicatulus/20260629_Sde-lcwgs	wahab	lcwgs		SdA1109412FWGSZ_WKDL260008953-1A_237VHMLT4_L5_1.fq.gz	SdA1109412FWGSZ_WKDL260008953-1A_237VHMLT4_L5_2.fq.gz	FALSE			
Sde-ABol_095-Ex1	SdA1109512GWGSZ_WKDL260008953-1A_237VHMLT4_L4	/archive/carpenterlab/pire/raw_sequence_archive/spratelloides_delicatulus/20260629_Sde-lcwgs	wahab	lcwgs		SdA1109512GWGSZ_WKDL260008953-1A_237VHMLT4_L4_1.fq.gz	SdA1109512GWGSZ_WKDL260008953-1A_237VHMLT4_L4_2.fq.gz	FALSE			
Sde-ABol_095-Ex1	SdA1109512GWGSZ_WKDL260008953-1A_237VHMLT4_L5	/archive/carpenterlab/pire/raw_sequence_archive/spratelloides_delicatulus/20260629_Sde-lcwgs	wahab	lcwgs		SdA1109512GWGSZ_WKDL260008953-1A_237VHMLT4_L5_1.fq.gz	SdA1109512GWGSZ_WKDL260008953-1A_237VHMLT4_L5_2.fq.gz	FALSE			
Sde-ABol_096-Ex1	SdA1109612HWGSZ_WKDL260008953-1A_237VHMLT4_L4	/archive/carpenterlab/pire/raw_sequence_archive/spratelloides_delicatulus/20260629_Sde-lcwgs	wahab	lcwgs		SdA1109612HWGSZ_WKDL260008953-1A_237VHMLT4_L4_1.fq.gz	SdA1109612HWGSZ_WKDL260008953-1A_237VHMLT4_L4_2.fq.gz	FALSE			
Sde-ABol_096-Ex1	SdA1109612HWGSZ_WKDL260008953-1A_237VHMLT4_L5	/archive/carpenterlab/pire/raw_sequence_archive/spratelloides_delicatulus/20260629_Sde-lcwgs	wahab	lcwgs		SdA1109612HWGSZ_WKDL260008953-1A_237VHMLT4_L5_1.fq.gz	SdA1109612HWGSZ_WKDL260008953-1A_237VHMLT4_L5_2.fq.gz	FALSE			
Sde-AIna_001-Ex1	SdA1200105AWGSZ_WKDL260008953-1A_237VHMLT4_L4	/archive/carpenterlab/pire/raw_sequence_archive/spratelloides_delicatulus/20260629_Sde-lcwgs	wahab	lcwgs		SdA1200105AWGSZ_WKDL260008953-1A_237VHMLT4_L4_1.fq.gz	SdA1200105AWGSZ_WKDL260008953-1A_237VHMLT4_L4_2.fq.gz	FALSE			
Sde-AIna_001-Ex1	SdA1200105AWGSZ_WKDL260008953-1A_237VHMLT4_L5	/archive/carpenterlab/pire/raw_sequence_archive/spratelloides_delicatulus/20260629_Sde-lcwgs	wahab	lcwgs		SdA1200105AWGSZ_WKDL260008953-1A_237VHMLT4_L5_1.fq.gz	SdA1200105AWGSZ_WKDL260008953-1A_237VHMLT4_L5_2.fq.gz	FALSE			
Sde-AIna_002-Ex1	SdA1200205BWGSZ_WKDL260008953-1A_237VHMLT4_L4	/archive/carpenterlab/pire/raw_sequence_archive/spratelloides_delicatulus/20260629_Sde-lcwgs	wahab	lcwgs		SdA1200205BWGSZ_WKDL260008953-1A_237VHMLT4_L4_1.fq.gz	SdA1200205BWGSZ_WKDL260008953-1A_237VHMLT4_L4_2.fq.gz	FALSE			
Sde-AIna_002-Ex1	SdA1200205BWGSZ_WKDL260008953-1A_237VHMLT4_L5	/archive/carpenterlab/pire/raw_sequence_archive/spratelloides_delicatulus/20260629_Sde-lcwgs	wahab	lcwgs		SdA1200205BWGSZ_WKDL260008953-1A_237VHMLT4_L5_1.fq.gz	SdA1200205BWGSZ_WKDL260008953-1A_237VHMLT4_L5_2.fq.gz	FALSE			
Sde-AIna_003-Ex1	SdA1200305CWGSZ_WKDL260008953-1A_237VHMLT4_L4	/archive/carpenterlab/pire/raw_sequence_archive/spratelloides_delicatulus/20260629_Sde-lcwgs	wahab	lcwgs		SdA1200305CWGSZ_WKDL260008953-1A_237VHMLT4_L4_1.fq.gz	SdA1200305CWGSZ_WKDL260008953-1A_237VHMLT4_L4_2.fq.gz	FALSE			
Sde-AIna_003-Ex1	SdA1200305CWGSZ_WKDL260008953-1A_237VHMLT4_L5	/archive/carpenterlab/pire/raw_sequence_archive/spratelloides_delicatulus/20260629_Sde-lcwgs	wahab	lcwgs		SdA1200305CWGSZ_WKDL260008953-1A_237VHMLT4_L5_1.fq.gz	SdA1200305CWGSZ_WKDL260008953-1A_237VHMLT4_L5_2.fq.gz	FALSE			
Sde-AIna_004-Ex1	SdA1200405DWGSZ_WKDL260008953-1A_237VHMLT4_L4	/archive/carpenterlab/pire/raw_sequence_archive/spratelloides_delicatulus/20260629_Sde-lcwgs	wahab	lcwgs		SdA1200405DWGSZ_WKDL260008953-1A_237VHMLT4_L4_1.fq.gz	SdA1200405DWGSZ_WKDL260008953-1A_237VHMLT4_L4_2.fq.gz	FALSE			
Sde-AIna_004-Ex1	SdA1200405DWGSZ_WKDL260008953-1A_237VHMLT4_L5	/archive/carpenterlab/pire/raw_sequence_archive/spratelloides_delicatulus/20260629_Sde-lcwgs	wahab	lcwgs		SdA1200405DWGSZ_WKDL260008953-1A_237VHMLT4_L5_1.fq.gz	SdA1200405DWGSZ_WKDL260008953-1A_237VHMLT4_L5_2.fq.gz	FALSE			
Sde-AIna_005-Ex1	SdA1200501AWGSZ_WKDL260008953-1A_237VHMLT4_L4	/archive/carpenterlab/pire/raw_sequence_archive/spratelloides_delicatulus/20260629_Sde-lcwgs	wahab	lcwgs		SdA1200501AWGSZ_WKDL260008953-1A_237VHMLT4_L4_1.fq.gz	SdA1200501AWGSZ_WKDL260008953-1A_237VHMLT4_L4_2.fq.gz	FALSE			
Sde-AIna_005-Ex1	SdA1200501AWGSZ_WKDL260008953-1A_237VHMLT4_L5	/archive/carpenterlab/pire/raw_sequence_archive/spratelloides_delicatulus/20260629_Sde-lcwgs	wahab	lcwgs		SdA1200501AWGSZ_WKDL260008953-1A_237VHMLT4_L5_1.fq.gz	SdA1200501AWGSZ_WKDL260008953-1A_237VHMLT4_L5_2.fq.gz	FALSE			
Sde-AIna_006-Ex1	SdA1200605EWGSZ_WKDL260008953-1A_237VHMLT4_L4	/archive/carpenterlab/pire/raw_sequence_archive/spratelloides_delicatulus/20260629_Sde-lcwgs	wahab	lcwgs		SdA1200605EWGSZ_WKDL260008953-1A_237VHMLT4_L4_1.fq.gz	SdA1200605EWGSZ_WKDL260008953-1A_237VHMLT4_L4_2.fq.gz	FALSE			
Sde-AIna_006-Ex1	SdA1200605EWGSZ_WKDL260008953-1A_237VHMLT4_L5	/archive/carpenterlab/pire/raw_sequence_archive/spratelloides_delicatulus/20260629_Sde-lcwgs	wahab	lcwgs		SdA1200605EWGSZ_WKDL260008953-1A_237VHMLT4_L5_1.fq.gz	SdA1200605EWGSZ_WKDL260008953-1A_237VHMLT4_L5_2.fq.gz	FALSE			
Sde-AIna_007-Ex1	SdA1200701BWGSZ_WKDL260008953-1A_237VHMLT4_L4	/archive/carpenterlab/pire/raw_sequence_archive/spratelloides_delicatulus/20260629_Sde-lcwgs	wahab	lcwgs		SdA1200701BWGSZ_WKDL260008953-1A_237VHMLT4_L4_1.fq.gz	SdA1200701BWGSZ_WKDL260008953-1A_237VHMLT4_L4_2.fq.gz	FALSE			
Sde-AIna_007-Ex1	SdA1200701BWGSZ_WKDL260008953-1A_237VHMLT4_L5	/archive/carpenterlab/pire/raw_sequence_archive/spratelloides_delicatulus/20260629_Sde-lcwgs	wahab	lcwgs		SdA1200701BWGSZ_WKDL260008953-1A_237VHMLT4_L5_1.fq.gz	SdA1200701BWGSZ_WKDL260008953-1A_237VHMLT4_L5_2.fq.gz	FALSE			
Sde-AIna_008-Ex1	SdA1200805FWGSZ_WKDL260008953-1A_237VHMLT4_L4	/archive/carpenterlab/pire/raw_sequence_archive/spratelloides_delicatulus/20260629_Sde-lcwgs	wahab	lcwgs		SdA1200805FWGSZ_WKDL260008953-1A_237VHMLT4_L4_1.fq.gz	SdA1200805FWGSZ_WKDL260008953-1A_237VHMLT4_L4_2.fq.gz	FALSE			
Sde-AIna_008-Ex1	SdA1200805FWGSZ_WKDL260008953-1A_237VHMLT4_L5	/archive/carpenterlab/pire/raw_sequence_archive/spratelloides_delicatulus/20260629_Sde-lcwgs	wahab	lcwgs		SdA1200805FWGSZ_WKDL260008953-1A_237VHMLT4_L5_1.fq.gz	SdA1200805FWGSZ_WKDL260008953-1A_237VHMLT4_L5_2.fq.gz	FALSE			
Sde-AIna_009-Ex1	SdA1200905GWGSZ_WKDL260008953-1A_237VHMLT4_L4	/archive/carpenterlab/pire/raw_sequence_archive/spratelloides_delicatulus/20260629_Sde-lcwgs	wahab	lcwgs		SdA1200905GWGSZ_WKDL260008953-1A_237VHMLT4_L4_1.fq.gz	SdA1200905GWGSZ_WKDL260008953-1A_237VHMLT4_L4_2.fq.gz	FALSE			
Sde-AIna_009-Ex1	SdA1200905GWGSZ_WKDL260008953-1A_237VHMLT4_L5	/archive/carpenterlab/pire/raw_sequence_archive/spratelloides_delicatulus/20260629_Sde-lcwgs	wahab	lcwgs		SdA1200905GWGSZ_WKDL260008953-1A_237VHMLT4_L5_1.fq.gz	SdA1200905GWGSZ_WKDL260008953-1A_237VHMLT4_L5_2.fq.gz	FALSE			
Sde-AIna_010-Ex1	SdA1201005HWGSZ_WKDL260008953-1A_237VHMLT4_L4	/archive/carpenterlab/pire/raw_sequence_archive/spratelloides_delicatulus/20260629_Sde-lcwgs	wahab	lcwgs		SdA1201005HWGSZ_WKDL260008953-1A_237VHMLT4_L4_1.fq.gz	SdA1201005HWGSZ_WKDL260008953-1A_237VHMLT4_L4_2.fq.gz	FALSE			
Sde-AIna_010-Ex1	SdA1201005HWGSZ_WKDL260008953-1A_237VHMLT4_L5	/archive/carpenterlab/pire/raw_sequence_archive/spratelloides_delicatulus/20260629_Sde-lcwgs	wahab	lcwgs		SdA1201005HWGSZ_WKDL260008953-1A_237VHMLT4_L5_1.fq.gz	SdA1201005HWGSZ_WKDL260008953-1A_237VHMLT4_L5_2.fq.gz	FALSE			
Sde-AIna_011-Ex1	SdA1201106AWGSZ_WKDL260008953-1A_237VHMLT4_L4	/archive/carpenterlab/pire/raw_sequence_archive/spratelloides_delicatulus/20260629_Sde-lcwgs	wahab	lcwgs		SdA1201106AWGSZ_WKDL260008953-1A_237VHMLT4_L4_1.fq.gz	SdA1201106AWGSZ_WKDL260008953-1A_237VHMLT4_L4_2.fq.gz	FALSE			
Sde-AIna_011-Ex1	SdA1201106AWGSZ_WKDL260008953-1A_237VHMLT4_L5	/archive/carpenterlab/pire/raw_sequence_archive/spratelloides_delicatulus/20260629_Sde-lcwgs	wahab	lcwgs		SdA1201106AWGSZ_WKDL260008953-1A_237VHMLT4_L5_1.fq.gz	SdA1201106AWGSZ_WKDL260008953-1A_237VHMLT4_L5_2.fq.gz	FALSE			
Sde-AIna_012-Ex1	SdA1201206BWGSZ_WKDL260008953-1A_237VHMLT4_L4	/archive/carpenterlab/pire/raw_sequence_archive/spratelloides_delicatulus/20260629_Sde-lcwgs	wahab	lcwgs		SdA1201206BWGSZ_WKDL260008953-1A_237VHMLT4_L4_1.fq.gz	SdA1201206BWGSZ_WKDL260008953-1A_237VHMLT4_L4_2.fq.gz	FALSE			
Sde-AIna_012-Ex1	SdA1201206BWGSZ_WKDL260008953-1A_237VHMLT4_L5	/archive/carpenterlab/pire/raw_sequence_archive/spratelloides_delicatulus/20260629_Sde-lcwgs	wahab	lcwgs		SdA1201206BWGSZ_WKDL260008953-1A_237VHMLT4_L5_1.fq.gz	SdA1201206BWGSZ_WKDL260008953-1A_237VHMLT4_L5_2.fq.gz	FALSE			
Sde-AIna_013-Ex1	SdA1201306CWGSZ_WKDL260008953-1A_237VHMLT4_L4	/archive/carpenterlab/pire/raw_sequence_archive/spratelloides_delicatulus/20260629_Sde-lcwgs	wahab	lcwgs		SdA1201306CWGSZ_WKDL260008953-1A_237VHMLT4_L4_1.fq.gz	SdA1201306CWGSZ_WKDL260008953-1A_237VHMLT4_L4_2.fq.gz	FALSE			
Sde-AIna_013-Ex1	SdA1201306CWGSZ_WKDL260008953-1A_237VHMLT4_L5	/archive/carpenterlab/pire/raw_sequence_archive/spratelloides_delicatulus/20260629_Sde-lcwgs	wahab	lcwgs		SdA1201306CWGSZ_WKDL260008953-1A_237VHMLT4_L5_1.fq.gz	SdA1201306CWGSZ_WKDL260008953-1A_237VHMLT4_L5_2.fq.gz	FALSE			
Sde-AIna_014-Ex1	SdA1201406DWGSZ_WKDL260008953-1A_237VHMLT4_L4	/archive/carpenterlab/pire/raw_sequence_archive/spratelloides_delicatulus/20260629_Sde-lcwgs	wahab	lcwgs		SdA1201406DWGSZ_WKDL260008953-1A_237VHMLT4_L4_1.fq.gz	SdA1201406DWGSZ_WKDL260008953-1A_237VHMLT4_L4_2.fq.gz	FALSE			
Sde-AIna_014-Ex1	SdA1201406DWGSZ_WKDL260008953-1A_237VHMLT4_L5	/archive/carpenterlab/pire/raw_sequence_archive/spratelloides_delicatulus/20260629_Sde-lcwgs	wahab	lcwgs		SdA1201406DWGSZ_WKDL260008953-1A_237VHMLT4_L5_1.fq.gz	SdA1201406DWGSZ_WKDL260008953-1A_237VHMLT4_L5_2.fq.gz	FALSE			
Sde-AIna_015-Ex1	SdA1201501CWGSZ_WKDL260008953-1A_237VHMLT4_L4	/archive/carpenterlab/pire/raw_sequence_archive/spratelloides_delicatulus/20260629_Sde-lcwgs	wahab	lcwgs		SdA1201501CWGSZ_WKDL260008953-1A_237VHMLT4_L4_1.fq.gz	SdA1201501CWGSZ_WKDL260008953-1A_237VHMLT4_L4_2.fq.gz	FALSE			
Sde-AIna_015-Ex1	SdA1201501CWGSZ_WKDL260008953-1A_237VHMLT4_L5	/archive/carpenterlab/pire/raw_sequence_archive/spratelloides_delicatulus/20260629_Sde-lcwgs	wahab	lcwgs		SdA1201501CWGSZ_WKDL260008953-1A_237VHMLT4_L5_1.fq.gz	SdA1201501CWGSZ_WKDL260008953-1A_237VHMLT4_L5_2.fq.gz	FALSE			
Sde-AIna_016-Ex1	SdA1201601DWGSZ_WKDL260008953-1A_237VHMLT4_L4	/archive/carpenterlab/pire/raw_sequence_archive/spratelloides_delicatulus/20260629_Sde-lcwgs	wahab	lcwgs		SdA1201601DWGSZ_WKDL260008953-1A_237VHMLT4_L4_1.fq.gz	SdA1201601DWGSZ_WKDL260008953-1A_237VHMLT4_L4_2.fq.gz	FALSE			
Sde-AIna_016-Ex1	SdA1201601DWGSZ_WKDL260008953-1A_237VHMLT4_L5	/archive/carpenterlab/pire/raw_sequence_archive/spratelloides_delicatulus/20260629_Sde-lcwgs	wahab	lcwgs		SdA1201601DWGSZ_WKDL260008953-1A_237VHMLT4_L5_1.fq.gz	SdA1201601DWGSZ_WKDL260008953-1A_237VHMLT4_L5_2.fq.gz	FALSE			
Sde-AIna_017-Ex1	SdA1201701EWGSZ_WKDL260008953-1A_237VHMLT4_L4	/archive/carpenterlab/pire/raw_sequence_archive/spratelloides_delicatulus/20260629_Sde-lcwgs	wahab	lcwgs		SdA1201701EWGSZ_WKDL260008953-1A_237VHMLT4_L4_1.fq.gz	SdA1201701EWGSZ_WKDL260008953-1A_237VHMLT4_L4_2.fq.gz	FALSE			
Sde-AIna_017-Ex1	SdA1201701EWGSZ_WKDL260008953-1A_237VHMLT4_L5	/archive/carpenterlab/pire/raw_sequence_archive/spratelloides_delicatulus/20260629_Sde-lcwgs	wahab	lcwgs		SdA1201701EWGSZ_WKDL260008953-1A_237VHMLT4_L5_1.fq.gz	SdA1201701EWGSZ_WKDL260008953-1A_237VHMLT4_L5_2.fq.gz	FALSE			
Sde-AIna_018-Ex1	SdA1201806EWGSZ_WKDL260008953-1A_237VHMLT4_L4	/archive/carpenterlab/pire/raw_sequence_archive/spratelloides_delicatulus/20260629_Sde-lcwgs	wahab	lcwgs		SdA1201806EWGSZ_WKDL260008953-1A_237VHMLT4_L4_1.fq.gz	SdA1201806EWGSZ_WKDL260008953-1A_237VHMLT4_L4_2.fq.gz	FALSE			
Sde-AIna_018-Ex1	SdA1201806EWGSZ_WKDL260008953-1A_237VHMLT4_L5	/archive/carpenterlab/pire/raw_sequence_archive/spratelloides_delicatulus/20260629_Sde-lcwgs	wahab	lcwgs		SdA1201806EWGSZ_WKDL260008953-1A_237VHMLT4_L5_1.fq.gz	SdA1201806EWGSZ_WKDL260008953-1A_237VHMLT4_L5_2.fq.gz	FALSE			
Sde-AIna_019-Ex1	SdA1201906FWGSZ_WKDL260008953-1A_237VHMLT4_L4	/archive/carpenterlab/pire/raw_sequence_archive/spratelloides_delicatulus/20260629_Sde-lcwgs	wahab	lcwgs		SdA1201906FWGSZ_WKDL260008953-1A_237VHMLT4_L4_1.fq.gz	SdA1201906FWGSZ_WKDL260008953-1A_237VHMLT4_L4_2.fq.gz	FALSE			
Sde-AIna_019-Ex1	SdA1201906FWGSZ_WKDL260008953-1A_237VHMLT4_L5	/archive/carpenterlab/pire/raw_sequence_archive/spratelloides_delicatulus/20260629_Sde-lcwgs	wahab	lcwgs		SdA1201906FWGSZ_WKDL260008953-1A_237VHMLT4_L5_1.fq.gz	SdA1201906FWGSZ_WKDL260008953-1A_237VHMLT4_L5_2.fq.gz	FALSE			
Sde-AIna_020-Ex1	SdA1202006GWGSZ_WKDL260008953-1A_237VHMLT4_L4	/archive/carpenterlab/pire/raw_sequence_archive/spratelloides_delicatulus/20260629_Sde-lcwgs	wahab	lcwgs		SdA1202006GWGSZ_WKDL260008953-1A_237VHMLT4_L4_1.fq.gz	SdA1202006GWGSZ_WKDL260008953-1A_237VHMLT4_L4_2.fq.gz	FALSE			
Sde-AIna_020-Ex1	SdA1202006GWGSZ_WKDL260008953-1A_237VHMLT4_L5	/archive/carpenterlab/pire/raw_sequence_archive/spratelloides_delicatulus/20260629_Sde-lcwgs	wahab	lcwgs		SdA1202006GWGSZ_WKDL260008953-1A_237VHMLT4_L5_1.fq.gz	SdA1202006GWGSZ_WKDL260008953-1A_237VHMLT4_L5_2.fq.gz	FALSE			
Sde-AIna_021-Ex1	SdA1202106HWGSZ_WKDL260008953-1A_237VHMLT4_L4	/archive/carpenterlab/pire/raw_sequence_archive/spratelloides_delicatulus/20260629_Sde-lcwgs	wahab	lcwgs		SdA1202106HWGSZ_WKDL260008953-1A_237VHMLT4_L4_1.fq.gz	SdA1202106HWGSZ_WKDL260008953-1A_237VHMLT4_L4_2.fq.gz	FALSE			
Sde-AIna_021-Ex1	SdA1202106HWGSZ_WKDL260008953-1A_237VHMLT4_L5	/archive/carpenterlab/pire/raw_sequence_archive/spratelloides_delicatulus/20260629_Sde-lcwgs	wahab	lcwgs		SdA1202106HWGSZ_WKDL260008953-1A_237VHMLT4_L5_1.fq.gz	SdA1202106HWGSZ_WKDL260008953-1A_237VHMLT4_L5_2.fq.gz	FALSE			
Sde-AIna_022-Ex1	SdA1202207AWGSZ_WKDL260008953-1A_237VHMLT4_L4	/archive/carpenterlab/pire/raw_sequence_archive/spratelloides_delicatulus/20260629_Sde-lcwgs	wahab	lcwgs		SdA1202207AWGSZ_WKDL260008953-1A_237VHMLT4_L4_1.fq.gz	SdA1202207AWGSZ_WKDL260008953-1A_237VHMLT4_L4_2.fq.gz	FALSE			
Sde-AIna_022-Ex1	SdA1202207AWGSZ_WKDL260008953-1A_237VHMLT4_L5	/archive/carpenterlab/pire/raw_sequence_archive/spratelloides_delicatulus/20260629_Sde-lcwgs	wahab	lcwgs		SdA1202207AWGSZ_WKDL260008953-1A_237VHMLT4_L5_1.fq.gz	SdA1202207AWGSZ_WKDL260008953-1A_237VHMLT4_L5_2.fq.gz	FALSE			
Sde-AIna_023-Ex1	SdA1202307BWGSZ_WKDL260008953-1A_237VHMLT4_L4	/archive/carpenterlab/pire/raw_sequence_archive/spratelloides_delicatulus/20260629_Sde-lcwgs	wahab	lcwgs		SdA1202307BWGSZ_WKDL260008953-1A_237VHMLT4_L4_1.fq.gz	SdA1202307BWGSZ_WKDL260008953-1A_237VHMLT4_L4_2.fq.gz	FALSE			
Sde-AIna_023-Ex1	SdA1202307BWGSZ_WKDL260008953-1A_237VHMLT4_L5	/archive/carpenterlab/pire/raw_sequence_archive/spratelloides_delicatulus/20260629_Sde-lcwgs	wahab	lcwgs		SdA1202307BWGSZ_WKDL260008953-1A_237VHMLT4_L5_1.fq.gz	SdA1202307BWGSZ_WKDL260008953-1A_237VHMLT4_L5_2.fq.gz	FALSE			
Sde-AIna_024-Ex1	SdA1202407CWGSZ_WKDL260008953-1A_237VHMLT4_L4	/archive/carpenterlab/pire/raw_sequence_archive/spratelloides_delicatulus/20260629_Sde-lcwgs	wahab	lcwgs		SdA1202407CWGSZ_WKDL260008953-1A_237VHMLT4_L4_1.fq.gz	SdA1202407CWGSZ_WKDL260008953-1A_237VHMLT4_L4_2.fq.gz	FALSE			
Sde-AIna_024-Ex1	SdA1202407CWGSZ_WKDL260008953-1A_237VHMLT4_L5	/archive/carpenterlab/pire/raw_sequence_archive/spratelloides_delicatulus/20260629_Sde-lcwgs	wahab	lcwgs		SdA1202407CWGSZ_WKDL260008953-1A_237VHMLT4_L5_1.fq.gz	SdA1202407CWGSZ_WKDL260008953-1A_237VHMLT4_L5_2.fq.gz	FALSE			
Sde-AIna_025-Ex1	SdA1202507DWGSZ_WKDL260008953-1A_237VHMLT4_L4	/archive/carpenterlab/pire/raw_sequence_archive/spratelloides_delicatulus/20260629_Sde-lcwgs	wahab	lcwgs		SdA1202507DWGSZ_WKDL260008953-1A_237VHMLT4_L4_1.fq.gz	SdA1202507DWGSZ_WKDL260008953-1A_237VHMLT4_L4_2.fq.gz	FALSE			
Sde-AIna_025-Ex1	SdA1202507DWGSZ_WKDL260008953-1A_237VHMLT4_L5	/archive/carpenterlab/pire/raw_sequence_archive/spratelloides_delicatulus/20260629_Sde-lcwgs	wahab	lcwgs		SdA1202507DWGSZ_WKDL260008953-1A_237VHMLT4_L5_1.fq.gz	SdA1202507DWGSZ_WKDL260008953-1A_237VHMLT4_L5_2.fq.gz	FALSE			
Sde-AIna_026-Ex1	SdA1202607EWGSZ_WKDL260008953-1A_237VHMLT4_L4	/archive/carpenterlab/pire/raw_sequence_archive/spratelloides_delicatulus/20260629_Sde-lcwgs	wahab	lcwgs		SdA1202607EWGSZ_WKDL260008953-1A_237VHMLT4_L4_1.fq.gz	SdA1202607EWGSZ_WKDL260008953-1A_237VHMLT4_L4_2.fq.gz	FALSE			
Sde-AIna_026-Ex1	SdA1202607EWGSZ_WKDL260008953-1A_237VHMLT4_L5	/archive/carpenterlab/pire/raw_sequence_archive/spratelloides_delicatulus/20260629_Sde-lcwgs	wahab	lcwgs		SdA1202607EWGSZ_WKDL260008953-1A_237VHMLT4_L5_1.fq.gz	SdA1202607EWGSZ_WKDL260008953-1A_237VHMLT4_L5_2.fq.gz	FALSE			
Sde-AIna_027-Ex1	SdA1202707FWGSZ_WKDL260008953-1A_237VHMLT4_L4	/archive/carpenterlab/pire/raw_sequence_archive/spratelloides_delicatulus/20260629_Sde-lcwgs	wahab	lcwgs		SdA1202707FWGSZ_WKDL260008953-1A_237VHMLT4_L4_1.fq.gz	SdA1202707FWGSZ_WKDL260008953-1A_237VHMLT4_L4_2.fq.gz	FALSE			
Sde-AIna_027-Ex1	SdA1202707FWGSZ_WKDL260008953-1A_237VHMLT4_L5	/archive/carpenterlab/pire/raw_sequence_archive/spratelloides_delicatulus/20260629_Sde-lcwgs	wahab	lcwgs		SdA1202707FWGSZ_WKDL260008953-1A_237VHMLT4_L5_1.fq.gz	SdA1202707FWGSZ_WKDL260008953-1A_237VHMLT4_L5_2.fq.gz	FALSE			
Sde-AIna_028-Ex1	SdA1202807GWGSZ_WKDL260008953-1A_237VHMLT4_L4	/archive/carpenterlab/pire/raw_sequence_archive/spratelloides_delicatulus/20260629_Sde-lcwgs	wahab	lcwgs		SdA1202807GWGSZ_WKDL260008953-1A_237VHMLT4_L4_1.fq.gz	SdA1202807GWGSZ_WKDL260008953-1A_237VHMLT4_L4_2.fq.gz	FALSE			
Sde-AIna_028-Ex1	SdA1202807GWGSZ_WKDL260008953-1A_237VHMLT4_L5	/archive/carpenterlab/pire/raw_sequence_archive/spratelloides_delicatulus/20260629_Sde-lcwgs	wahab	lcwgs		SdA1202807GWGSZ_WKDL260008953-1A_237VHMLT4_L5_1.fq.gz	SdA1202807GWGSZ_WKDL260008953-1A_237VHMLT4_L5_2.fq.gz	FALSE			
Sde-AIna_029-Ex1	SdA1202907HWGSZ_WKDL260008953-1A_237VHMLT4_L4	/archive/carpenterlab/pire/raw_sequence_archive/spratelloides_delicatulus/20260629_Sde-lcwgs	wahab	lcwgs		SdA1202907HWGSZ_WKDL260008953-1A_237VHMLT4_L4_1.fq.gz	SdA1202907HWGSZ_WKDL260008953-1A_237VHMLT4_L4_2.fq.gz	FALSE			
Sde-AIna_029-Ex1	SdA1202907HWGSZ_WKDL260008953-1A_237VHMLT4_L5	/archive/carpenterlab/pire/raw_sequence_archive/spratelloides_delicatulus/20260629_Sde-lcwgs	wahab	lcwgs		SdA1202907HWGSZ_WKDL260008953-1A_237VHMLT4_L5_1.fq.gz	SdA1202907HWGSZ_WKDL260008953-1A_237VHMLT4_L5_2.fq.gz	FALSE			
Sde-AIna_030-Ex1	SdA1203008AWGSZ_WKDL260008953-1A_237VHMLT4_L4	/archive/carpenterlab/pire/raw_sequence_archive/spratelloides_delicatulus/20260629_Sde-lcwgs	wahab	lcwgs		SdA1203008AWGSZ_WKDL260008953-1A_237VHMLT4_L4_1.fq.gz	SdA1203008AWGSZ_WKDL260008953-1A_237VHMLT4_L4_2.fq.gz	FALSE			
Sde-AIna_030-Ex1	SdA1203008AWGSZ_WKDL260008953-1A_237VHMLT4_L5	/archive/carpenterlab/pire/raw_sequence_archive/spratelloides_delicatulus/20260629_Sde-lcwgs	wahab	lcwgs		SdA1203008AWGSZ_WKDL260008953-1A_237VHMLT4_L5_1.fq.gz	SdA1203008AWGSZ_WKDL260008953-1A_237VHMLT4_L5_2.fq.gz	FALSE			
Sde-AIna_031-Ex1	SdA1203108BWGSZ_WKDL260008953-1A_237VHMLT4_L4	/archive/carpenterlab/pire/raw_sequence_archive/spratelloides_delicatulus/20260629_Sde-lcwgs	wahab	lcwgs		SdA1203108BWGSZ_WKDL260008953-1A_237VHMLT4_L4_1.fq.gz	SdA1203108BWGSZ_WKDL260008953-1A_237VHMLT4_L4_2.fq.gz	FALSE			
Sde-AIna_031-Ex1	SdA1203108BWGSZ_WKDL260008953-1A_237VHMLT4_L5	/archive/carpenterlab/pire/raw_sequence_archive/spratelloides_delicatulus/20260629_Sde-lcwgs	wahab	lcwgs		SdA1203108BWGSZ_WKDL260008953-1A_237VHMLT4_L5_1.fq.gz	SdA1203108BWGSZ_WKDL260008953-1A_237VHMLT4_L5_2.fq.gz	FALSE			
Sde-AIna_032-Ex1	SdA1203208CWGSZ_WKDL260008953-1A_237VHMLT4_L4	/archive/carpenterlab/pire/raw_sequence_archive/spratelloides_delicatulus/20260629_Sde-lcwgs	wahab	lcwgs		SdA1203208CWGSZ_WKDL260008953-1A_237VHMLT4_L4_1.fq.gz	SdA1203208CWGSZ_WKDL260008953-1A_237VHMLT4_L4_2.fq.gz	FALSE			
Sde-AIna_032-Ex1	SdA1203208CWGSZ_WKDL260008953-1A_237VHMLT4_L5	/archive/carpenterlab/pire/raw_sequence_archive/spratelloides_delicatulus/20260629_Sde-lcwgs	wahab	lcwgs		SdA1203208CWGSZ_WKDL260008953-1A_237VHMLT4_L5_1.fq.gz	SdA1203208CWGSZ_WKDL260008953-1A_237VHMLT4_L5_2.fq.gz	FALSE			
Sde-AIna_033-Ex1	SdA1203308DWGSZ_WKDL260008953-1A_237VHMLT4_L4	/archive/carpenterlab/pire/raw_sequence_archive/spratelloides_delicatulus/20260629_Sde-lcwgs	wahab	lcwgs		SdA1203308DWGSZ_WKDL260008953-1A_237VHMLT4_L4_1.fq.gz	SdA1203308DWGSZ_WKDL260008953-1A_237VHMLT4_L4_2.fq.gz	FALSE			
Sde-AIna_033-Ex1	SdA1203308DWGSZ_WKDL260008953-1A_237VHMLT4_L5	/archive/carpenterlab/pire/raw_sequence_archive/spratelloides_delicatulus/20260629_Sde-lcwgs	wahab	lcwgs		SdA1203308DWGSZ_WKDL260008953-1A_237VHMLT4_L5_1.fq.gz	SdA1203308DWGSZ_WKDL260008953-1A_237VHMLT4_L5_2.fq.gz	FALSE			
Sde-AIna_034-Ex1	SdA1203408EWGSZ_WKDL260008953-1A_237VHMLT4_L4	/archive/carpenterlab/pire/raw_sequence_archive/spratelloides_delicatulus/20260629_Sde-lcwgs	wahab	lcwgs		SdA1203408EWGSZ_WKDL260008953-1A_237VHMLT4_L4_1.fq.gz	SdA1203408EWGSZ_WKDL260008953-1A_237VHMLT4_L4_2.fq.gz	FALSE			
Sde-AIna_034-Ex1	SdA1203408EWGSZ_WKDL260008953-1A_237VHMLT4_L5	/archive/carpenterlab/pire/raw_sequence_archive/spratelloides_delicatulus/20260629_Sde-lcwgs	wahab	lcwgs		SdA1203408EWGSZ_WKDL260008953-1A_237VHMLT4_L5_1.fq.gz	SdA1203408EWGSZ_WKDL260008953-1A_237VHMLT4_L5_2.fq.gz	FALSE			
Sde-AIna_035-Ex1	SdA1203508FWGSZ_WKDL260008953-1A_237VHMLT4_L4	/archive/carpenterlab/pire/raw_sequence_archive/spratelloides_delicatulus/20260629_Sde-lcwgs	wahab	lcwgs		SdA1203508FWGSZ_WKDL260008953-1A_237VHMLT4_L4_1.fq.gz	SdA1203508FWGSZ_WKDL260008953-1A_237VHMLT4_L4_2.fq.gz	FALSE			
Sde-AIna_035-Ex1	SdA1203508FWGSZ_WKDL260008953-1A_237VHMLT4_L5	/archive/carpenterlab/pire/raw_sequence_archive/spratelloides_delicatulus/20260629_Sde-lcwgs	wahab	lcwgs		SdA1203508FWGSZ_WKDL260008953-1A_237VHMLT4_L5_1.fq.gz	SdA1203508FWGSZ_WKDL260008953-1A_237VHMLT4_L5_2.fq.gz	FALSE			
Sde-AIna_036-Ex1	SdA1203601FWGSZ_WKDL260008953-1A_237VHMLT4_L4	/archive/carpenterlab/pire/raw_sequence_archive/spratelloides_delicatulus/20260629_Sde-lcwgs	wahab	lcwgs		SdA1203601FWGSZ_WKDL260008953-1A_237VHMLT4_L4_1.fq.gz	SdA1203601FWGSZ_WKDL260008953-1A_237VHMLT4_L4_2.fq.gz	FALSE			
Sde-AIna_036-Ex1	SdA1203601FWGSZ_WKDL260008953-1A_237VHMLT4_L5	/archive/carpenterlab/pire/raw_sequence_archive/spratelloides_delicatulus/20260629_Sde-lcwgs	wahab	lcwgs		SdA1203601FWGSZ_WKDL260008953-1A_237VHMLT4_L5_1.fq.gz	SdA1203601FWGSZ_WKDL260008953-1A_237VHMLT4_L5_2.fq.gz	FALSE			
Sde-AIna_037-Ex1	SdA1203701GWGSZ_WKDL260008953-1A_237VHMLT4_L4	/archive/carpenterlab/pire/raw_sequence_archive/spratelloides_delicatulus/20260629_Sde-lcwgs	wahab	lcwgs		SdA1203701GWGSZ_WKDL260008953-1A_237VHMLT4_L4_1.fq.gz	SdA1203701GWGSZ_WKDL260008953-1A_237VHMLT4_L4_2.fq.gz	FALSE			
Sde-AIna_037-Ex1	SdA1203701GWGSZ_WKDL260008953-1A_237VHMLT4_L5	/archive/carpenterlab/pire/raw_sequence_archive/spratelloides_delicatulus/20260629_Sde-lcwgs	wahab	lcwgs		SdA1203701GWGSZ_WKDL260008953-1A_237VHMLT4_L5_1.fq.gz	SdA1203701GWGSZ_WKDL260008953-1A_237VHMLT4_L5_2.fq.gz	FALSE			
Sde-AIna_038-Ex1	SdA1203801HWGSZ_WKDL260008953-1A_237VHMLT4_L4	/archive/carpenterlab/pire/raw_sequence_archive/spratelloides_delicatulus/20260629_Sde-lcwgs	wahab	lcwgs		SdA1203801HWGSZ_WKDL260008953-1A_237VHMLT4_L4_1.fq.gz	SdA1203801HWGSZ_WKDL260008953-1A_237VHMLT4_L4_2.fq.gz	FALSE			
Sde-AIna_038-Ex1	SdA1203801HWGSZ_WKDL260008953-1A_237VHMLT4_L5	/archive/carpenterlab/pire/raw_sequence_archive/spratelloides_delicatulus/20260629_Sde-lcwgs	wahab	lcwgs		SdA1203801HWGSZ_WKDL260008953-1A_237VHMLT4_L5_1.fq.gz	SdA1203801HWGSZ_WKDL260008953-1A_237VHMLT4_L5_2.fq.gz	FALSE			
Sde-AIna_039-Ex1	SdA1203902AWGSZ_WKDL260008953-1A_237VHMLT4_L4	/archive/carpenterlab/pire/raw_sequence_archive/spratelloides_delicatulus/20260629_Sde-lcwgs	wahab	lcwgs		SdA1203902AWGSZ_WKDL260008953-1A_237VHMLT4_L4_1.fq.gz	SdA1203902AWGSZ_WKDL260008953-1A_237VHMLT4_L4_2.fq.gz	FALSE			
Sde-AIna_039-Ex1	SdA1203902AWGSZ_WKDL260008953-1A_237VHMLT4_L5	/archive/carpenterlab/pire/raw_sequence_archive/spratelloides_delicatulus/20260629_Sde-lcwgs	wahab	lcwgs		SdA1203902AWGSZ_WKDL260008953-1A_237VHMLT4_L5_1.fq.gz	SdA1203902AWGSZ_WKDL260008953-1A_237VHMLT4_L5_2.fq.gz	FALSE			
Sde-AIna_040-Ex1	SdA1204002BWGSZ_WKDL260008953-1A_237VHMLT4_L4	/archive/carpenterlab/pire/raw_sequence_archive/spratelloides_delicatulus/20260629_Sde-lcwgs	wahab	lcwgs		SdA1204002BWGSZ_WKDL260008953-1A_237VHMLT4_L4_1.fq.gz	SdA1204002BWGSZ_WKDL260008953-1A_237VHMLT4_L4_2.fq.gz	FALSE			
Sde-AIna_040-Ex1	SdA1204002BWGSZ_WKDL260008953-1A_237VHMLT4_L5	/archive/carpenterlab/pire/raw_sequence_archive/spratelloides_delicatulus/20260629_Sde-lcwgs	wahab	lcwgs		SdA1204002BWGSZ_WKDL260008953-1A_237VHMLT4_L5_1.fq.gz	SdA1204002BWGSZ_WKDL260008953-1A_237VHMLT4_L5_2.fq.gz	FALSE			
Sde-AIna_041-Ex1	SdA1204102CWGSZ_WKDL260008953-1A_237VHMLT4_L4	/archive/carpenterlab/pire/raw_sequence_archive/spratelloides_delicatulus/20260629_Sde-lcwgs	wahab	lcwgs		SdA1204102CWGSZ_WKDL260008953-1A_237VHMLT4_L4_1.fq.gz	SdA1204102CWGSZ_WKDL260008953-1A_237VHMLT4_L4_2.fq.gz	FALSE			
Sde-AIna_041-Ex1	SdA1204102CWGSZ_WKDL260008953-1A_237VHMLT4_L5	/archive/carpenterlab/pire/raw_sequence_archive/spratelloides_delicatulus/20260629_Sde-lcwgs	wahab	lcwgs		SdA1204102CWGSZ_WKDL260008953-1A_237VHMLT4_L5_1.fq.gz	SdA1204102CWGSZ_WKDL260008953-1A_237VHMLT4_L5_2.fq.gz	FALSE			
Sde-AIna_042-Ex1	SdA1204202DWGSZ_WKDL260008953-1A_237VHMLT4_L4	/archive/carpenterlab/pire/raw_sequence_archive/spratelloides_delicatulus/20260629_Sde-lcwgs	wahab	lcwgs		SdA1204202DWGSZ_WKDL260008953-1A_237VHMLT4_L4_1.fq.gz	SdA1204202DWGSZ_WKDL260008953-1A_237VHMLT4_L4_2.fq.gz	FALSE			
Sde-AIna_042-Ex1	SdA1204202DWGSZ_WKDL260008953-1A_237VHMLT4_L5	/archive/carpenterlab/pire/raw_sequence_archive/spratelloides_delicatulus/20260629_Sde-lcwgs	wahab	lcwgs		SdA1204202DWGSZ_WKDL260008953-1A_237VHMLT4_L5_1.fq.gz	SdA1204202DWGSZ_WKDL260008953-1A_237VHMLT4_L5_2.fq.gz	FALSE			
Sde-AIna_043-Ex1	SdA1204302EWGSZ_WKDL260008953-1A_237VHMLT4_L4	/archive/carpenterlab/pire/raw_sequence_archive/spratelloides_delicatulus/20260629_Sde-lcwgs	wahab	lcwgs		SdA1204302EWGSZ_WKDL260008953-1A_237VHMLT4_L4_1.fq.gz	SdA1204302EWGSZ_WKDL260008953-1A_237VHMLT4_L4_2.fq.gz	FALSE			
Sde-AIna_043-Ex1	SdA1204302EWGSZ_WKDL260008953-1A_237VHMLT4_L5	/archive/carpenterlab/pire/raw_sequence_archive/spratelloides_delicatulus/20260629_Sde-lcwgs	wahab	lcwgs		SdA1204302EWGSZ_WKDL260008953-1A_237VHMLT4_L5_1.fq.gz	SdA1204302EWGSZ_WKDL260008953-1A_237VHMLT4_L5_2.fq.gz	FALSE			
Sde-AIna_044-Ex1	SdA1204402FWGSZ_WKDL260008953-1A_237VHMLT4_L4	/archive/carpenterlab/pire/raw_sequence_archive/spratelloides_delicatulus/20260629_Sde-lcwgs	wahab	lcwgs		SdA1204402FWGSZ_WKDL260008953-1A_237VHMLT4_L4_1.fq.gz	SdA1204402FWGSZ_WKDL260008953-1A_237VHMLT4_L4_2.fq.gz	FALSE			
Sde-AIna_044-Ex1	SdA1204402FWGSZ_WKDL260008953-1A_237VHMLT4_L5	/archive/carpenterlab/pire/raw_sequence_archive/spratelloides_delicatulus/20260629_Sde-lcwgs	wahab	lcwgs		SdA1204402FWGSZ_WKDL260008953-1A_237VHMLT4_L5_1.fq.gz	SdA1204402FWGSZ_WKDL260008953-1A_237VHMLT4_L5_2.fq.gz	FALSE			
Sde-AIna_045-Ex1	SdA1204502GWGSZ_WKDL260008953-1A_237VHMLT4_L4	/archive/carpenterlab/pire/raw_sequence_archive/spratelloides_delicatulus/20260629_Sde-lcwgs	wahab	lcwgs		SdA1204502GWGSZ_WKDL260008953-1A_237VHMLT4_L4_1.fq.gz	SdA1204502GWGSZ_WKDL260008953-1A_237VHMLT4_L4_2.fq.gz	FALSE			
Sde-AIna_045-Ex1	SdA1204502GWGSZ_WKDL260008953-1A_237VHMLT4_L5	/archive/carpenterlab/pire/raw_sequence_archive/spratelloides_delicatulus/20260629_Sde-lcwgs	wahab	lcwgs		SdA1204502GWGSZ_WKDL260008953-1A_237VHMLT4_L5_1.fq.gz	SdA1204502GWGSZ_WKDL260008953-1A_237VHMLT4_L5_2.fq.gz	FALSE			
Sde-AIna_046-Ex1	SdA1204602HWGSZ_WKDL260008953-1A_237VHMLT4_L4	/archive/carpenterlab/pire/raw_sequence_archive/spratelloides_delicatulus/20260629_Sde-lcwgs	wahab	lcwgs		SdA1204602HWGSZ_WKDL260008953-1A_237VHMLT4_L4_1.fq.gz	SdA1204602HWGSZ_WKDL260008953-1A_237VHMLT4_L4_2.fq.gz	FALSE			
Sde-AIna_046-Ex1	SdA1204602HWGSZ_WKDL260008953-1A_237VHMLT4_L5	/archive/carpenterlab/pire/raw_sequence_archive/spratelloides_delicatulus/20260629_Sde-lcwgs	wahab	lcwgs		SdA1204602HWGSZ_WKDL260008953-1A_237VHMLT4_L5_1.fq.gz	SdA1204602HWGSZ_WKDL260008953-1A_237VHMLT4_L5_2.fq.gz	FALSE			
Sde-AIna_047-Ex1	SdA1204703AWGSZ_WKDL260008953-1A_237VHMLT4_L4	/archive/carpenterlab/pire/raw_sequence_archive/spratelloides_delicatulus/20260629_Sde-lcwgs	wahab	lcwgs		SdA1204703AWGSZ_WKDL260008953-1A_237VHMLT4_L4_1.fq.gz	SdA1204703AWGSZ_WKDL260008953-1A_237VHMLT4_L4_2.fq.gz	FALSE			
Sde-AIna_047-Ex1	SdA1204703AWGSZ_WKDL260008953-1A_237VHMLT4_L5	/archive/carpenterlab/pire/raw_sequence_archive/spratelloides_delicatulus/20260629_Sde-lcwgs	wahab	lcwgs		SdA1204703AWGSZ_WKDL260008953-1A_237VHMLT4_L5_1.fq.gz	SdA1204703AWGSZ_WKDL260008953-1A_237VHMLT4_L5_2.fq.gz	FALSE			
Sde-AIna_048-Ex1	SdA1204803BWGSZ_WKDL260008953-1A_237VHMLT4_L4	/archive/carpenterlab/pire/raw_sequence_archive/spratelloides_delicatulus/20260629_Sde-lcwgs	wahab	lcwgs		SdA1204803BWGSZ_WKDL260008953-1A_237VHMLT4_L4_1.fq.gz	SdA1204803BWGSZ_WKDL260008953-1A_237VHMLT4_L4_2.fq.gz	FALSE			
Sde-AIna_048-Ex1	SdA1204803BWGSZ_WKDL260008953-1A_237VHMLT4_L5	/archive/carpenterlab/pire/raw_sequence_archive/spratelloides_delicatulus/20260629_Sde-lcwgs	wahab	lcwgs		SdA1204803BWGSZ_WKDL260008953-1A_237VHMLT4_L5_1.fq.gz	SdA1204803BWGSZ_WKDL260008953-1A_237VHMLT4_L5_2.fq.gz	FALSE			
Sde-AIna_049-Ex1	SdA1204908GWGSZ_WKDL260008953-1A_237VHMLT4_L4	/archive/carpenterlab/pire/raw_sequence_archive/spratelloides_delicatulus/20260629_Sde-lcwgs	wahab	lcwgs		SdA1204908GWGSZ_WKDL260008953-1A_237VHMLT4_L4_1.fq.gz	SdA1204908GWGSZ_WKDL260008953-1A_237VHMLT4_L4_2.fq.gz	FALSE			
Sde-AIna_049-Ex1	SdA1204908GWGSZ_WKDL260008953-1A_237VHMLT4_L5	/archive/carpenterlab/pire/raw_sequence_archive/spratelloides_delicatulus/20260629_Sde-lcwgs	wahab	lcwgs		SdA1204908GWGSZ_WKDL260008953-1A_237VHMLT4_L5_1.fq.gz	SdA1204908GWGSZ_WKDL260008953-1A_237VHMLT4_L5_2.fq.gz	FALSE			
Sde-AIna_050-Ex1	SdA1205003CWGSZ_WKDL260008953-1A_237VHMLT4_L4	/archive/carpenterlab/pire/raw_sequence_archive/spratelloides_delicatulus/20260629_Sde-lcwgs	wahab	lcwgs		SdA1205003CWGSZ_WKDL260008953-1A_237VHMLT4_L4_1.fq.gz	SdA1205003CWGSZ_WKDL260008953-1A_237VHMLT4_L4_2.fq.gz	FALSE			
Sde-AIna_050-Ex1	SdA1205003CWGSZ_WKDL260008953-1A_237VHMLT4_L5	/archive/carpenterlab/pire/raw_sequence_archive/spratelloides_delicatulus/20260629_Sde-lcwgs	wahab	lcwgs		SdA1205003CWGSZ_WKDL260008953-1A_237VHMLT4_L5_1.fq.gz	SdA1205003CWGSZ_WKDL260008953-1A_237VHMLT4_L5_2.fq.gz	FALSE			
Sde-AIna_051-Ex1	SdA1205103DWGSZ_WKDL260008953-1A_237VHMLT4_L4	/archive/carpenterlab/pire/raw_sequence_archive/spratelloides_delicatulus/20260629_Sde-lcwgs	wahab	lcwgs		SdA1205103DWGSZ_WKDL260008953-1A_237VHMLT4_L4_1.fq.gz	SdA1205103DWGSZ_WKDL260008953-1A_237VHMLT4_L4_2.fq.gz	FALSE			
Sde-AIna_051-Ex1	SdA1205103DWGSZ_WKDL260008953-1A_237VHMLT4_L5	/archive/carpenterlab/pire/raw_sequence_archive/spratelloides_delicatulus/20260629_Sde-lcwgs	wahab	lcwgs		SdA1205103DWGSZ_WKDL260008953-1A_237VHMLT4_L5_1.fq.gz	SdA1205103DWGSZ_WKDL260008953-1A_237VHMLT4_L5_2.fq.gz	FALSE			
Sde-AIna_052-Ex1	SdA1205203EWGSZ_WKDL260008953-1A_237VHMLT4_L4	/archive/carpenterlab/pire/raw_sequence_archive/spratelloides_delicatulus/20260629_Sde-lcwgs	wahab	lcwgs		SdA1205203EWGSZ_WKDL260008953-1A_237VHMLT4_L4_1.fq.gz	SdA1205203EWGSZ_WKDL260008953-1A_237VHMLT4_L4_2.fq.gz	FALSE			
Sde-AIna_052-Ex1	SdA1205203EWGSZ_WKDL260008953-1A_237VHMLT4_L5	/archive/carpenterlab/pire/raw_sequence_archive/spratelloides_delicatulus/20260629_Sde-lcwgs	wahab	lcwgs		SdA1205203EWGSZ_WKDL260008953-1A_237VHMLT4_L5_1.fq.gz	SdA1205203EWGSZ_WKDL260008953-1A_237VHMLT4_L5_2.fq.gz	FALSE			
Sde-AIna_053-Ex1	SdA1205308HWGSZ_WKDL260008953-1A_237VHMLT4_L4	/archive/carpenterlab/pire/raw_sequence_archive/spratelloides_delicatulus/20260629_Sde-lcwgs	wahab	lcwgs		SdA1205308HWGSZ_WKDL260008953-1A_237VHMLT4_L4_1.fq.gz	SdA1205308HWGSZ_WKDL260008953-1A_237VHMLT4_L4_2.fq.gz	FALSE			
Sde-AIna_053-Ex1	SdA1205308HWGSZ_WKDL260008953-1A_237VHMLT4_L5	/archive/carpenterlab/pire/raw_sequence_archive/spratelloides_delicatulus/20260629_Sde-lcwgs	wahab	lcwgs		SdA1205308HWGSZ_WKDL260008953-1A_237VHMLT4_L5_1.fq.gz	SdA1205308HWGSZ_WKDL260008953-1A_237VHMLT4_L5_2.fq.gz	FALSE			
Sde-AIna_054-Ex1	SdA1205403FWGSZ_WKDL260008953-1A_237VHMLT4_L4	/archive/carpenterlab/pire/raw_sequence_archive/spratelloides_delicatulus/20260629_Sde-lcwgs	wahab	lcwgs		SdA1205403FWGSZ_WKDL260008953-1A_237VHMLT4_L4_1.fq.gz	SdA1205403FWGSZ_WKDL260008953-1A_237VHMLT4_L4_2.fq.gz	FALSE			
Sde-AIna_054-Ex1	SdA1205403FWGSZ_WKDL260008953-1A_237VHMLT4_L5	/archive/carpenterlab/pire/raw_sequence_archive/spratelloides_delicatulus/20260629_Sde-lcwgs	wahab	lcwgs		SdA1205403FWGSZ_WKDL260008953-1A_237VHMLT4_L5_1.fq.gz	SdA1205403FWGSZ_WKDL260008953-1A_237VHMLT4_L5_2.fq.gz	FALSE			
Sde-AIna_055-Ex1	SdA1205503GWGSZ_WKDL260008953-1A_237VHMLT4_L4	/archive/carpenterlab/pire/raw_sequence_archive/spratelloides_delicatulus/20260629_Sde-lcwgs	wahab	lcwgs		SdA1205503GWGSZ_WKDL260008953-1A_237VHMLT4_L4_1.fq.gz	SdA1205503GWGSZ_WKDL260008953-1A_237VHMLT4_L4_2.fq.gz	FALSE			
Sde-AIna_055-Ex1	SdA1205503GWGSZ_WKDL260008953-1A_237VHMLT4_L5	/archive/carpenterlab/pire/raw_sequence_archive/spratelloides_delicatulus/20260629_Sde-lcwgs	wahab	lcwgs		SdA1205503GWGSZ_WKDL260008953-1A_237VHMLT4_L5_1.fq.gz	SdA1205503GWGSZ_WKDL260008953-1A_237VHMLT4_L5_2.fq.gz	FALSE			
Sde-AIna_056-Ex1	SdA1205603HWGSZ_WKDL260008953-1A_237VHMLT4_L4	/archive/carpenterlab/pire/raw_sequence_archive/spratelloides_delicatulus/20260629_Sde-lcwgs	wahab	lcwgs		SdA1205603HWGSZ_WKDL260008953-1A_237VHMLT4_L4_1.fq.gz	SdA1205603HWGSZ_WKDL260008953-1A_237VHMLT4_L4_2.fq.gz	FALSE			
Sde-AIna_056-Ex1	SdA1205603HWGSZ_WKDL260008953-1A_237VHMLT4_L5	/archive/carpenterlab/pire/raw_sequence_archive/spratelloides_delicatulus/20260629_Sde-lcwgs	wahab	lcwgs		SdA1205603HWGSZ_WKDL260008953-1A_237VHMLT4_L5_1.fq.gz	SdA1205603HWGSZ_WKDL260008953-1A_237VHMLT4_L5_2.fq.gz	FALSE			
Sde-AIna_057-Ex1	SdA1205704AWGSZ_WKDL260008953-1A_237VHMLT4_L4	/archive/carpenterlab/pire/raw_sequence_archive/spratelloides_delicatulus/20260629_Sde-lcwgs	wahab	lcwgs		SdA1205704AWGSZ_WKDL260008953-1A_237VHMLT4_L4_1.fq.gz	SdA1205704AWGSZ_WKDL260008953-1A_237VHMLT4_L4_2.fq.gz	FALSE			
Sde-AIna_057-Ex1	SdA1205704AWGSZ_WKDL260008953-1A_237VHMLT4_L5	/archive/carpenterlab/pire/raw_sequence_archive/spratelloides_delicatulus/20260629_Sde-lcwgs	wahab	lcwgs		SdA1205704AWGSZ_WKDL260008953-1A_237VHMLT4_L5_1.fq.gz	SdA1205704AWGSZ_WKDL260008953-1A_237VHMLT4_L5_2.fq.gz	FALSE			
Sde-AIna_058-Ex1	SdA1205804BWGSZ_WKDL260008953-1A_237VHMLT4_L4	/archive/carpenterlab/pire/raw_sequence_archive/spratelloides_delicatulus/20260629_Sde-lcwgs	wahab	lcwgs		SdA1205804BWGSZ_WKDL260008953-1A_237VHMLT4_L4_1.fq.gz	SdA1205804BWGSZ_WKDL260008953-1A_237VHMLT4_L4_2.fq.gz	FALSE			
Sde-AIna_058-Ex1	SdA1205804BWGSZ_WKDL260008953-1A_237VHMLT4_L5	/archive/carpenterlab/pire/raw_sequence_archive/spratelloides_delicatulus/20260629_Sde-lcwgs	wahab	lcwgs		SdA1205804BWGSZ_WKDL260008953-1A_237VHMLT4_L5_1.fq.gz	SdA1205804BWGSZ_WKDL260008953-1A_237VHMLT4_L5_2.fq.gz	FALSE			
Sde-AIna_059-Ex1	SdA1205904CWGSZ_WKDL260008953-1A_237VHMLT4_L4	/archive/carpenterlab/pire/raw_sequence_archive/spratelloides_delicatulus/20260629_Sde-lcwgs	wahab	lcwgs		SdA1205904CWGSZ_WKDL260008953-1A_237VHMLT4_L4_1.fq.gz	SdA1205904CWGSZ_WKDL260008953-1A_237VHMLT4_L4_2.fq.gz	FALSE			
Sde-AIna_059-Ex1	SdA1205904CWGSZ_WKDL260008953-1A_237VHMLT4_L5	/archive/carpenterlab/pire/raw_sequence_archive/spratelloides_delicatulus/20260629_Sde-lcwgs	wahab	lcwgs		SdA1205904CWGSZ_WKDL260008953-1A_237VHMLT4_L5_1.fq.gz	SdA1205904CWGSZ_WKDL260008953-1A_237VHMLT4_L5_2.fq.gz	FALSE			
Sde-AIna_060-Ex1	SdA1206004DWGSZ_WKDL260008953-1A_237VHMLT4_L4	/archive/carpenterlab/pire/raw_sequence_archive/spratelloides_delicatulus/20260629_Sde-lcwgs	wahab	lcwgs		SdA1206004DWGSZ_WKDL260008953-1A_237VHMLT4_L4_1.fq.gz	SdA1206004DWGSZ_WKDL260008953-1A_237VHMLT4_L4_2.fq.gz	FALSE			
Sde-AIna_060-Ex1	SdA1206004DWGSZ_WKDL260008953-1A_237VHMLT4_L5	/archive/carpenterlab/pire/raw_sequence_archive/spratelloides_delicatulus/20260629_Sde-lcwgs	wahab	lcwgs		SdA1206004DWGSZ_WKDL260008953-1A_237VHMLT4_L5_1.fq.gz	SdA1206004DWGSZ_WKDL260008953-1A_237VHMLT4_L5_2.fq.gz	FALSE			
Sde-AIna_061-Ex1	SdA1206104EWGSZ_WKDL260008953-1A_237VHMLT4_L4	/archive/carpenterlab/pire/raw_sequence_archive/spratelloides_delicatulus/20260629_Sde-lcwgs	wahab	lcwgs		SdA1206104EWGSZ_WKDL260008953-1A_237VHMLT4_L4_1.fq.gz	SdA1206104EWGSZ_WKDL260008953-1A_237VHMLT4_L4_2.fq.gz	FALSE			
Sde-AIna_061-Ex1	SdA1206104EWGSZ_WKDL260008953-1A_237VHMLT4_L5	/archive/carpenterlab/pire/raw_sequence_archive/spratelloides_delicatulus/20260629_Sde-lcwgs	wahab	lcwgs		SdA1206104EWGSZ_WKDL260008953-1A_237VHMLT4_L5_1.fq.gz	SdA1206104EWGSZ_WKDL260008953-1A_237VHMLT4_L5_2.fq.gz	FALSE			
Sde-AIna_062-Ex1	SdA1206204FWGSZ_WKDL260008953-1A_237VHMLT4_L4	/archive/carpenterlab/pire/raw_sequence_archive/spratelloides_delicatulus/20260629_Sde-lcwgs	wahab	lcwgs		SdA1206204FWGSZ_WKDL260008953-1A_237VHMLT4_L4_1.fq.gz	SdA1206204FWGSZ_WKDL260008953-1A_237VHMLT4_L4_2.fq.gz	FALSE			
Sde-AIna_062-Ex1	SdA1206204FWGSZ_WKDL260008953-1A_237VHMLT4_L5	/archive/carpenterlab/pire/raw_sequence_archive/spratelloides_delicatulus/20260629_Sde-lcwgs	wahab	lcwgs		SdA1206204FWGSZ_WKDL260008953-1A_237VHMLT4_L5_1.fq.gz	SdA1206204FWGSZ_WKDL260008953-1A_237VHMLT4_L5_2.fq.gz	FALSE			
Sde-AIna_063-Ex1	SdA1206304GWGSZ_WKDL260008953-1A_237VHMLT4_L4	/archive/carpenterlab/pire/raw_sequence_archive/spratelloides_delicatulus/20260629_Sde-lcwgs	wahab	lcwgs		SdA1206304GWGSZ_WKDL260008953-1A_237VHMLT4_L4_1.fq.gz	SdA1206304GWGSZ_WKDL260008953-1A_237VHMLT4_L4_2.fq.gz	FALSE			
Sde-AIna_063-Ex1	SdA1206304GWGSZ_WKDL260008953-1A_237VHMLT4_L5	/archive/carpenterlab/pire/raw_sequence_archive/spratelloides_delicatulus/20260629_Sde-lcwgs	wahab	lcwgs		SdA1206304GWGSZ_WKDL260008953-1A_237VHMLT4_L5_1.fq.gz	SdA1206304GWGSZ_WKDL260008953-1A_237VHMLT4_L5_2.fq.gz	FALSE			
Sde-AIna_064-Ex1	SdA1206404HWGSZ_WKDL260008953-1A_237VHMLT4_L4	/archive/carpenterlab/pire/raw_sequence_archive/spratelloides_delicatulus/20260629_Sde-lcwgs	wahab	lcwgs		SdA1206404HWGSZ_WKDL260008953-1A_237VHMLT4_L4_1.fq.gz	SdA1206404HWGSZ_WKDL260008953-1A_237VHMLT4_L4_2.fq.gz	FALSE			
Sde-AIna_064-Ex1	SdA1206404HWGSZ_WKDL260008953-1A_237VHMLT4_L5	/archive/carpenterlab/pire/raw_sequence_archive/spratelloides_delicatulus/20260629_Sde-lcwgs	wahab	lcwgs		SdA1206404HWGSZ_WKDL260008953-1A_237VHMLT4_L5_1.fq.gz	SdA1206404HWGSZ_WKDL260008953-1A_237VHMLT4_L5_2.fq.gz	FALSE			
Sde-CPla_003-Ex1	SdC1200305FWGSU_WKDL260008953-1A_237VHMLT4_L4	/archive/carpenterlab/pire/raw_sequence_archive/spratelloides_delicatulus/20260629_Sde-lcwgs	wahab	lcwgs		SdC1200305FWGSU_WKDL260008953-1A_237VHMLT4_L4_1.fq.gz	SdC1200305FWGSU_WKDL260008953-1A_237VHMLT4_L4_2.fq.gz	FALSE			
Sde-CPla_003-Ex1	SdC1200305FWGSU_WKDL260008953-1A_237VHMLT4_L5	/archive/carpenterlab/pire/raw_sequence_archive/spratelloides_delicatulus/20260629_Sde-lcwgs	wahab	lcwgs		SdC1200305FWGSU_WKDL260008953-1A_237VHMLT4_L5_1.fq.gz	SdC1200305FWGSU_WKDL260008953-1A_237VHMLT4_L5_2.fq.gz	FALSE			
Sde-CBau_005-Ex1	SdC1200502EWGSU_WKDL260008953-1A_237VHMLT4_L4	/archive/carpenterlab/pire/raw_sequence_archive/spratelloides_delicatulus/20260629_Sde-lcwgs	wahab	lcwgs		SdC1200502EWGSU_WKDL260008953-1A_237VHMLT4_L4_1.fq.gz	SdC1200502EWGSU_WKDL260008953-1A_237VHMLT4_L4_2.fq.gz	FALSE			
Sde-CBau_005-Ex1	SdC1200502EWGSU_WKDL260008953-1A_237VHMLT4_L5	/archive/carpenterlab/pire/raw_sequence_archive/spratelloides_delicatulus/20260629_Sde-lcwgs	wahab	lcwgs		SdC1200502EWGSU_WKDL260008953-1A_237VHMLT4_L5_1.fq.gz	SdC1200502EWGSU_WKDL260008953-1A_237VHMLT4_L5_2.fq.gz	FALSE			
Sde-CBau_005-Ex1	SdC1200503HWGSZ_WKDL260008953-1A_237VHMLT4_L4	/archive/carpenterlab/pire/raw_sequence_archive/spratelloides_delicatulus/20260629_Sde-lcwgs	wahab	lcwgs		SdC1200503HWGSZ_WKDL260008953-1A_237VHMLT4_L4_1.fq.gz	SdC1200503HWGSZ_WKDL260008953-1A_237VHMLT4_L4_2.fq.gz	FALSE			
Sde-CBau_005-Ex1	SdC1200503HWGSZ_WKDL260008953-1A_237VHMLT4_L5	/archive/carpenterlab/pire/raw_sequence_archive/spratelloides_delicatulus/20260629_Sde-lcwgs	wahab	lcwgs		SdC1200503HWGSZ_WKDL260008953-1A_237VHMLT4_L5_1.fq.gz	SdC1200503HWGSZ_WKDL260008953-1A_237VHMLT4_L5_2.fq.gz	FALSE			
Sde-CLim_007-Ex1	SdC1200705HWGSU_WKDL260008953-1A_237VHMLT4_L4	/archive/carpenterlab/pire/raw_sequence_archive/spratelloides_delicatulus/20260629_Sde-lcwgs	wahab	lcwgs		SdC1200705HWGSU_WKDL260008953-1A_237VHMLT4_L4_1.fq.gz	SdC1200705HWGSU_WKDL260008953-1A_237VHMLT4_L4_2.fq.gz	FALSE			
Sde-CLim_007-Ex1	SdC1200705HWGSU_WKDL260008953-1A_237VHMLT4_L5	/archive/carpenterlab/pire/raw_sequence_archive/spratelloides_delicatulus/20260629_Sde-lcwgs	wahab	lcwgs		SdC1200705HWGSU_WKDL260008953-1A_237VHMLT4_L5_1.fq.gz	SdC1200705HWGSU_WKDL260008953-1A_237VHMLT4_L5_2.fq.gz	FALSE			
Sde-CLim_007-Ex1	SdC1200707CWGSZ_WKDL260008953-1A_237VHMLT4_L4	/archive/carpenterlab/pire/raw_sequence_archive/spratelloides_delicatulus/20260629_Sde-lcwgs	wahab	lcwgs		SdC1200707CWGSZ_WKDL260008953-1A_237VHMLT4_L4_1.fq.gz	SdC1200707CWGSZ_WKDL260008953-1A_237VHMLT4_L4_2.fq.gz	FALSE			
Sde-CLim_007-Ex1	SdC1200707CWGSZ_WKDL260008953-1A_237VHMLT4_L5	/archive/carpenterlab/pire/raw_sequence_archive/spratelloides_delicatulus/20260629_Sde-lcwgs	wahab	lcwgs		SdC1200707CWGSZ_WKDL260008953-1A_237VHMLT4_L5_1.fq.gz	SdC1200707CWGSZ_WKDL260008953-1A_237VHMLT4_L5_2.fq.gz	FALSE			
Sde-CBau_008-Ex1	SdC1200807EWGSU_WKDL260008953-1A_237VHMLT4_L4	/archive/carpenterlab/pire/raw_sequence_archive/spratelloides_delicatulus/20260629_Sde-lcwgs	wahab	lcwgs		SdC1200807EWGSU_WKDL260008953-1A_237VHMLT4_L4_1.fq.gz	SdC1200807EWGSU_WKDL260008953-1A_237VHMLT4_L4_2.fq.gz	FALSE			
Sde-CBau_008-Ex1	SdC1200807EWGSU_WKDL260008953-1A_237VHMLT4_L5	/archive/carpenterlab/pire/raw_sequence_archive/spratelloides_delicatulus/20260629_Sde-lcwgs	wahab	lcwgs		SdC1200807EWGSU_WKDL260008953-1A_237VHMLT4_L5_1.fq.gz	SdC1200807EWGSU_WKDL260008953-1A_237VHMLT4_L5_2.fq.gz	FALSE			
Sde-CPla_009-Ex1	SdC1200901DWGSU_WKDL260008953-1A_237VHMLT4_L4	/archive/carpenterlab/pire/raw_sequence_archive/spratelloides_delicatulus/20260629_Sde-lcwgs	wahab	lcwgs		SdC1200901DWGSU_WKDL260008953-1A_237VHMLT4_L4_1.fq.gz	SdC1200901DWGSU_WKDL260008953-1A_237VHMLT4_L4_2.fq.gz	FALSE			
Sde-CPla_009-Ex1	SdC1200901DWGSU_WKDL260008953-1A_237VHMLT4_L5	/archive/carpenterlab/pire/raw_sequence_archive/spratelloides_delicatulus/20260629_Sde-lcwgs	wahab	lcwgs		SdC1200901DWGSU_WKDL260008953-1A_237VHMLT4_L5_1.fq.gz	SdC1200901DWGSU_WKDL260008953-1A_237VHMLT4_L5_2.fq.gz	FALSE			
Sde-CBau_011-Ex1	SdC1201103CWGSU_WKDL260008953-1A_237VHMLT4_L4	/archive/carpenterlab/pire/raw_sequence_archive/spratelloides_delicatulus/20260629_Sde-lcwgs	wahab	lcwgs		SdC1201103CWGSU_WKDL260008953-1A_237VHMLT4_L4_1.fq.gz	SdC1201103CWGSU_WKDL260008953-1A_237VHMLT4_L4_2.fq.gz	FALSE			
Sde-CBau_011-Ex1	SdC1201103CWGSU_WKDL260008953-1A_237VHMLT4_L5	/archive/carpenterlab/pire/raw_sequence_archive/spratelloides_delicatulus/20260629_Sde-lcwgs	wahab	lcwgs		SdC1201103CWGSU_WKDL260008953-1A_237VHMLT4_L5_1.fq.gz	SdC1201103CWGSU_WKDL260008953-1A_237VHMLT4_L5_2.fq.gz	FALSE			
Sde-CBau_011-Ex1	SdC1201104FWGSZ_WKDL260008953-1A_237VHMLT4_L4	/archive/carpenterlab/pire/raw_sequence_archive/spratelloides_delicatulus/20260629_Sde-lcwgs	wahab	lcwgs		SdC1201104FWGSZ_WKDL260008953-1A_237VHMLT4_L4_1.fq.gz	SdC1201104FWGSZ_WKDL260008953-1A_237VHMLT4_L4_2.fq.gz	FALSE			
Sde-CBau_011-Ex1	SdC1201104FWGSZ_WKDL260008953-1A_237VHMLT4_L5	/archive/carpenterlab/pire/raw_sequence_archive/spratelloides_delicatulus/20260629_Sde-lcwgs	wahab	lcwgs		SdC1201104FWGSZ_WKDL260008953-1A_237VHMLT4_L5_1.fq.gz	SdC1201104FWGSZ_WKDL260008953-1A_237VHMLT4_L5_2.fq.gz	FALSE			
Sde-CLim_014-Ex1	SdC1201405EWGSU_WKDL260008953-1A_237VHMLT4_L4	/archive/carpenterlab/pire/raw_sequence_archive/spratelloides_delicatulus/20260629_Sde-lcwgs	wahab	lcwgs		SdC1201405EWGSU_WKDL260008953-1A_237VHMLT4_L4_1.fq.gz	SdC1201405EWGSU_WKDL260008953-1A_237VHMLT4_L4_2.fq.gz	FALSE			
Sde-CLim_014-Ex1	SdC1201405EWGSU_WKDL260008953-1A_237VHMLT4_L5	/archive/carpenterlab/pire/raw_sequence_archive/spratelloides_delicatulus/20260629_Sde-lcwgs	wahab	lcwgs		SdC1201405EWGSU_WKDL260008953-1A_237VHMLT4_L5_1.fq.gz	SdC1201405EWGSU_WKDL260008953-1A_237VHMLT4_L5_2.fq.gz	FALSE			
Sde-CLim_014-Ex1	SdC1201407AWGSZ_WKDL260008953-1A_237VHMLT4_L4	/archive/carpenterlab/pire/raw_sequence_archive/spratelloides_delicatulus/20260629_Sde-lcwgs	wahab	lcwgs		SdC1201407AWGSZ_WKDL260008953-1A_237VHMLT4_L4_1.fq.gz	SdC1201407AWGSZ_WKDL260008953-1A_237VHMLT4_L4_2.fq.gz	FALSE			
Sde-CLim_014-Ex1	SdC1201407AWGSZ_WKDL260008953-1A_237VHMLT4_L5	/archive/carpenterlab/pire/raw_sequence_archive/spratelloides_delicatulus/20260629_Sde-lcwgs	wahab	lcwgs		SdC1201407AWGSZ_WKDL260008953-1A_237VHMLT4_L5_1.fq.gz	SdC1201407AWGSZ_WKDL260008953-1A_237VHMLT4_L5_2.fq.gz	FALSE			
Sde-CLim_015-Ex1	SdC1201512GWGSU_WKDL260008953-1A_237VHMLT4_L4	/archive/carpenterlab/pire/raw_sequence_archive/spratelloides_delicatulus/20260629_Sde-lcwgs	wahab	lcwgs		SdC1201512GWGSU_WKDL260008953-1A_237VHMLT4_L4_1.fq.gz	SdC1201512GWGSU_WKDL260008953-1A_237VHMLT4_L4_2.fq.gz	FALSE			
Sde-CLim_015-Ex1	SdC1201512GWGSU_WKDL260008953-1A_237VHMLT4_L5	/archive/carpenterlab/pire/raw_sequence_archive/spratelloides_delicatulus/20260629_Sde-lcwgs	wahab	lcwgs		SdC1201512GWGSU_WKDL260008953-1A_237VHMLT4_L5_1.fq.gz	SdC1201512GWGSU_WKDL260008953-1A_237VHMLT4_L5_2.fq.gz	FALSE			
Sde-CPla_016-Ex1	SdC1201608BWGSU_WKDL260008953-1A_237VHMLT4_L4	/archive/carpenterlab/pire/raw_sequence_archive/spratelloides_delicatulus/20260629_Sde-lcwgs	wahab	lcwgs		SdC1201608BWGSU_WKDL260008953-1A_237VHMLT4_L4_1.fq.gz	SdC1201608BWGSU_WKDL260008953-1A_237VHMLT4_L4_2.fq.gz	FALSE			
Sde-CPla_016-Ex1	SdC1201608BWGSU_WKDL260008953-1A_237VHMLT4_L5	/archive/carpenterlab/pire/raw_sequence_archive/spratelloides_delicatulus/20260629_Sde-lcwgs	wahab	lcwgs		SdC1201608BWGSU_WKDL260008953-1A_237VHMLT4_L5_1.fq.gz	SdC1201608BWGSU_WKDL260008953-1A_237VHMLT4_L5_2.fq.gz	FALSE			
Sde-CPla_017-Ex1	SdC1201702BWGSU_WKDL260008953-1A_237VHMLT4_L4	/archive/carpenterlab/pire/raw_sequence_archive/spratelloides_delicatulus/20260629_Sde-lcwgs	wahab	lcwgs		SdC1201702BWGSU_WKDL260008953-1A_237VHMLT4_L4_1.fq.gz	SdC1201702BWGSU_WKDL260008953-1A_237VHMLT4_L4_2.fq.gz	FALSE			
Sde-CPla_017-Ex1	SdC1201702BWGSU_WKDL260008953-1A_237VHMLT4_L5	/archive/carpenterlab/pire/raw_sequence_archive/spratelloides_delicatulus/20260629_Sde-lcwgs	wahab	lcwgs		SdC1201702BWGSU_WKDL260008953-1A_237VHMLT4_L5_1.fq.gz	SdC1201702BWGSU_WKDL260008953-1A_237VHMLT4_L5_2.fq.gz	FALSE			
Sde-CPla_017-Ex1	SdC1201703EWGSZ_WKDL260008953-1A_237VHMLT4_L4	/archive/carpenterlab/pire/raw_sequence_archive/spratelloides_delicatulus/20260629_Sde-lcwgs	wahab	lcwgs		SdC1201703EWGSZ_WKDL260008953-1A_237VHMLT4_L4_1.fq.gz	SdC1201703EWGSZ_WKDL260008953-1A_237VHMLT4_L4_2.fq.gz	FALSE			
Sde-CPla_017-Ex1	SdC1201703EWGSZ_WKDL260008953-1A_237VHMLT4_L5	/archive/carpenterlab/pire/raw_sequence_archive/spratelloides_delicatulus/20260629_Sde-lcwgs	wahab	lcwgs		SdC1201703EWGSZ_WKDL260008953-1A_237VHMLT4_L5_1.fq.gz	SdC1201703EWGSZ_WKDL260008953-1A_237VHMLT4_L5_2.fq.gz	FALSE			
Sde-CBau_017-Ex1	SdC1201709CWGSU_WKDL260008953-1A_237VHMLT4_L4	/archive/carpenterlab/pire/raw_sequence_archive/spratelloides_delicatulus/20260629_Sde-lcwgs	wahab	lcwgs		SdC1201709CWGSU_WKDL260008953-1A_237VHMLT4_L4_1.fq.gz	SdC1201709CWGSU_WKDL260008953-1A_237VHMLT4_L4_2.fq.gz	FALSE			
Sde-CBau_017-Ex1	SdC1201709CWGSU_WKDL260008953-1A_237VHMLT4_L5	/archive/carpenterlab/pire/raw_sequence_archive/spratelloides_delicatulus/20260629_Sde-lcwgs	wahab	lcwgs		SdC1201709CWGSU_WKDL260008953-1A_237VHMLT4_L5_1.fq.gz	SdC1201709CWGSU_WKDL260008953-1A_237VHMLT4_L5_2.fq.gz	FALSE			
Sde-CLim_017-Ex1	SdC1201711GWGSU_WKDL260008953-1A_237VHMLT4_L4	/archive/carpenterlab/pire/raw_sequence_archive/spratelloides_delicatulus/20260629_Sde-lcwgs	wahab	lcwgs		SdC1201711GWGSU_WKDL260008953-1A_237VHMLT4_L4_1.fq.gz	SdC1201711GWGSU_WKDL260008953-1A_237VHMLT4_L4_2.fq.gz	FALSE			
Sde-CLim_017-Ex1	SdC1201711GWGSU_WKDL260008953-1A_237VHMLT4_L5	/archive/carpenterlab/pire/raw_sequence_archive/spratelloides_delicatulus/20260629_Sde-lcwgs	wahab	lcwgs		SdC1201711GWGSU_WKDL260008953-1A_237VHMLT4_L5_1.fq.gz	SdC1201711GWGSU_WKDL260008953-1A_237VHMLT4_L5_2.fq.gz	FALSE			
Sde-CBau_019-Ex1	SdC1201911HWGSU_WKDL260008953-1A_237VHMLT4_L4	/archive/carpenterlab/pire/raw_sequence_archive/spratelloides_delicatulus/20260629_Sde-lcwgs	wahab	lcwgs		SdC1201911HWGSU_WKDL260008953-1A_237VHMLT4_L4_1.fq.gz	SdC1201911HWGSU_WKDL260008953-1A_237VHMLT4_L4_2.fq.gz	FALSE			
Sde-CBau_019-Ex1	SdC1201911HWGSU_WKDL260008953-1A_237VHMLT4_L5	/archive/carpenterlab/pire/raw_sequence_archive/spratelloides_delicatulus/20260629_Sde-lcwgs	wahab	lcwgs		SdC1201911HWGSU_WKDL260008953-1A_237VHMLT4_L5_1.fq.gz	SdC1201911HWGSU_WKDL260008953-1A_237VHMLT4_L5_2.fq.gz	FALSE			
Sde-CLim_020-Ex1	SdC1202005DWGSU_WKDL260008953-1A_237VHMLT4_L4	/archive/carpenterlab/pire/raw_sequence_archive/spratelloides_delicatulus/20260629_Sde-lcwgs	wahab	lcwgs		SdC1202005DWGSU_WKDL260008953-1A_237VHMLT4_L4_1.fq.gz	SdC1202005DWGSU_WKDL260008953-1A_237VHMLT4_L4_2.fq.gz	FALSE			
Sde-CLim_020-Ex1	SdC1202005DWGSU_WKDL260008953-1A_237VHMLT4_L5	/archive/carpenterlab/pire/raw_sequence_archive/spratelloides_delicatulus/20260629_Sde-lcwgs	wahab	lcwgs		SdC1202005DWGSU_WKDL260008953-1A_237VHMLT4_L5_1.fq.gz	SdC1202005DWGSU_WKDL260008953-1A_237VHMLT4_L5_2.fq.gz	FALSE			
Sde-CLim_020-Ex1	SdC1202006GWGSZ_WKDL260008953-1A_237VHMLT4_L4	/archive/carpenterlab/pire/raw_sequence_archive/spratelloides_delicatulus/20260629_Sde-lcwgs	wahab	lcwgs		SdC1202006GWGSZ_WKDL260008953-1A_237VHMLT4_L4_1.fq.gz	SdC1202006GWGSZ_WKDL260008953-1A_237VHMLT4_L4_2.fq.gz	FALSE			
Sde-CLim_020-Ex1	SdC1202006GWGSZ_WKDL260008953-1A_237VHMLT4_L5	/archive/carpenterlab/pire/raw_sequence_archive/spratelloides_delicatulus/20260629_Sde-lcwgs	wahab	lcwgs		SdC1202006GWGSZ_WKDL260008953-1A_237VHMLT4_L5_1.fq.gz	SdC1202006GWGSZ_WKDL260008953-1A_237VHMLT4_L5_2.fq.gz	FALSE			
Sde-CPla_020-Ex1	SdC1202012AWGSU_WKDL260008953-1A_237VHMLT4_L4	/archive/carpenterlab/pire/raw_sequence_archive/spratelloides_delicatulus/20260629_Sde-lcwgs	wahab	lcwgs		SdC1202012AWGSU_WKDL260008953-1A_237VHMLT4_L4_1.fq.gz	SdC1202012AWGSU_WKDL260008953-1A_237VHMLT4_L4_2.fq.gz	FALSE			
Sde-CPla_020-Ex1	SdC1202012AWGSU_WKDL260008953-1A_237VHMLT4_L5	/archive/carpenterlab/pire/raw_sequence_archive/spratelloides_delicatulus/20260629_Sde-lcwgs	wahab	lcwgs		SdC1202012AWGSU_WKDL260008953-1A_237VHMLT4_L5_1.fq.gz	SdC1202012AWGSU_WKDL260008953-1A_237VHMLT4_L5_2.fq.gz	FALSE			
Sde-CBau_022-Ex1	SdC1202202CWGSU_WKDL260008953-1A_237VHMLT4_L4	/archive/carpenterlab/pire/raw_sequence_archive/spratelloides_delicatulus/20260629_Sde-lcwgs	wahab	lcwgs		SdC1202202CWGSU_WKDL260008953-1A_237VHMLT4_L4_1.fq.gz	SdC1202202CWGSU_WKDL260008953-1A_237VHMLT4_L4_2.fq.gz	FALSE			
Sde-CBau_022-Ex1	SdC1202202CWGSU_WKDL260008953-1A_237VHMLT4_L5	/archive/carpenterlab/pire/raw_sequence_archive/spratelloides_delicatulus/20260629_Sde-lcwgs	wahab	lcwgs		SdC1202202CWGSU_WKDL260008953-1A_237VHMLT4_L5_1.fq.gz	SdC1202202CWGSU_WKDL260008953-1A_237VHMLT4_L5_2.fq.gz	FALSE			
Sde-CBau_022-Ex1	SdC1202203FWGSZ_WKDL260008953-1A_237VHMLT4_L4	/archive/carpenterlab/pire/raw_sequence_archive/spratelloides_delicatulus/20260629_Sde-lcwgs	wahab	lcwgs		SdC1202203FWGSZ_WKDL260008953-1A_237VHMLT4_L4_1.fq.gz	SdC1202203FWGSZ_WKDL260008953-1A_237VHMLT4_L4_2.fq.gz	FALSE			
Sde-CBau_022-Ex1	SdC1202203FWGSZ_WKDL260008953-1A_237VHMLT4_L5	/archive/carpenterlab/pire/raw_sequence_archive/spratelloides_delicatulus/20260629_Sde-lcwgs	wahab	lcwgs		SdC1202203FWGSZ_WKDL260008953-1A_237VHMLT4_L5_1.fq.gz	SdC1202203FWGSZ_WKDL260008953-1A_237VHMLT4_L5_2.fq.gz	FALSE			
Sde-CPla_023-Ex1	SdC1202303GWGSU_WKDL260008953-1A_237VHMLT4_L4	/archive/carpenterlab/pire/raw_sequence_archive/spratelloides_delicatulus/20260629_Sde-lcwgs	wahab	lcwgs		SdC1202303GWGSU_WKDL260008953-1A_237VHMLT4_L4_1.fq.gz	SdC1202303GWGSU_WKDL260008953-1A_237VHMLT4_L4_2.fq.gz	FALSE			
Sde-CPla_023-Ex1	SdC1202303GWGSU_WKDL260008953-1A_237VHMLT4_L5	/archive/carpenterlab/pire/raw_sequence_archive/spratelloides_delicatulus/20260629_Sde-lcwgs	wahab	lcwgs		SdC1202303GWGSU_WKDL260008953-1A_237VHMLT4_L5_1.fq.gz	SdC1202303GWGSU_WKDL260008953-1A_237VHMLT4_L5_2.fq.gz	FALSE			
Sde-CBau_023-Ex1	SdC1202304DWGSU_WKDL260008953-1A_237VHMLT4_L4	/archive/carpenterlab/pire/raw_sequence_archive/spratelloides_delicatulus/20260629_Sde-lcwgs	wahab	lcwgs		SdC1202304DWGSU_WKDL260008953-1A_237VHMLT4_L4_1.fq.gz	SdC1202304DWGSU_WKDL260008953-1A_237VHMLT4_L4_2.fq.gz	FALSE			
Sde-CBau_023-Ex1	SdC1202304DWGSU_WKDL260008953-1A_237VHMLT4_L5	/archive/carpenterlab/pire/raw_sequence_archive/spratelloides_delicatulus/20260629_Sde-lcwgs	wahab	lcwgs		SdC1202304DWGSU_WKDL260008953-1A_237VHMLT4_L5_1.fq.gz	SdC1202304DWGSU_WKDL260008953-1A_237VHMLT4_L5_2.fq.gz	FALSE			
Sde-CPla_023-Ex1	SdC1202305BWGSZ_WKDL260008953-1A_237VHMLT4_L4	/archive/carpenterlab/pire/raw_sequence_archive/spratelloides_delicatulus/20260629_Sde-lcwgs	wahab	lcwgs		SdC1202305BWGSZ_WKDL260008953-1A_237VHMLT4_L4_1.fq.gz	SdC1202305BWGSZ_WKDL260008953-1A_237VHMLT4_L4_2.fq.gz	FALSE			
Sde-CPla_023-Ex1	SdC1202305BWGSZ_WKDL260008953-1A_237VHMLT4_L5	/archive/carpenterlab/pire/raw_sequence_archive/spratelloides_delicatulus/20260629_Sde-lcwgs	wahab	lcwgs		SdC1202305BWGSZ_WKDL260008953-1A_237VHMLT4_L5_1.fq.gz	SdC1202305BWGSZ_WKDL260008953-1A_237VHMLT4_L5_2.fq.gz	FALSE			
Sde-CBau_023-Ex1	SdC1202305GWGSZ_WKDL260008953-1A_237VHMLT4_L4	/archive/carpenterlab/pire/raw_sequence_archive/spratelloides_delicatulus/20260629_Sde-lcwgs	wahab	lcwgs		SdC1202305GWGSZ_WKDL260008953-1A_237VHMLT4_L4_1.fq.gz	SdC1202305GWGSZ_WKDL260008953-1A_237VHMLT4_L4_2.fq.gz	FALSE			
Sde-CBau_023-Ex1	SdC1202305GWGSZ_WKDL260008953-1A_237VHMLT4_L5	/archive/carpenterlab/pire/raw_sequence_archive/spratelloides_delicatulus/20260629_Sde-lcwgs	wahab	lcwgs		SdC1202305GWGSZ_WKDL260008953-1A_237VHMLT4_L5_1.fq.gz	SdC1202305GWGSZ_WKDL260008953-1A_237VHMLT4_L5_2.fq.gz	FALSE			
Sde-CBau_024-Ex1	SdC1202407GWGSU_WKDL260008953-1A_237VHMLT4_L4	/archive/carpenterlab/pire/raw_sequence_archive/spratelloides_delicatulus/20260629_Sde-lcwgs	wahab	lcwgs		SdC1202407GWGSU_WKDL260008953-1A_237VHMLT4_L4_1.fq.gz	SdC1202407GWGSU_WKDL260008953-1A_237VHMLT4_L4_2.fq.gz	FALSE			
Sde-CBau_024-Ex1	SdC1202407GWGSU_WKDL260008953-1A_237VHMLT4_L5	/archive/carpenterlab/pire/raw_sequence_archive/spratelloides_delicatulus/20260629_Sde-lcwgs	wahab	lcwgs		SdC1202407GWGSU_WKDL260008953-1A_237VHMLT4_L5_1.fq.gz	SdC1202407GWGSU_WKDL260008953-1A_237VHMLT4_L5_2.fq.gz	FALSE			
Sde-CPla_025-Ex1	SdC1202506FWGSU_WKDL260008953-1A_237VHMLT4_L4	/archive/carpenterlab/pire/raw_sequence_archive/spratelloides_delicatulus/20260629_Sde-lcwgs	wahab	lcwgs		SdC1202506FWGSU_WKDL260008953-1A_237VHMLT4_L4_1.fq.gz	SdC1202506FWGSU_WKDL260008953-1A_237VHMLT4_L4_2.fq.gz	FALSE			
Sde-CPla_025-Ex1	SdC1202506FWGSU_WKDL260008953-1A_237VHMLT4_L5	/archive/carpenterlab/pire/raw_sequence_archive/spratelloides_delicatulus/20260629_Sde-lcwgs	wahab	lcwgs		SdC1202506FWGSU_WKDL260008953-1A_237VHMLT4_L5_1.fq.gz	SdC1202506FWGSU_WKDL260008953-1A_237VHMLT4_L5_2.fq.gz	FALSE			
Sde-CLim_028-Ex1	SdC1202807DWGSU_WKDL260008953-1A_237VHMLT4_L4	/archive/carpenterlab/pire/raw_sequence_archive/spratelloides_delicatulus/20260629_Sde-lcwgs	wahab	lcwgs		SdC1202807DWGSU_WKDL260008953-1A_237VHMLT4_L4_1.fq.gz	SdC1202807DWGSU_WKDL260008953-1A_237VHMLT4_L4_2.fq.gz	FALSE			
Sde-CLim_028-Ex1	SdC1202807DWGSU_WKDL260008953-1A_237VHMLT4_L5	/archive/carpenterlab/pire/raw_sequence_archive/spratelloides_delicatulus/20260629_Sde-lcwgs	wahab	lcwgs		SdC1202807DWGSU_WKDL260008953-1A_237VHMLT4_L5_1.fq.gz	SdC1202807DWGSU_WKDL260008953-1A_237VHMLT4_L5_2.fq.gz	FALSE			
Sde-CPla_029-Ex1	SdC1202901BWGSU_WKDL260008953-1A_237VHMLT4_L4	/archive/carpenterlab/pire/raw_sequence_archive/spratelloides_delicatulus/20260629_Sde-lcwgs	wahab	lcwgs		SdC1202901BWGSU_WKDL260008953-1A_237VHMLT4_L4_1.fq.gz	SdC1202901BWGSU_WKDL260008953-1A_237VHMLT4_L4_2.fq.gz	FALSE			
Sde-CPla_029-Ex1	SdC1202901BWGSU_WKDL260008953-1A_237VHMLT4_L5	/archive/carpenterlab/pire/raw_sequence_archive/spratelloides_delicatulus/20260629_Sde-lcwgs	wahab	lcwgs		SdC1202901BWGSU_WKDL260008953-1A_237VHMLT4_L5_1.fq.gz	SdC1202901BWGSU_WKDL260008953-1A_237VHMLT4_L5_2.fq.gz	FALSE			
Sde-CBau_029-Ex1	SdC1202909GWGSU_WKDL260008953-1A_237VHMLT4_L4	/archive/carpenterlab/pire/raw_sequence_archive/spratelloides_delicatulus/20260629_Sde-lcwgs	wahab	lcwgs		SdC1202909GWGSU_WKDL260008953-1A_237VHMLT4_L4_1.fq.gz	SdC1202909GWGSU_WKDL260008953-1A_237VHMLT4_L4_2.fq.gz	FALSE			
Sde-CBau_029-Ex1	SdC1202909GWGSU_WKDL260008953-1A_237VHMLT4_L5	/archive/carpenterlab/pire/raw_sequence_archive/spratelloides_delicatulus/20260629_Sde-lcwgs	wahab	lcwgs		SdC1202909GWGSU_WKDL260008953-1A_237VHMLT4_L5_1.fq.gz	SdC1202909GWGSU_WKDL260008953-1A_237VHMLT4_L5_2.fq.gz	FALSE			
Sde-CLim_030-Ex1	SdC1203011CWGSU_WKDL260008953-1A_237VHMLT4_L4	/archive/carpenterlab/pire/raw_sequence_archive/spratelloides_delicatulus/20260629_Sde-lcwgs	wahab	lcwgs		SdC1203011CWGSU_WKDL260008953-1A_237VHMLT4_L4_1.fq.gz	SdC1203011CWGSU_WKDL260008953-1A_237VHMLT4_L4_2.fq.gz	FALSE			
Sde-CLim_030-Ex1	SdC1203011CWGSU_WKDL260008953-1A_237VHMLT4_L5	/archive/carpenterlab/pire/raw_sequence_archive/spratelloides_delicatulus/20260629_Sde-lcwgs	wahab	lcwgs		SdC1203011CWGSU_WKDL260008953-1A_237VHMLT4_L5_1.fq.gz	SdC1203011CWGSU_WKDL260008953-1A_237VHMLT4_L5_2.fq.gz	FALSE			
Sde-CPla_031-Ex1	SdC1203112FWGSU_WKDL260008953-1A_237VHMLT4_L4	/archive/carpenterlab/pire/raw_sequence_archive/spratelloides_delicatulus/20260629_Sde-lcwgs	wahab	lcwgs		SdC1203112FWGSU_WKDL260008953-1A_237VHMLT4_L4_1.fq.gz	SdC1203112FWGSU_WKDL260008953-1A_237VHMLT4_L4_2.fq.gz	FALSE			
Sde-CPla_031-Ex1	SdC1203112FWGSU_WKDL260008953-1A_237VHMLT4_L5	/archive/carpenterlab/pire/raw_sequence_archive/spratelloides_delicatulus/20260629_Sde-lcwgs	wahab	lcwgs		SdC1203112FWGSU_WKDL260008953-1A_237VHMLT4_L5_1.fq.gz	SdC1203112FWGSU_WKDL260008953-1A_237VHMLT4_L5_2.fq.gz	FALSE			
Sde-CPla_033-Ex1	SdC1203306HWGSU_WKDL260008953-1A_237VHMLT4_L4	/archive/carpenterlab/pire/raw_sequence_archive/spratelloides_delicatulus/20260629_Sde-lcwgs	wahab	lcwgs		SdC1203306HWGSU_WKDL260008953-1A_237VHMLT4_L4_1.fq.gz	SdC1203306HWGSU_WKDL260008953-1A_237VHMLT4_L4_2.fq.gz	FALSE			
Sde-CPla_033-Ex1	SdC1203306HWGSU_WKDL260008953-1A_237VHMLT4_L5	/archive/carpenterlab/pire/raw_sequence_archive/spratelloides_delicatulus/20260629_Sde-lcwgs	wahab	lcwgs		SdC1203306HWGSU_WKDL260008953-1A_237VHMLT4_L5_1.fq.gz	SdC1203306HWGSU_WKDL260008953-1A_237VHMLT4_L5_2.fq.gz	FALSE			
Sde-CBau_033-Ex1	SdC1203311AWGSU_WKDL260008953-1A_237VHMLT4_L4	/archive/carpenterlab/pire/raw_sequence_archive/spratelloides_delicatulus/20260629_Sde-lcwgs	wahab	lcwgs		SdC1203311AWGSU_WKDL260008953-1A_237VHMLT4_L4_1.fq.gz	SdC1203311AWGSU_WKDL260008953-1A_237VHMLT4_L4_2.fq.gz	FALSE			
Sde-CBau_033-Ex1	SdC1203311AWGSU_WKDL260008953-1A_237VHMLT4_L5	/archive/carpenterlab/pire/raw_sequence_archive/spratelloides_delicatulus/20260629_Sde-lcwgs	wahab	lcwgs		SdC1203311AWGSU_WKDL260008953-1A_237VHMLT4_L5_1.fq.gz	SdC1203311AWGSU_WKDL260008953-1A_237VHMLT4_L5_2.fq.gz	FALSE			
Sde-CBau_034-Ex1	SdC1203402FWGSU_WKDL260008953-1A_237VHMLT4_L4	/archive/carpenterlab/pire/raw_sequence_archive/spratelloides_delicatulus/20260629_Sde-lcwgs	wahab	lcwgs		SdC1203402FWGSU_WKDL260008953-1A_237VHMLT4_L4_1.fq.gz	SdC1203402FWGSU_WKDL260008953-1A_237VHMLT4_L4_2.fq.gz	FALSE			
Sde-CBau_034-Ex1	SdC1203402FWGSU_WKDL260008953-1A_237VHMLT4_L5	/archive/carpenterlab/pire/raw_sequence_archive/spratelloides_delicatulus/20260629_Sde-lcwgs	wahab	lcwgs		SdC1203402FWGSU_WKDL260008953-1A_237VHMLT4_L5_1.fq.gz	SdC1203402FWGSU_WKDL260008953-1A_237VHMLT4_L5_2.fq.gz	FALSE			
Sde-CBau_034-Ex1	SdC1203404AWGSZ_WKDL260008953-1A_237VHMLT4_L4	/archive/carpenterlab/pire/raw_sequence_archive/spratelloides_delicatulus/20260629_Sde-lcwgs	wahab	lcwgs		SdC1203404AWGSZ_WKDL260008953-1A_237VHMLT4_L4_1.fq.gz	SdC1203404AWGSZ_WKDL260008953-1A_237VHMLT4_L4_2.fq.gz	FALSE			
Sde-CBau_034-Ex1	SdC1203404AWGSZ_WKDL260008953-1A_237VHMLT4_L5	/archive/carpenterlab/pire/raw_sequence_archive/spratelloides_delicatulus/20260629_Sde-lcwgs	wahab	lcwgs		SdC1203404AWGSZ_WKDL260008953-1A_237VHMLT4_L5_1.fq.gz	SdC1203404AWGSZ_WKDL260008953-1A_237VHMLT4_L5_2.fq.gz	FALSE			
Sde-CBau_035-Ex1	SdC1203511BWGSU_WKDL260008953-1A_237VHMLT4_L4	/archive/carpenterlab/pire/raw_sequence_archive/spratelloides_delicatulus/20260629_Sde-lcwgs	wahab	lcwgs		SdC1203511BWGSU_WKDL260008953-1A_237VHMLT4_L4_1.fq.gz	SdC1203511BWGSU_WKDL260008953-1A_237VHMLT4_L4_2.fq.gz	FALSE			
Sde-CBau_035-Ex1	SdC1203511BWGSU_WKDL260008953-1A_237VHMLT4_L5	/archive/carpenterlab/pire/raw_sequence_archive/spratelloides_delicatulus/20260629_Sde-lcwgs	wahab	lcwgs		SdC1203511BWGSU_WKDL260008953-1A_237VHMLT4_L5_1.fq.gz	SdC1203511BWGSU_WKDL260008953-1A_237VHMLT4_L5_2.fq.gz	FALSE			
Sde-CPla_036-Ex1	SdC1203603AWGSU_WKDL260008953-1A_237VHMLT4_L4	/archive/carpenterlab/pire/raw_sequence_archive/spratelloides_delicatulus/20260629_Sde-lcwgs	wahab	lcwgs		SdC1203603AWGSU_WKDL260008953-1A_237VHMLT4_L4_1.fq.gz	SdC1203603AWGSU_WKDL260008953-1A_237VHMLT4_L4_2.fq.gz	FALSE			
Sde-CPla_036-Ex1	SdC1203603AWGSU_WKDL260008953-1A_237VHMLT4_L5	/archive/carpenterlab/pire/raw_sequence_archive/spratelloides_delicatulus/20260629_Sde-lcwgs	wahab	lcwgs		SdC1203603AWGSU_WKDL260008953-1A_237VHMLT4_L5_1.fq.gz	SdC1203603AWGSU_WKDL260008953-1A_237VHMLT4_L5_2.fq.gz	FALSE			
Sde-CPla_036-Ex1	SdC1203604DWGSZ_WKDL260008953-1A_237VHMLT4_L4	/archive/carpenterlab/pire/raw_sequence_archive/spratelloides_delicatulus/20260629_Sde-lcwgs	wahab	lcwgs		SdC1203604DWGSZ_WKDL260008953-1A_237VHMLT4_L4_1.fq.gz	SdC1203604DWGSZ_WKDL260008953-1A_237VHMLT4_L4_2.fq.gz	FALSE			
Sde-CPla_036-Ex1	SdC1203604DWGSZ_WKDL260008953-1A_237VHMLT4_L5	/archive/carpenterlab/pire/raw_sequence_archive/spratelloides_delicatulus/20260629_Sde-lcwgs	wahab	lcwgs		SdC1203604DWGSZ_WKDL260008953-1A_237VHMLT4_L5_1.fq.gz	SdC1203604DWGSZ_WKDL260008953-1A_237VHMLT4_L5_2.fq.gz	FALSE			
Sde-CLim_037-Ex1	SdC1203703DWGSU_WKDL260008953-1A_237VHMLT4_L4	/archive/carpenterlab/pire/raw_sequence_archive/spratelloides_delicatulus/20260629_Sde-lcwgs	wahab	lcwgs		SdC1203703DWGSU_WKDL260008953-1A_237VHMLT4_L4_1.fq.gz	SdC1203703DWGSU_WKDL260008953-1A_237VHMLT4_L4_2.fq.gz	FALSE			
Sde-CLim_037-Ex1	SdC1203703DWGSU_WKDL260008953-1A_237VHMLT4_L5	/archive/carpenterlab/pire/raw_sequence_archive/spratelloides_delicatulus/20260629_Sde-lcwgs	wahab	lcwgs		SdC1203703DWGSU_WKDL260008953-1A_237VHMLT4_L5_1.fq.gz	SdC1203703DWGSU_WKDL260008953-1A_237VHMLT4_L5_2.fq.gz	FALSE			
Sde-CLim_037-Ex1	SdC1203704GWGSZ_WKDL260008953-1A_237VHMLT4_L4	/archive/carpenterlab/pire/raw_sequence_archive/spratelloides_delicatulus/20260629_Sde-lcwgs	wahab	lcwgs		SdC1203704GWGSZ_WKDL260008953-1A_237VHMLT4_L4_1.fq.gz	SdC1203704GWGSZ_WKDL260008953-1A_237VHMLT4_L4_2.fq.gz	FALSE			
Sde-CLim_037-Ex1	SdC1203704GWGSZ_WKDL260008953-1A_237VHMLT4_L5	/archive/carpenterlab/pire/raw_sequence_archive/spratelloides_delicatulus/20260629_Sde-lcwgs	wahab	lcwgs		SdC1203704GWGSZ_WKDL260008953-1A_237VHMLT4_L5_1.fq.gz	SdC1203704GWGSZ_WKDL260008953-1A_237VHMLT4_L5_2.fq.gz	FALSE			
Sde-CPla_037-Ex1	SdC1203707BWGSU_WKDL260008953-1A_237VHMLT4_L4	/archive/carpenterlab/pire/raw_sequence_archive/spratelloides_delicatulus/20260629_Sde-lcwgs	wahab	lcwgs		SdC1203707BWGSU_WKDL260008953-1A_237VHMLT4_L4_1.fq.gz	SdC1203707BWGSU_WKDL260008953-1A_237VHMLT4_L4_2.fq.gz	FALSE			
Sde-CPla_037-Ex1	SdC1203707BWGSU_WKDL260008953-1A_237VHMLT4_L5	/archive/carpenterlab/pire/raw_sequence_archive/spratelloides_delicatulus/20260629_Sde-lcwgs	wahab	lcwgs		SdC1203707BWGSU_WKDL260008953-1A_237VHMLT4_L5_1.fq.gz	SdC1203707BWGSU_WKDL260008953-1A_237VHMLT4_L5_2.fq.gz	FALSE			
Sde-CBau_039-Ex1	SdC1203909EWGSU_WKDL260008953-1A_237VHMLT4_L4	/archive/carpenterlab/pire/raw_sequence_archive/spratelloides_delicatulus/20260629_Sde-lcwgs	wahab	lcwgs		SdC1203909EWGSU_WKDL260008953-1A_237VHMLT4_L4_1.fq.gz	SdC1203909EWGSU_WKDL260008953-1A_237VHMLT4_L4_2.fq.gz	FALSE			
Sde-CBau_039-Ex1	SdC1203909EWGSU_WKDL260008953-1A_237VHMLT4_L5	/archive/carpenterlab/pire/raw_sequence_archive/spratelloides_delicatulus/20260629_Sde-lcwgs	wahab	lcwgs		SdC1203909EWGSU_WKDL260008953-1A_237VHMLT4_L5_1.fq.gz	SdC1203909EWGSU_WKDL260008953-1A_237VHMLT4_L5_2.fq.gz	FALSE			
Sde-CPla_040-Ex1	SdC1204004CWGSU_WKDL260008953-1A_237VHMLT4_L4	/archive/carpenterlab/pire/raw_sequence_archive/spratelloides_delicatulus/20260629_Sde-lcwgs	wahab	lcwgs		SdC1204004CWGSU_WKDL260008953-1A_237VHMLT4_L4_1.fq.gz	SdC1204004CWGSU_WKDL260008953-1A_237VHMLT4_L4_2.fq.gz	FALSE			
Sde-CPla_040-Ex1	SdC1204004CWGSU_WKDL260008953-1A_237VHMLT4_L5	/archive/carpenterlab/pire/raw_sequence_archive/spratelloides_delicatulus/20260629_Sde-lcwgs	wahab	lcwgs		SdC1204004CWGSU_WKDL260008953-1A_237VHMLT4_L5_1.fq.gz	SdC1204004CWGSU_WKDL260008953-1A_237VHMLT4_L5_2.fq.gz	FALSE			
Sde-CPla_040-Ex1	SdC1204005FWGSZ_WKDL260008953-1A_237VHMLT4_L4	/archive/carpenterlab/pire/raw_sequence_archive/spratelloides_delicatulus/20260629_Sde-lcwgs	wahab	lcwgs		SdC1204005FWGSZ_WKDL260008953-1A_237VHMLT4_L4_1.fq.gz	SdC1204005FWGSZ_WKDL260008953-1A_237VHMLT4_L4_2.fq.gz	FALSE			
Sde-CPla_040-Ex1	SdC1204005FWGSZ_WKDL260008953-1A_237VHMLT4_L5	/archive/carpenterlab/pire/raw_sequence_archive/spratelloides_delicatulus/20260629_Sde-lcwgs	wahab	lcwgs		SdC1204005FWGSZ_WKDL260008953-1A_237VHMLT4_L5_1.fq.gz	SdC1204005FWGSZ_WKDL260008953-1A_237VHMLT4_L5_2.fq.gz	FALSE			
Sde-CLim_042-Ex1	SdC1204212DWGSU_WKDL260008953-1A_237VHMLT4_L4	/archive/carpenterlab/pire/raw_sequence_archive/spratelloides_delicatulus/20260629_Sde-lcwgs	wahab	lcwgs		SdC1204212DWGSU_WKDL260008953-1A_237VHMLT4_L4_1.fq.gz	SdC1204212DWGSU_WKDL260008953-1A_237VHMLT4_L4_2.fq.gz	FALSE			
Sde-CLim_042-Ex1	SdC1204212DWGSU_WKDL260008953-1A_237VHMLT4_L5	/archive/carpenterlab/pire/raw_sequence_archive/spratelloides_delicatulus/20260629_Sde-lcwgs	wahab	lcwgs		SdC1204212DWGSU_WKDL260008953-1A_237VHMLT4_L5_1.fq.gz	SdC1204212DWGSU_WKDL260008953-1A_237VHMLT4_L5_2.fq.gz	FALSE			
Sde-CBau_043-Ex1	SdC1204301AWGSU_WKDL260008953-1A_237VHMLT4_L4	/archive/carpenterlab/pire/raw_sequence_archive/spratelloides_delicatulus/20260629_Sde-lcwgs	wahab	lcwgs		SdC1204301AWGSU_WKDL260008953-1A_237VHMLT4_L4_1.fq.gz	SdC1204301AWGSU_WKDL260008953-1A_237VHMLT4_L4_2.fq.gz	FALSE			
Sde-CBau_043-Ex1	SdC1204301AWGSU_WKDL260008953-1A_237VHMLT4_L5	/archive/carpenterlab/pire/raw_sequence_archive/spratelloides_delicatulus/20260629_Sde-lcwgs	wahab	lcwgs		SdC1204301AWGSU_WKDL260008953-1A_237VHMLT4_L5_1.fq.gz	SdC1204301AWGSU_WKDL260008953-1A_237VHMLT4_L5_2.fq.gz	FALSE			
Sde-CBau_043-Ex1	SdC1204303AWGSZ_WKDL260008953-1A_237VHMLT4_L4	/archive/carpenterlab/pire/raw_sequence_archive/spratelloides_delicatulus/20260629_Sde-lcwgs	wahab	lcwgs		SdC1204303AWGSZ_WKDL260008953-1A_237VHMLT4_L4_1.fq.gz	SdC1204303AWGSZ_WKDL260008953-1A_237VHMLT4_L4_2.fq.gz	FALSE			
Sde-CBau_043-Ex1	SdC1204303AWGSZ_WKDL260008953-1A_237VHMLT4_L5	/archive/carpenterlab/pire/raw_sequence_archive/spratelloides_delicatulus/20260629_Sde-lcwgs	wahab	lcwgs		SdC1204303AWGSZ_WKDL260008953-1A_237VHMLT4_L5_1.fq.gz	SdC1204303AWGSZ_WKDL260008953-1A_237VHMLT4_L5_2.fq.gz	FALSE			
Sde-CPla_045-Ex1	SdC1204501CWGSU_WKDL260008953-1A_237VHMLT4_L4	/archive/carpenterlab/pire/raw_sequence_archive/spratelloides_delicatulus/20260629_Sde-lcwgs	wahab	lcwgs		SdC1204501CWGSU_WKDL260008953-1A_237VHMLT4_L4_1.fq.gz	SdC1204501CWGSU_WKDL260008953-1A_237VHMLT4_L4_2.fq.gz	FALSE			
Sde-CPla_045-Ex1	SdC1204501CWGSU_WKDL260008953-1A_237VHMLT4_L5	/archive/carpenterlab/pire/raw_sequence_archive/spratelloides_delicatulus/20260629_Sde-lcwgs	wahab	lcwgs		SdC1204501CWGSU_WKDL260008953-1A_237VHMLT4_L5_1.fq.gz	SdC1204501CWGSU_WKDL260008953-1A_237VHMLT4_L5_2.fq.gz	FALSE			
Sde-CLim_045-Ex1	SdC1204503EWGSU_WKDL260008953-1A_237VHMLT4_L4	/archive/carpenterlab/pire/raw_sequence_archive/spratelloides_delicatulus/20260629_Sde-lcwgs	wahab	lcwgs		SdC1204503EWGSU_WKDL260008953-1A_237VHMLT4_L4_1.fq.gz	SdC1204503EWGSU_WKDL260008953-1A_237VHMLT4_L4_2.fq.gz	FALSE			
Sde-CLim_045-Ex1	SdC1204503EWGSU_WKDL260008953-1A_237VHMLT4_L5	/archive/carpenterlab/pire/raw_sequence_archive/spratelloides_delicatulus/20260629_Sde-lcwgs	wahab	lcwgs		SdC1204503EWGSU_WKDL260008953-1A_237VHMLT4_L5_1.fq.gz	SdC1204503EWGSU_WKDL260008953-1A_237VHMLT4_L5_2.fq.gz	FALSE			
Sde-CLim_045-Ex1	SdC1204504HWGSZ_WKDL260008953-1A_237VHMLT4_L4	/archive/carpenterlab/pire/raw_sequence_archive/spratelloides_delicatulus/20260629_Sde-lcwgs	wahab	lcwgs		SdC1204504HWGSZ_WKDL260008953-1A_237VHMLT4_L4_1.fq.gz	SdC1204504HWGSZ_WKDL260008953-1A_237VHMLT4_L4_2.fq.gz	FALSE			
Sde-CLim_045-Ex1	SdC1204504HWGSZ_WKDL260008953-1A_237VHMLT4_L5	/archive/carpenterlab/pire/raw_sequence_archive/spratelloides_delicatulus/20260629_Sde-lcwgs	wahab	lcwgs		SdC1204504HWGSZ_WKDL260008953-1A_237VHMLT4_L5_1.fq.gz	SdC1204504HWGSZ_WKDL260008953-1A_237VHMLT4_L5_2.fq.gz	FALSE			
Sde-CBau_046-Ex1	SdC1204609AWGSU_WKDL260008953-1A_237VHMLT4_L4	/archive/carpenterlab/pire/raw_sequence_archive/spratelloides_delicatulus/20260629_Sde-lcwgs	wahab	lcwgs		SdC1204609AWGSU_WKDL260008953-1A_237VHMLT4_L4_1.fq.gz	SdC1204609AWGSU_WKDL260008953-1A_237VHMLT4_L4_2.fq.gz	FALSE			
Sde-CBau_046-Ex1	SdC1204609AWGSU_WKDL260008953-1A_237VHMLT4_L5	/archive/carpenterlab/pire/raw_sequence_archive/spratelloides_delicatulus/20260629_Sde-lcwgs	wahab	lcwgs		SdC1204609AWGSU_WKDL260008953-1A_237VHMLT4_L5_1.fq.gz	SdC1204609AWGSU_WKDL260008953-1A_237VHMLT4_L5_2.fq.gz	FALSE			
Sde-CPla_047-Ex1	SdC1204704HWGSU_WKDL260008953-1A_237VHMLT4_L4	/archive/carpenterlab/pire/raw_sequence_archive/spratelloides_delicatulus/20260629_Sde-lcwgs	wahab	lcwgs		SdC1204704HWGSU_WKDL260008953-1A_237VHMLT4_L4_1.fq.gz	SdC1204704HWGSU_WKDL260008953-1A_237VHMLT4_L4_2.fq.gz	FALSE			
Sde-CPla_047-Ex1	SdC1204704HWGSU_WKDL260008953-1A_237VHMLT4_L5	/archive/carpenterlab/pire/raw_sequence_archive/spratelloides_delicatulus/20260629_Sde-lcwgs	wahab	lcwgs		SdC1204704HWGSU_WKDL260008953-1A_237VHMLT4_L5_1.fq.gz	SdC1204704HWGSU_WKDL260008953-1A_237VHMLT4_L5_2.fq.gz	FALSE			
Sde-CPla_047-Ex1	SdC1204706CWGSZ_WKDL260008953-1A_237VHMLT4_L4	/archive/carpenterlab/pire/raw_sequence_archive/spratelloides_delicatulus/20260629_Sde-lcwgs	wahab	lcwgs		SdC1204706CWGSZ_WKDL260008953-1A_237VHMLT4_L4_1.fq.gz	SdC1204706CWGSZ_WKDL260008953-1A_237VHMLT4_L4_2.fq.gz	FALSE			
Sde-CPla_047-Ex1	SdC1204706CWGSZ_WKDL260008953-1A_237VHMLT4_L5	/archive/carpenterlab/pire/raw_sequence_archive/spratelloides_delicatulus/20260629_Sde-lcwgs	wahab	lcwgs		SdC1204706CWGSZ_WKDL260008953-1A_237VHMLT4_L5_1.fq.gz	SdC1204706CWGSZ_WKDL260008953-1A_237VHMLT4_L5_2.fq.gz	FALSE			
Sde-CLim_048-Ex1	SdC1204808AWGSU_WKDL260008953-1A_237VHMLT4_L4	/archive/carpenterlab/pire/raw_sequence_archive/spratelloides_delicatulus/20260629_Sde-lcwgs	wahab	lcwgs		SdC1204808AWGSU_WKDL260008953-1A_237VHMLT4_L4_1.fq.gz	SdC1204808AWGSU_WKDL260008953-1A_237VHMLT4_L4_2.fq.gz	FALSE			
Sde-CLim_048-Ex1	SdC1204808AWGSU_WKDL260008953-1A_237VHMLT4_L5	/archive/carpenterlab/pire/raw_sequence_archive/spratelloides_delicatulus/20260629_Sde-lcwgs	wahab	lcwgs		SdC1204808AWGSU_WKDL260008953-1A_237VHMLT4_L5_1.fq.gz	SdC1204808AWGSU_WKDL260008953-1A_237VHMLT4_L5_2.fq.gz	FALSE			
Sde-CBau_049-Ex1	SdC1204911FWGSU_WKDL260008953-1A_237VHMLT4_L4	/archive/carpenterlab/pire/raw_sequence_archive/spratelloides_delicatulus/20260629_Sde-lcwgs	wahab	lcwgs		SdC1204911FWGSU_WKDL260008953-1A_237VHMLT4_L4_1.fq.gz	SdC1204911FWGSU_WKDL260008953-1A_237VHMLT4_L4_2.fq.gz	FALSE			
Sde-CBau_049-Ex1	SdC1204911FWGSU_WKDL260008953-1A_237VHMLT4_L5	/archive/carpenterlab/pire/raw_sequence_archive/spratelloides_delicatulus/20260629_Sde-lcwgs	wahab	lcwgs		SdC1204911FWGSU_WKDL260008953-1A_237VHMLT4_L5_1.fq.gz	SdC1204911FWGSU_WKDL260008953-1A_237VHMLT4_L5_2.fq.gz	FALSE			
Sde-CLim_050-Ex1	SdC1205002DWGSU_WKDL260008953-1A_237VHMLT4_L4	/archive/carpenterlab/pire/raw_sequence_archive/spratelloides_delicatulus/20260629_Sde-lcwgs	wahab	lcwgs		SdC1205002DWGSU_WKDL260008953-1A_237VHMLT4_L4_1.fq.gz	SdC1205002DWGSU_WKDL260008953-1A_237VHMLT4_L4_2.fq.gz	FALSE			
Sde-CLim_050-Ex1	SdC1205002DWGSU_WKDL260008953-1A_237VHMLT4_L5	/archive/carpenterlab/pire/raw_sequence_archive/spratelloides_delicatulus/20260629_Sde-lcwgs	wahab	lcwgs		SdC1205002DWGSU_WKDL260008953-1A_237VHMLT4_L5_1.fq.gz	SdC1205002DWGSU_WKDL260008953-1A_237VHMLT4_L5_2.fq.gz	FALSE			
Sde-CBau_050-Ex1	SdC1205003FWGSU_WKDL260008953-1A_237VHMLT4_L4	/archive/carpenterlab/pire/raw_sequence_archive/spratelloides_delicatulus/20260629_Sde-lcwgs	wahab	lcwgs		SdC1205003FWGSU_WKDL260008953-1A_237VHMLT4_L4_1.fq.gz	SdC1205003FWGSU_WKDL260008953-1A_237VHMLT4_L4_2.fq.gz	FALSE			
Sde-CBau_050-Ex1	SdC1205003FWGSU_WKDL260008953-1A_237VHMLT4_L5	/archive/carpenterlab/pire/raw_sequence_archive/spratelloides_delicatulus/20260629_Sde-lcwgs	wahab	lcwgs		SdC1205003FWGSU_WKDL260008953-1A_237VHMLT4_L5_1.fq.gz	SdC1205003FWGSU_WKDL260008953-1A_237VHMLT4_L5_2.fq.gz	FALSE			
Sde-CLim_050-Ex1	SdC1205003GWGSZ_WKDL260008953-1A_237VHMLT4_L4	/archive/carpenterlab/pire/raw_sequence_archive/spratelloides_delicatulus/20260629_Sde-lcwgs	wahab	lcwgs		SdC1205003GWGSZ_WKDL260008953-1A_237VHMLT4_L4_1.fq.gz	SdC1205003GWGSZ_WKDL260008953-1A_237VHMLT4_L4_2.fq.gz	FALSE			
Sde-CLim_050-Ex1	SdC1205003GWGSZ_WKDL260008953-1A_237VHMLT4_L5	/archive/carpenterlab/pire/raw_sequence_archive/spratelloides_delicatulus/20260629_Sde-lcwgs	wahab	lcwgs		SdC1205003GWGSZ_WKDL260008953-1A_237VHMLT4_L5_1.fq.gz	SdC1205003GWGSZ_WKDL260008953-1A_237VHMLT4_L5_2.fq.gz	FALSE			
Sde-CBau_050-Ex1	SdC1205005AWGSZ_WKDL260008953-1A_237VHMLT4_L4	/archive/carpenterlab/pire/raw_sequence_archive/spratelloides_delicatulus/20260629_Sde-lcwgs	wahab	lcwgs		SdC1205005AWGSZ_WKDL260008953-1A_237VHMLT4_L4_1.fq.gz	SdC1205005AWGSZ_WKDL260008953-1A_237VHMLT4_L4_2.fq.gz	FALSE			
Sde-CBau_050-Ex1	SdC1205005AWGSZ_WKDL260008953-1A_237VHMLT4_L5	/archive/carpenterlab/pire/raw_sequence_archive/spratelloides_delicatulus/20260629_Sde-lcwgs	wahab	lcwgs		SdC1205005AWGSZ_WKDL260008953-1A_237VHMLT4_L5_1.fq.gz	SdC1205005AWGSZ_WKDL260008953-1A_237VHMLT4_L5_2.fq.gz	FALSE			
Sde-CPla_051-Ex1	SdC1205101EWGSU_WKDL260008953-1A_237VHMLT4_L4	/archive/carpenterlab/pire/raw_sequence_archive/spratelloides_delicatulus/20260629_Sde-lcwgs	wahab	lcwgs		SdC1205101EWGSU_WKDL260008953-1A_237VHMLT4_L4_1.fq.gz	SdC1205101EWGSU_WKDL260008953-1A_237VHMLT4_L4_2.fq.gz	FALSE			
Sde-CPla_051-Ex1	SdC1205101EWGSU_WKDL260008953-1A_237VHMLT4_L5	/archive/carpenterlab/pire/raw_sequence_archive/spratelloides_delicatulus/20260629_Sde-lcwgs	wahab	lcwgs		SdC1205101EWGSU_WKDL260008953-1A_237VHMLT4_L5_1.fq.gz	SdC1205101EWGSU_WKDL260008953-1A_237VHMLT4_L5_2.fq.gz	FALSE			
Sde-CBau_051-Ex1	SdC1205106CWGSU_WKDL260008953-1A_237VHMLT4_L4	/archive/carpenterlab/pire/raw_sequence_archive/spratelloides_delicatulus/20260629_Sde-lcwgs	wahab	lcwgs		SdC1205106CWGSU_WKDL260008953-1A_237VHMLT4_L4_1.fq.gz	SdC1205106CWGSU_WKDL260008953-1A_237VHMLT4_L4_2.fq.gz	FALSE			
Sde-CBau_051-Ex1	SdC1205106CWGSU_WKDL260008953-1A_237VHMLT4_L5	/archive/carpenterlab/pire/raw_sequence_archive/spratelloides_delicatulus/20260629_Sde-lcwgs	wahab	lcwgs		SdC1205106CWGSU_WKDL260008953-1A_237VHMLT4_L5_1.fq.gz	SdC1205106CWGSU_WKDL260008953-1A_237VHMLT4_L5_2.fq.gz	FALSE			
Sde-CBau_051-Ex1	SdC1205106HWGSZ_WKDL260008953-1A_237VHMLT4_L4	/archive/carpenterlab/pire/raw_sequence_archive/spratelloides_delicatulus/20260629_Sde-lcwgs	wahab	lcwgs		SdC1205106HWGSZ_WKDL260008953-1A_237VHMLT4_L4_1.fq.gz	SdC1205106HWGSZ_WKDL260008953-1A_237VHMLT4_L4_2.fq.gz	FALSE			
Sde-CBau_051-Ex1	SdC1205106HWGSZ_WKDL260008953-1A_237VHMLT4_L5	/archive/carpenterlab/pire/raw_sequence_archive/spratelloides_delicatulus/20260629_Sde-lcwgs	wahab	lcwgs		SdC1205106HWGSZ_WKDL260008953-1A_237VHMLT4_L5_1.fq.gz	SdC1205106HWGSZ_WKDL260008953-1A_237VHMLT4_L5_2.fq.gz	FALSE			
Sde-CLim_052-Ex1	SdC1205212HWGSU_WKDL260008953-1A_237VHMLT4_L4	/archive/carpenterlab/pire/raw_sequence_archive/spratelloides_delicatulus/20260629_Sde-lcwgs	wahab	lcwgs		SdC1205212HWGSU_WKDL260008953-1A_237VHMLT4_L4_1.fq.gz	SdC1205212HWGSU_WKDL260008953-1A_237VHMLT4_L4_2.fq.gz	FALSE			
Sde-CLim_052-Ex1	SdC1205212HWGSU_WKDL260008953-1A_237VHMLT4_L5	/archive/carpenterlab/pire/raw_sequence_archive/spratelloides_delicatulus/20260629_Sde-lcwgs	wahab	lcwgs		SdC1205212HWGSU_WKDL260008953-1A_237VHMLT4_L5_1.fq.gz	SdC1205212HWGSU_WKDL260008953-1A_237VHMLT4_L5_2.fq.gz	FALSE			
Sde-CLim_053-Ex1	SdC1205312EWGSU_WKDL260008953-1A_237VHMLT4_L4	/archive/carpenterlab/pire/raw_sequence_archive/spratelloides_delicatulus/20260629_Sde-lcwgs	wahab	lcwgs		SdC1205312EWGSU_WKDL260008953-1A_237VHMLT4_L4_1.fq.gz	SdC1205312EWGSU_WKDL260008953-1A_237VHMLT4_L4_2.fq.gz	FALSE			
Sde-CLim_053-Ex1	SdC1205312EWGSU_WKDL260008953-1A_237VHMLT4_L5	/archive/carpenterlab/pire/raw_sequence_archive/spratelloides_delicatulus/20260629_Sde-lcwgs	wahab	lcwgs		SdC1205312EWGSU_WKDL260008953-1A_237VHMLT4_L5_1.fq.gz	SdC1205312EWGSU_WKDL260008953-1A_237VHMLT4_L5_2.fq.gz	FALSE			
Sde-CBau_054-Ex1	SdC1205403HWGSU_WKDL260008953-1A_237VHMLT4_L4	/archive/carpenterlab/pire/raw_sequence_archive/spratelloides_delicatulus/20260629_Sde-lcwgs	wahab	lcwgs		SdC1205403HWGSU_WKDL260008953-1A_237VHMLT4_L4_1.fq.gz	SdC1205403HWGSU_WKDL260008953-1A_237VHMLT4_L4_2.fq.gz	FALSE			
Sde-CBau_054-Ex1	SdC1205403HWGSU_WKDL260008953-1A_237VHMLT4_L5	/archive/carpenterlab/pire/raw_sequence_archive/spratelloides_delicatulus/20260629_Sde-lcwgs	wahab	lcwgs		SdC1205403HWGSU_WKDL260008953-1A_237VHMLT4_L5_1.fq.gz	SdC1205403HWGSU_WKDL260008953-1A_237VHMLT4_L5_2.fq.gz	FALSE			
Sde-CBau_054-Ex1	SdC1205405CWGSZ_WKDL260008953-1A_237VHMLT4_L4	/archive/carpenterlab/pire/raw_sequence_archive/spratelloides_delicatulus/20260629_Sde-lcwgs	wahab	lcwgs		SdC1205405CWGSZ_WKDL260008953-1A_237VHMLT4_L4_1.fq.gz	SdC1205405CWGSZ_WKDL260008953-1A_237VHMLT4_L4_2.fq.gz	FALSE			
Sde-CBau_054-Ex1	SdC1205405CWGSZ_WKDL260008953-1A_237VHMLT4_L5	/archive/carpenterlab/pire/raw_sequence_archive/spratelloides_delicatulus/20260629_Sde-lcwgs	wahab	lcwgs		SdC1205405CWGSZ_WKDL260008953-1A_237VHMLT4_L5_1.fq.gz	SdC1205405CWGSZ_WKDL260008953-1A_237VHMLT4_L5_2.fq.gz	FALSE			
Sde-CBau_055-Ex1	SdC1205507CWGSU_WKDL260008953-1A_237VHMLT4_L4	/archive/carpenterlab/pire/raw_sequence_archive/spratelloides_delicatulus/20260629_Sde-lcwgs	wahab	lcwgs		SdC1205507CWGSU_WKDL260008953-1A_237VHMLT4_L4_1.fq.gz	SdC1205507CWGSU_WKDL260008953-1A_237VHMLT4_L4_2.fq.gz	FALSE			
Sde-CBau_055-Ex1	SdC1205507CWGSU_WKDL260008953-1A_237VHMLT4_L5	/archive/carpenterlab/pire/raw_sequence_archive/spratelloides_delicatulus/20260629_Sde-lcwgs	wahab	lcwgs		SdC1205507CWGSU_WKDL260008953-1A_237VHMLT4_L5_1.fq.gz	SdC1205507CWGSU_WKDL260008953-1A_237VHMLT4_L5_2.fq.gz	FALSE			
Sde-CLim_055-Ex1	SdC1205510EWGSU_WKDL260008953-1A_237VHMLT4_L4	/archive/carpenterlab/pire/raw_sequence_archive/spratelloides_delicatulus/20260629_Sde-lcwgs	wahab	lcwgs		SdC1205510EWGSU_WKDL260008953-1A_237VHMLT4_L4_1.fq.gz	SdC1205510EWGSU_WKDL260008953-1A_237VHMLT4_L4_2.fq.gz	FALSE			
Sde-CLim_055-Ex1	SdC1205510EWGSU_WKDL260008953-1A_237VHMLT4_L5	/archive/carpenterlab/pire/raw_sequence_archive/spratelloides_delicatulus/20260629_Sde-lcwgs	wahab	lcwgs		SdC1205510EWGSU_WKDL260008953-1A_237VHMLT4_L5_1.fq.gz	SdC1205510EWGSU_WKDL260008953-1A_237VHMLT4_L5_2.fq.gz	FALSE			
Sde-CLim_056-Ex1	SdC1205606AWGSU_WKDL260008953-1A_237VHMLT4_L4	/archive/carpenterlab/pire/raw_sequence_archive/spratelloides_delicatulus/20260629_Sde-lcwgs	wahab	lcwgs		SdC1205606AWGSU_WKDL260008953-1A_237VHMLT4_L4_1.fq.gz	SdC1205606AWGSU_WKDL260008953-1A_237VHMLT4_L4_2.fq.gz	FALSE			
Sde-CLim_056-Ex1	SdC1205606AWGSU_WKDL260008953-1A_237VHMLT4_L5	/archive/carpenterlab/pire/raw_sequence_archive/spratelloides_delicatulus/20260629_Sde-lcwgs	wahab	lcwgs		SdC1205606AWGSU_WKDL260008953-1A_237VHMLT4_L5_1.fq.gz	SdC1205606AWGSU_WKDL260008953-1A_237VHMLT4_L5_2.fq.gz	FALSE			
Sde-CLim_056-Ex1	SdC1205607DWGSZ_WKDL260008953-1A_237VHMLT4_L4	/archive/carpenterlab/pire/raw_sequence_archive/spratelloides_delicatulus/20260629_Sde-lcwgs	wahab	lcwgs		SdC1205607DWGSZ_WKDL260008953-1A_237VHMLT4_L4_1.fq.gz	SdC1205607DWGSZ_WKDL260008953-1A_237VHMLT4_L4_2.fq.gz	FALSE			
Sde-CLim_056-Ex1	SdC1205607DWGSZ_WKDL260008953-1A_237VHMLT4_L5	/archive/carpenterlab/pire/raw_sequence_archive/spratelloides_delicatulus/20260629_Sde-lcwgs	wahab	lcwgs		SdC1205607DWGSZ_WKDL260008953-1A_237VHMLT4_L5_1.fq.gz	SdC1205607DWGSZ_WKDL260008953-1A_237VHMLT4_L5_2.fq.gz	FALSE			
Sde-CLim_058-Ex1	SdC1205808HWGSU_WKDL260008953-1A_237VHMLT4_L4	/archive/carpenterlab/pire/raw_sequence_archive/spratelloides_delicatulus/20260629_Sde-lcwgs	wahab	lcwgs		SdC1205808HWGSU_WKDL260008953-1A_237VHMLT4_L4_1.fq.gz	SdC1205808HWGSU_WKDL260008953-1A_237VHMLT4_L4_2.fq.gz	FALSE			
Sde-CLim_058-Ex1	SdC1205808HWGSU_WKDL260008953-1A_237VHMLT4_L5	/archive/carpenterlab/pire/raw_sequence_archive/spratelloides_delicatulus/20260629_Sde-lcwgs	wahab	lcwgs		SdC1205808HWGSU_WKDL260008953-1A_237VHMLT4_L5_1.fq.gz	SdC1205808HWGSU_WKDL260008953-1A_237VHMLT4_L5_2.fq.gz	FALSE			
Sde-CBau_059-Ex1	SdC1205908EWGSU_WKDL260008953-1A_237VHMLT4_L4	/archive/carpenterlab/pire/raw_sequence_archive/spratelloides_delicatulus/20260629_Sde-lcwgs	wahab	lcwgs		SdC1205908EWGSU_WKDL260008953-1A_237VHMLT4_L4_1.fq.gz	SdC1205908EWGSU_WKDL260008953-1A_237VHMLT4_L4_2.fq.gz	FALSE			
Sde-CBau_059-Ex1	SdC1205908EWGSU_WKDL260008953-1A_237VHMLT4_L5	/archive/carpenterlab/pire/raw_sequence_archive/spratelloides_delicatulus/20260629_Sde-lcwgs	wahab	lcwgs		SdC1205908EWGSU_WKDL260008953-1A_237VHMLT4_L5_1.fq.gz	SdC1205908EWGSU_WKDL260008953-1A_237VHMLT4_L5_2.fq.gz	FALSE			
Sde-CLim_062-Ex1	SdC1206206EWGSU_WKDL260008953-1A_237VHMLT4_L4	/archive/carpenterlab/pire/raw_sequence_archive/spratelloides_delicatulus/20260629_Sde-lcwgs	wahab	lcwgs		SdC1206206EWGSU_WKDL260008953-1A_237VHMLT4_L4_1.fq.gz	SdC1206206EWGSU_WKDL260008953-1A_237VHMLT4_L4_2.fq.gz	FALSE			
Sde-CLim_062-Ex1	SdC1206206EWGSU_WKDL260008953-1A_237VHMLT4_L5	/archive/carpenterlab/pire/raw_sequence_archive/spratelloides_delicatulus/20260629_Sde-lcwgs	wahab	lcwgs		SdC1206206EWGSU_WKDL260008953-1A_237VHMLT4_L5_1.fq.gz	SdC1206206EWGSU_WKDL260008953-1A_237VHMLT4_L5_2.fq.gz	FALSE			
Sde-CBau_062-Ex1	SdC1206211DWGSU_WKDL260008953-1A_237VHMLT4_L4	/archive/carpenterlab/pire/raw_sequence_archive/spratelloides_delicatulus/20260629_Sde-lcwgs	wahab	lcwgs		SdC1206211DWGSU_WKDL260008953-1A_237VHMLT4_L4_1.fq.gz	SdC1206211DWGSU_WKDL260008953-1A_237VHMLT4_L4_2.fq.gz	FALSE			
Sde-CBau_062-Ex1	SdC1206211DWGSU_WKDL260008953-1A_237VHMLT4_L5	/archive/carpenterlab/pire/raw_sequence_archive/spratelloides_delicatulus/20260629_Sde-lcwgs	wahab	lcwgs		SdC1206211DWGSU_WKDL260008953-1A_237VHMLT4_L5_1.fq.gz	SdC1206211DWGSU_WKDL260008953-1A_237VHMLT4_L5_2.fq.gz	FALSE			
Sde-CBau_063-Ex1	SdC1206302GWGSU_WKDL260008953-1A_237VHMLT4_L4	/archive/carpenterlab/pire/raw_sequence_archive/spratelloides_delicatulus/20260629_Sde-lcwgs	wahab	lcwgs		SdC1206302GWGSU_WKDL260008953-1A_237VHMLT4_L4_1.fq.gz	SdC1206302GWGSU_WKDL260008953-1A_237VHMLT4_L4_2.fq.gz	FALSE			
Sde-CBau_063-Ex1	SdC1206302GWGSU_WKDL260008953-1A_237VHMLT4_L5	/archive/carpenterlab/pire/raw_sequence_archive/spratelloides_delicatulus/20260629_Sde-lcwgs	wahab	lcwgs		SdC1206302GWGSU_WKDL260008953-1A_237VHMLT4_L5_1.fq.gz	SdC1206302GWGSU_WKDL260008953-1A_237VHMLT4_L5_2.fq.gz	FALSE			
Sde-CBau_063-Ex1	SdC1206304BWGSZ_WKDL260008953-1A_237VHMLT4_L4	/archive/carpenterlab/pire/raw_sequence_archive/spratelloides_delicatulus/20260629_Sde-lcwgs	wahab	lcwgs		SdC1206304BWGSZ_WKDL260008953-1A_237VHMLT4_L4_1.fq.gz	SdC1206304BWGSZ_WKDL260008953-1A_237VHMLT4_L4_2.fq.gz	FALSE			
Sde-CBau_063-Ex1	SdC1206304BWGSZ_WKDL260008953-1A_237VHMLT4_L5	/archive/carpenterlab/pire/raw_sequence_archive/spratelloides_delicatulus/20260629_Sde-lcwgs	wahab	lcwgs		SdC1206304BWGSZ_WKDL260008953-1A_237VHMLT4_L5_1.fq.gz	SdC1206304BWGSZ_WKDL260008953-1A_237VHMLT4_L5_2.fq.gz	FALSE			
Sde-CPla_063-Ex1	SdC1206310DWGSU_WKDL260008953-1A_237VHMLT4_L4	/archive/carpenterlab/pire/raw_sequence_archive/spratelloides_delicatulus/20260629_Sde-lcwgs	wahab	lcwgs		SdC1206310DWGSU_WKDL260008953-1A_237VHMLT4_L4_1.fq.gz	SdC1206310DWGSU_WKDL260008953-1A_237VHMLT4_L4_2.fq.gz	FALSE			
Sde-CPla_063-Ex1	SdC1206310DWGSU_WKDL260008953-1A_237VHMLT4_L5	/archive/carpenterlab/pire/raw_sequence_archive/spratelloides_delicatulus/20260629_Sde-lcwgs	wahab	lcwgs		SdC1206310DWGSU_WKDL260008953-1A_237VHMLT4_L5_1.fq.gz	SdC1206310DWGSU_WKDL260008953-1A_237VHMLT4_L5_2.fq.gz	FALSE			
Sde-CBau_065-Ex1	SdC1206510AWGSU_WKDL260008953-1A_237VHMLT4_L4	/archive/carpenterlab/pire/raw_sequence_archive/spratelloides_delicatulus/20260629_Sde-lcwgs	wahab	lcwgs		SdC1206510AWGSU_WKDL260008953-1A_237VHMLT4_L4_1.fq.gz	SdC1206510AWGSU_WKDL260008953-1A_237VHMLT4_L4_2.fq.gz	FALSE			
Sde-CBau_065-Ex1	SdC1206510AWGSU_WKDL260008953-1A_237VHMLT4_L5	/archive/carpenterlab/pire/raw_sequence_archive/spratelloides_delicatulus/20260629_Sde-lcwgs	wahab	lcwgs		SdC1206510AWGSU_WKDL260008953-1A_237VHMLT4_L5_1.fq.gz	SdC1206510AWGSU_WKDL260008953-1A_237VHMLT4_L5_2.fq.gz	FALSE			
Sde-CPla_067-Ex1	SdC1206701GWGSU_WKDL260008953-1A_237VHMLT4_L4	/archive/carpenterlab/pire/raw_sequence_archive/spratelloides_delicatulus/20260629_Sde-lcwgs	wahab	lcwgs		SdC1206701GWGSU_WKDL260008953-1A_237VHMLT4_L4_1.fq.gz	SdC1206701GWGSU_WKDL260008953-1A_237VHMLT4_L4_2.fq.gz	FALSE			
Sde-CPla_067-Ex1	SdC1206701GWGSU_WKDL260008953-1A_237VHMLT4_L5	/archive/carpenterlab/pire/raw_sequence_archive/spratelloides_delicatulus/20260629_Sde-lcwgs	wahab	lcwgs		SdC1206701GWGSU_WKDL260008953-1A_237VHMLT4_L5_1.fq.gz	SdC1206701GWGSU_WKDL260008953-1A_237VHMLT4_L5_2.fq.gz	FALSE			
Sde-CPla_067-Ex1	SdC1206703BWGSZ_WKDL260008953-1A_237VHMLT4_L4	/archive/carpenterlab/pire/raw_sequence_archive/spratelloides_delicatulus/20260629_Sde-lcwgs	wahab	lcwgs		SdC1206703BWGSZ_WKDL260008953-1A_237VHMLT4_L4_1.fq.gz	SdC1206703BWGSZ_WKDL260008953-1A_237VHMLT4_L4_2.fq.gz	FALSE			
Sde-CPla_067-Ex1	SdC1206703BWGSZ_WKDL260008953-1A_237VHMLT4_L5	/archive/carpenterlab/pire/raw_sequence_archive/spratelloides_delicatulus/20260629_Sde-lcwgs	wahab	lcwgs		SdC1206703BWGSZ_WKDL260008953-1A_237VHMLT4_L5_1.fq.gz	SdC1206703BWGSZ_WKDL260008953-1A_237VHMLT4_L5_2.fq.gz	FALSE			
Sde-CBau_068-Ex1	SdC1206809BWGSU_WKDL260008953-1A_237VHMLT4_L4	/archive/carpenterlab/pire/raw_sequence_archive/spratelloides_delicatulus/20260629_Sde-lcwgs	wahab	lcwgs		SdC1206809BWGSU_WKDL260008953-1A_237VHMLT4_L4_1.fq.gz	SdC1206809BWGSU_WKDL260008953-1A_237VHMLT4_L4_2.fq.gz	FALSE			
Sde-CBau_068-Ex1	SdC1206809BWGSU_WKDL260008953-1A_237VHMLT4_L5	/archive/carpenterlab/pire/raw_sequence_archive/spratelloides_delicatulus/20260629_Sde-lcwgs	wahab	lcwgs		SdC1206809BWGSU_WKDL260008953-1A_237VHMLT4_L5_1.fq.gz	SdC1206809BWGSU_WKDL260008953-1A_237VHMLT4_L5_2.fq.gz	FALSE			
Sde-CLim_068-Ex1	SdC1206810HWGSU_WKDL260008953-1A_237VHMLT4_L4	/archive/carpenterlab/pire/raw_sequence_archive/spratelloides_delicatulus/20260629_Sde-lcwgs	wahab	lcwgs		SdC1206810HWGSU_WKDL260008953-1A_237VHMLT4_L4_1.fq.gz	SdC1206810HWGSU_WKDL260008953-1A_237VHMLT4_L4_2.fq.gz	FALSE			
Sde-CLim_068-Ex1	SdC1206810HWGSU_WKDL260008953-1A_237VHMLT4_L5	/archive/carpenterlab/pire/raw_sequence_archive/spratelloides_delicatulus/20260629_Sde-lcwgs	wahab	lcwgs		SdC1206810HWGSU_WKDL260008953-1A_237VHMLT4_L5_1.fq.gz	SdC1206810HWGSU_WKDL260008953-1A_237VHMLT4_L5_2.fq.gz	FALSE			
Sde-CLim_070-Ex1	SdC1207006DWGSU_WKDL260008953-1A_237VHMLT4_L4	/archive/carpenterlab/pire/raw_sequence_archive/spratelloides_delicatulus/20260629_Sde-lcwgs	wahab	lcwgs		SdC1207006DWGSU_WKDL260008953-1A_237VHMLT4_L4_1.fq.gz	SdC1207006DWGSU_WKDL260008953-1A_237VHMLT4_L4_2.fq.gz	FALSE			
Sde-CLim_070-Ex1	SdC1207006DWGSU_WKDL260008953-1A_237VHMLT4_L5	/archive/carpenterlab/pire/raw_sequence_archive/spratelloides_delicatulus/20260629_Sde-lcwgs	wahab	lcwgs		SdC1207006DWGSU_WKDL260008953-1A_237VHMLT4_L5_1.fq.gz	SdC1207006DWGSU_WKDL260008953-1A_237VHMLT4_L5_2.fq.gz	FALSE			
Sde-CPla_071-Ex1	SdC1207106GWGSU_WKDL260008953-1A_237VHMLT4_L4	/archive/carpenterlab/pire/raw_sequence_archive/spratelloides_delicatulus/20260629_Sde-lcwgs	wahab	lcwgs		SdC1207106GWGSU_WKDL260008953-1A_237VHMLT4_L4_1.fq.gz	SdC1207106GWGSU_WKDL260008953-1A_237VHMLT4_L4_2.fq.gz	FALSE			
Sde-CPla_071-Ex1	SdC1207106GWGSU_WKDL260008953-1A_237VHMLT4_L5	/archive/carpenterlab/pire/raw_sequence_archive/spratelloides_delicatulus/20260629_Sde-lcwgs	wahab	lcwgs		SdC1207106GWGSU_WKDL260008953-1A_237VHMLT4_L5_1.fq.gz	SdC1207106GWGSU_WKDL260008953-1A_237VHMLT4_L5_2.fq.gz	FALSE			
Sde-CBau_071-Ex1	SdC1207110GWGSU_WKDL260008953-1A_237VHMLT4_L4	/archive/carpenterlab/pire/raw_sequence_archive/spratelloides_delicatulus/20260629_Sde-lcwgs	wahab	lcwgs		SdC1207110GWGSU_WKDL260008953-1A_237VHMLT4_L4_1.fq.gz	SdC1207110GWGSU_WKDL260008953-1A_237VHMLT4_L4_2.fq.gz	FALSE			
Sde-CBau_071-Ex1	SdC1207110GWGSU_WKDL260008953-1A_237VHMLT4_L5	/archive/carpenterlab/pire/raw_sequence_archive/spratelloides_delicatulus/20260629_Sde-lcwgs	wahab	lcwgs		SdC1207110GWGSU_WKDL260008953-1A_237VHMLT4_L5_1.fq.gz	SdC1207110GWGSU_WKDL260008953-1A_237VHMLT4_L5_2.fq.gz	FALSE			
Sde-CPla_074-Ex1	SdC1207407AWGSU_WKDL260008953-1A_237VHMLT4_L4	/archive/carpenterlab/pire/raw_sequence_archive/spratelloides_delicatulus/20260629_Sde-lcwgs	wahab	lcwgs		SdC1207407AWGSU_WKDL260008953-1A_237VHMLT4_L4_1.fq.gz	SdC1207407AWGSU_WKDL260008953-1A_237VHMLT4_L4_2.fq.gz	FALSE			
Sde-CPla_074-Ex1	SdC1207407AWGSU_WKDL260008953-1A_237VHMLT4_L5	/archive/carpenterlab/pire/raw_sequence_archive/spratelloides_delicatulus/20260629_Sde-lcwgs	wahab	lcwgs		SdC1207407AWGSU_WKDL260008953-1A_237VHMLT4_L5_1.fq.gz	SdC1207407AWGSU_WKDL260008953-1A_237VHMLT4_L5_2.fq.gz	FALSE			
Sde-CLim_074-Ex1	SdC1207408GWGSU_WKDL260008953-1A_237VHMLT4_L4	/archive/carpenterlab/pire/raw_sequence_archive/spratelloides_delicatulus/20260629_Sde-lcwgs	wahab	lcwgs		SdC1207408GWGSU_WKDL260008953-1A_237VHMLT4_L4_1.fq.gz	SdC1207408GWGSU_WKDL260008953-1A_237VHMLT4_L4_2.fq.gz	FALSE			
Sde-CLim_074-Ex1	SdC1207408GWGSU_WKDL260008953-1A_237VHMLT4_L5	/archive/carpenterlab/pire/raw_sequence_archive/spratelloides_delicatulus/20260629_Sde-lcwgs	wahab	lcwgs		SdC1207408GWGSU_WKDL260008953-1A_237VHMLT4_L5_1.fq.gz	SdC1207408GWGSU_WKDL260008953-1A_237VHMLT4_L5_2.fq.gz	FALSE			
Sde-CLim_075-Ex1	SdC1207512CWGSU_WKDL260008953-1A_237VHMLT4_L4	/archive/carpenterlab/pire/raw_sequence_archive/spratelloides_delicatulus/20260629_Sde-lcwgs	wahab	lcwgs		SdC1207512CWGSU_WKDL260008953-1A_237VHMLT4_L4_1.fq.gz	SdC1207512CWGSU_WKDL260008953-1A_237VHMLT4_L4_2.fq.gz	FALSE			
Sde-CLim_075-Ex1	SdC1207512CWGSU_WKDL260008953-1A_237VHMLT4_L5	/archive/carpenterlab/pire/raw_sequence_archive/spratelloides_delicatulus/20260629_Sde-lcwgs	wahab	lcwgs		SdC1207512CWGSU_WKDL260008953-1A_237VHMLT4_L5_1.fq.gz	SdC1207512CWGSU_WKDL260008953-1A_237VHMLT4_L5_2.fq.gz	FALSE			
Sde-CBau_076-Ex1	SdC1207611EWGSU_WKDL260008953-1A_237VHMLT4_L4	/archive/carpenterlab/pire/raw_sequence_archive/spratelloides_delicatulus/20260629_Sde-lcwgs	wahab	lcwgs		SdC1207611EWGSU_WKDL260008953-1A_237VHMLT4_L4_1.fq.gz	SdC1207611EWGSU_WKDL260008953-1A_237VHMLT4_L4_2.fq.gz	FALSE			
Sde-CBau_076-Ex1	SdC1207611EWGSU_WKDL260008953-1A_237VHMLT4_L5	/archive/carpenterlab/pire/raw_sequence_archive/spratelloides_delicatulus/20260629_Sde-lcwgs	wahab	lcwgs		SdC1207611EWGSU_WKDL260008953-1A_237VHMLT4_L5_1.fq.gz	SdC1207611EWGSU_WKDL260008953-1A_237VHMLT4_L5_2.fq.gz	FALSE			
Sde-CBau_077-Ex1	SdC1207708CWGSU_WKDL260008953-1A_237VHMLT4_L4	/archive/carpenterlab/pire/raw_sequence_archive/spratelloides_delicatulus/20260629_Sde-lcwgs	wahab	lcwgs		SdC1207708CWGSU_WKDL260008953-1A_237VHMLT4_L4_1.fq.gz	SdC1207708CWGSU_WKDL260008953-1A_237VHMLT4_L4_2.fq.gz	FALSE			
Sde-CBau_077-Ex1	SdC1207708CWGSU_WKDL260008953-1A_237VHMLT4_L5	/archive/carpenterlab/pire/raw_sequence_archive/spratelloides_delicatulus/20260629_Sde-lcwgs	wahab	lcwgs		SdC1207708CWGSU_WKDL260008953-1A_237VHMLT4_L5_1.fq.gz	SdC1207708CWGSU_WKDL260008953-1A_237VHMLT4_L5_2.fq.gz	FALSE			
Sde-CLim_077-Ex1	SdC1207709DWGSU_WKDL260008953-1A_237VHMLT4_L4	/archive/carpenterlab/pire/raw_sequence_archive/spratelloides_delicatulus/20260629_Sde-lcwgs	wahab	lcwgs		SdC1207709DWGSU_WKDL260008953-1A_237VHMLT4_L4_1.fq.gz	SdC1207709DWGSU_WKDL260008953-1A_237VHMLT4_L4_2.fq.gz	FALSE			
Sde-CLim_077-Ex1	SdC1207709DWGSU_WKDL260008953-1A_237VHMLT4_L5	/archive/carpenterlab/pire/raw_sequence_archive/spratelloides_delicatulus/20260629_Sde-lcwgs	wahab	lcwgs		SdC1207709DWGSU_WKDL260008953-1A_237VHMLT4_L5_1.fq.gz	SdC1207709DWGSU_WKDL260008953-1A_237VHMLT4_L5_2.fq.gz	FALSE			
Sde-CPla_079-Ex1	SdC1207908DWGSU_WKDL260008953-1A_237VHMLT4_L4	/archive/carpenterlab/pire/raw_sequence_archive/spratelloides_delicatulus/20260629_Sde-lcwgs	wahab	lcwgs		SdC1207908DWGSU_WKDL260008953-1A_237VHMLT4_L4_1.fq.gz	SdC1207908DWGSU_WKDL260008953-1A_237VHMLT4_L4_2.fq.gz	FALSE			
Sde-CPla_079-Ex1	SdC1207908DWGSU_WKDL260008953-1A_237VHMLT4_L5	/archive/carpenterlab/pire/raw_sequence_archive/spratelloides_delicatulus/20260629_Sde-lcwgs	wahab	lcwgs		SdC1207908DWGSU_WKDL260008953-1A_237VHMLT4_L5_1.fq.gz	SdC1207908DWGSU_WKDL260008953-1A_237VHMLT4_L5_2.fq.gz	FALSE			
Sde-CPla_081-Ex1	SdC1208106BWGSU_WKDL260008953-1A_237VHMLT4_L4	/archive/carpenterlab/pire/raw_sequence_archive/spratelloides_delicatulus/20260629_Sde-lcwgs	wahab	lcwgs		SdC1208106BWGSU_WKDL260008953-1A_237VHMLT4_L4_1.fq.gz	SdC1208106BWGSU_WKDL260008953-1A_237VHMLT4_L4_2.fq.gz	FALSE			
Sde-CPla_081-Ex1	SdC1208106BWGSU_WKDL260008953-1A_237VHMLT4_L5	/archive/carpenterlab/pire/raw_sequence_archive/spratelloides_delicatulus/20260629_Sde-lcwgs	wahab	lcwgs		SdC1208106BWGSU_WKDL260008953-1A_237VHMLT4_L5_1.fq.gz	SdC1208106BWGSU_WKDL260008953-1A_237VHMLT4_L5_2.fq.gz	FALSE			
Sde-CBau_081-Ex1	SdC1208110CWGSU_WKDL260008953-1A_237VHMLT4_L4	/archive/carpenterlab/pire/raw_sequence_archive/spratelloides_delicatulus/20260629_Sde-lcwgs	wahab	lcwgs		SdC1208110CWGSU_WKDL260008953-1A_237VHMLT4_L4_1.fq.gz	SdC1208110CWGSU_WKDL260008953-1A_237VHMLT4_L4_2.fq.gz	FALSE			
Sde-CBau_081-Ex1	SdC1208110CWGSU_WKDL260008953-1A_237VHMLT4_L5	/archive/carpenterlab/pire/raw_sequence_archive/spratelloides_delicatulus/20260629_Sde-lcwgs	wahab	lcwgs		SdC1208110CWGSU_WKDL260008953-1A_237VHMLT4_L5_1.fq.gz	SdC1208110CWGSU_WKDL260008953-1A_237VHMLT4_L5_2.fq.gz	FALSE			
Sde-CLim_082-Ex1	SdC1208205GWGSU_WKDL260008953-1A_237VHMLT4_L4	/archive/carpenterlab/pire/raw_sequence_archive/spratelloides_delicatulus/20260629_Sde-lcwgs	wahab	lcwgs		SdC1208205GWGSU_WKDL260008953-1A_237VHMLT4_L4_1.fq.gz	SdC1208205GWGSU_WKDL260008953-1A_237VHMLT4_L4_2.fq.gz	FALSE			
Sde-CLim_082-Ex1	SdC1208205GWGSU_WKDL260008953-1A_237VHMLT4_L5	/archive/carpenterlab/pire/raw_sequence_archive/spratelloides_delicatulus/20260629_Sde-lcwgs	wahab	lcwgs		SdC1208205GWGSU_WKDL260008953-1A_237VHMLT4_L5_1.fq.gz	SdC1208205GWGSU_WKDL260008953-1A_237VHMLT4_L5_2.fq.gz	FALSE			
Sde-CLim_082-Ex1	SdC1208207BWGSZ_WKDL260008953-1A_237VHMLT4_L4	/archive/carpenterlab/pire/raw_sequence_archive/spratelloides_delicatulus/20260629_Sde-lcwgs	wahab	lcwgs		SdC1208207BWGSZ_WKDL260008953-1A_237VHMLT4_L4_1.fq.gz	SdC1208207BWGSZ_WKDL260008953-1A_237VHMLT4_L4_2.fq.gz	FALSE			
Sde-CLim_082-Ex1	SdC1208207BWGSZ_WKDL260008953-1A_237VHMLT4_L5	/archive/carpenterlab/pire/raw_sequence_archive/spratelloides_delicatulus/20260629_Sde-lcwgs	wahab	lcwgs		SdC1208207BWGSZ_WKDL260008953-1A_237VHMLT4_L5_1.fq.gz	SdC1208207BWGSZ_WKDL260008953-1A_237VHMLT4_L5_2.fq.gz	FALSE			
Sde-CLim_085-Ex1	SdC1208504AWGSU_WKDL260008953-1A_237VHMLT4_L4	/archive/carpenterlab/pire/raw_sequence_archive/spratelloides_delicatulus/20260629_Sde-lcwgs	wahab	lcwgs		SdC1208504AWGSU_WKDL260008953-1A_237VHMLT4_L4_1.fq.gz	SdC1208504AWGSU_WKDL260008953-1A_237VHMLT4_L4_2.fq.gz	FALSE			
Sde-CLim_085-Ex1	SdC1208504AWGSU_WKDL260008953-1A_237VHMLT4_L5	/archive/carpenterlab/pire/raw_sequence_archive/spratelloides_delicatulus/20260629_Sde-lcwgs	wahab	lcwgs		SdC1208504AWGSU_WKDL260008953-1A_237VHMLT4_L5_1.fq.gz	SdC1208504AWGSU_WKDL260008953-1A_237VHMLT4_L5_2.fq.gz	FALSE			
Sde-CBau_085-Ex1	SdC1208505CWGSU_WKDL260008953-1A_237VHMLT4_L4	/archive/carpenterlab/pire/raw_sequence_archive/spratelloides_delicatulus/20260629_Sde-lcwgs	wahab	lcwgs		SdC1208505CWGSU_WKDL260008953-1A_237VHMLT4_L4_1.fq.gz	SdC1208505CWGSU_WKDL260008953-1A_237VHMLT4_L4_2.fq.gz	FALSE			
Sde-CBau_085-Ex1	SdC1208505CWGSU_WKDL260008953-1A_237VHMLT4_L5	/archive/carpenterlab/pire/raw_sequence_archive/spratelloides_delicatulus/20260629_Sde-lcwgs	wahab	lcwgs		SdC1208505CWGSU_WKDL260008953-1A_237VHMLT4_L5_1.fq.gz	SdC1208505CWGSU_WKDL260008953-1A_237VHMLT4_L5_2.fq.gz	FALSE			
Sde-CLim_085-Ex1	SdC1208505DWGSZ_WKDL260008953-1A_237VHMLT4_L4	/archive/carpenterlab/pire/raw_sequence_archive/spratelloides_delicatulus/20260629_Sde-lcwgs	wahab	lcwgs		SdC1208505DWGSZ_WKDL260008953-1A_237VHMLT4_L4_1.fq.gz	SdC1208505DWGSZ_WKDL260008953-1A_237VHMLT4_L4_2.fq.gz	FALSE			
Sde-CLim_085-Ex1	SdC1208505DWGSZ_WKDL260008953-1A_237VHMLT4_L5	/archive/carpenterlab/pire/raw_sequence_archive/spratelloides_delicatulus/20260629_Sde-lcwgs	wahab	lcwgs		SdC1208505DWGSZ_WKDL260008953-1A_237VHMLT4_L5_1.fq.gz	SdC1208505DWGSZ_WKDL260008953-1A_237VHMLT4_L5_2.fq.gz	FALSE			
Sde-CBau_085-Ex1	SdC1208506FWGSZ_WKDL260008953-1A_237VHMLT4_L4	/archive/carpenterlab/pire/raw_sequence_archive/spratelloides_delicatulus/20260629_Sde-lcwgs	wahab	lcwgs		SdC1208506FWGSZ_WKDL260008953-1A_237VHMLT4_L4_1.fq.gz	SdC1208506FWGSZ_WKDL260008953-1A_237VHMLT4_L4_2.fq.gz	FALSE			
Sde-CBau_085-Ex1	SdC1208506FWGSZ_WKDL260008953-1A_237VHMLT4_L5	/archive/carpenterlab/pire/raw_sequence_archive/spratelloides_delicatulus/20260629_Sde-lcwgs	wahab	lcwgs		SdC1208506FWGSZ_WKDL260008953-1A_237VHMLT4_L5_1.fq.gz	SdC1208506FWGSZ_WKDL260008953-1A_237VHMLT4_L5_2.fq.gz	FALSE			
Sde-CPla_086-Ex1	SdC1208604GWGSU_WKDL260008953-1A_237VHMLT4_L4	/archive/carpenterlab/pire/raw_sequence_archive/spratelloides_delicatulus/20260629_Sde-lcwgs	wahab	lcwgs		SdC1208604GWGSU_WKDL260008953-1A_237VHMLT4_L4_1.fq.gz	SdC1208604GWGSU_WKDL260008953-1A_237VHMLT4_L4_2.fq.gz	FALSE			
Sde-CPla_086-Ex1	SdC1208604GWGSU_WKDL260008953-1A_237VHMLT4_L5	/archive/carpenterlab/pire/raw_sequence_archive/spratelloides_delicatulus/20260629_Sde-lcwgs	wahab	lcwgs		SdC1208604GWGSU_WKDL260008953-1A_237VHMLT4_L5_1.fq.gz	SdC1208604GWGSU_WKDL260008953-1A_237VHMLT4_L5_2.fq.gz	FALSE			
Sde-CPla_086-Ex1	SdC1208606BWGSZ_WKDL260008953-1A_237VHMLT4_L4	/archive/carpenterlab/pire/raw_sequence_archive/spratelloides_delicatulus/20260629_Sde-lcwgs	wahab	lcwgs		SdC1208606BWGSZ_WKDL260008953-1A_237VHMLT4_L4_1.fq.gz	SdC1208606BWGSZ_WKDL260008953-1A_237VHMLT4_L4_2.fq.gz	FALSE			
Sde-CPla_086-Ex1	SdC1208606BWGSZ_WKDL260008953-1A_237VHMLT4_L5	/archive/carpenterlab/pire/raw_sequence_archive/spratelloides_delicatulus/20260629_Sde-lcwgs	wahab	lcwgs		SdC1208606BWGSZ_WKDL260008953-1A_237VHMLT4_L5_1.fq.gz	SdC1208606BWGSZ_WKDL260008953-1A_237VHMLT4_L5_2.fq.gz	FALSE			
Sde-CLim_088-Ex1	SdC1208803BWGSU_WKDL260008953-1A_237VHMLT4_L4	/archive/carpenterlab/pire/raw_sequence_archive/spratelloides_delicatulus/20260629_Sde-lcwgs	wahab	lcwgs		SdC1208803BWGSU_WKDL260008953-1A_237VHMLT4_L4_1.fq.gz	SdC1208803BWGSU_WKDL260008953-1A_237VHMLT4_L4_2.fq.gz	FALSE			
Sde-CLim_088-Ex1	SdC1208803BWGSU_WKDL260008953-1A_237VHMLT4_L5	/archive/carpenterlab/pire/raw_sequence_archive/spratelloides_delicatulus/20260629_Sde-lcwgs	wahab	lcwgs		SdC1208803BWGSU_WKDL260008953-1A_237VHMLT4_L5_1.fq.gz	SdC1208803BWGSU_WKDL260008953-1A_237VHMLT4_L5_2.fq.gz	FALSE			
Sde-CLim_088-Ex1	SdC1208804EWGSZ_WKDL260008953-1A_237VHMLT4_L4	/archive/carpenterlab/pire/raw_sequence_archive/spratelloides_delicatulus/20260629_Sde-lcwgs	wahab	lcwgs		SdC1208804EWGSZ_WKDL260008953-1A_237VHMLT4_L4_1.fq.gz	SdC1208804EWGSZ_WKDL260008953-1A_237VHMLT4_L4_2.fq.gz	FALSE			
Sde-CLim_088-Ex1	SdC1208804EWGSZ_WKDL260008953-1A_237VHMLT4_L5	/archive/carpenterlab/pire/raw_sequence_archive/spratelloides_delicatulus/20260629_Sde-lcwgs	wahab	lcwgs		SdC1208804EWGSZ_WKDL260008953-1A_237VHMLT4_L5_1.fq.gz	SdC1208804EWGSZ_WKDL260008953-1A_237VHMLT4_L5_2.fq.gz	FALSE			
Sde-CPla_088-Ex1	SdC1208805AWGSU_WKDL260008953-1A_237VHMLT4_L4	/archive/carpenterlab/pire/raw_sequence_archive/spratelloides_delicatulus/20260629_Sde-lcwgs	wahab	lcwgs		SdC1208805AWGSU_WKDL260008953-1A_237VHMLT4_L4_1.fq.gz	SdC1208805AWGSU_WKDL260008953-1A_237VHMLT4_L4_2.fq.gz	FALSE			
Sde-CPla_088-Ex1	SdC1208805AWGSU_WKDL260008953-1A_237VHMLT4_L5	/archive/carpenterlab/pire/raw_sequence_archive/spratelloides_delicatulus/20260629_Sde-lcwgs	wahab	lcwgs		SdC1208805AWGSU_WKDL260008953-1A_237VHMLT4_L5_1.fq.gz	SdC1208805AWGSU_WKDL260008953-1A_237VHMLT4_L5_2.fq.gz	FALSE			
Sde-CPla_088-Ex1	SdC1208806DWGSZ_WKDL260008953-1A_237VHMLT4_L4	/archive/carpenterlab/pire/raw_sequence_archive/spratelloides_delicatulus/20260629_Sde-lcwgs	wahab	lcwgs		SdC1208806DWGSZ_WKDL260008953-1A_237VHMLT4_L4_1.fq.gz	SdC1208806DWGSZ_WKDL260008953-1A_237VHMLT4_L4_2.fq.gz	FALSE			
Sde-CPla_088-Ex1	SdC1208806DWGSZ_WKDL260008953-1A_237VHMLT4_L5	/archive/carpenterlab/pire/raw_sequence_archive/spratelloides_delicatulus/20260629_Sde-lcwgs	wahab	lcwgs		SdC1208806DWGSZ_WKDL260008953-1A_237VHMLT4_L5_1.fq.gz	SdC1208806DWGSZ_WKDL260008953-1A_237VHMLT4_L5_2.fq.gz	FALSE			
Sde-CPla_090-Ex1	SdC1209004FWGSU_WKDL260008953-1A_237VHMLT4_L4	/archive/carpenterlab/pire/raw_sequence_archive/spratelloides_delicatulus/20260629_Sde-lcwgs	wahab	lcwgs		SdC1209004FWGSU_WKDL260008953-1A_237VHMLT4_L4_1.fq.gz	SdC1209004FWGSU_WKDL260008953-1A_237VHMLT4_L4_2.fq.gz	FALSE			
Sde-CPla_090-Ex1	SdC1209004FWGSU_WKDL260008953-1A_237VHMLT4_L5	/archive/carpenterlab/pire/raw_sequence_archive/spratelloides_delicatulus/20260629_Sde-lcwgs	wahab	lcwgs		SdC1209004FWGSU_WKDL260008953-1A_237VHMLT4_L5_1.fq.gz	SdC1209004FWGSU_WKDL260008953-1A_237VHMLT4_L5_2.fq.gz	FALSE			
Sde-CPla_090-Ex1	SdC1209006AWGSZ_WKDL260008953-1A_237VHMLT4_L4	/archive/carpenterlab/pire/raw_sequence_archive/spratelloides_delicatulus/20260629_Sde-lcwgs	wahab	lcwgs		SdC1209006AWGSZ_WKDL260008953-1A_237VHMLT4_L4_1.fq.gz	SdC1209006AWGSZ_WKDL260008953-1A_237VHMLT4_L4_2.fq.gz	FALSE			
Sde-CPla_090-Ex1	SdC1209006AWGSZ_WKDL260008953-1A_237VHMLT4_L5	/archive/carpenterlab/pire/raw_sequence_archive/spratelloides_delicatulus/20260629_Sde-lcwgs	wahab	lcwgs		SdC1209006AWGSZ_WKDL260008953-1A_237VHMLT4_L5_1.fq.gz	SdC1209006AWGSZ_WKDL260008953-1A_237VHMLT4_L5_2.fq.gz	FALSE			
Sde-CBau_091-Ex1	SdC1209101HWGSU_WKDL260008953-1A_237VHMLT4_L4	/archive/carpenterlab/pire/raw_sequence_archive/spratelloides_delicatulus/20260629_Sde-lcwgs	wahab	lcwgs		SdC1209101HWGSU_WKDL260008953-1A_237VHMLT4_L4_1.fq.gz	SdC1209101HWGSU_WKDL260008953-1A_237VHMLT4_L4_2.fq.gz	FALSE			
Sde-CBau_091-Ex1	SdC1209101HWGSU_WKDL260008953-1A_237VHMLT4_L5	/archive/carpenterlab/pire/raw_sequence_archive/spratelloides_delicatulus/20260629_Sde-lcwgs	wahab	lcwgs		SdC1209101HWGSU_WKDL260008953-1A_237VHMLT4_L5_1.fq.gz	SdC1209101HWGSU_WKDL260008953-1A_237VHMLT4_L5_2.fq.gz	FALSE			
Sde-CPla_091-Ex1	SdC1209102AWGSU_WKDL260008953-1A_237VHMLT4_L4	/archive/carpenterlab/pire/raw_sequence_archive/spratelloides_delicatulus/20260629_Sde-lcwgs	wahab	lcwgs		SdC1209102AWGSU_WKDL260008953-1A_237VHMLT4_L4_1.fq.gz	SdC1209102AWGSU_WKDL260008953-1A_237VHMLT4_L4_2.fq.gz	FALSE			
Sde-CPla_091-Ex1	SdC1209102AWGSU_WKDL260008953-1A_237VHMLT4_L5	/archive/carpenterlab/pire/raw_sequence_archive/spratelloides_delicatulus/20260629_Sde-lcwgs	wahab	lcwgs		SdC1209102AWGSU_WKDL260008953-1A_237VHMLT4_L5_1.fq.gz	SdC1209102AWGSU_WKDL260008953-1A_237VHMLT4_L5_2.fq.gz	FALSE			
Sde-CBau_091-Ex1	SdC1209103CWGSZ_WKDL260008953-1A_237VHMLT4_L4	/archive/carpenterlab/pire/raw_sequence_archive/spratelloides_delicatulus/20260629_Sde-lcwgs	wahab	lcwgs		SdC1209103CWGSZ_WKDL260008953-1A_237VHMLT4_L4_1.fq.gz	SdC1209103CWGSZ_WKDL260008953-1A_237VHMLT4_L4_2.fq.gz	FALSE			
Sde-CBau_091-Ex1	SdC1209103CWGSZ_WKDL260008953-1A_237VHMLT4_L5	/archive/carpenterlab/pire/raw_sequence_archive/spratelloides_delicatulus/20260629_Sde-lcwgs	wahab	lcwgs		SdC1209103CWGSZ_WKDL260008953-1A_237VHMLT4_L5_1.fq.gz	SdC1209103CWGSZ_WKDL260008953-1A_237VHMLT4_L5_2.fq.gz	FALSE			
Sde-CPla_091-Ex1	SdC1209103DWGSZ_WKDL260008953-1A_237VHMLT4_L4	/archive/carpenterlab/pire/raw_sequence_archive/spratelloides_delicatulus/20260629_Sde-lcwgs	wahab	lcwgs		SdC1209103DWGSZ_WKDL260008953-1A_237VHMLT4_L4_1.fq.gz	SdC1209103DWGSZ_WKDL260008953-1A_237VHMLT4_L4_2.fq.gz	FALSE			
Sde-CPla_091-Ex1	SdC1209103DWGSZ_WKDL260008953-1A_237VHMLT4_L5	/archive/carpenterlab/pire/raw_sequence_archive/spratelloides_delicatulus/20260629_Sde-lcwgs	wahab	lcwgs		SdC1209103DWGSZ_WKDL260008953-1A_237VHMLT4_L5_1.fq.gz	SdC1209103DWGSZ_WKDL260008953-1A_237VHMLT4_L5_2.fq.gz	FALSE			
Sde-CLim_091-Ex1	SdC1209104EWGSU_WKDL260008953-1A_237VHMLT4_L4	/archive/carpenterlab/pire/raw_sequence_archive/spratelloides_delicatulus/20260629_Sde-lcwgs	wahab	lcwgs		SdC1209104EWGSU_WKDL260008953-1A_237VHMLT4_L4_1.fq.gz	SdC1209104EWGSU_WKDL260008953-1A_237VHMLT4_L4_2.fq.gz	FALSE			
Sde-CLim_091-Ex1	SdC1209104EWGSU_WKDL260008953-1A_237VHMLT4_L5	/archive/carpenterlab/pire/raw_sequence_archive/spratelloides_delicatulus/20260629_Sde-lcwgs	wahab	lcwgs		SdC1209104EWGSU_WKDL260008953-1A_237VHMLT4_L5_1.fq.gz	SdC1209104EWGSU_WKDL260008953-1A_237VHMLT4_L5_2.fq.gz	FALSE			
Sde-CLim_091-Ex1	SdC1209105HWGSZ_WKDL260008953-1A_237VHMLT4_L4	/archive/carpenterlab/pire/raw_sequence_archive/spratelloides_delicatulus/20260629_Sde-lcwgs	wahab	lcwgs		SdC1209105HWGSZ_WKDL260008953-1A_237VHMLT4_L4_1.fq.gz	SdC1209105HWGSZ_WKDL260008953-1A_237VHMLT4_L4_2.fq.gz	FALSE			
Sde-CLim_091-Ex1	SdC1209105HWGSZ_WKDL260008953-1A_237VHMLT4_L5	/archive/carpenterlab/pire/raw_sequence_archive/spratelloides_delicatulus/20260629_Sde-lcwgs	wahab	lcwgs		SdC1209105HWGSZ_WKDL260008953-1A_237VHMLT4_L5_1.fq.gz	SdC1209105HWGSZ_WKDL260008953-1A_237VHMLT4_L5_2.fq.gz	FALSE			
Sde-CLim_092-Ex1	SdC1209207HWGSU_WKDL260008953-1A_237VHMLT4_L4	/archive/carpenterlab/pire/raw_sequence_archive/spratelloides_delicatulus/20260629_Sde-lcwgs	wahab	lcwgs		SdC1209207HWGSU_WKDL260008953-1A_237VHMLT4_L4_1.fq.gz	SdC1209207HWGSU_WKDL260008953-1A_237VHMLT4_L4_2.fq.gz	FALSE			
Sde-CLim_092-Ex1	SdC1209207HWGSU_WKDL260008953-1A_237VHMLT4_L5	/archive/carpenterlab/pire/raw_sequence_archive/spratelloides_delicatulus/20260629_Sde-lcwgs	wahab	lcwgs		SdC1209207HWGSU_WKDL260008953-1A_237VHMLT4_L5_1.fq.gz	SdC1209207HWGSU_WKDL260008953-1A_237VHMLT4_L5_2.fq.gz	FALSE			
Sde-CPla_093-Ex1	SdC1209304BWGSU_WKDL260008953-1A_237VHMLT4_L4	/archive/carpenterlab/pire/raw_sequence_archive/spratelloides_delicatulus/20260629_Sde-lcwgs	wahab	lcwgs		SdC1209304BWGSU_WKDL260008953-1A_237VHMLT4_L4_1.fq.gz	SdC1209304BWGSU_WKDL260008953-1A_237VHMLT4_L4_2.fq.gz	FALSE			
Sde-CPla_093-Ex1	SdC1209304BWGSU_WKDL260008953-1A_237VHMLT4_L5	/archive/carpenterlab/pire/raw_sequence_archive/spratelloides_delicatulus/20260629_Sde-lcwgs	wahab	lcwgs		SdC1209304BWGSU_WKDL260008953-1A_237VHMLT4_L5_1.fq.gz	SdC1209304BWGSU_WKDL260008953-1A_237VHMLT4_L5_2.fq.gz	FALSE			
Sde-CPla_093-Ex1	SdC1209305EWGSZ_WKDL260008953-1A_237VHMLT4_L4	/archive/carpenterlab/pire/raw_sequence_archive/spratelloides_delicatulus/20260629_Sde-lcwgs	wahab	lcwgs		SdC1209305EWGSZ_WKDL260008953-1A_237VHMLT4_L4_1.fq.gz	SdC1209305EWGSZ_WKDL260008953-1A_237VHMLT4_L4_2.fq.gz	FALSE			
Sde-CPla_093-Ex1	SdC1209305EWGSZ_WKDL260008953-1A_237VHMLT4_L5	/archive/carpenterlab/pire/raw_sequence_archive/spratelloides_delicatulus/20260629_Sde-lcwgs	wahab	lcwgs		SdC1209305EWGSZ_WKDL260008953-1A_237VHMLT4_L5_1.fq.gz	SdC1209305EWGSZ_WKDL260008953-1A_237VHMLT4_L5_2.fq.gz	FALSE			
Sde-CPla_094-Ex1	SdC1209401FWGSU_WKDL260008953-1A_237VHMLT4_L4	/archive/carpenterlab/pire/raw_sequence_archive/spratelloides_delicatulus/20260629_Sde-lcwgs	wahab	lcwgs		SdC1209401FWGSU_WKDL260008953-1A_237VHMLT4_L4_1.fq.gz	SdC1209401FWGSU_WKDL260008953-1A_237VHMLT4_L4_2.fq.gz	FALSE			
Sde-CPla_094-Ex1	SdC1209401FWGSU_WKDL260008953-1A_237VHMLT4_L5	/archive/carpenterlab/pire/raw_sequence_archive/spratelloides_delicatulus/20260629_Sde-lcwgs	wahab	lcwgs		SdC1209401FWGSU_WKDL260008953-1A_237VHMLT4_L5_1.fq.gz	SdC1209401FWGSU_WKDL260008953-1A_237VHMLT4_L5_2.fq.gz	FALSE			
Sde-CBau_095-Ex1	SdC1209507FWGSU_WKDL260008953-1A_237VHMLT4_L4	/archive/carpenterlab/pire/raw_sequence_archive/spratelloides_delicatulus/20260629_Sde-lcwgs	wahab	lcwgs		SdC1209507FWGSU_WKDL260008953-1A_237VHMLT4_L4_1.fq.gz	SdC1209507FWGSU_WKDL260008953-1A_237VHMLT4_L4_2.fq.gz	FALSE			
Sde-CBau_095-Ex1	SdC1209507FWGSU_WKDL260008953-1A_237VHMLT4_L5	/archive/carpenterlab/pire/raw_sequence_archive/spratelloides_delicatulus/20260629_Sde-lcwgs	wahab	lcwgs		SdC1209507FWGSU_WKDL260008953-1A_237VHMLT4_L5_1.fq.gz	SdC1209507FWGSU_WKDL260008953-1A_237VHMLT4_L5_2.fq.gz	FALSE			
Sde-CLim_096-Ex1	SdC1209602HWGSU_WKDL260008953-1A_237VHMLT4_L4	/archive/carpenterlab/pire/raw_sequence_archive/spratelloides_delicatulus/20260629_Sde-lcwgs	wahab	lcwgs		SdC1209602HWGSU_WKDL260008953-1A_237VHMLT4_L4_1.fq.gz	SdC1209602HWGSU_WKDL260008953-1A_237VHMLT4_L4_2.fq.gz	FALSE			
Sde-CLim_096-Ex1	SdC1209602HWGSU_WKDL260008953-1A_237VHMLT4_L5	/archive/carpenterlab/pire/raw_sequence_archive/spratelloides_delicatulus/20260629_Sde-lcwgs	wahab	lcwgs		SdC1209602HWGSU_WKDL260008953-1A_237VHMLT4_L5_1.fq.gz	SdC1209602HWGSU_WKDL260008953-1A_237VHMLT4_L5_2.fq.gz	FALSE			
Sde-CLim_096-Ex1	SdC1209604CWGSZ_WKDL260008953-1A_237VHMLT4_L4	/archive/carpenterlab/pire/raw_sequence_archive/spratelloides_delicatulus/20260629_Sde-lcwgs	wahab	lcwgs		SdC1209604CWGSZ_WKDL260008953-1A_237VHMLT4_L4_1.fq.gz	SdC1209604CWGSZ_WKDL260008953-1A_237VHMLT4_L4_2.fq.gz	FALSE			
Sde-CLim_096-Ex1	SdC1209604CWGSZ_WKDL260008953-1A_237VHMLT4_L5	/archive/carpenterlab/pire/raw_sequence_archive/spratelloides_delicatulus/20260629_Sde-lcwgs	wahab	lcwgs		SdC1209604CWGSZ_WKDL260008953-1A_237VHMLT4_L5_1.fq.gz	SdC1209604CWGSZ_WKDL260008953-1A_237VHMLT4_L5_2.fq.gz	FALSE			
Sde-CPla_096-Ex1	SdC1209608FWGSU_WKDL260008953-1A_237VHMLT4_L4	/archive/carpenterlab/pire/raw_sequence_archive/spratelloides_delicatulus/20260629_Sde-lcwgs	wahab	lcwgs		SdC1209608FWGSU_WKDL260008953-1A_237VHMLT4_L4_1.fq.gz	SdC1209608FWGSU_WKDL260008953-1A_237VHMLT4_L4_2.fq.gz	FALSE			
Sde-CPla_096-Ex1	SdC1209608FWGSU_WKDL260008953-1A_237VHMLT4_L5	/archive/carpenterlab/pire/raw_sequence_archive/spratelloides_delicatulus/20260629_Sde-lcwgs	wahab	lcwgs		SdC1209608FWGSU_WKDL260008953-1A_237VHMLT4_L5_1.fq.gz	SdC1209608FWGSU_WKDL260008953-1A_237VHMLT4_L5_2.fq.gz	FALSE			
Sde-CLim_097-Ex1	SdC1209710FWGSU_WKDL260008953-1A_237VHMLT4_L4	/archive/carpenterlab/pire/raw_sequence_archive/spratelloides_delicatulus/20260629_Sde-lcwgs	wahab	lcwgs		SdC1209710FWGSU_WKDL260008953-1A_237VHMLT4_L4_1.fq.gz	SdC1209710FWGSU_WKDL260008953-1A_237VHMLT4_L4_2.fq.gz	FALSE			
Sde-CLim_097-Ex1	SdC1209710FWGSU_WKDL260008953-1A_237VHMLT4_L5	/archive/carpenterlab/pire/raw_sequence_archive/spratelloides_delicatulus/20260629_Sde-lcwgs	wahab	lcwgs		SdC1209710FWGSU_WKDL260008953-1A_237VHMLT4_L5_1.fq.gz	SdC1209710FWGSU_WKDL260008953-1A_237VHMLT4_L5_2.fq.gz	FALSE			
Sde-CPla_100-Ex1	SdC1210009FWGSU_WKDL260008953-1A_237VHMLT4_L4	/archive/carpenterlab/pire/raw_sequence_archive/spratelloides_delicatulus/20260629_Sde-lcwgs	wahab	lcwgs		SdC1210009FWGSU_WKDL260008953-1A_237VHMLT4_L4_1.fq.gz	SdC1210009FWGSU_WKDL260008953-1A_237VHMLT4_L4_2.fq.gz	FALSE			
Sde-CPla_100-Ex1	SdC1210009FWGSU_WKDL260008953-1A_237VHMLT4_L5	/archive/carpenterlab/pire/raw_sequence_archive/spratelloides_delicatulus/20260629_Sde-lcwgs	wahab	lcwgs		SdC1210009FWGSU_WKDL260008953-1A_237VHMLT4_L5_1.fq.gz	SdC1210009FWGSU_WKDL260008953-1A_237VHMLT4_L5_2.fq.gz	FALSE			
Sde-CLim_101-Ex1	SdC1210112BWGSU_WKDL260008953-1A_237VHMLT4_L4	/archive/carpenterlab/pire/raw_sequence_archive/spratelloides_delicatulus/20260629_Sde-lcwgs	wahab	lcwgs		SdC1210112BWGSU_WKDL260008953-1A_237VHMLT4_L4_1.fq.gz	SdC1210112BWGSU_WKDL260008953-1A_237VHMLT4_L4_2.fq.gz	FALSE			
Sde-CLim_101-Ex1	SdC1210112BWGSU_WKDL260008953-1A_237VHMLT4_L5	/archive/carpenterlab/pire/raw_sequence_archive/spratelloides_delicatulus/20260629_Sde-lcwgs	wahab	lcwgs		SdC1210112BWGSU_WKDL260008953-1A_237VHMLT4_L5_1.fq.gz	SdC1210112BWGSU_WKDL260008953-1A_237VHMLT4_L5_2.fq.gz	FALSE			
Sde-CLim_102-Ex1	SdC1210209HWGSU_WKDL260008953-1A_237VHMLT4_L4	/archive/carpenterlab/pire/raw_sequence_archive/spratelloides_delicatulus/20260629_Sde-lcwgs	wahab	lcwgs		SdC1210209HWGSU_WKDL260008953-1A_237VHMLT4_L4_1.fq.gz	SdC1210209HWGSU_WKDL260008953-1A_237VHMLT4_L4_2.fq.gz	FALSE			
Sde-CLim_102-Ex1	SdC1210209HWGSU_WKDL260008953-1A_237VHMLT4_L5	/archive/carpenterlab/pire/raw_sequence_archive/spratelloides_delicatulus/20260629_Sde-lcwgs	wahab	lcwgs		SdC1210209HWGSU_WKDL260008953-1A_237VHMLT4_L5_1.fq.gz	SdC1210209HWGSU_WKDL260008953-1A_237VHMLT4_L5_2.fq.gz	FALSE			
Sde-CPla_103-Ex1	SdC1210305BWGSU_WKDL260008953-1A_237VHMLT4_L4	/archive/carpenterlab/pire/raw_sequence_archive/spratelloides_delicatulus/20260629_Sde-lcwgs	wahab	lcwgs		SdC1210305BWGSU_WKDL260008953-1A_237VHMLT4_L4_1.fq.gz	SdC1210305BWGSU_WKDL260008953-1A_237VHMLT4_L4_2.fq.gz	FALSE			
Sde-CPla_103-Ex1	SdC1210305BWGSU_WKDL260008953-1A_237VHMLT4_L5	/archive/carpenterlab/pire/raw_sequence_archive/spratelloides_delicatulus/20260629_Sde-lcwgs	wahab	lcwgs		SdC1210305BWGSU_WKDL260008953-1A_237VHMLT4_L5_1.fq.gz	SdC1210305BWGSU_WKDL260008953-1A_237VHMLT4_L5_2.fq.gz	FALSE			
Sde-CPla_103-Ex1	SdC1210306EWGSZ_WKDL260008953-1A_237VHMLT4_L4	/archive/carpenterlab/pire/raw_sequence_archive/spratelloides_delicatulus/20260629_Sde-lcwgs	wahab	lcwgs		SdC1210306EWGSZ_WKDL260008953-1A_237VHMLT4_L4_1.fq.gz	SdC1210306EWGSZ_WKDL260008953-1A_237VHMLT4_L4_2.fq.gz	FALSE			
Sde-CPla_103-Ex1	SdC1210306EWGSZ_WKDL260008953-1A_237VHMLT4_L5	/archive/carpenterlab/pire/raw_sequence_archive/spratelloides_delicatulus/20260629_Sde-lcwgs	wahab	lcwgs		SdC1210306EWGSZ_WKDL260008953-1A_237VHMLT4_L5_1.fq.gz	SdC1210306EWGSZ_WKDL260008953-1A_237VHMLT4_L5_2.fq.gz	FALSE			
Sde-CPla_107-Ex1	SdC1210710BWGSU_WKDL260008953-1A_237VHMLT4_L4	/archive/carpenterlab/pire/raw_sequence_archive/spratelloides_delicatulus/20260629_Sde-lcwgs	wahab	lcwgs		SdC1210710BWGSU_WKDL260008953-1A_237VHMLT4_L4_1.fq.gz	SdC1210710BWGSU_WKDL260008953-1A_237VHMLT4_L4_2.fq.gz	FALSE			
Sde-CPla_107-Ex1	SdC1210710BWGSU_WKDL260008953-1A_237VHMLT4_L5	/archive/carpenterlab/pire/raw_sequence_archive/spratelloides_delicatulus/20260629_Sde-lcwgs	wahab	lcwgs		SdC1210710BWGSU_WKDL260008953-1A_237VHMLT4_L5_1.fq.gz	SdC1210710BWGSU_WKDL260008953-1A_237VHMLT4_L5_2.fq.gz	FALSE			
Sde-CBau_002-Ex1	SdC1300201GWGSU_WKDL260008953-1A_237VHMLT4_L4	/archive/carpenterlab/pire/raw_sequence_archive/spratelloides_delicatulus/20260629_Sde-lcwgs	wahab	lcwgs		SdC1300201GWGSU_WKDL260008953-1A_237VHMLT4_L4_1.fq.gz	SdC1300201GWGSU_WKDL260008953-1A_237VHMLT4_L4_2.fq.gz	FALSE			
Sde-CBau_002-Ex1	SdC1300201GWGSU_WKDL260008953-1A_237VHMLT4_L5	/archive/carpenterlab/pire/raw_sequence_archive/spratelloides_delicatulus/20260629_Sde-lcwgs	wahab	lcwgs		SdC1300201GWGSU_WKDL260008953-1A_237VHMLT4_L5_1.fq.gz	SdC1300201GWGSU_WKDL260008953-1A_237VHMLT4_L5_2.fq.gz	FALSE			
Sde-CLim_002-Ex1	SdC1300203FWGSU_WKDL260008953-1A_237VHMLT4_L4	/archive/carpenterlab/pire/raw_sequence_archive/spratelloides_delicatulus/20260629_Sde-lcwgs	wahab	lcwgs		SdC1300203FWGSU_WKDL260008953-1A_237VHMLT4_L4_1.fq.gz	SdC1300203FWGSU_WKDL260008953-1A_237VHMLT4_L4_2.fq.gz	FALSE			
Sde-CLim_002-Ex1	SdC1300203FWGSU_WKDL260008953-1A_237VHMLT4_L5	/archive/carpenterlab/pire/raw_sequence_archive/spratelloides_delicatulus/20260629_Sde-lcwgs	wahab	lcwgs		SdC1300203FWGSU_WKDL260008953-1A_237VHMLT4_L5_1.fq.gz	SdC1300203FWGSU_WKDL260008953-1A_237VHMLT4_L5_2.fq.gz	FALSE			
Sde-CLim_004-Ex1	SdC1300406GWGSU_WKDL260008953-1A_237VHMLT4_L4	/archive/carpenterlab/pire/raw_sequence_archive/spratelloides_delicatulus/20260629_Sde-lcwgs	wahab	lcwgs		SdC1300406GWGSU_WKDL260008953-1A_237VHMLT4_L4_1.fq.gz	SdC1300406GWGSU_WKDL260008953-1A_237VHMLT4_L4_2.fq.gz	FALSE			
Sde-CLim_004-Ex1	SdC1300406GWGSU_WKDL260008953-1A_237VHMLT4_L5	/archive/carpenterlab/pire/raw_sequence_archive/spratelloides_delicatulus/20260629_Sde-lcwgs	wahab	lcwgs		SdC1300406GWGSU_WKDL260008953-1A_237VHMLT4_L5_1.fq.gz	SdC1300406GWGSU_WKDL260008953-1A_237VHMLT4_L5_2.fq.gz	FALSE			
Sde-CBau_006-Ex1	SdC1300608CWGSU_WKDL260008953-1A_237VHMLT4_L4	/archive/carpenterlab/pire/raw_sequence_archive/spratelloides_delicatulus/20260629_Sde-lcwgs	wahab	lcwgs		SdC1300608CWGSU_WKDL260008953-1A_237VHMLT4_L4_1.fq.gz	SdC1300608CWGSU_WKDL260008953-1A_237VHMLT4_L4_2.fq.gz	FALSE			
Sde-CBau_006-Ex1	SdC1300608CWGSU_WKDL260008953-1A_237VHMLT4_L5	/archive/carpenterlab/pire/raw_sequence_archive/spratelloides_delicatulus/20260629_Sde-lcwgs	wahab	lcwgs		SdC1300608CWGSU_WKDL260008953-1A_237VHMLT4_L5_1.fq.gz	SdC1300608CWGSU_WKDL260008953-1A_237VHMLT4_L5_2.fq.gz	FALSE			
Sde-CLim_006-Ex1	SdC1300611AWGSU_WKDL260008953-1A_237VHMLT4_L4	/archive/carpenterlab/pire/raw_sequence_archive/spratelloides_delicatulus/20260629_Sde-lcwgs	wahab	lcwgs		SdC1300611AWGSU_WKDL260008953-1A_237VHMLT4_L4_1.fq.gz	SdC1300611AWGSU_WKDL260008953-1A_237VHMLT4_L4_2.fq.gz	FALSE			
Sde-CLim_006-Ex1	SdC1300611AWGSU_WKDL260008953-1A_237VHMLT4_L5	/archive/carpenterlab/pire/raw_sequence_archive/spratelloides_delicatulus/20260629_Sde-lcwgs	wahab	lcwgs		SdC1300611AWGSU_WKDL260008953-1A_237VHMLT4_L5_1.fq.gz	SdC1300611AWGSU_WKDL260008953-1A_237VHMLT4_L5_2.fq.gz	FALSE			
Sde-CLim_010-Ex1	SdC1301005AWGSU_WKDL260008953-1A_237VHMLT4_L4	/archive/carpenterlab/pire/raw_sequence_archive/spratelloides_delicatulus/20260629_Sde-lcwgs	wahab	lcwgs		SdC1301005AWGSU_WKDL260008953-1A_237VHMLT4_L4_1.fq.gz	SdC1301005AWGSU_WKDL260008953-1A_237VHMLT4_L4_2.fq.gz	FALSE			
Sde-CLim_010-Ex1	SdC1301005AWGSU_WKDL260008953-1A_237VHMLT4_L5	/archive/carpenterlab/pire/raw_sequence_archive/spratelloides_delicatulus/20260629_Sde-lcwgs	wahab	lcwgs		SdC1301005AWGSU_WKDL260008953-1A_237VHMLT4_L5_1.fq.gz	SdC1301005AWGSU_WKDL260008953-1A_237VHMLT4_L5_2.fq.gz	FALSE			
Sde-CBau_010-Ex1	SdC1301008GWGSU_WKDL260008953-1A_237VHMLT4_L4	/archive/carpenterlab/pire/raw_sequence_archive/spratelloides_delicatulus/20260629_Sde-lcwgs	wahab	lcwgs		SdC1301008GWGSU_WKDL260008953-1A_237VHMLT4_L4_1.fq.gz	SdC1301008GWGSU_WKDL260008953-1A_237VHMLT4_L4_2.fq.gz	FALSE			
Sde-CBau_010-Ex1	SdC1301008GWGSU_WKDL260008953-1A_237VHMLT4_L5	/archive/carpenterlab/pire/raw_sequence_archive/spratelloides_delicatulus/20260629_Sde-lcwgs	wahab	lcwgs		SdC1301008GWGSU_WKDL260008953-1A_237VHMLT4_L5_1.fq.gz	SdC1301008GWGSU_WKDL260008953-1A_237VHMLT4_L5_2.fq.gz	FALSE			
Sde-CPla_012-Ex1	SdC1301203AWGSU_WKDL260008953-1A_237VHMLT4_L4	/archive/carpenterlab/pire/raw_sequence_archive/spratelloides_delicatulus/20260629_Sde-lcwgs	wahab	lcwgs		SdC1301203AWGSU_WKDL260008953-1A_237VHMLT4_L4_1.fq.gz	SdC1301203AWGSU_WKDL260008953-1A_237VHMLT4_L4_2.fq.gz	FALSE			
Sde-CPla_012-Ex1	SdC1301203AWGSU_WKDL260008953-1A_237VHMLT4_L5	/archive/carpenterlab/pire/raw_sequence_archive/spratelloides_delicatulus/20260629_Sde-lcwgs	wahab	lcwgs		SdC1301203AWGSU_WKDL260008953-1A_237VHMLT4_L5_1.fq.gz	SdC1301203AWGSU_WKDL260008953-1A_237VHMLT4_L5_2.fq.gz	FALSE			
Sde-CBau_012-Ex1	SdC1301210AWGSU_WKDL260008953-1A_237VHMLT4_L4	/archive/carpenterlab/pire/raw_sequence_archive/spratelloides_delicatulus/20260629_Sde-lcwgs	wahab	lcwgs		SdC1301210AWGSU_WKDL260008953-1A_237VHMLT4_L4_1.fq.gz	SdC1301210AWGSU_WKDL260008953-1A_237VHMLT4_L4_2.fq.gz	FALSE			
Sde-CBau_012-Ex1	SdC1301210AWGSU_WKDL260008953-1A_237VHMLT4_L5	/archive/carpenterlab/pire/raw_sequence_archive/spratelloides_delicatulus/20260629_Sde-lcwgs	wahab	lcwgs		SdC1301210AWGSU_WKDL260008953-1A_237VHMLT4_L5_1.fq.gz	SdC1301210AWGSU_WKDL260008953-1A_237VHMLT4_L5_2.fq.gz	FALSE			
Sde-CBau_013-Ex1	SdC1301307CWGSU_WKDL260008953-1A_237VHMLT4_L4	/archive/carpenterlab/pire/raw_sequence_archive/spratelloides_delicatulus/20260629_Sde-lcwgs	wahab	lcwgs		SdC1301307CWGSU_WKDL260008953-1A_237VHMLT4_L4_1.fq.gz	SdC1301307CWGSU_WKDL260008953-1A_237VHMLT4_L4_2.fq.gz	FALSE			
Sde-CBau_013-Ex1	SdC1301307CWGSU_WKDL260008953-1A_237VHMLT4_L5	/archive/carpenterlab/pire/raw_sequence_archive/spratelloides_delicatulus/20260629_Sde-lcwgs	wahab	lcwgs		SdC1301307CWGSU_WKDL260008953-1A_237VHMLT4_L5_1.fq.gz	SdC1301307CWGSU_WKDL260008953-1A_237VHMLT4_L5_2.fq.gz	FALSE			
Sde-CLim_013-Ex1	SdC1301312BWGSU_WKDL260008953-1A_237VHMLT4_L4	/archive/carpenterlab/pire/raw_sequence_archive/spratelloides_delicatulus/20260629_Sde-lcwgs	wahab	lcwgs		SdC1301312BWGSU_WKDL260008953-1A_237VHMLT4_L4_1.fq.gz	SdC1301312BWGSU_WKDL260008953-1A_237VHMLT4_L4_2.fq.gz	FALSE			
Sde-CLim_013-Ex1	SdC1301312BWGSU_WKDL260008953-1A_237VHMLT4_L5	/archive/carpenterlab/pire/raw_sequence_archive/spratelloides_delicatulus/20260629_Sde-lcwgs	wahab	lcwgs		SdC1301312BWGSU_WKDL260008953-1A_237VHMLT4_L5_1.fq.gz	SdC1301312BWGSU_WKDL260008953-1A_237VHMLT4_L5_2.fq.gz	FALSE			
Sde-CBau_014-Ex1	SdC1301411EWGSU_WKDL260008953-1A_237VHMLT4_L4	/archive/carpenterlab/pire/raw_sequence_archive/spratelloides_delicatulus/20260629_Sde-lcwgs	wahab	lcwgs		SdC1301411EWGSU_WKDL260008953-1A_237VHMLT4_L4_1.fq.gz	SdC1301411EWGSU_WKDL260008953-1A_237VHMLT4_L4_2.fq.gz	FALSE			
Sde-CBau_014-Ex1	SdC1301411EWGSU_WKDL260008953-1A_237VHMLT4_L5	/archive/carpenterlab/pire/raw_sequence_archive/spratelloides_delicatulus/20260629_Sde-lcwgs	wahab	lcwgs		SdC1301411EWGSU_WKDL260008953-1A_237VHMLT4_L5_1.fq.gz	SdC1301411EWGSU_WKDL260008953-1A_237VHMLT4_L5_2.fq.gz	FALSE			
Sde-CBau_016-Ex1	SdC1301602BWGSU_WKDL260008953-1A_237VHMLT4_L4	/archive/carpenterlab/pire/raw_sequence_archive/spratelloides_delicatulus/20260629_Sde-lcwgs	wahab	lcwgs		SdC1301602BWGSU_WKDL260008953-1A_237VHMLT4_L4_1.fq.gz	SdC1301602BWGSU_WKDL260008953-1A_237VHMLT4_L4_2.fq.gz	FALSE			
Sde-CBau_016-Ex1	SdC1301602BWGSU_WKDL260008953-1A_237VHMLT4_L5	/archive/carpenterlab/pire/raw_sequence_archive/spratelloides_delicatulus/20260629_Sde-lcwgs	wahab	lcwgs		SdC1301602BWGSU_WKDL260008953-1A_237VHMLT4_L5_1.fq.gz	SdC1301602BWGSU_WKDL260008953-1A_237VHMLT4_L5_2.fq.gz	FALSE			
Sde-CLim_018-Ex1	SdC1301809EWGSU_WKDL260008953-1A_237VHMLT4_L4	/archive/carpenterlab/pire/raw_sequence_archive/spratelloides_delicatulus/20260629_Sde-lcwgs	wahab	lcwgs		SdC1301809EWGSU_WKDL260008953-1A_237VHMLT4_L4_1.fq.gz	SdC1301809EWGSU_WKDL260008953-1A_237VHMLT4_L4_2.fq.gz	FALSE			
Sde-CLim_018-Ex1	SdC1301809EWGSU_WKDL260008953-1A_237VHMLT4_L5	/archive/carpenterlab/pire/raw_sequence_archive/spratelloides_delicatulus/20260629_Sde-lcwgs	wahab	lcwgs		SdC1301809EWGSU_WKDL260008953-1A_237VHMLT4_L5_1.fq.gz	SdC1301809EWGSU_WKDL260008953-1A_237VHMLT4_L5_2.fq.gz	FALSE			
Sde-CLim_019-Ex1	SdC1301902CWGSU_WKDL260008953-1A_237VHMLT4_L4	/archive/carpenterlab/pire/raw_sequence_archive/spratelloides_delicatulus/20260629_Sde-lcwgs	wahab	lcwgs		SdC1301902CWGSU_WKDL260008953-1A_237VHMLT4_L4_1.fq.gz	SdC1301902CWGSU_WKDL260008953-1A_237VHMLT4_L4_2.fq.gz	FALSE			
Sde-CLim_019-Ex1	SdC1301902CWGSU_WKDL260008953-1A_237VHMLT4_L5	/archive/carpenterlab/pire/raw_sequence_archive/spratelloides_delicatulus/20260629_Sde-lcwgs	wahab	lcwgs		SdC1301902CWGSU_WKDL260008953-1A_237VHMLT4_L5_1.fq.gz	SdC1301902CWGSU_WKDL260008953-1A_237VHMLT4_L5_2.fq.gz	FALSE			
Sde-CLim_021-Ex1	SdC1302101HWGSU_WKDL260008953-1A_237VHMLT4_L4	/archive/carpenterlab/pire/raw_sequence_archive/spratelloides_delicatulus/20260629_Sde-lcwgs	wahab	lcwgs		SdC1302101HWGSU_WKDL260008953-1A_237VHMLT4_L4_1.fq.gz	SdC1302101HWGSU_WKDL260008953-1A_237VHMLT4_L4_2.fq.gz	FALSE			
Sde-CLim_021-Ex1	SdC1302101HWGSU_WKDL260008953-1A_237VHMLT4_L5	/archive/carpenterlab/pire/raw_sequence_archive/spratelloides_delicatulus/20260629_Sde-lcwgs	wahab	lcwgs		SdC1302101HWGSU_WKDL260008953-1A_237VHMLT4_L5_1.fq.gz	SdC1302101HWGSU_WKDL260008953-1A_237VHMLT4_L5_2.fq.gz	FALSE			
Sde-CPla_021-Ex1	SdC1302106CWGSU_WKDL260008953-1A_237VHMLT4_L4	/archive/carpenterlab/pire/raw_sequence_archive/spratelloides_delicatulus/20260629_Sde-lcwgs	wahab	lcwgs		SdC1302106CWGSU_WKDL260008953-1A_237VHMLT4_L4_1.fq.gz	SdC1302106CWGSU_WKDL260008953-1A_237VHMLT4_L4_2.fq.gz	FALSE			
Sde-CPla_021-Ex1	SdC1302106CWGSU_WKDL260008953-1A_237VHMLT4_L5	/archive/carpenterlab/pire/raw_sequence_archive/spratelloides_delicatulus/20260629_Sde-lcwgs	wahab	lcwgs		SdC1302106CWGSU_WKDL260008953-1A_237VHMLT4_L5_1.fq.gz	SdC1302106CWGSU_WKDL260008953-1A_237VHMLT4_L5_2.fq.gz	FALSE			
Sde-CBau_021-Ex1	SdC1302110HWGSU_WKDL260008953-1A_237VHMLT4_L4	/archive/carpenterlab/pire/raw_sequence_archive/spratelloides_delicatulus/20260629_Sde-lcwgs	wahab	lcwgs		SdC1302110HWGSU_WKDL260008953-1A_237VHMLT4_L4_1.fq.gz	SdC1302110HWGSU_WKDL260008953-1A_237VHMLT4_L4_2.fq.gz	FALSE			
Sde-CBau_021-Ex1	SdC1302110HWGSU_WKDL260008953-1A_237VHMLT4_L5	/archive/carpenterlab/pire/raw_sequence_archive/spratelloides_delicatulus/20260629_Sde-lcwgs	wahab	lcwgs		SdC1302110HWGSU_WKDL260008953-1A_237VHMLT4_L5_1.fq.gz	SdC1302110HWGSU_WKDL260008953-1A_237VHMLT4_L5_2.fq.gz	FALSE			
Sde-CLim_023-Ex1	SdC1302305CWGSU_WKDL260008953-1A_237VHMLT4_L4	/archive/carpenterlab/pire/raw_sequence_archive/spratelloides_delicatulus/20260629_Sde-lcwgs	wahab	lcwgs		SdC1302305CWGSU_WKDL260008953-1A_237VHMLT4_L4_1.fq.gz	SdC1302305CWGSU_WKDL260008953-1A_237VHMLT4_L4_2.fq.gz	FALSE			
Sde-CLim_023-Ex1	SdC1302305CWGSU_WKDL260008953-1A_237VHMLT4_L5	/archive/carpenterlab/pire/raw_sequence_archive/spratelloides_delicatulus/20260629_Sde-lcwgs	wahab	lcwgs		SdC1302305CWGSU_WKDL260008953-1A_237VHMLT4_L5_1.fq.gz	SdC1302305CWGSU_WKDL260008953-1A_237VHMLT4_L5_2.fq.gz	FALSE			
Sde-CBau_025-Ex1	SdC1302512HWGSU_WKDL260008953-1A_237VHMLT4_L4	/archive/carpenterlab/pire/raw_sequence_archive/spratelloides_delicatulus/20260629_Sde-lcwgs	wahab	lcwgs		SdC1302512HWGSU_WKDL260008953-1A_237VHMLT4_L4_1.fq.gz	SdC1302512HWGSU_WKDL260008953-1A_237VHMLT4_L4_2.fq.gz	FALSE			
Sde-CBau_025-Ex1	SdC1302512HWGSU_WKDL260008953-1A_237VHMLT4_L5	/archive/carpenterlab/pire/raw_sequence_archive/spratelloides_delicatulus/20260629_Sde-lcwgs	wahab	lcwgs		SdC1302512HWGSU_WKDL260008953-1A_237VHMLT4_L5_1.fq.gz	SdC1302512HWGSU_WKDL260008953-1A_237VHMLT4_L5_2.fq.gz	FALSE			
Sde-CLim_026-Ex1	SdC1302606HWGSU_WKDL260008953-1A_237VHMLT4_L4	/archive/carpenterlab/pire/raw_sequence_archive/spratelloides_delicatulus/20260629_Sde-lcwgs	wahab	lcwgs		SdC1302606HWGSU_WKDL260008953-1A_237VHMLT4_L4_1.fq.gz	SdC1302606HWGSU_WKDL260008953-1A_237VHMLT4_L4_2.fq.gz	FALSE			
Sde-CLim_026-Ex1	SdC1302606HWGSU_WKDL260008953-1A_237VHMLT4_L5	/archive/carpenterlab/pire/raw_sequence_archive/spratelloides_delicatulus/20260629_Sde-lcwgs	wahab	lcwgs		SdC1302606HWGSU_WKDL260008953-1A_237VHMLT4_L5_1.fq.gz	SdC1302606HWGSU_WKDL260008953-1A_237VHMLT4_L5_2.fq.gz	FALSE			
Sde-CBau_026-Ex1	SdC1302607EWGSU_WKDL260008953-1A_237VHMLT4_L4	/archive/carpenterlab/pire/raw_sequence_archive/spratelloides_delicatulus/20260629_Sde-lcwgs	wahab	lcwgs		SdC1302607EWGSU_WKDL260008953-1A_237VHMLT4_L4_1.fq.gz	SdC1302607EWGSU_WKDL260008953-1A_237VHMLT4_L4_2.fq.gz	FALSE			
Sde-CBau_026-Ex1	SdC1302607EWGSU_WKDL260008953-1A_237VHMLT4_L5	/archive/carpenterlab/pire/raw_sequence_archive/spratelloides_delicatulus/20260629_Sde-lcwgs	wahab	lcwgs		SdC1302607EWGSU_WKDL260008953-1A_237VHMLT4_L5_1.fq.gz	SdC1302607EWGSU_WKDL260008953-1A_237VHMLT4_L5_2.fq.gz	FALSE			
Sde-CPla_026-Ex1	SdC1302610EWGSU_WKDL260008953-1A_237VHMLT4_L4	/archive/carpenterlab/pire/raw_sequence_archive/spratelloides_delicatulus/20260629_Sde-lcwgs	wahab	lcwgs		SdC1302610EWGSU_WKDL260008953-1A_237VHMLT4_L4_1.fq.gz	SdC1302610EWGSU_WKDL260008953-1A_237VHMLT4_L4_2.fq.gz	FALSE			
Sde-CPla_026-Ex1	SdC1302610EWGSU_WKDL260008953-1A_237VHMLT4_L5	/archive/carpenterlab/pire/raw_sequence_archive/spratelloides_delicatulus/20260629_Sde-lcwgs	wahab	lcwgs		SdC1302610EWGSU_WKDL260008953-1A_237VHMLT4_L5_1.fq.gz	SdC1302610EWGSU_WKDL260008953-1A_237VHMLT4_L5_2.fq.gz	FALSE			
Sde-CPla_027-Ex1	SdC1302701CWGSU_WKDL260008953-1A_237VHMLT4_L4	/archive/carpenterlab/pire/raw_sequence_archive/spratelloides_delicatulus/20260629_Sde-lcwgs	wahab	lcwgs		SdC1302701CWGSU_WKDL260008953-1A_237VHMLT4_L4_1.fq.gz	SdC1302701CWGSU_WKDL260008953-1A_237VHMLT4_L4_2.fq.gz	FALSE			
Sde-CPla_027-Ex1	SdC1302701CWGSU_WKDL260008953-1A_237VHMLT4_L5	/archive/carpenterlab/pire/raw_sequence_archive/spratelloides_delicatulus/20260629_Sde-lcwgs	wahab	lcwgs		SdC1302701CWGSU_WKDL260008953-1A_237VHMLT4_L5_1.fq.gz	SdC1302701CWGSU_WKDL260008953-1A_237VHMLT4_L5_2.fq.gz	FALSE			
Sde-CBau_028-Ex1	SdC1302806BWGSU_WKDL260008953-1A_237VHMLT4_L4	/archive/carpenterlab/pire/raw_sequence_archive/spratelloides_delicatulus/20260629_Sde-lcwgs	wahab	lcwgs		SdC1302806BWGSU_WKDL260008953-1A_237VHMLT4_L4_1.fq.gz	SdC1302806BWGSU_WKDL260008953-1A_237VHMLT4_L4_2.fq.gz	FALSE			
Sde-CBau_028-Ex1	SdC1302806BWGSU_WKDL260008953-1A_237VHMLT4_L5	/archive/carpenterlab/pire/raw_sequence_archive/spratelloides_delicatulus/20260629_Sde-lcwgs	wahab	lcwgs		SdC1302806BWGSU_WKDL260008953-1A_237VHMLT4_L5_1.fq.gz	SdC1302806BWGSU_WKDL260008953-1A_237VHMLT4_L5_2.fq.gz	FALSE			
Sde-CPla_030-Ex1	SdC1303006FWGSU_WKDL260008953-1A_237VHMLT4_L4	/archive/carpenterlab/pire/raw_sequence_archive/spratelloides_delicatulus/20260629_Sde-lcwgs	wahab	lcwgs		SdC1303006FWGSU_WKDL260008953-1A_237VHMLT4_L4_1.fq.gz	SdC1303006FWGSU_WKDL260008953-1A_237VHMLT4_L4_2.fq.gz	FALSE			
Sde-CPla_030-Ex1	SdC1303006FWGSU_WKDL260008953-1A_237VHMLT4_L5	/archive/carpenterlab/pire/raw_sequence_archive/spratelloides_delicatulus/20260629_Sde-lcwgs	wahab	lcwgs		SdC1303006FWGSU_WKDL260008953-1A_237VHMLT4_L5_1.fq.gz	SdC1303006FWGSU_WKDL260008953-1A_237VHMLT4_L5_2.fq.gz	FALSE			
Sde-CBau_031-Ex1	SdC1303102AWGSU_WKDL260008953-1A_237VHMLT4_L4	/archive/carpenterlab/pire/raw_sequence_archive/spratelloides_delicatulus/20260629_Sde-lcwgs	wahab	lcwgs		SdC1303102AWGSU_WKDL260008953-1A_237VHMLT4_L4_1.fq.gz	SdC1303102AWGSU_WKDL260008953-1A_237VHMLT4_L4_2.fq.gz	FALSE			
Sde-CBau_031-Ex1	SdC1303102AWGSU_WKDL260008953-1A_237VHMLT4_L5	/archive/carpenterlab/pire/raw_sequence_archive/spratelloides_delicatulus/20260629_Sde-lcwgs	wahab	lcwgs		SdC1303102AWGSU_WKDL260008953-1A_237VHMLT4_L5_1.fq.gz	SdC1303102AWGSU_WKDL260008953-1A_237VHMLT4_L5_2.fq.gz	FALSE			
Sde-CLim_032-Ex1	SdC1303204AWGSU_WKDL260008953-1A_237VHMLT4_L4	/archive/carpenterlab/pire/raw_sequence_archive/spratelloides_delicatulus/20260629_Sde-lcwgs	wahab	lcwgs		SdC1303204AWGSU_WKDL260008953-1A_237VHMLT4_L4_1.fq.gz	SdC1303204AWGSU_WKDL260008953-1A_237VHMLT4_L4_2.fq.gz	FALSE			
Sde-CLim_032-Ex1	SdC1303204AWGSU_WKDL260008953-1A_237VHMLT4_L5	/archive/carpenterlab/pire/raw_sequence_archive/spratelloides_delicatulus/20260629_Sde-lcwgs	wahab	lcwgs		SdC1303204AWGSU_WKDL260008953-1A_237VHMLT4_L5_1.fq.gz	SdC1303204AWGSU_WKDL260008953-1A_237VHMLT4_L5_2.fq.gz	FALSE			
Sde-CBau_032-Ex1	SdC1303211FWGSU_WKDL260008953-1A_237VHMLT4_L4	/archive/carpenterlab/pire/raw_sequence_archive/spratelloides_delicatulus/20260629_Sde-lcwgs	wahab	lcwgs		SdC1303211FWGSU_WKDL260008953-1A_237VHMLT4_L4_1.fq.gz	SdC1303211FWGSU_WKDL260008953-1A_237VHMLT4_L4_2.fq.gz	FALSE			
Sde-CBau_032-Ex1	SdC1303211FWGSU_WKDL260008953-1A_237VHMLT4_L5	/archive/carpenterlab/pire/raw_sequence_archive/spratelloides_delicatulus/20260629_Sde-lcwgs	wahab	lcwgs		SdC1303211FWGSU_WKDL260008953-1A_237VHMLT4_L5_1.fq.gz	SdC1303211FWGSU_WKDL260008953-1A_237VHMLT4_L5_2.fq.gz	FALSE			
Sde-CLim_034-Ex1	SdC1303407GWGSU_WKDL260008953-1A_237VHMLT4_L4	/archive/carpenterlab/pire/raw_sequence_archive/spratelloides_delicatulus/20260629_Sde-lcwgs	wahab	lcwgs		SdC1303407GWGSU_WKDL260008953-1A_237VHMLT4_L4_1.fq.gz	SdC1303407GWGSU_WKDL260008953-1A_237VHMLT4_L4_2.fq.gz	FALSE			
Sde-CLim_034-Ex1	SdC1303407GWGSU_WKDL260008953-1A_237VHMLT4_L5	/archive/carpenterlab/pire/raw_sequence_archive/spratelloides_delicatulus/20260629_Sde-lcwgs	wahab	lcwgs		SdC1303407GWGSU_WKDL260008953-1A_237VHMLT4_L5_1.fq.gz	SdC1303407GWGSU_WKDL260008953-1A_237VHMLT4_L5_2.fq.gz	FALSE			
Sde-CBau_036-Ex1	SdC1303608HWGSU_WKDL260008953-1A_237VHMLT4_L4	/archive/carpenterlab/pire/raw_sequence_archive/spratelloides_delicatulus/20260629_Sde-lcwgs	wahab	lcwgs		SdC1303608HWGSU_WKDL260008953-1A_237VHMLT4_L4_1.fq.gz	SdC1303608HWGSU_WKDL260008953-1A_237VHMLT4_L4_2.fq.gz	FALSE			
Sde-CBau_036-Ex1	SdC1303608HWGSU_WKDL260008953-1A_237VHMLT4_L5	/archive/carpenterlab/pire/raw_sequence_archive/spratelloides_delicatulus/20260629_Sde-lcwgs	wahab	lcwgs		SdC1303608HWGSU_WKDL260008953-1A_237VHMLT4_L5_1.fq.gz	SdC1303608HWGSU_WKDL260008953-1A_237VHMLT4_L5_2.fq.gz	FALSE			
Sde-CBau_037-Ex1	SdC1303708AWGSU_WKDL260008953-1A_237VHMLT4_L4	/archive/carpenterlab/pire/raw_sequence_archive/spratelloides_delicatulus/20260629_Sde-lcwgs	wahab	lcwgs		SdC1303708AWGSU_WKDL260008953-1A_237VHMLT4_L4_1.fq.gz	SdC1303708AWGSU_WKDL260008953-1A_237VHMLT4_L4_2.fq.gz	FALSE			
Sde-CBau_037-Ex1	SdC1303708AWGSU_WKDL260008953-1A_237VHMLT4_L5	/archive/carpenterlab/pire/raw_sequence_archive/spratelloides_delicatulus/20260629_Sde-lcwgs	wahab	lcwgs		SdC1303708AWGSU_WKDL260008953-1A_237VHMLT4_L5_1.fq.gz	SdC1303708AWGSU_WKDL260008953-1A_237VHMLT4_L5_2.fq.gz	FALSE			
Sde-CPla_038-Ex1	SdC1303811BWGSU_WKDL260008953-1A_237VHMLT4_L4	/archive/carpenterlab/pire/raw_sequence_archive/spratelloides_delicatulus/20260629_Sde-lcwgs	wahab	lcwgs		SdC1303811BWGSU_WKDL260008953-1A_237VHMLT4_L4_1.fq.gz	SdC1303811BWGSU_WKDL260008953-1A_237VHMLT4_L4_2.fq.gz	FALSE			
Sde-CPla_038-Ex1	SdC1303811BWGSU_WKDL260008953-1A_237VHMLT4_L5	/archive/carpenterlab/pire/raw_sequence_archive/spratelloides_delicatulus/20260629_Sde-lcwgs	wahab	lcwgs		SdC1303811BWGSU_WKDL260008953-1A_237VHMLT4_L5_1.fq.gz	SdC1303811BWGSU_WKDL260008953-1A_237VHMLT4_L5_2.fq.gz	FALSE			
Sde-CPla_039-Ex1	SdC1303908BWGSU_WKDL260008953-1A_237VHMLT4_L4	/archive/carpenterlab/pire/raw_sequence_archive/spratelloides_delicatulus/20260629_Sde-lcwgs	wahab	lcwgs		SdC1303908BWGSU_WKDL260008953-1A_237VHMLT4_L4_1.fq.gz	SdC1303908BWGSU_WKDL260008953-1A_237VHMLT4_L4_2.fq.gz	FALSE			
Sde-CPla_039-Ex1	SdC1303908BWGSU_WKDL260008953-1A_237VHMLT4_L5	/archive/carpenterlab/pire/raw_sequence_archive/spratelloides_delicatulus/20260629_Sde-lcwgs	wahab	lcwgs		SdC1303908BWGSU_WKDL260008953-1A_237VHMLT4_L5_1.fq.gz	SdC1303908BWGSU_WKDL260008953-1A_237VHMLT4_L5_2.fq.gz	FALSE			
Sde-CBau_040-Ex1	SdC1304005GWGSU_WKDL260008953-1A_237VHMLT4_L4	/archive/carpenterlab/pire/raw_sequence_archive/spratelloides_delicatulus/20260629_Sde-lcwgs	wahab	lcwgs		SdC1304005GWGSU_WKDL260008953-1A_237VHMLT4_L4_1.fq.gz	SdC1304005GWGSU_WKDL260008953-1A_237VHMLT4_L4_2.fq.gz	FALSE			
Sde-CBau_040-Ex1	SdC1304005GWGSU_WKDL260008953-1A_237VHMLT4_L5	/archive/carpenterlab/pire/raw_sequence_archive/spratelloides_delicatulus/20260629_Sde-lcwgs	wahab	lcwgs		SdC1304005GWGSU_WKDL260008953-1A_237VHMLT4_L5_1.fq.gz	SdC1304005GWGSU_WKDL260008953-1A_237VHMLT4_L5_2.fq.gz	FALSE			
Sde-CBau_041-Ex1	SdC1304101EWGSU_WKDL260008953-1A_237VHMLT4_L4	/archive/carpenterlab/pire/raw_sequence_archive/spratelloides_delicatulus/20260629_Sde-lcwgs	wahab	lcwgs		SdC1304101EWGSU_WKDL260008953-1A_237VHMLT4_L4_1.fq.gz	SdC1304101EWGSU_WKDL260008953-1A_237VHMLT4_L4_2.fq.gz	FALSE			
Sde-CBau_041-Ex1	SdC1304101EWGSU_WKDL260008953-1A_237VHMLT4_L5	/archive/carpenterlab/pire/raw_sequence_archive/spratelloides_delicatulus/20260629_Sde-lcwgs	wahab	lcwgs		SdC1304101EWGSU_WKDL260008953-1A_237VHMLT4_L5_1.fq.gz	SdC1304101EWGSU_WKDL260008953-1A_237VHMLT4_L5_2.fq.gz	FALSE			
Sde-CLim_041-Ex1	SdC1304105HWGSU_WKDL260008953-1A_237VHMLT4_L4	/archive/carpenterlab/pire/raw_sequence_archive/spratelloides_delicatulus/20260629_Sde-lcwgs	wahab	lcwgs		SdC1304105HWGSU_WKDL260008953-1A_237VHMLT4_L4_1.fq.gz	SdC1304105HWGSU_WKDL260008953-1A_237VHMLT4_L4_2.fq.gz	FALSE			
Sde-CLim_041-Ex1	SdC1304105HWGSU_WKDL260008953-1A_237VHMLT4_L5	/archive/carpenterlab/pire/raw_sequence_archive/spratelloides_delicatulus/20260629_Sde-lcwgs	wahab	lcwgs		SdC1304105HWGSU_WKDL260008953-1A_237VHMLT4_L5_1.fq.gz	SdC1304105HWGSU_WKDL260008953-1A_237VHMLT4_L5_2.fq.gz	FALSE			
Sde-CPla_043-Ex1	SdC1304304FWGSU_WKDL260008953-1A_237VHMLT4_L4	/archive/carpenterlab/pire/raw_sequence_archive/spratelloides_delicatulus/20260629_Sde-lcwgs	wahab	lcwgs		SdC1304304FWGSU_WKDL260008953-1A_237VHMLT4_L4_1.fq.gz	SdC1304304FWGSU_WKDL260008953-1A_237VHMLT4_L4_2.fq.gz	FALSE			
Sde-CPla_043-Ex1	SdC1304304FWGSU_WKDL260008953-1A_237VHMLT4_L5	/archive/carpenterlab/pire/raw_sequence_archive/spratelloides_delicatulus/20260629_Sde-lcwgs	wahab	lcwgs		SdC1304304FWGSU_WKDL260008953-1A_237VHMLT4_L5_1.fq.gz	SdC1304304FWGSU_WKDL260008953-1A_237VHMLT4_L5_2.fq.gz	FALSE			
Sde-CPla_046-Ex1	SdC1304601BWGSU_WKDL260008953-1A_237VHMLT4_L4	/archive/carpenterlab/pire/raw_sequence_archive/spratelloides_delicatulus/20260629_Sde-lcwgs	wahab	lcwgs		SdC1304601BWGSU_WKDL260008953-1A_237VHMLT4_L4_1.fq.gz	SdC1304601BWGSU_WKDL260008953-1A_237VHMLT4_L4_2.fq.gz	FALSE			
Sde-CPla_046-Ex1	SdC1304601BWGSU_WKDL260008953-1A_237VHMLT4_L5	/archive/carpenterlab/pire/raw_sequence_archive/spratelloides_delicatulus/20260629_Sde-lcwgs	wahab	lcwgs		SdC1304601BWGSU_WKDL260008953-1A_237VHMLT4_L5_1.fq.gz	SdC1304601BWGSU_WKDL260008953-1A_237VHMLT4_L5_2.fq.gz	FALSE			
Sde-CLim_046-Ex1	SdC1304606EWGSU_WKDL260008953-1A_237VHMLT4_L4	/archive/carpenterlab/pire/raw_sequence_archive/spratelloides_delicatulus/20260629_Sde-lcwgs	wahab	lcwgs		SdC1304606EWGSU_WKDL260008953-1A_237VHMLT4_L4_1.fq.gz	SdC1304606EWGSU_WKDL260008953-1A_237VHMLT4_L4_2.fq.gz	FALSE			
Sde-CLim_046-Ex1	SdC1304606EWGSU_WKDL260008953-1A_237VHMLT4_L5	/archive/carpenterlab/pire/raw_sequence_archive/spratelloides_delicatulus/20260629_Sde-lcwgs	wahab	lcwgs		SdC1304606EWGSU_WKDL260008953-1A_237VHMLT4_L5_1.fq.gz	SdC1304606EWGSU_WKDL260008953-1A_237VHMLT4_L5_2.fq.gz	FALSE			
Sde-CBau_048-Ex1	SdC1304807AWGSU_WKDL260008953-1A_237VHMLT4_L4	/archive/carpenterlab/pire/raw_sequence_archive/spratelloides_delicatulus/20260629_Sde-lcwgs	wahab	lcwgs		SdC1304807AWGSU_WKDL260008953-1A_237VHMLT4_L4_1.fq.gz	SdC1304807AWGSU_WKDL260008953-1A_237VHMLT4_L4_2.fq.gz	FALSE			
Sde-CBau_048-Ex1	SdC1304807AWGSU_WKDL260008953-1A_237VHMLT4_L5	/archive/carpenterlab/pire/raw_sequence_archive/spratelloides_delicatulus/20260629_Sde-lcwgs	wahab	lcwgs		SdC1304807AWGSU_WKDL260008953-1A_237VHMLT4_L5_1.fq.gz	SdC1304807AWGSU_WKDL260008953-1A_237VHMLT4_L5_2.fq.gz	FALSE			
Sde-CPla_048-Ex1	SdC1304809GWGSU_WKDL260008953-1A_237VHMLT4_L4	/archive/carpenterlab/pire/raw_sequence_archive/spratelloides_delicatulus/20260629_Sde-lcwgs	wahab	lcwgs		SdC1304809GWGSU_WKDL260008953-1A_237VHMLT4_L4_1.fq.gz	SdC1304809GWGSU_WKDL260008953-1A_237VHMLT4_L4_2.fq.gz	FALSE			
Sde-CPla_048-Ex1	SdC1304809GWGSU_WKDL260008953-1A_237VHMLT4_L5	/archive/carpenterlab/pire/raw_sequence_archive/spratelloides_delicatulus/20260629_Sde-lcwgs	wahab	lcwgs		SdC1304809GWGSU_WKDL260008953-1A_237VHMLT4_L5_1.fq.gz	SdC1304809GWGSU_WKDL260008953-1A_237VHMLT4_L5_2.fq.gz	FALSE			
Sde-CLim_049-Ex1	SdC1304902DWGSU_WKDL260008953-1A_237VHMLT4_L4	/archive/carpenterlab/pire/raw_sequence_archive/spratelloides_delicatulus/20260629_Sde-lcwgs	wahab	lcwgs		SdC1304902DWGSU_WKDL260008953-1A_237VHMLT4_L4_1.fq.gz	SdC1304902DWGSU_WKDL260008953-1A_237VHMLT4_L4_2.fq.gz	FALSE			
Sde-CLim_049-Ex1	SdC1304902DWGSU_WKDL260008953-1A_237VHMLT4_L5	/archive/carpenterlab/pire/raw_sequence_archive/spratelloides_delicatulus/20260629_Sde-lcwgs	wahab	lcwgs		SdC1304902DWGSU_WKDL260008953-1A_237VHMLT4_L5_1.fq.gz	SdC1304902DWGSU_WKDL260008953-1A_237VHMLT4_L5_2.fq.gz	FALSE			
Sde-CPla_049-Ex2	SdC1304912CWGSU_WKDL260008953-1A_237VHMLT4_L4	/archive/carpenterlab/pire/raw_sequence_archive/spratelloides_delicatulus/20260629_Sde-lcwgs	wahab	lcwgs		SdC1304912CWGSU_WKDL260008953-1A_237VHMLT4_L4_1.fq.gz	SdC1304912CWGSU_WKDL260008953-1A_237VHMLT4_L4_2.fq.gz	FALSE			
Sde-CPla_049-Ex2	SdC1304912CWGSU_WKDL260008953-1A_237VHMLT4_L5	/archive/carpenterlab/pire/raw_sequence_archive/spratelloides_delicatulus/20260629_Sde-lcwgs	wahab	lcwgs		SdC1304912CWGSU_WKDL260008953-1A_237VHMLT4_L5_1.fq.gz	SdC1304912CWGSU_WKDL260008953-1A_237VHMLT4_L5_2.fq.gz	FALSE			
Sde-CPla_050-Ex1	SdC1305005EWGSU_WKDL260008953-1A_237VHMLT4_L4	/archive/carpenterlab/pire/raw_sequence_archive/spratelloides_delicatulus/20260629_Sde-lcwgs	wahab	lcwgs		SdC1305005EWGSU_WKDL260008953-1A_237VHMLT4_L4_1.fq.gz	SdC1305005EWGSU_WKDL260008953-1A_237VHMLT4_L4_2.fq.gz	FALSE			
Sde-CPla_050-Ex1	SdC1305005EWGSU_WKDL260008953-1A_237VHMLT4_L5	/archive/carpenterlab/pire/raw_sequence_archive/spratelloides_delicatulus/20260629_Sde-lcwgs	wahab	lcwgs		SdC1305005EWGSU_WKDL260008953-1A_237VHMLT4_L5_1.fq.gz	SdC1305005EWGSU_WKDL260008953-1A_237VHMLT4_L5_2.fq.gz	FALSE			
Sde-CPla_052-Ex1	SdC1305208FWGSU_WKDL260008953-1A_237VHMLT4_L4	/archive/carpenterlab/pire/raw_sequence_archive/spratelloides_delicatulus/20260629_Sde-lcwgs	wahab	lcwgs		SdC1305208FWGSU_WKDL260008953-1A_237VHMLT4_L4_1.fq.gz	SdC1305208FWGSU_WKDL260008953-1A_237VHMLT4_L4_2.fq.gz	FALSE			
Sde-CPla_052-Ex1	SdC1305208FWGSU_WKDL260008953-1A_237VHMLT4_L5	/archive/carpenterlab/pire/raw_sequence_archive/spratelloides_delicatulus/20260629_Sde-lcwgs	wahab	lcwgs		SdC1305208FWGSU_WKDL260008953-1A_237VHMLT4_L5_1.fq.gz	SdC1305208FWGSU_WKDL260008953-1A_237VHMLT4_L5_2.fq.gz	FALSE			
Sde-CPla_054-Ex1	SdC1305409BWGSU_WKDL260008953-1A_237VHMLT4_L4	/archive/carpenterlab/pire/raw_sequence_archive/spratelloides_delicatulus/20260629_Sde-lcwgs	wahab	lcwgs		SdC1305409BWGSU_WKDL260008953-1A_237VHMLT4_L4_1.fq.gz	SdC1305409BWGSU_WKDL260008953-1A_237VHMLT4_L4_2.fq.gz	FALSE			
Sde-CPla_054-Ex1	SdC1305409BWGSU_WKDL260008953-1A_237VHMLT4_L5	/archive/carpenterlab/pire/raw_sequence_archive/spratelloides_delicatulus/20260629_Sde-lcwgs	wahab	lcwgs		SdC1305409BWGSU_WKDL260008953-1A_237VHMLT4_L5_1.fq.gz	SdC1305409BWGSU_WKDL260008953-1A_237VHMLT4_L5_2.fq.gz	FALSE			
Sde-CPla_055-Ex1	SdC1305506DWGSU_WKDL260008953-1A_237VHMLT4_L4	/archive/carpenterlab/pire/raw_sequence_archive/spratelloides_delicatulus/20260629_Sde-lcwgs	wahab	lcwgs		SdC1305506DWGSU_WKDL260008953-1A_237VHMLT4_L4_1.fq.gz	SdC1305506DWGSU_WKDL260008953-1A_237VHMLT4_L4_2.fq.gz	FALSE			
Sde-CPla_055-Ex1	SdC1305506DWGSU_WKDL260008953-1A_237VHMLT4_L5	/archive/carpenterlab/pire/raw_sequence_archive/spratelloides_delicatulus/20260629_Sde-lcwgs	wahab	lcwgs		SdC1305506DWGSU_WKDL260008953-1A_237VHMLT4_L5_1.fq.gz	SdC1305506DWGSU_WKDL260008953-1A_237VHMLT4_L5_2.fq.gz	FALSE			
Sde-CBau_056-Ex1	SdC1305610FWGSU_WKDL260008953-1A_237VHMLT4_L4	/archive/carpenterlab/pire/raw_sequence_archive/spratelloides_delicatulus/20260629_Sde-lcwgs	wahab	lcwgs		SdC1305610FWGSU_WKDL260008953-1A_237VHMLT4_L4_1.fq.gz	SdC1305610FWGSU_WKDL260008953-1A_237VHMLT4_L4_2.fq.gz	FALSE			
Sde-CBau_056-Ex1	SdC1305610FWGSU_WKDL260008953-1A_237VHMLT4_L5	/archive/carpenterlab/pire/raw_sequence_archive/spratelloides_delicatulus/20260629_Sde-lcwgs	wahab	lcwgs		SdC1305610FWGSU_WKDL260008953-1A_237VHMLT4_L5_1.fq.gz	SdC1305610FWGSU_WKDL260008953-1A_237VHMLT4_L5_2.fq.gz	FALSE			
Sde-CBau_057-Ex1	SdC1305701AWGSU_WKDL260008953-1A_237VHMLT4_L4	/archive/carpenterlab/pire/raw_sequence_archive/spratelloides_delicatulus/20260629_Sde-lcwgs	wahab	lcwgs		SdC1305701AWGSU_WKDL260008953-1A_237VHMLT4_L4_1.fq.gz	SdC1305701AWGSU_WKDL260008953-1A_237VHMLT4_L4_2.fq.gz	FALSE			
Sde-CBau_057-Ex1	SdC1305701AWGSU_WKDL260008953-1A_237VHMLT4_L5	/archive/carpenterlab/pire/raw_sequence_archive/spratelloides_delicatulus/20260629_Sde-lcwgs	wahab	lcwgs		SdC1305701AWGSU_WKDL260008953-1A_237VHMLT4_L5_1.fq.gz	SdC1305701AWGSU_WKDL260008953-1A_237VHMLT4_L5_2.fq.gz	FALSE			
Sde-CPla_058-Ex1	SdC1305801DWGSU_WKDL260008953-1A_237VHMLT4_L4	/archive/carpenterlab/pire/raw_sequence_archive/spratelloides_delicatulus/20260629_Sde-lcwgs	wahab	lcwgs		SdC1305801DWGSU_WKDL260008953-1A_237VHMLT4_L4_1.fq.gz	SdC1305801DWGSU_WKDL260008953-1A_237VHMLT4_L4_2.fq.gz	FALSE			
Sde-CPla_058-Ex1	SdC1305801DWGSU_WKDL260008953-1A_237VHMLT4_L5	/archive/carpenterlab/pire/raw_sequence_archive/spratelloides_delicatulus/20260629_Sde-lcwgs	wahab	lcwgs		SdC1305801DWGSU_WKDL260008953-1A_237VHMLT4_L5_1.fq.gz	SdC1305801DWGSU_WKDL260008953-1A_237VHMLT4_L5_2.fq.gz	FALSE			
Sde-CPla_059-Ex1	SdC1305901FWGSU_WKDL260008953-1A_237VHMLT4_L4	/archive/carpenterlab/pire/raw_sequence_archive/spratelloides_delicatulus/20260629_Sde-lcwgs	wahab	lcwgs		SdC1305901FWGSU_WKDL260008953-1A_237VHMLT4_L4_1.fq.gz	SdC1305901FWGSU_WKDL260008953-1A_237VHMLT4_L4_2.fq.gz	FALSE			
Sde-CPla_059-Ex1	SdC1305901FWGSU_WKDL260008953-1A_237VHMLT4_L5	/archive/carpenterlab/pire/raw_sequence_archive/spratelloides_delicatulus/20260629_Sde-lcwgs	wahab	lcwgs		SdC1305901FWGSU_WKDL260008953-1A_237VHMLT4_L5_1.fq.gz	SdC1305901FWGSU_WKDL260008953-1A_237VHMLT4_L5_2.fq.gz	FALSE			
Sde-CLim_059-Ex1	SdC1305912DWGSU_WKDL260008953-1A_237VHMLT4_L4	/archive/carpenterlab/pire/raw_sequence_archive/spratelloides_delicatulus/20260629_Sde-lcwgs	wahab	lcwgs		SdC1305912DWGSU_WKDL260008953-1A_237VHMLT4_L4_1.fq.gz	SdC1305912DWGSU_WKDL260008953-1A_237VHMLT4_L4_2.fq.gz	FALSE			
Sde-CLim_059-Ex1	SdC1305912DWGSU_WKDL260008953-1A_237VHMLT4_L5	/archive/carpenterlab/pire/raw_sequence_archive/spratelloides_delicatulus/20260629_Sde-lcwgs	wahab	lcwgs		SdC1305912DWGSU_WKDL260008953-1A_237VHMLT4_L5_1.fq.gz	SdC1305912DWGSU_WKDL260008953-1A_237VHMLT4_L5_2.fq.gz	FALSE			
Sde-CLim_060-Ex1	SdC1306003EWGSU_WKDL260008953-1A_237VHMLT4_L4	/archive/carpenterlab/pire/raw_sequence_archive/spratelloides_delicatulus/20260629_Sde-lcwgs	wahab	lcwgs		SdC1306003EWGSU_WKDL260008953-1A_237VHMLT4_L4_1.fq.gz	SdC1306003EWGSU_WKDL260008953-1A_237VHMLT4_L4_2.fq.gz	FALSE			
Sde-CLim_060-Ex1	SdC1306003EWGSU_WKDL260008953-1A_237VHMLT4_L5	/archive/carpenterlab/pire/raw_sequence_archive/spratelloides_delicatulus/20260629_Sde-lcwgs	wahab	lcwgs		SdC1306003EWGSU_WKDL260008953-1A_237VHMLT4_L5_1.fq.gz	SdC1306003EWGSU_WKDL260008953-1A_237VHMLT4_L5_2.fq.gz	FALSE			
Sde-CPla_062-Ex1	SdC1306202GWGSU_WKDL260008953-1A_237VHMLT4_L4	/archive/carpenterlab/pire/raw_sequence_archive/spratelloides_delicatulus/20260629_Sde-lcwgs	wahab	lcwgs		SdC1306202GWGSU_WKDL260008953-1A_237VHMLT4_L4_1.fq.gz	SdC1306202GWGSU_WKDL260008953-1A_237VHMLT4_L4_2.fq.gz	FALSE			
Sde-CPla_062-Ex1	SdC1306202GWGSU_WKDL260008953-1A_237VHMLT4_L5	/archive/carpenterlab/pire/raw_sequence_archive/spratelloides_delicatulus/20260629_Sde-lcwgs	wahab	lcwgs		SdC1306202GWGSU_WKDL260008953-1A_237VHMLT4_L5_1.fq.gz	SdC1306202GWGSU_WKDL260008953-1A_237VHMLT4_L5_2.fq.gz	FALSE			
Sde-CLim_064-Ex1	SdC1306404GWGSU_WKDL260008953-1A_237VHMLT4_L4	/archive/carpenterlab/pire/raw_sequence_archive/spratelloides_delicatulus/20260629_Sde-lcwgs	wahab	lcwgs		SdC1306404GWGSU_WKDL260008953-1A_237VHMLT4_L4_1.fq.gz	SdC1306404GWGSU_WKDL260008953-1A_237VHMLT4_L4_2.fq.gz	FALSE			
Sde-CLim_064-Ex1	SdC1306404GWGSU_WKDL260008953-1A_237VHMLT4_L5	/archive/carpenterlab/pire/raw_sequence_archive/spratelloides_delicatulus/20260629_Sde-lcwgs	wahab	lcwgs		SdC1306404GWGSU_WKDL260008953-1A_237VHMLT4_L5_1.fq.gz	SdC1306404GWGSU_WKDL260008953-1A_237VHMLT4_L5_2.fq.gz	FALSE			
Sde-CPla_064-Ex1	SdC1306412AWGSU_WKDL260008953-1A_237VHMLT4_L4	/archive/carpenterlab/pire/raw_sequence_archive/spratelloides_delicatulus/20260629_Sde-lcwgs	wahab	lcwgs		SdC1306412AWGSU_WKDL260008953-1A_237VHMLT4_L4_1.fq.gz	SdC1306412AWGSU_WKDL260008953-1A_237VHMLT4_L4_2.fq.gz	FALSE			
Sde-CPla_064-Ex1	SdC1306412AWGSU_WKDL260008953-1A_237VHMLT4_L5	/archive/carpenterlab/pire/raw_sequence_archive/spratelloides_delicatulus/20260629_Sde-lcwgs	wahab	lcwgs		SdC1306412AWGSU_WKDL260008953-1A_237VHMLT4_L5_1.fq.gz	SdC1306412AWGSU_WKDL260008953-1A_237VHMLT4_L5_2.fq.gz	FALSE			
Sde-CBau_067-Ex1	SdC1306712GWGSU_WKDL260008953-1A_237VHMLT4_L4	/archive/carpenterlab/pire/raw_sequence_archive/spratelloides_delicatulus/20260629_Sde-lcwgs	wahab	lcwgs		SdC1306712GWGSU_WKDL260008953-1A_237VHMLT4_L4_1.fq.gz	SdC1306712GWGSU_WKDL260008953-1A_237VHMLT4_L4_2.fq.gz	FALSE			
Sde-CBau_067-Ex1	SdC1306712GWGSU_WKDL260008953-1A_237VHMLT4_L5	/archive/carpenterlab/pire/raw_sequence_archive/spratelloides_delicatulus/20260629_Sde-lcwgs	wahab	lcwgs		SdC1306712GWGSU_WKDL260008953-1A_237VHMLT4_L5_1.fq.gz	SdC1306712GWGSU_WKDL260008953-1A_237VHMLT4_L5_2.fq.gz	FALSE			
Sde-CPla_069-Ex1	SdC1306910DWGSU_WKDL260008953-1A_237VHMLT4_L4	/archive/carpenterlab/pire/raw_sequence_archive/spratelloides_delicatulus/20260629_Sde-lcwgs	wahab	lcwgs		SdC1306910DWGSU_WKDL260008953-1A_237VHMLT4_L4_1.fq.gz	SdC1306910DWGSU_WKDL260008953-1A_237VHMLT4_L4_2.fq.gz	FALSE			
Sde-CPla_069-Ex1	SdC1306910DWGSU_WKDL260008953-1A_237VHMLT4_L5	/archive/carpenterlab/pire/raw_sequence_archive/spratelloides_delicatulus/20260629_Sde-lcwgs	wahab	lcwgs		SdC1306910DWGSU_WKDL260008953-1A_237VHMLT4_L5_1.fq.gz	SdC1306910DWGSU_WKDL260008953-1A_237VHMLT4_L5_2.fq.gz	FALSE			
Sde-CBau_070-Ex1	SdC1307009AWGSU_WKDL260008953-1A_237VHMLT4_L4	/archive/carpenterlab/pire/raw_sequence_archive/spratelloides_delicatulus/20260629_Sde-lcwgs	wahab	lcwgs		SdC1307009AWGSU_WKDL260008953-1A_237VHMLT4_L4_1.fq.gz	SdC1307009AWGSU_WKDL260008953-1A_237VHMLT4_L4_2.fq.gz	FALSE			
Sde-CBau_070-Ex1	SdC1307009AWGSU_WKDL260008953-1A_237VHMLT4_L5	/archive/carpenterlab/pire/raw_sequence_archive/spratelloides_delicatulus/20260629_Sde-lcwgs	wahab	lcwgs		SdC1307009AWGSU_WKDL260008953-1A_237VHMLT4_L5_1.fq.gz	SdC1307009AWGSU_WKDL260008953-1A_237VHMLT4_L5_2.fq.gz	FALSE			
Sde-CLim_072-Ex1	SdC1307211CWGSU_WKDL260008953-1A_237VHMLT4_L4	/archive/carpenterlab/pire/raw_sequence_archive/spratelloides_delicatulus/20260629_Sde-lcwgs	wahab	lcwgs		SdC1307211CWGSU_WKDL260008953-1A_237VHMLT4_L4_1.fq.gz	SdC1307211CWGSU_WKDL260008953-1A_237VHMLT4_L4_2.fq.gz	FALSE			
Sde-CLim_072-Ex1	SdC1307211CWGSU_WKDL260008953-1A_237VHMLT4_L5	/archive/carpenterlab/pire/raw_sequence_archive/spratelloides_delicatulus/20260629_Sde-lcwgs	wahab	lcwgs		SdC1307211CWGSU_WKDL260008953-1A_237VHMLT4_L5_1.fq.gz	SdC1307211CWGSU_WKDL260008953-1A_237VHMLT4_L5_2.fq.gz	FALSE			
Sde-CPla_073-Ex1	SdC1307309HWGSU_WKDL260008953-1A_237VHMLT4_L4	/archive/carpenterlab/pire/raw_sequence_archive/spratelloides_delicatulus/20260629_Sde-lcwgs	wahab	lcwgs		SdC1307309HWGSU_WKDL260008953-1A_237VHMLT4_L4_1.fq.gz	SdC1307309HWGSU_WKDL260008953-1A_237VHMLT4_L4_2.fq.gz	FALSE			
Sde-CPla_073-Ex1	SdC1307309HWGSU_WKDL260008953-1A_237VHMLT4_L5	/archive/carpenterlab/pire/raw_sequence_archive/spratelloides_delicatulus/20260629_Sde-lcwgs	wahab	lcwgs		SdC1307309HWGSU_WKDL260008953-1A_237VHMLT4_L5_1.fq.gz	SdC1307309HWGSU_WKDL260008953-1A_237VHMLT4_L5_2.fq.gz	FALSE			
Sde-CBau_074-Ex1	SdC1307403DWGSU_WKDL260008953-1A_237VHMLT4_L4	/archive/carpenterlab/pire/raw_sequence_archive/spratelloides_delicatulus/20260629_Sde-lcwgs	wahab	lcwgs		SdC1307403DWGSU_WKDL260008953-1A_237VHMLT4_L4_1.fq.gz	SdC1307403DWGSU_WKDL260008953-1A_237VHMLT4_L4_2.fq.gz	FALSE			
Sde-CBau_074-Ex1	SdC1307403DWGSU_WKDL260008953-1A_237VHMLT4_L5	/archive/carpenterlab/pire/raw_sequence_archive/spratelloides_delicatulus/20260629_Sde-lcwgs	wahab	lcwgs		SdC1307403DWGSU_WKDL260008953-1A_237VHMLT4_L5_1.fq.gz	SdC1307403DWGSU_WKDL260008953-1A_237VHMLT4_L5_2.fq.gz	FALSE			
Sde-CBau_075-Ex1	SdC1307502FWGSU_WKDL260008953-1A_237VHMLT4_L4	/archive/carpenterlab/pire/raw_sequence_archive/spratelloides_delicatulus/20260629_Sde-lcwgs	wahab	lcwgs		SdC1307502FWGSU_WKDL260008953-1A_237VHMLT4_L4_1.fq.gz	SdC1307502FWGSU_WKDL260008953-1A_237VHMLT4_L4_2.fq.gz	FALSE			
Sde-CBau_075-Ex1	SdC1307502FWGSU_WKDL260008953-1A_237VHMLT4_L5	/archive/carpenterlab/pire/raw_sequence_archive/spratelloides_delicatulus/20260629_Sde-lcwgs	wahab	lcwgs		SdC1307502FWGSU_WKDL260008953-1A_237VHMLT4_L5_1.fq.gz	SdC1307502FWGSU_WKDL260008953-1A_237VHMLT4_L5_2.fq.gz	FALSE			
Sde-CPla_076-Ex1	SdC1307605BWGSU_WKDL260008953-1A_237VHMLT4_L4	/archive/carpenterlab/pire/raw_sequence_archive/spratelloides_delicatulus/20260629_Sde-lcwgs	wahab	lcwgs		SdC1307605BWGSU_WKDL260008953-1A_237VHMLT4_L4_1.fq.gz	SdC1307605BWGSU_WKDL260008953-1A_237VHMLT4_L4_2.fq.gz	FALSE			
Sde-CPla_076-Ex1	SdC1307605BWGSU_WKDL260008953-1A_237VHMLT4_L5	/archive/carpenterlab/pire/raw_sequence_archive/spratelloides_delicatulus/20260629_Sde-lcwgs	wahab	lcwgs		SdC1307605BWGSU_WKDL260008953-1A_237VHMLT4_L5_1.fq.gz	SdC1307605BWGSU_WKDL260008953-1A_237VHMLT4_L5_2.fq.gz	FALSE			
Sde-CLim_076-Ex1	SdC1307609DWGSU_WKDL260008953-1A_237VHMLT4_L4	/archive/carpenterlab/pire/raw_sequence_archive/spratelloides_delicatulus/20260629_Sde-lcwgs	wahab	lcwgs		SdC1307609DWGSU_WKDL260008953-1A_237VHMLT4_L4_1.fq.gz	SdC1307609DWGSU_WKDL260008953-1A_237VHMLT4_L4_2.fq.gz	FALSE			
Sde-CLim_076-Ex1	SdC1307609DWGSU_WKDL260008953-1A_237VHMLT4_L5	/archive/carpenterlab/pire/raw_sequence_archive/spratelloides_delicatulus/20260629_Sde-lcwgs	wahab	lcwgs		SdC1307609DWGSU_WKDL260008953-1A_237VHMLT4_L5_1.fq.gz	SdC1307609DWGSU_WKDL260008953-1A_237VHMLT4_L5_2.fq.gz	FALSE			
Sde-CPla_078-Ex1	SdC1307807FWGSU_WKDL260008953-1A_237VHMLT4_L4	/archive/carpenterlab/pire/raw_sequence_archive/spratelloides_delicatulus/20260629_Sde-lcwgs	wahab	lcwgs		SdC1307807FWGSU_WKDL260008953-1A_237VHMLT4_L4_1.fq.gz	SdC1307807FWGSU_WKDL260008953-1A_237VHMLT4_L4_2.fq.gz	FALSE			
Sde-CPla_078-Ex1	SdC1307807FWGSU_WKDL260008953-1A_237VHMLT4_L5	/archive/carpenterlab/pire/raw_sequence_archive/spratelloides_delicatulus/20260629_Sde-lcwgs	wahab	lcwgs		SdC1307807FWGSU_WKDL260008953-1A_237VHMLT4_L5_1.fq.gz	SdC1307807FWGSU_WKDL260008953-1A_237VHMLT4_L5_2.fq.gz	FALSE			
Sde-CLim_078-Ex1	SdC1307808EWGSU_WKDL260008953-1A_237VHMLT4_L4	/archive/carpenterlab/pire/raw_sequence_archive/spratelloides_delicatulus/20260629_Sde-lcwgs	wahab	lcwgs		SdC1307808EWGSU_WKDL260008953-1A_237VHMLT4_L4_1.fq.gz	SdC1307808EWGSU_WKDL260008953-1A_237VHMLT4_L4_2.fq.gz	FALSE			
Sde-CLim_078-Ex1	SdC1307808EWGSU_WKDL260008953-1A_237VHMLT4_L5	/archive/carpenterlab/pire/raw_sequence_archive/spratelloides_delicatulus/20260629_Sde-lcwgs	wahab	lcwgs		SdC1307808EWGSU_WKDL260008953-1A_237VHMLT4_L5_1.fq.gz	SdC1307808EWGSU_WKDL260008953-1A_237VHMLT4_L5_2.fq.gz	FALSE			
Sde-CBau_079-Ex1	SdC1307903HWGSU_WKDL260008953-1A_237VHMLT4_L4	/archive/carpenterlab/pire/raw_sequence_archive/spratelloides_delicatulus/20260629_Sde-lcwgs	wahab	lcwgs		SdC1307903HWGSU_WKDL260008953-1A_237VHMLT4_L4_1.fq.gz	SdC1307903HWGSU_WKDL260008953-1A_237VHMLT4_L4_2.fq.gz	FALSE			
Sde-CBau_079-Ex1	SdC1307903HWGSU_WKDL260008953-1A_237VHMLT4_L5	/archive/carpenterlab/pire/raw_sequence_archive/spratelloides_delicatulus/20260629_Sde-lcwgs	wahab	lcwgs		SdC1307903HWGSU_WKDL260008953-1A_237VHMLT4_L5_1.fq.gz	SdC1307903HWGSU_WKDL260008953-1A_237VHMLT4_L5_2.fq.gz	FALSE			
Sde-CLim_079-Ex1	SdC1307910GWGSU_WKDL260008953-1A_237VHMLT4_L4	/archive/carpenterlab/pire/raw_sequence_archive/spratelloides_delicatulus/20260629_Sde-lcwgs	wahab	lcwgs		SdC1307910GWGSU_WKDL260008953-1A_237VHMLT4_L4_1.fq.gz	SdC1307910GWGSU_WKDL260008953-1A_237VHMLT4_L4_2.fq.gz	FALSE			
Sde-CLim_079-Ex1	SdC1307910GWGSU_WKDL260008953-1A_237VHMLT4_L5	/archive/carpenterlab/pire/raw_sequence_archive/spratelloides_delicatulus/20260629_Sde-lcwgs	wahab	lcwgs		SdC1307910GWGSU_WKDL260008953-1A_237VHMLT4_L5_1.fq.gz	SdC1307910GWGSU_WKDL260008953-1A_237VHMLT4_L5_2.fq.gz	FALSE			
Sde-CLim_080-Ex1	SdC1308003GWGSU_WKDL260008953-1A_237VHMLT4_L4	/archive/carpenterlab/pire/raw_sequence_archive/spratelloides_delicatulus/20260629_Sde-lcwgs	wahab	lcwgs		SdC1308003GWGSU_WKDL260008953-1A_237VHMLT4_L4_1.fq.gz	SdC1308003GWGSU_WKDL260008953-1A_237VHMLT4_L4_2.fq.gz	FALSE			
Sde-CLim_080-Ex1	SdC1308003GWGSU_WKDL260008953-1A_237VHMLT4_L5	/archive/carpenterlab/pire/raw_sequence_archive/spratelloides_delicatulus/20260629_Sde-lcwgs	wahab	lcwgs		SdC1308003GWGSU_WKDL260008953-1A_237VHMLT4_L5_1.fq.gz	SdC1308003GWGSU_WKDL260008953-1A_237VHMLT4_L5_2.fq.gz	FALSE			
Sde-CLim_081-Ex1	SdC1308111HWGSU_WKDL260008953-1A_237VHMLT4_L4	/archive/carpenterlab/pire/raw_sequence_archive/spratelloides_delicatulus/20260629_Sde-lcwgs	wahab	lcwgs		SdC1308111HWGSU_WKDL260008953-1A_237VHMLT4_L4_1.fq.gz	SdC1308111HWGSU_WKDL260008953-1A_237VHMLT4_L4_2.fq.gz	FALSE			
Sde-CLim_081-Ex1	SdC1308111HWGSU_WKDL260008953-1A_237VHMLT4_L5	/archive/carpenterlab/pire/raw_sequence_archive/spratelloides_delicatulus/20260629_Sde-lcwgs	wahab	lcwgs		SdC1308111HWGSU_WKDL260008953-1A_237VHMLT4_L5_1.fq.gz	SdC1308111HWGSU_WKDL260008953-1A_237VHMLT4_L5_2.fq.gz	FALSE			
Sde-CPla_082-Ex1	SdC1308207HWGSU_WKDL260008953-1A_237VHMLT4_L4	/archive/carpenterlab/pire/raw_sequence_archive/spratelloides_delicatulus/20260629_Sde-lcwgs	wahab	lcwgs		SdC1308207HWGSU_WKDL260008953-1A_237VHMLT4_L4_1.fq.gz	SdC1308207HWGSU_WKDL260008953-1A_237VHMLT4_L4_2.fq.gz	FALSE			
Sde-CPla_082-Ex1	SdC1308207HWGSU_WKDL260008953-1A_237VHMLT4_L5	/archive/carpenterlab/pire/raw_sequence_archive/spratelloides_delicatulus/20260629_Sde-lcwgs	wahab	lcwgs		SdC1308207HWGSU_WKDL260008953-1A_237VHMLT4_L5_1.fq.gz	SdC1308207HWGSU_WKDL260008953-1A_237VHMLT4_L5_2.fq.gz	FALSE			
Sde-CBau_083-Ex1	SdC1308302HWGSU_WKDL260008953-1A_237VHMLT4_L4	/archive/carpenterlab/pire/raw_sequence_archive/spratelloides_delicatulus/20260629_Sde-lcwgs	wahab	lcwgs		SdC1308302HWGSU_WKDL260008953-1A_237VHMLT4_L4_1.fq.gz	SdC1308302HWGSU_WKDL260008953-1A_237VHMLT4_L4_2.fq.gz	FALSE			
Sde-CBau_083-Ex1	SdC1308302HWGSU_WKDL260008953-1A_237VHMLT4_L5	/archive/carpenterlab/pire/raw_sequence_archive/spratelloides_delicatulus/20260629_Sde-lcwgs	wahab	lcwgs		SdC1308302HWGSU_WKDL260008953-1A_237VHMLT4_L5_1.fq.gz	SdC1308302HWGSU_WKDL260008953-1A_237VHMLT4_L5_2.fq.gz	FALSE			
Sde-CPla_084-Ex1	SdC1308410BWGSU_WKDL260008953-1A_237VHMLT4_L4	/archive/carpenterlab/pire/raw_sequence_archive/spratelloides_delicatulus/20260629_Sde-lcwgs	wahab	lcwgs		SdC1308410BWGSU_WKDL260008953-1A_237VHMLT4_L4_1.fq.gz	SdC1308410BWGSU_WKDL260008953-1A_237VHMLT4_L4_2.fq.gz	FALSE			
Sde-CPla_084-Ex1	SdC1308410BWGSU_WKDL260008953-1A_237VHMLT4_L5	/archive/carpenterlab/pire/raw_sequence_archive/spratelloides_delicatulus/20260629_Sde-lcwgs	wahab	lcwgs		SdC1308410BWGSU_WKDL260008953-1A_237VHMLT4_L5_1.fq.gz	SdC1308410BWGSU_WKDL260008953-1A_237VHMLT4_L5_2.fq.gz	FALSE			
Sde-CLim_087-Ex1	SdC1308707DWGSU_WKDL260008953-1A_237VHMLT4_L4	/archive/carpenterlab/pire/raw_sequence_archive/spratelloides_delicatulus/20260629_Sde-lcwgs	wahab	lcwgs		SdC1308707DWGSU_WKDL260008953-1A_237VHMLT4_L4_1.fq.gz	SdC1308707DWGSU_WKDL260008953-1A_237VHMLT4_L4_2.fq.gz	FALSE			
Sde-CLim_087-Ex1	SdC1308707DWGSU_WKDL260008953-1A_237VHMLT4_L5	/archive/carpenterlab/pire/raw_sequence_archive/spratelloides_delicatulus/20260629_Sde-lcwgs	wahab	lcwgs		SdC1308707DWGSU_WKDL260008953-1A_237VHMLT4_L5_1.fq.gz	SdC1308707DWGSU_WKDL260008953-1A_237VHMLT4_L5_2.fq.gz	FALSE			
Sde-CPla_089-Ex1	SdC1308912FWGSU_WKDL260008953-1A_237VHMLT4_L4	/archive/carpenterlab/pire/raw_sequence_archive/spratelloides_delicatulus/20260629_Sde-lcwgs	wahab	lcwgs		SdC1308912FWGSU_WKDL260008953-1A_237VHMLT4_L4_1.fq.gz	SdC1308912FWGSU_WKDL260008953-1A_237VHMLT4_L4_2.fq.gz	FALSE			
Sde-CPla_089-Ex1	SdC1308912FWGSU_WKDL260008953-1A_237VHMLT4_L5	/archive/carpenterlab/pire/raw_sequence_archive/spratelloides_delicatulus/20260629_Sde-lcwgs	wahab	lcwgs		SdC1308912FWGSU_WKDL260008953-1A_237VHMLT4_L5_1.fq.gz	SdC1308912FWGSU_WKDL260008953-1A_237VHMLT4_L5_2.fq.gz	FALSE			
Sde-CBau_090-Ex1	SdC1309012EWGSU_WKDL260008953-1A_237VHMLT4_L4	/archive/carpenterlab/pire/raw_sequence_archive/spratelloides_delicatulus/20260629_Sde-lcwgs	wahab	lcwgs		SdC1309012EWGSU_WKDL260008953-1A_237VHMLT4_L4_1.fq.gz	SdC1309012EWGSU_WKDL260008953-1A_237VHMLT4_L4_2.fq.gz	FALSE			
Sde-CBau_090-Ex1	SdC1309012EWGSU_WKDL260008953-1A_237VHMLT4_L5	/archive/carpenterlab/pire/raw_sequence_archive/spratelloides_delicatulus/20260629_Sde-lcwgs	wahab	lcwgs		SdC1309012EWGSU_WKDL260008953-1A_237VHMLT4_L5_1.fq.gz	SdC1309012EWGSU_WKDL260008953-1A_237VHMLT4_L5_2.fq.gz	FALSE			
Sde-CPla_092-Ex1	SdC1309204DWGSU_WKDL260008953-1A_237VHMLT4_L4	/archive/carpenterlab/pire/raw_sequence_archive/spratelloides_delicatulus/20260629_Sde-lcwgs	wahab	lcwgs		SdC1309204DWGSU_WKDL260008953-1A_237VHMLT4_L4_1.fq.gz	SdC1309204DWGSU_WKDL260008953-1A_237VHMLT4_L4_2.fq.gz	FALSE			
Sde-CPla_092-Ex1	SdC1309204DWGSU_WKDL260008953-1A_237VHMLT4_L5	/archive/carpenterlab/pire/raw_sequence_archive/spratelloides_delicatulus/20260629_Sde-lcwgs	wahab	lcwgs		SdC1309204DWGSU_WKDL260008953-1A_237VHMLT4_L5_1.fq.gz	SdC1309204DWGSU_WKDL260008953-1A_237VHMLT4_L5_2.fq.gz	FALSE			
Sde-CLim_093-Ex1	SdC1309305FWGSU_WKDL260008953-1A_237VHMLT4_L4	/archive/carpenterlab/pire/raw_sequence_archive/spratelloides_delicatulus/20260629_Sde-lcwgs	wahab	lcwgs		SdC1309305FWGSU_WKDL260008953-1A_237VHMLT4_L4_1.fq.gz	SdC1309305FWGSU_WKDL260008953-1A_237VHMLT4_L4_2.fq.gz	FALSE			
Sde-CLim_093-Ex1	SdC1309305FWGSU_WKDL260008953-1A_237VHMLT4_L5	/archive/carpenterlab/pire/raw_sequence_archive/spratelloides_delicatulus/20260629_Sde-lcwgs	wahab	lcwgs		SdC1309305FWGSU_WKDL260008953-1A_237VHMLT4_L5_1.fq.gz	SdC1309305FWGSU_WKDL260008953-1A_237VHMLT4_L5_2.fq.gz	FALSE			
Sde-CLim_094-Ex1	SdC1309403CWGSU_WKDL260008953-1A_237VHMLT4_L4	/archive/carpenterlab/pire/raw_sequence_archive/spratelloides_delicatulus/20260629_Sde-lcwgs	wahab	lcwgs		SdC1309403CWGSU_WKDL260008953-1A_237VHMLT4_L4_1.fq.gz	SdC1309403CWGSU_WKDL260008953-1A_237VHMLT4_L4_2.fq.gz	FALSE			
Sde-CLim_094-Ex1	SdC1309403CWGSU_WKDL260008953-1A_237VHMLT4_L5	/archive/carpenterlab/pire/raw_sequence_archive/spratelloides_delicatulus/20260629_Sde-lcwgs	wahab	lcwgs		SdC1309403CWGSU_WKDL260008953-1A_237VHMLT4_L5_1.fq.gz	SdC1309403CWGSU_WKDL260008953-1A_237VHMLT4_L5_2.fq.gz	FALSE			
Sde-CBau_094-Ex1	SdC1309411GWGSU_WKDL260008953-1A_237VHMLT4_L4	/archive/carpenterlab/pire/raw_sequence_archive/spratelloides_delicatulus/20260629_Sde-lcwgs	wahab	lcwgs		SdC1309411GWGSU_WKDL260008953-1A_237VHMLT4_L4_1.fq.gz	SdC1309411GWGSU_WKDL260008953-1A_237VHMLT4_L4_2.fq.gz	FALSE			
Sde-CBau_094-Ex1	SdC1309411GWGSU_WKDL260008953-1A_237VHMLT4_L5	/archive/carpenterlab/pire/raw_sequence_archive/spratelloides_delicatulus/20260629_Sde-lcwgs	wahab	lcwgs		SdC1309411GWGSU_WKDL260008953-1A_237VHMLT4_L5_1.fq.gz	SdC1309411GWGSU_WKDL260008953-1A_237VHMLT4_L5_2.fq.gz	FALSE			
Sde-CBau_096-Ex1	SdC1309603BWGSU_WKDL260008953-1A_237VHMLT4_L4	/archive/carpenterlab/pire/raw_sequence_archive/spratelloides_delicatulus/20260629_Sde-lcwgs	wahab	lcwgs		SdC1309603BWGSU_WKDL260008953-1A_237VHMLT4_L4_1.fq.gz	SdC1309603BWGSU_WKDL260008953-1A_237VHMLT4_L4_2.fq.gz	FALSE			
Sde-CBau_096-Ex1	SdC1309603BWGSU_WKDL260008953-1A_237VHMLT4_L5	/archive/carpenterlab/pire/raw_sequence_archive/spratelloides_delicatulus/20260629_Sde-lcwgs	wahab	lcwgs		SdC1309603BWGSU_WKDL260008953-1A_237VHMLT4_L5_1.fq.gz	SdC1309603BWGSU_WKDL260008953-1A_237VHMLT4_L5_2.fq.gz	FALSE			
Sde-CPla_097-Ex1	SdC1309704CWGSU_WKDL260008953-1A_237VHMLT4_L4	/archive/carpenterlab/pire/raw_sequence_archive/spratelloides_delicatulus/20260629_Sde-lcwgs	wahab	lcwgs		SdC1309704CWGSU_WKDL260008953-1A_237VHMLT4_L4_1.fq.gz	SdC1309704CWGSU_WKDL260008953-1A_237VHMLT4_L4_2.fq.gz	FALSE			
Sde-CPla_097-Ex1	SdC1309704CWGSU_WKDL260008953-1A_237VHMLT4_L5	/archive/carpenterlab/pire/raw_sequence_archive/spratelloides_delicatulus/20260629_Sde-lcwgs	wahab	lcwgs		SdC1309704CWGSU_WKDL260008953-1A_237VHMLT4_L5_1.fq.gz	SdC1309704CWGSU_WKDL260008953-1A_237VHMLT4_L5_2.fq.gz	FALSE			
Sde-CLim_098-Ex1	SdC1309806AWGSU_WKDL260008953-1A_237VHMLT4_L4	/archive/carpenterlab/pire/raw_sequence_archive/spratelloides_delicatulus/20260629_Sde-lcwgs	wahab	lcwgs		SdC1309806AWGSU_WKDL260008953-1A_237VHMLT4_L4_1.fq.gz	SdC1309806AWGSU_WKDL260008953-1A_237VHMLT4_L4_2.fq.gz	FALSE			
Sde-CLim_098-Ex1	SdC1309806AWGSU_WKDL260008953-1A_237VHMLT4_L5	/archive/carpenterlab/pire/raw_sequence_archive/spratelloides_delicatulus/20260629_Sde-lcwgs	wahab	lcwgs		SdC1309806AWGSU_WKDL260008953-1A_237VHMLT4_L5_1.fq.gz	SdC1309806AWGSU_WKDL260008953-1A_237VHMLT4_L5_2.fq.gz	FALSE			
Sde-CBau_098-Ex1	SdC1309809FWGSU_WKDL260008953-1A_237VHMLT4_L4	/archive/carpenterlab/pire/raw_sequence_archive/spratelloides_delicatulus/20260629_Sde-lcwgs	wahab	lcwgs		SdC1309809FWGSU_WKDL260008953-1A_237VHMLT4_L4_1.fq.gz	SdC1309809FWGSU_WKDL260008953-1A_237VHMLT4_L4_2.fq.gz	FALSE			
Sde-CBau_098-Ex1	SdC1309809FWGSU_WKDL260008953-1A_237VHMLT4_L5	/archive/carpenterlab/pire/raw_sequence_archive/spratelloides_delicatulus/20260629_Sde-lcwgs	wahab	lcwgs		SdC1309809FWGSU_WKDL260008953-1A_237VHMLT4_L5_1.fq.gz	SdC1309809FWGSU_WKDL260008953-1A_237VHMLT4_L5_2.fq.gz	FALSE			
Sde-CLim_099-Ex1	SdC1309911DWGSU_WKDL260008953-1A_237VHMLT4_L4	/archive/carpenterlab/pire/raw_sequence_archive/spratelloides_delicatulus/20260629_Sde-lcwgs	wahab	lcwgs		SdC1309911DWGSU_WKDL260008953-1A_237VHMLT4_L4_1.fq.gz	SdC1309911DWGSU_WKDL260008953-1A_237VHMLT4_L4_2.fq.gz	FALSE			
Sde-CLim_099-Ex1	SdC1309911DWGSU_WKDL260008953-1A_237VHMLT4_L5	/archive/carpenterlab/pire/raw_sequence_archive/spratelloides_delicatulus/20260629_Sde-lcwgs	wahab	lcwgs		SdC1309911DWGSU_WKDL260008953-1A_237VHMLT4_L5_1.fq.gz	SdC1309911DWGSU_WKDL260008953-1A_237VHMLT4_L5_2.fq.gz	FALSE			
Sde-CLim_100-Ex1	SdC1310010CWGSU_WKDL260008953-1A_237VHMLT4_L4	/archive/carpenterlab/pire/raw_sequence_archive/spratelloides_delicatulus/20260629_Sde-lcwgs	wahab	lcwgs		SdC1310010CWGSU_WKDL260008953-1A_237VHMLT4_L4_1.fq.gz	SdC1310010CWGSU_WKDL260008953-1A_237VHMLT4_L4_2.fq.gz	FALSE			
Sde-CLim_100-Ex1	SdC1310010CWGSU_WKDL260008953-1A_237VHMLT4_L5	/archive/carpenterlab/pire/raw_sequence_archive/spratelloides_delicatulus/20260629_Sde-lcwgs	wahab	lcwgs		SdC1310010CWGSU_WKDL260008953-1A_237VHMLT4_L5_1.fq.gz	SdC1310010CWGSU_WKDL260008953-1A_237VHMLT4_L5_2.fq.gz	FALSE			
Sde-CPla_101-Ex1	SdC1310104EWGSU_WKDL260008953-1A_237VHMLT4_L4	/archive/carpenterlab/pire/raw_sequence_archive/spratelloides_delicatulus/20260629_Sde-lcwgs	wahab	lcwgs		SdC1310104EWGSU_WKDL260008953-1A_237VHMLT4_L4_1.fq.gz	SdC1310104EWGSU_WKDL260008953-1A_237VHMLT4_L4_2.fq.gz	FALSE			
Sde-CPla_101-Ex1	SdC1310104EWGSU_WKDL260008953-1A_237VHMLT4_L5	/archive/carpenterlab/pire/raw_sequence_archive/spratelloides_delicatulus/20260629_Sde-lcwgs	wahab	lcwgs		SdC1310104EWGSU_WKDL260008953-1A_237VHMLT4_L5_1.fq.gz	SdC1310104EWGSU_WKDL260008953-1A_237VHMLT4_L5_2.fq.gz	FALSE			
Sde-CPla_104-Ex1	SdC1310405DWGSU_WKDL260008953-1A_237VHMLT4_L4	/archive/carpenterlab/pire/raw_sequence_archive/spratelloides_delicatulus/20260629_Sde-lcwgs	wahab	lcwgs		SdC1310405DWGSU_WKDL260008953-1A_237VHMLT4_L4_1.fq.gz	SdC1310405DWGSU_WKDL260008953-1A_237VHMLT4_L4_2.fq.gz	FALSE			
Sde-CPla_104-Ex1	SdC1310405DWGSU_WKDL260008953-1A_237VHMLT4_L5	/archive/carpenterlab/pire/raw_sequence_archive/spratelloides_delicatulus/20260629_Sde-lcwgs	wahab	lcwgs		SdC1310405DWGSU_WKDL260008953-1A_237VHMLT4_L5_1.fq.gz	SdC1310405DWGSU_WKDL260008953-1A_237VHMLT4_L5_2.fq.gz	FALSE			
Sde-CLim_105-Ex1	SdC1310508DWGSU_WKDL260008953-1A_237VHMLT4_L4	/archive/carpenterlab/pire/raw_sequence_archive/spratelloides_delicatulus/20260629_Sde-lcwgs	wahab	lcwgs		SdC1310508DWGSU_WKDL260008953-1A_237VHMLT4_L4_1.fq.gz	SdC1310508DWGSU_WKDL260008953-1A_237VHMLT4_L4_2.fq.gz	FALSE			
Sde-CLim_105-Ex1	SdC1310508DWGSU_WKDL260008953-1A_237VHMLT4_L5	/archive/carpenterlab/pire/raw_sequence_archive/spratelloides_delicatulus/20260629_Sde-lcwgs	wahab	lcwgs		SdC1310508DWGSU_WKDL260008953-1A_237VHMLT4_L5_1.fq.gz	SdC1310508DWGSU_WKDL260008953-1A_237VHMLT4_L5_2.fq.gz	FALSE			
Sde-CLim_107-Ex1	SdC1310709CWGSU_WKDL260008953-1A_237VHMLT4_L4	/archive/carpenterlab/pire/raw_sequence_archive/spratelloides_delicatulus/20260629_Sde-lcwgs	wahab	lcwgs		SdC1310709CWGSU_WKDL260008953-1A_237VHMLT4_L4_1.fq.gz	SdC1310709CWGSU_WKDL260008953-1A_237VHMLT4_L4_2.fq.gz	FALSE			
Sde-CLim_107-Ex1	SdC1310709CWGSU_WKDL260008953-1A_237VHMLT4_L5	/archive/carpenterlab/pire/raw_sequence_archive/spratelloides_delicatulus/20260629_Sde-lcwgs	wahab	lcwgs		SdC1310709CWGSU_WKDL260008953-1A_237VHMLT4_L5_1.fq.gz	SdC1310709CWGSU_WKDL260008953-1A_237VHMLT4_L5_2.fq.gz	FALSE			
Sde-CPla_108-Ex1	SdC1310804HWGSU_WKDL260008953-1A_237VHMLT4_L4	/archive/carpenterlab/pire/raw_sequence_archive/spratelloides_delicatulus/20260629_Sde-lcwgs	wahab	lcwgs		SdC1310804HWGSU_WKDL260008953-1A_237VHMLT4_L4_1.fq.gz	SdC1310804HWGSU_WKDL260008953-1A_237VHMLT4_L4_2.fq.gz	FALSE			
Sde-CPla_108-Ex1	SdC1310804HWGSU_WKDL260008953-1A_237VHMLT4_L5	/archive/carpenterlab/pire/raw_sequence_archive/spratelloides_delicatulus/20260629_Sde-lcwgs	wahab	lcwgs		SdC1310804HWGSU_WKDL260008953-1A_237VHMLT4_L5_1.fq.gz	SdC1310804HWGSU_WKDL260008953-1A_237VHMLT4_L5_2.fq.gz	FALSE			
Sde-CPla_112-Ex1	SdC1311207BWGSU_WKDL260008953-1A_237VHMLT4_L4	/archive/carpenterlab/pire/raw_sequence_archive/spratelloides_delicatulus/20260629_Sde-lcwgs	wahab	lcwgs		SdC1311207BWGSU_WKDL260008953-1A_237VHMLT4_L4_1.fq.gz	SdC1311207BWGSU_WKDL260008953-1A_237VHMLT4_L4_2.fq.gz	FALSE			
Sde-CPla_112-Ex1	SdC1311207BWGSU_WKDL260008953-1A_237VHMLT4_L5	/archive/carpenterlab/pire/raw_sequence_archive/spratelloides_delicatulus/20260629_Sde-lcwgs	wahab	lcwgs		SdC1311207BWGSU_WKDL260008953-1A_237VHMLT4_L5_1.fq.gz	SdC1311207BWGSU_WKDL260008953-1A_237VHMLT4_L5_2.fq.gz	FALSE			
Sde-CBau_003-Ex1	SdCTu00302EWGSU_WKDL260008953-1A_237VHMLT4_L4	/archive/carpenterlab/pire/raw_sequence_archive/spratelloides_delicatulus/20260629_Sde-lcwgs	wahab	lcwgs		SdCTu00302EWGSU_WKDL260008953-1A_237VHMLT4_L4_1.fq.gz	SdCTu00302EWGSU_WKDL260008953-1A_237VHMLT4_L4_2.fq.gz	FALSE			
Sde-CBau_003-Ex1	SdCTu00302EWGSU_WKDL260008953-1A_237VHMLT4_L5	/archive/carpenterlab/pire/raw_sequence_archive/spratelloides_delicatulus/20260629_Sde-lcwgs	wahab	lcwgs		SdCTu00302EWGSU_WKDL260008953-1A_237VHMLT4_L5_1.fq.gz	SdCTu00302EWGSU_WKDL260008953-1A_237VHMLT4_L5_2.fq.gz	FALSE			
Sde-CBau_060-Ex1	SdCTu06004BWGSU_WKDL260008953-1A_237VHMLT4_L4	/archive/carpenterlab/pire/raw_sequence_archive/spratelloides_delicatulus/20260629_Sde-lcwgs	wahab	lcwgs		SdCTu06004BWGSU_WKDL260008953-1A_237VHMLT4_L4_1.fq.gz	SdCTu06004BWGSU_WKDL260008953-1A_237VHMLT4_L4_2.fq.gz	FALSE			
Sde-CBau_060-Ex1	SdCTu06004BWGSU_WKDL260008953-1A_237VHMLT4_L5	/archive/carpenterlab/pire/raw_sequence_archive/spratelloides_delicatulus/20260629_Sde-lcwgs	wahab	lcwgs		SdCTu06004BWGSU_WKDL260008953-1A_237VHMLT4_L5_1.fq.gz	SdCTu06004BWGSU_WKDL260008953-1A_237VHMLT4_L5_2.fq.gz	FALSE			
