individual_id	tissue_id	tissue_type	notes
Abu-ADup_001	Abu-ADup_001-mus	muscle	
Abu-ADup_002	Abu-ADup_002-mus	muscle	
Abu-ADup_003	Abu-ADup_003-mus	muscle	
Abu-ADup_004	Abu-ADup_004-mus	muscle	
Abu-ADup_005	Abu-ADup_005-mus	muscle	
Abu-ADup_006	Abu-ADup_006-mus	muscle	
Abu-ADup_007	Abu-ADup_007-mus	muscle	
Abu-ADup_008	Abu-ADup_008-mus	muscle	
Abu-ADup_009	Abu-ADup_009-mus	muscle	
Abu-ADup_010	Abu-ADup_010-mus	muscle	
Abu-ADup_011	Abu-ADup_011-mus	muscle	
Abu-ADup_012	Abu-ADup_012-mus	muscle	
Abu-ADup_013	Abu-ADup_013-mus	muscle	
Abu-ADup_014	Abu-ADup_014-mus	muscle	
Abu-ADup_015	Abu-ADup_015-mus	muscle	
Abu-ADup_016	Abu-ADup_016-mus	muscle	
Abu-ADup_017	Abu-ADup_017-mus	muscle	
Abu-ADup_018	Abu-ADup_018-mus	muscle	
Abu-ADup_019	Abu-ADup_019-mus	muscle	
Abu-ADup_020	Abu-ADup_020-mus	muscle	
Abu-ADup_021	Abu-ADup_021-mus	muscle	
Abu-ADup_022	Abu-ADup_022-mus	muscle	
Abu-ADup_023	Abu-ADup_023-mus	muscle	
Abu-ADup_024	Abu-ADup_024-mus	muscle	
Abu-ADup_025	Abu-ADup_025-mus	muscle	
Abu-ADup_026	Abu-ADup_026-mus	muscle	
Abu-ADup_027	Abu-ADup_027-mus	muscle	
Abu-ADup_028	Abu-ADup_028-mus	muscle	
Abu-ADup_029	Abu-ADup_029-mus	muscle	
Abu-ADup_030	Abu-ADup_030-mus	muscle	
Abu-ADup_031	Abu-ADup_031-mus	muscle	
Abu-ADup_032	Abu-ADup_032-mus	muscle	
Abu-ADup_033	Abu-ADup_033-mus	muscle	
Abu-ADup_034	Abu-ADup_034-mus	muscle	
Abu-ADup_035	Abu-ADup_035-mus	muscle	
Abu-ADup_036	Abu-ADup_036-mus	muscle	
Abu-ADup_037	Abu-ADup_037-mus	muscle	
Abu-ADup_038	Abu-ADup_038-mus	muscle	
Abu-ADup_039	Abu-ADup_039-mus	muscle	
Abu-ADup_040	Abu-ADup_040-mus	muscle	
Abu-ADup_041	Abu-ADup_041-mus	muscle	
Abu-ADup_042	Abu-ADup_042-mus	muscle	
Abu-APnd_001	Abu-APnd_001-mus	muscle	
Abu-APnd_002	Abu-APnd_002-mus	muscle	
Abu-APnd_003	Abu-APnd_003-mus	muscle	
Abu-APnd_004	Abu-APnd_004-mus	muscle	
Abu-APnd_005	Abu-APnd_005-mus	muscle	
Abu-APnd_006	Abu-APnd_006-mus	muscle	
Abu-APnd_007	Abu-APnd_007-mus	muscle	
Abu-APnd_008	Abu-APnd_008-mus	muscle	
Abu-APnd_009	Abu-APnd_009-mus	muscle	
Abu-APnd_010	Abu-APnd_010-mus	muscle	
Abu-APnd_011	Abu-APnd_011-mus	muscle	
Abu-APnd_012	Abu-APnd_012-mus	muscle	
Abu-APnd_013	Abu-APnd_013-mus	muscle	
Abu-APnd_014	Abu-APnd_014-mus	muscle	
Abu-APnd_015	Abu-APnd_015-mus	muscle	
Abu-APnd_016	Abu-APnd_016-mus	muscle	
Abu-APnd_017	Abu-APnd_017-mus	muscle	
Abu-APnd_018	Abu-APnd_018-mus	muscle	
Abu-APnd_019	Abu-APnd_019-mus	muscle	
Abu-APnd_020	Abu-APnd_020-mus	muscle	
Abu-APnd_021	Abu-APnd_021-mus	muscle	
Abu-APnd_022	Abu-APnd_022-mus	muscle	
Abu-APnd_023	Abu-APnd_023-mus	muscle	
Abu-APnd_024	Abu-APnd_024-mus	muscle	
Abu-APnd_025	Abu-APnd_025-mus	muscle	
Abu-APnd_026	Abu-APnd_026-mus	muscle	
Abu-APnd_027	Abu-APnd_027-mus	muscle	
Abu-APnd_028	Abu-APnd_028-mus	muscle	
Abu-APnd_029	Abu-APnd_029-mus	muscle	
Abu-APnd_030	Abu-APnd_030-mus	muscle	
Abu-APnd_031	Abu-APnd_031-mus	muscle	
Abu-APnd_032	Abu-APnd_032-mus	muscle	
Abu-APnd_033	Abu-APnd_033-mus	muscle	
Abu-APnd_034	Abu-APnd_034-mus	muscle	
Abu-APnd_035	Abu-APnd_035-mus	muscle	
Abu-APnd_036	Abu-APnd_036-mus	muscle	
Abu-APnd_037	Abu-APnd_037-mus	muscle	
Abu-APnd_038	Abu-APnd_038-mus	muscle	
Abu-APnd_039	Abu-APnd_039-mus	muscle	
Abu-APnd_040	Abu-APnd_040-mus	muscle	
Abu-APnd_041	Abu-APnd_041-mus	muscle	
Abu-APnd_042	Abu-APnd_042-mus	muscle	
Abu-APnd_043	Abu-APnd_043-mus	muscle	
Abu-APnd_044	Abu-APnd_044-mus	muscle	
Abu-APnd_045	Abu-APnd_045-mus	muscle	
Abu-APnd_046	Abu-APnd_046-mus	muscle	
Abu-APnd_047	Abu-APnd_047-mus	muscle	
Abu-APnd_048	Abu-APnd_048-mus	muscle	
Abu-APnd_049	Abu-APnd_049-mus	muscle	
Abu-APnd_050	Abu-APnd_050-mus	muscle	
Abu-APnd_051	Abu-APnd_051-mus	muscle	
Abu-APnd_052	Abu-APnd_052-mus	muscle	
Abu-APnd_053	Abu-APnd_053-mus	muscle	
Abu-APnd_054	Abu-APnd_054-mus	muscle	
Abu-APnd_055	Abu-APnd_055-mus	muscle	
Abu-ARag_001	Abu-ARag_001-mus	muscle	
Abu-ARag_002	Abu-ARag_002-mus	muscle	
Abu-ARag_003	Abu-ARag_003-mus	muscle	
Abu-ARag_004	Abu-ARag_004-mus	muscle	
Abu-ARag_005	Abu-ARag_005-mus	muscle	
Abu-ARag_006	Abu-ARag_006-mus	muscle	
Abu-ARag_007	Abu-ARag_007-mus	muscle	
Abu-ARag_008	Abu-ARag_008-mus	muscle	
Abu-ARag_009	Abu-ARag_009-mus	muscle	
Abu-ARag_010	Abu-ARag_010-mus	muscle	
Abu-ARag_011	Abu-ARag_011-mus	muscle	
Abu-ARag_012	Abu-ARag_012-mus	muscle	
Abu-ARag_013	Abu-ARag_013-mus	muscle	
Abu-ARag_014	Abu-ARag_014-mus	muscle	
Abu-ARag_015	Abu-ARag_015-mus	muscle	
Abu-ARag_016	Abu-ARag_016-mus	muscle	
Abu-ARag_017	Abu-ARag_017-mus	muscle	
Abu-ARag_018	Abu-ARag_018-mus	muscle	
Abu-ARag_019	Abu-ARag_019-mus	muscle	
Abu-ARag_020	Abu-ARag_020-mus	muscle	
Abu-ARag_021	Abu-ARag_021-mus	muscle	
Abu-ARag_022	Abu-ARag_022-mus	muscle	
Abu-ARag_023	Abu-ARag_023-mus	muscle	
Abu-ARag_024	Abu-ARag_024-mus	muscle	
Abu-ARag_025	Abu-ARag_025-mus	muscle	
Abu-ARag_026	Abu-ARag_026-mus	muscle	
Abu-ARag_027	Abu-ARag_027-mus	muscle	
Abu-ARag_028	Abu-ARag_028-mus	muscle	
Abu-ARag_029	Abu-ARag_029-mus	muscle	
Abu-ARag_030	Abu-ARag_030-mus	muscle	
Abu-ARag_031	Abu-ARag_031-mus	muscle	
Abu-ARag_032	Abu-ARag_032-mus	muscle	
Abu-ARag_033	Abu-ARag_033-mus	muscle	
Abu-ARag_034	Abu-ARag_034-mus	muscle	
Abu-ARag_035	Abu-ARag_035-mus	muscle	
Abu-ARag_036	Abu-ARag_036-mus	muscle	
Abu-ARag_037	Abu-ARag_037-mus	muscle	
Abu-CPas_001	Abu-CPas_001-mus	muscle	
Abu-CPas_002	Abu-CPas_002-mus	muscle	
Abu-CPas_003	Abu-CPas_003-mus	muscle	
Abu-CPas_004	Abu-CPas_004-mus	muscle	
Abu-CPas_005	Abu-CPas_005-mus	muscle	
Abu-CPas_006	Abu-CPas_006-mus	muscle	
Abu-CPas_007	Abu-CPas_007-mus	muscle	
Abu-CPas_008	Abu-CPas_008-mus	muscle	
Abu-CPas_009	Abu-CPas_009-mus	muscle	
Abu-CPas_010	Abu-CPas_010-mus	muscle	
Abu-CPas_011	Abu-CPas_011-mus	muscle	
Abu-CPas_012	Abu-CPas_012-mus	muscle	
Abu-CPas_013	Abu-CPas_013-mus	muscle	
Abu-CPas_014	Abu-CPas_014-mus	muscle	
Abu-CPas_015	Abu-CPas_015-mus	muscle	
Abu-CPas_016	Abu-CPas_016-mus	muscle	
Abu-CPas_017	Abu-CPas_017-mus	muscle	
Abu-CPas_018	Abu-CPas_018-mus	muscle	
Abu-CPas_019	Abu-CPas_019-mus	muscle	
Abu-CPas_020	Abu-CPas_020-mus	muscle	
Abu-CPas_021	Abu-CPas_021-mus	muscle	
Abu-CPas_022	Abu-CPas_022-mus	muscle	
Abu-CPas_023	Abu-CPas_023-mus	muscle	
Abu-CPas_024	Abu-CPas_024-mus	muscle	
Abu-CPas_025	Abu-CPas_025-mus	muscle	
Abu-CPas_026	Abu-CPas_026-mus	muscle	
Abu-CPas_027	Abu-CPas_027-mus	muscle	
Abu-CPas_028	Abu-CPas_028-mus	muscle	
Abu-CPas_029	Abu-CPas_029-mus	muscle	
Abu-CPas_030	Abu-CPas_030-mus	muscle	
Abu-CPas_031	Abu-CPas_031-mus	muscle	
Abu-CPas_032	Abu-CPas_032-mus	muscle	
Abu-CPas_033	Abu-CPas_033-mus	muscle	
Abu-CPas_034	Abu-CPas_034-mus	muscle	
Abu-CPas_035	Abu-CPas_035-mus	muscle	
Abu-CPas_036	Abu-CPas_036-mus	muscle	
Abu-CPas_037	Abu-CPas_037-mus	muscle	
Abu-CPas_038	Abu-CPas_038-mus	muscle	
Abu-CPas_039	Abu-CPas_039-mus	muscle	
Abu-CPas_040	Abu-CPas_040-mus	muscle	
Abu-CPas_041	Abu-CPas_041-mus	muscle	
Abu-CPas_042	Abu-CPas_042-mus	muscle	
Abu-CPas_043	Abu-CPas_043-mus	muscle	
Abu-CPas_044	Abu-CPas_044-mus	muscle	
Abu-CPas_045	Abu-CPas_045-mus	muscle	
Abu-CPas_046	Abu-CPas_046-mus	muscle	
Abu-CPas_047	Abu-CPas_047-mus	muscle	
Abu-CPas_048	Abu-CPas_048-mus	muscle	
Abu-CPas_049	Abu-CPas_049-mus	muscle	
Abu-CPas_050	Abu-CPas_050-mus	muscle	
Abu-CPas_051	Abu-CPas_051-mus	muscle	
Abu-CPas_052	Abu-CPas_052-mus	muscle	
Abu-CPas_053	Abu-CPas_053-mus	muscle	
Abu-CPas_054	Abu-CPas_054-mus	muscle	
Abu-CPas_055	Abu-CPas_055-mus	muscle	
Abu-CPas_056	Abu-CPas_056-mus	muscle	
Abu-CPas_057	Abu-CPas_057-mus	muscle	
Abu-CPas_058	Abu-CPas_058-mus	muscle	
Abu-CPas_059	Abu-CPas_059-mus	muscle	
Abu-CPas_060	Abu-CPas_060-mus	muscle	
Abu-CPas_061	Abu-CPas_061-mus	muscle	
Abu-CPas_062	Abu-CPas_062-mus	muscle	
Abu-CPas_063	Abu-CPas_063-mus	muscle	
Abu-CPas_064	Abu-CPas_064-mus	muscle	
Abu-CPas_065	Abu-CPas_065-mus	muscle	
Abu-CPas_066	Abu-CPas_066-mus	muscle	
Abu-CPas_067	Abu-CPas_067-mus	muscle	
Abu-CPas_068	Abu-CPas_068-mus	muscle	
Abu-CPas_069	Abu-CPas_069-mus	muscle	
Abu-CPas_070	Abu-CPas_070-mus	muscle	
Abu-CPas_071	Abu-CPas_071-mus	muscle	
Abu-CPas_072	Abu-CPas_072-mus	muscle	
Abu-CPas_073	Abu-CPas_073-mus	muscle	
Abu-CPas_074	Abu-CPas_074-mus	muscle	
Abu-CPas_075	Abu-CPas_075-mus	muscle	
Abu-CPas_076	Abu-CPas_076-mus	muscle	
Abu-CPas_077	Abu-CPas_077-mus	muscle	
Abu-CPas_078	Abu-CPas_078-mus	muscle	
Abu-CPas_079	Abu-CPas_079-mus	muscle	
Abu-CPas_080	Abu-CPas_080-mus	muscle	
Abu-CPas_081	Abu-CPas_081-mus	muscle	
Abu-CPas_082	Abu-CPas_082-mus	muscle	
Abu-CPas_083	Abu-CPas_083-mus	muscle	
Abu-CPas_084	Abu-CPas_084-mus	muscle	
Abu-CPas_085	Abu-CPas_085-mus	muscle	
Abu-CPas_086	Abu-CPas_086-mus	muscle	
Abu-CPas_087	Abu-CPas_087-mus	muscle	
Abu-CPas_088	Abu-CPas_088-mus	muscle	
Abu-CPas_089	Abu-CPas_089-mus	muscle	
Abu-CPas_090	Abu-CPas_090-mus	muscle	
Abu-CPas_091	Abu-CPas_091-mus	muscle	
Abu-CPas_092	Abu-CPas_092-mus	muscle	
Abu-CPas_093	Abu-CPas_093-mus	muscle	
Abu-CPas_094	Abu-CPas_094-mus	muscle	
Abu-CPas_095	Abu-CPas_095-mus	muscle	
Abu-CPas_096	Abu-CPas_096-mus	muscle	
Abu-CPnd_001	Abu-CPnd_001-mus	muscle	
Abu-CPnd_002	Abu-CPnd_002-mus	muscle	
Abu-CPnd_003	Abu-CPnd_003-mus	muscle	
Abu-CPnd_004	Abu-CPnd_004-mus	muscle	
Abu-CPnd_005	Abu-CPnd_005-mus	muscle	
Abu-CPnd_006	Abu-CPnd_006-mus	muscle	
Abu-CPnd_007	Abu-CPnd_007-mus	muscle	
Abu-CPnd_008	Abu-CPnd_008-mus	muscle	
Abu-CPnd_009	Abu-CPnd_009-mus	muscle	
Abu-CPnd_010	Abu-CPnd_010-mus	muscle	
Abu-CPnd_011	Abu-CPnd_011-mus	muscle	
Abu-CPnd_012	Abu-CPnd_012-mus	muscle	
Abu-CPnd_013	Abu-CPnd_013-mus	muscle	
Abu-CPnd_014	Abu-CPnd_014-mus	muscle	
Abu-CPnd_015	Abu-CPnd_015-mus	muscle	
Abu-CPnd_016	Abu-CPnd_016-mus	muscle	
Abu-CPnd_017	Abu-CPnd_017-mus	muscle	
Abu-CPnd_018	Abu-CPnd_018-mus	muscle	
Abu-CPnd_019	Abu-CPnd_019-mus	muscle	
Abu-CPnd_020	Abu-CPnd_020-mus	muscle	
Abu-CPnd_021	Abu-CPnd_021-mus	muscle	
Abu-CPnd_022	Abu-CPnd_022-mus	muscle	
Abu-CPnd_023	Abu-CPnd_023-mus	muscle	
Abu-CPnd_024	Abu-CPnd_024-mus	muscle	
Abu-CPnd_025	Abu-CPnd_025-mus	muscle	
Abu-CPnd_026	Abu-CPnd_026-mus	muscle	
Abu-CPnd_027	Abu-CPnd_027-mus	muscle	
Abu-CPnd_028	Abu-CPnd_028-mus	muscle	
Abu-CPnd_029	Abu-CPnd_029-mus	muscle	
Abu-CPnd_030	Abu-CPnd_030-mus	muscle	
Abu-CPnd_031	Abu-CPnd_031-mus	muscle	
Abu-CPnd_032	Abu-CPnd_032-mus	muscle	
Abu-CPnd_033	Abu-CPnd_033-mus	muscle	
Abu-CPnd_034	Abu-CPnd_034-mus	muscle	
Abu-CPnd_035	Abu-CPnd_035-mus	muscle	
Abu-CPnd_036	Abu-CPnd_036-mus	muscle	
Abu-CPnd_037	Abu-CPnd_037-mus	muscle	
Abu-CPnd_038	Abu-CPnd_038-mus	muscle	
Abu-CPnd_039	Abu-CPnd_039-mus	muscle	
Abu-CPnd_040	Abu-CPnd_040-mus	muscle	
Abu-CPnd_041	Abu-CPnd_041-mus	muscle	
Abu-CPnd_042	Abu-CPnd_042-mus	muscle	
Abu-CPnd_043	Abu-CPnd_043-mus	muscle	
Abu-CPnd_044	Abu-CPnd_044-mus	muscle	
Abu-CPnd_045	Abu-CPnd_045-mus	muscle	
Abu-CPnd_046	Abu-CPnd_046-mus	muscle	
Abu-CPnd_047	Abu-CPnd_047-mus	muscle	
Abu-CPnd_048	Abu-CPnd_048-mus	muscle	
Abu-CPnd_049	Abu-CPnd_049-mus	muscle	
Abu-CPnd_050	Abu-CPnd_050-mus	muscle	
Abu-CPnd_051	Abu-CPnd_051-mus	muscle	
Abu-CPnd_052	Abu-CPnd_052-mus	muscle	
Abu-CPnd_053	Abu-CPnd_053-mus	muscle	
Abu-CPnd_054	Abu-CPnd_054-mus	muscle	
Abu-CPnd_055	Abu-CPnd_055-mus	muscle	
Abu-CPnd_056	Abu-CPnd_056-mus	muscle	
Abu-CPnd_057	Abu-CPnd_057-mus	muscle	
Abu-CPnd_058	Abu-CPnd_058-mus	muscle	
Abu-CPnd_059	Abu-CPnd_059-mus	muscle	
Abu-CPnd_060	Abu-CPnd_060-mus	muscle	
Abu-CPnd_061	Abu-CPnd_061-mus	muscle	
Abu-CPnd_062	Abu-CPnd_062-mus	muscle	
Abu-CPnd_063	Abu-CPnd_063-mus	muscle	
Abu-CPnd_064	Abu-CPnd_064-mus	muscle	
Abu-CPnd_065	Abu-CPnd_065-mus	muscle	
Abu-CPnd_066	Abu-CPnd_066-mus	muscle	
Abu-CPnd_067	Abu-CPnd_067-mus	muscle	
Abu-CPnd_068	Abu-CPnd_068-mus	muscle	
Abu-CPnd_069	Abu-CPnd_069-mus	muscle	
Abu-CPnd_070	Abu-CPnd_070-mus	muscle	
Abu-CPnd_071	Abu-CPnd_071-mus	muscle	
Abu-CPnd_072	Abu-CPnd_072-mus	muscle	
Abu-CPnd_073	Abu-CPnd_073-mus	muscle	
Abu-CPnd_074	Abu-CPnd_074-mus	muscle	
Abu-CPnd_075	Abu-CPnd_075-mus	muscle	
Abu-CPnd_076	Abu-CPnd_076-mus	muscle	
Abu-CPnd_077	Abu-CPnd_077-mus	muscle	
Abu-CPnd_078	Abu-CPnd_078-mus	muscle	
Abu-CPnd_079	Abu-CPnd_079-mus	muscle	
Abu-CPnd_080	Abu-CPnd_080-mus	muscle	
Abu-CPnd_081	Abu-CPnd_081-mus	muscle	
Abu-CPnd_082	Abu-CPnd_082-mus	muscle	
Abu-CPnd_083	Abu-CPnd_083-mus	muscle	
Abu-CPnd_084	Abu-CPnd_084-mus	muscle	
Abu-CPnd_085	Abu-CPnd_085-mus	muscle	
Abu-CPnd_086	Abu-CPnd_086-mus	muscle	
Abu-CPnd_087	Abu-CPnd_087-mus	muscle	
Abu-CPnd_088	Abu-CPnd_088-mus	muscle	
Abu-CPnd_089	Abu-CPnd_089-mus	muscle	
Abu-CPnd_090	Abu-CPnd_090-mus	muscle	
Abu-CPnd_091	Abu-CPnd_091-mus	muscle	
Abu-CPnd_092	Abu-CPnd_092-mus	muscle	
Abu-CPnd_093	Abu-CPnd_093-mus	muscle	
Abu-CPnd_094	Abu-CPnd_094-mus	muscle	
Abu-CPnd_095	Abu-CPnd_095-mus	muscle	
Abu-CPnd_096	Abu-CPnd_096-mus	muscle	
Adu-ABat_001	Adu-ABat_001-mus	muscle	
Adu-ABat_002	Adu-ABat_002-mus	muscle	
Adu-ABat_003	Adu-ABat_003-mus	muscle	
Adu-ABat_004	Adu-ABat_004-mus	muscle	
Adu-ABat_005	Adu-ABat_005-mus	muscle	
Adu-ABat_006	Adu-ABat_006-mus	muscle	
Adu-ABat_007	Adu-ABat_007-mus	muscle	
Adu-ABat_008	Adu-ABat_008-mus	muscle	
Adu-ABat_009	Adu-ABat_009-mus	muscle	
Adu-ABat_010	Adu-ABat_010-mus	muscle	
Adu-ABat_011	Adu-ABat_011-mus	muscle	
Adu-ABat_012	Adu-ABat_012-mus	muscle	
Adu-ABat_013	Adu-ABat_013-mus	muscle	
Adu-ABat_014	Adu-ABat_014-mus	muscle	
Adu-ABat_015	Adu-ABat_015-mus	muscle	
Adu-ABat_016	Adu-ABat_016-mus	muscle	
Adu-ABat_017	Adu-ABat_017-mus	muscle	
Adu-ABat_018	Adu-ABat_018-mus	muscle	
Adu-ABat_019	Adu-ABat_019-mus	muscle	
Adu-ABat_020	Adu-ABat_020-mus	muscle	
Adu-ABat_021	Adu-ABat_021-mus	muscle	
Adu-ABat_022	Adu-ABat_022-mus	muscle	
Adu-ABat_023	Adu-ABat_023-mus	muscle	
Adu-ABat_024	Adu-ABat_024-mus	muscle	
Adu-ABus_005	Adu-ABus_005-mus	muscle	
Adu-ABus_006	Adu-ABus_006-mus	muscle	
Adu-ABus_007	Adu-ABus_007-mus	muscle	
Adu-ABus_008	Adu-ABus_008-mus	muscle	
Adu-ABus_009	Adu-ABus_009-mus	muscle	
Adu-ABus_010	Adu-ABus_010-mus	muscle	
Adu-ABus_011	Adu-ABus_011-mus	muscle	
Adu-ABus_012	Adu-ABus_012-mus	muscle	
Adu-ABus_013	Adu-ABus_013-mus	muscle	
Adu-ABus_014	Adu-ABus_014-mus	muscle	
Adu-ABus_015	Adu-ABus_015-mus	muscle	
Adu-ABus_016	Adu-ABus_016-mus	muscle	
Adu-ABus_017	Adu-ABus_017-mus	muscle	
Adu-ABus_018	Adu-ABus_018-mus	muscle	
Adu-ABus_019	Adu-ABus_019-mus	muscle	
Adu-ABus_020	Adu-ABus_020-mus	muscle	
Adu-ABus_021	Adu-ABus_021-mus	muscle	
Adu-ABus_022	Adu-ABus_022-mus	muscle	
Adu-ABus_023	Adu-ABus_023-mus	muscle	
Adu-ABus_024	Adu-ABus_024-mus	muscle	
Adu-ABus_025	Adu-ABus_025-mus	muscle	
Adu-ABus_026	Adu-ABus_026-mus	muscle	
Adu-ABus_027	Adu-ABus_027-mus	muscle	
Adu-ABus_028	Adu-ABus_028-mus	muscle	
Adu-AGal_005	Adu-AGal_005-mus	muscle	
Adu-AGal_006	Adu-AGal_006-mus	muscle	
Adu-AGal_007	Adu-AGal_007-mus	muscle	
Adu-AGal_008	Adu-AGal_008-mus	muscle	
Adu-AGal_009	Adu-AGal_009-mus	muscle	
Adu-AGal_010	Adu-AGal_010-mus	muscle	
Adu-AGal_011	Adu-AGal_011-mus	muscle	
Adu-AGal_012	Adu-AGal_012-mus	muscle	
Adu-AGal_013	Adu-AGal_013-mus	muscle	
Adu-AGal_014	Adu-AGal_014-mus	muscle	
Adu-AGal_015	Adu-AGal_015-mus	muscle	
Adu-AGal_016	Adu-AGal_016-mus	muscle	
Adu-AGal_017	Adu-AGal_017-mus	muscle	
Adu-AGal_018	Adu-AGal_018-mus	muscle	
Adu-AGal_019	Adu-AGal_019-mus	muscle	
Adu-AGal_020	Adu-AGal_020-mus	muscle	
Adu-AGal_021	Adu-AGal_021-mus	muscle	
Adu-AGal_022	Adu-AGal_022-mus	muscle	
Adu-AGal_023	Adu-AGal_023-mus	muscle	
Adu-AGal_024	Adu-AGal_024-mus	muscle	
Adu-AGal_025	Adu-AGal_025-mus	muscle	
Adu-AGal_026	Adu-AGal_026-mus	muscle	
Adu-AGal_027	Adu-AGal_027-mus	muscle	
Adu-AGal_028	Adu-AGal_028-mus	muscle	
Adu-AGal_029	Adu-AGal_029-mus	muscle	
Adu-AGal_030	Adu-AGal_030-mus	muscle	
Adu-AGal_031	Adu-AGal_031-mus	muscle	
Adu-AGal_032	Adu-AGal_032-mus	muscle	
Adu-AGal_033	Adu-AGal_033-mus	muscle	
Adu-AGal_034	Adu-AGal_034-mus	muscle	
Adu-AGal_035	Adu-AGal_035-mus	muscle	
Adu-AGal_036	Adu-AGal_036-mus	muscle	
Adu-AGal_037	Adu-AGal_037-mus	muscle	
Adu-AGal_038	Adu-AGal_038-mus	muscle	
Adu-AGal_039	Adu-AGal_039-mus	muscle	
Adu-AGal_040	Adu-AGal_040-mus	muscle	
Adu-AGal_041	Adu-AGal_041-mus	muscle	
Adu-AGal_042	Adu-AGal_042-mus	muscle	
Adu-AGal_043	Adu-AGal_043-mus	muscle	
Adu-AGal_044	Adu-AGal_044-mus	muscle	
Adu-AGal_045	Adu-AGal_045-mus	muscle	
Adu-AGui_001	Adu-AGui_001-mus	muscle	
Adu-AGui_002	Adu-AGui_002-mus	muscle	
Adu-AGui_003	Adu-AGui_003-mus	muscle	
Adu-AGui_004	Adu-AGui_004-mus	muscle	
Adu-AGui_005	Adu-AGui_005-mus	muscle	
Adu-AGui_006	Adu-AGui_006-mus	muscle	
Adu-AGui_007	Adu-AGui_007-mus	muscle	
Adu-AGui_008	Adu-AGui_008-mus	muscle	
Adu-AGui_009	Adu-AGui_009-mus	muscle	
Adu-AGui_010	Adu-AGui_010-mus	muscle	
Adu-AGui_011	Adu-AGui_011-mus	muscle	
Adu-AGui_012	Adu-AGui_012-mus	muscle	
Adu-AGui_013	Adu-AGui_013-mus	muscle	
Adu-AGui_014	Adu-AGui_014-mus	muscle	
Adu-AGui_015	Adu-AGui_015-mus	muscle	
Adu-AGui_016	Adu-AGui_016-mus	muscle	
Adu-AGui_017	Adu-AGui_017-mus	muscle	
Adu-AGui_018	Adu-AGui_018-mus	muscle	
Adu-AGui_019	Adu-AGui_019-mus	muscle	
Adu-AGui_020	Adu-AGui_020-mus	muscle	
Adu-AGui_021	Adu-AGui_021-mus	muscle	
Adu-AGui_022	Adu-AGui_022-mus	muscle	
Adu-AGui_023	Adu-AGui_023-mus	muscle	
Adu-AGui_024	Adu-AGui_024-mus	muscle	
Adu-AGui_025	Adu-AGui_025-mus	muscle	
Adu-AGui_026	Adu-AGui_026-mus	muscle	
Adu-AGui_027	Adu-AGui_027-mus	muscle	
Adu-AGui_028	Adu-AGui_028-mus	muscle	
Adu-AGui_029	Adu-AGui_029-mus	muscle	
Adu-AGui_030	Adu-AGui_030-mus	muscle	
Adu-AGui_031	Adu-AGui_031-mus	muscle	
Adu-AGui_032	Adu-AGui_032-mus	muscle	
Adu-AGui_033	Adu-AGui_033-mus	muscle	
Adu-AGui_034	Adu-AGui_034-mus	muscle	
Adu-AGui_035	Adu-AGui_035-mus	muscle	
Adu-AGui_036	Adu-AGui_036-mus	muscle	
Adu-AGui_037	Adu-AGui_037-mus	muscle	
Adu-AGui_038	Adu-AGui_038-mus	muscle	
Adu-AGui_039	Adu-AGui_039-mus	muscle	
Adu-AGui_040	Adu-AGui_040-mus	muscle	
Adu-AGui_041	Adu-AGui_041-mus	muscle	
Adu-AGui_042	Adu-AGui_042-mus	muscle	
Adu-AGui_043	Adu-AGui_043-mus	muscle	
Adu-AGui_044	Adu-AGui_044-mus	muscle	
Adu-AGui_045	Adu-AGui_045-mus	muscle	
Adu-AGui_046	Adu-AGui_046-mus	muscle	
Adu-AGui_047	Adu-AGui_047-mus	muscle	
Adu-AGui_048	Adu-AGui_048-mus	muscle	
Adu-AGui_049	Adu-AGui_049-mus	muscle	
Adu-AHam_001	Adu-AHam_001-mus	muscle	
Adu-AHam_002	Adu-AHam_002-mus	muscle	
Adu-AHam_003	Adu-AHam_003-mus	muscle	
Adu-AHam_004	Adu-AHam_004-mus	muscle	
Adu-AHam_005	Adu-AHam_005-mus	muscle	
Adu-AHam_006	Adu-AHam_006-mus	muscle	
Adu-AHam_007	Adu-AHam_007-mus	muscle	
Adu-AHam_008	Adu-AHam_008-mus	muscle	
Adu-AHam_009	Adu-AHam_009-mus	muscle	
Adu-AHam_010	Adu-AHam_010-mus	muscle	
Adu-AHam_011	Adu-AHam_011-mus	muscle	
Adu-AHam_012	Adu-AHam_012-mus	muscle	
Adu-AHam_013	Adu-AHam_013-mus	muscle	
Adu-AHam_014	Adu-AHam_014-mus	muscle	
Adu-AHam_015	Adu-AHam_015-mus	muscle	
Adu-AHam_016	Adu-AHam_016-mus	muscle	
Adu-AHam_017	Adu-AHam_017-mus	muscle	
Adu-AHam_018	Adu-AHam_018-mus	muscle	
Adu-AHam_019	Adu-AHam_019-mus	muscle	
Adu-AHam_020	Adu-AHam_020-mus	muscle	
Adu-AHam_021	Adu-AHam_021-mus	muscle	
Adu-AHam_022	Adu-AHam_022-mus	muscle	
Adu-AHam_023	Adu-AHam_023-mus	muscle	
Adu-AHam_024	Adu-AHam_024-mus	muscle	
Adu-AHam_025	Adu-AHam_025-mus	muscle	
Adu-AHam_026	Adu-AHam_026-mus	muscle	
Adu-AHam_027	Adu-AHam_027-mus	muscle	
Adu-AHam_028	Adu-AHam_028-mus	muscle	
Adu-AHam_029	Adu-AHam_029-mus	muscle	
Adu-AHam_030	Adu-AHam_030-mus	muscle	
Adu-AHam_031	Adu-AHam_031-mus	muscle	
Adu-AHam_032	Adu-AHam_032-mus	muscle	
Adu-AHam_033	Adu-AHam_033-mus	muscle	
Adu-AHam_034	Adu-AHam_034-mus	muscle	
Adu-AHam_035	Adu-AHam_035-mus	muscle	
Adu-AHam_036	Adu-AHam_036-mus	muscle	
Adu-AHam_037	Adu-AHam_037-mus	muscle	
Adu-AHam_038	Adu-AHam_038-mus	muscle	
Adu-AHam_039	Adu-AHam_039-mus	muscle	
Adu-AHam_040	Adu-AHam_040-mus	muscle	
Adu-AHam_041	Adu-AHam_041-mus	muscle	
Adu-AHam_042	Adu-AHam_042-mus	muscle	
Adu-AHam_043	Adu-AHam_043-mus	muscle	
Adu-AHam_044	Adu-AHam_044-mus	muscle	
Adu-AHam_045	Adu-AHam_045-mus	muscle	
Adu-AHam_046	Adu-AHam_046-mus	muscle	
Adu-AHam_047	Adu-AHam_047-mus	muscle	
Adu-AHam_048	Adu-AHam_048-mus	muscle	
Adu-AHam_049	Adu-AHam_049-mus	muscle	
Adu-AHam_050	Adu-AHam_050-mus	muscle	
Adu-AHam_051	Adu-AHam_051-mus	muscle	
Adu-AHam_052	Adu-AHam_052-mus	muscle	
Adu-AHam_053	Adu-AHam_053-mus	muscle	
Adu-AHam_054	Adu-AHam_054-mus	muscle	
Adu-AHam_055	Adu-AHam_055-mus	muscle	
Adu-AHam_056	Adu-AHam_056-mus	muscle	
Adu-AHam_057	Adu-AHam_057-mus	muscle	
Adu-AHam_058	Adu-AHam_058-mus	muscle	
Adu-AHam_059	Adu-AHam_059-mus	muscle	
Adu-AHam_060	Adu-AHam_060-mus	muscle	
Adu-AHam_061	Adu-AHam_061-mus	muscle	
Adu-AHam_062	Adu-AHam_062-mus	muscle	
Adu-AHam_063	Adu-AHam_063-mus	muscle	
Adu-AHam_064	Adu-AHam_064-mus	muscle	
Adu-AHam_065	Adu-AHam_065-mus	muscle	
Adu-AHam_066	Adu-AHam_066-mus	muscle	
Adu-AHam_067	Adu-AHam_067-mus	muscle	
Adu-AHam_068	Adu-AHam_068-mus	muscle	
Adu-AHam_069	Adu-AHam_069-mus	muscle	
Adu-AHam_070	Adu-AHam_070-mus	muscle	
Adu-AHam_071	Adu-AHam_071-mus	muscle	
Adu-AHam_072	Adu-AHam_072-mus	muscle	
Adu-AHam_073	Adu-AHam_073-mus	muscle	
Adu-AHam_074	Adu-AHam_074-mus	muscle	
Adu-AHam_075	Adu-AHam_075-mus	muscle	
Adu-AHam_076	Adu-AHam_076-mus	muscle	
Adu-AHam_077	Adu-AHam_077-mus	muscle	
Adu-AHam_078	Adu-AHam_078-mus	muscle	
Adu-AHam_079	Adu-AHam_079-mus	muscle	
Adu-AHam_080	Adu-AHam_080-mus	muscle	
Adu-AHam_081	Adu-AHam_081-mus	muscle	
Adu-AHam_082	Adu-AHam_082-mus	muscle	
Adu-AHam_083	Adu-AHam_083-mus	muscle	
Adu-AHam_084	Adu-AHam_084-mus	muscle	
Adu-AHam_085	Adu-AHam_085-mus	muscle	
Adu-AHam_086	Adu-AHam_086-mus	muscle	
Adu-AHam_087	Adu-AHam_087-mus	muscle	
Adu-AHam_088	Adu-AHam_088-mus	muscle	
Adu-AHam_089	Adu-AHam_089-mus	muscle	
Adu-AHam_090	Adu-AHam_090-mus	muscle	
Adu-AHam_091	Adu-AHam_091-mus	muscle	
Adu-AHam_092	Adu-AHam_092-mus	muscle	
Adu-AHam_093	Adu-AHam_093-mus	muscle	
Adu-AHam_094	Adu-AHam_094-mus	muscle	
Adu-AHam_095	Adu-AHam_095-mus	muscle	
Adu-AHam_096	Adu-AHam_096-mus	muscle	
Adu-ALin_001	Adu-ALin_001-mus	muscle	
Adu-ALin_002	Adu-ALin_002-mus	muscle	
Adu-ALin_003	Adu-ALin_003-mus	muscle	
Adu-ALin_004	Adu-ALin_004-mus	muscle	
Adu-ALin_005	Adu-ALin_005-mus	muscle	
Adu-ALin_006	Adu-ALin_006-mus	muscle	
Adu-ALin_007	Adu-ALin_007-mus	muscle	
Adu-ALin_008	Adu-ALin_008-mus	muscle	
Adu-ALin_009	Adu-ALin_009-mus	muscle	
Adu-ALin_010	Adu-ALin_010-mus	muscle	
Adu-ALin_011	Adu-ALin_011-mus	muscle	
Adu-ALin_012	Adu-ALin_012-mus	muscle	
Adu-ALin_013	Adu-ALin_013-mus	muscle	
Adu-ALin_014	Adu-ALin_014-mus	muscle	
Adu-ALin_015	Adu-ALin_015-mus	muscle	
Adu-ALin_016	Adu-ALin_016-mus	muscle	
Adu-ALin_017	Adu-ALin_017-mus	muscle	
Adu-ALin_018	Adu-ALin_018-mus	muscle	
Adu-ALin_019	Adu-ALin_019-mus	muscle	
Adu-ALin_020	Adu-ALin_020-mus	muscle	
Adu-ALin_021	Adu-ALin_021-mus	muscle	
Adu-ALin_022	Adu-ALin_022-mus	muscle	
Adu-ALin_023	Adu-ALin_023-mus	muscle	
Adu-ALin_024	Adu-ALin_024-mus	muscle	
Adu-AMat_001	Adu-AMat_001-mus	muscle	
Adu-AMat_002	Adu-AMat_002-mus	muscle	
Adu-AMat_003	Adu-AMat_003-mus	muscle	
Adu-AMat_004	Adu-AMat_004-mus	muscle	
Adu-AMat_005	Adu-AMat_005-mus	muscle	
Adu-AMat_006	Adu-AMat_006-mus	muscle	
Adu-AMat_007	Adu-AMat_007-mus	muscle	
Adu-AMat_008	Adu-AMat_008-mus	muscle	
Adu-AMat_009	Adu-AMat_009-mus	muscle	
Adu-AMat_010	Adu-AMat_010-mus	muscle	
Adu-AMat_011	Adu-AMat_011-mus	muscle	
Adu-AMat_012	Adu-AMat_012-mus	muscle	
Adu-AMat_013	Adu-AMat_013-mus	muscle	
Adu-AMat_014	Adu-AMat_014-mus	muscle	
Adu-AMat_015	Adu-AMat_015-mus	muscle	
Adu-AMat_016	Adu-AMat_016-mus	muscle	
Adu-AMat_017	Adu-AMat_017-mus	muscle	
Adu-AMat_018	Adu-AMat_018-mus	muscle	
Adu-AMat_019	Adu-AMat_019-mus	muscle	
Adu-AMat_020	Adu-AMat_020-mus	muscle	
Adu-AMat_021	Adu-AMat_021-mus	muscle	
Adu-AMat_022	Adu-AMat_022-mus	muscle	
Adu-AMat_023	Adu-AMat_023-mus	muscle	
Adu-AMat_024	Adu-AMat_024-mus	muscle	
Adu-AMat_025	Adu-AMat_025-mus	muscle	
Adu-AMat_026	Adu-AMat_026-mus	muscle	
Adu-AMat_027	Adu-AMat_027-mus	muscle	
Adu-AMat_028	Adu-AMat_028-mus	muscle	
Adu-AMat_029	Adu-AMat_029-mus	muscle	
Adu-AMat_030	Adu-AMat_030-mus	muscle	
Adu-AMat_031	Adu-AMat_031-mus	muscle	
Adu-AMat_032	Adu-AMat_032-mus	muscle	
Adu-AMat_033	Adu-AMat_033-mus	muscle	
Adu-AMat_034	Adu-AMat_034-mus	muscle	
Adu-AMat_035	Adu-AMat_035-mus	muscle	
Adu-AMat_036	Adu-AMat_036-mus	muscle	
Adu-AMat_037	Adu-AMat_037-mus	muscle	
Adu-AMat_038	Adu-AMat_038-mus	muscle	
Adu-AMat_039	Adu-AMat_039-mus	muscle	
Adu-AMat_040	Adu-AMat_040-mus	muscle	
Adu-AMat_041	Adu-AMat_041-mus	muscle	
Adu-AMat_042	Adu-AMat_042-mus	muscle	
Adu-AMat_043	Adu-AMat_043-mus	muscle	
Adu-AMat_044	Adu-AMat_044-mus	muscle	
Adu-AMat_045	Adu-AMat_045-mus	muscle	
Adu-AMat_046	Adu-AMat_046-mus	muscle	
Adu-AMat_047	Adu-AMat_047-mus	muscle	
Adu-AMat_048	Adu-AMat_048-mus	muscle	
Adu-AMat_049	Adu-AMat_049-mus	muscle	
Adu-AMat_050	Adu-AMat_050-mus	muscle	
Adu-AMat_051	Adu-AMat_051-mus	muscle	
Adu-AMat_052	Adu-AMat_052-mus	muscle	
Adu-AMat_053	Adu-AMat_053-mus	muscle	
Adu-AMat_054	Adu-AMat_054-mus	muscle	
Adu-AMat_055	Adu-AMat_055-mus	muscle	
Adu-AMat_056	Adu-AMat_056-mus	muscle	
Adu-AMat_057	Adu-AMat_057-mus	muscle	
Adu-AMat_058	Adu-AMat_058-mus	muscle	
Adu-AMat_059	Adu-AMat_059-mus	muscle	
Adu-AMat_060	Adu-AMat_060-mus	muscle	
Adu-AMat_061	Adu-AMat_061-mus	muscle	
Adu-AMat_062	Adu-AMat_062-mus	muscle	
Adu-AMat_063	Adu-AMat_063-mus	muscle	
Adu-AMat_064	Adu-AMat_064-mus	muscle	
Adu-AMat_065	Adu-AMat_065-mus	muscle	
Adu-AMat_066	Adu-AMat_066-mus	muscle	
Adu-AMat_067	Adu-AMat_067-mus	muscle	
Adu-AMat_068	Adu-AMat_068-mus	muscle	
Adu-AMat_069	Adu-AMat_069-mus	muscle	
Adu-AMat_070	Adu-AMat_070-mus	muscle	
Adu-AMat_071	Adu-AMat_071-mus	muscle	
Adu-AMat_072	Adu-AMat_072-mus	muscle	
Adu-AMat_073	Adu-AMat_073-mus	muscle	
Adu-AMat_074	Adu-AMat_074-mus	muscle	
Adu-AMat_075	Adu-AMat_075-mus	muscle	
Adu-AMat_076	Adu-AMat_076-mus	muscle	
Adu-AMat_077	Adu-AMat_077-mus	muscle	
Adu-AMat_078	Adu-AMat_078-mus	muscle	
Adu-AMat_079	Adu-AMat_079-mus	muscle	
Adu-AMat_080	Adu-AMat_080-mus	muscle	
Adu-AMat_081	Adu-AMat_081-mus	muscle	
Adu-AMat_082	Adu-AMat_082-mus	muscle	
Adu-AMat_083	Adu-AMat_083-mus	muscle	
Adu-AMat_084	Adu-AMat_084-mus	muscle	
Adu-AMat_085	Adu-AMat_085-mus	muscle	
Adu-AMat_086	Adu-AMat_086-mus	muscle	
Adu-AMat_087	Adu-AMat_087-mus	muscle	
Adu-AMat_088	Adu-AMat_088-mus	muscle	
Adu-AMat_089	Adu-AMat_089-mus	muscle	
Adu-AMat_090	Adu-AMat_090-mus	muscle	
Adu-AMtg_001	Adu-AMtg_001-mus	muscle	
Adu-AMtg_002	Adu-AMtg_002-mus	muscle	
Adu-AMtg_003	Adu-AMtg_003-mus	muscle	
Adu-AMtg_004	Adu-AMtg_004-mus	muscle	
Adu-AMtg_005	Adu-AMtg_005-mus	muscle	
Adu-AMtg_006	Adu-AMtg_006-mus	muscle	
Adu-AMtg_007	Adu-AMtg_007-mus	muscle	
Adu-AMtg_008	Adu-AMtg_008-mus	muscle	
Adu-AMtg_009	Adu-AMtg_009-mus	muscle	
Adu-AMtg_010	Adu-AMtg_010-mus	muscle	
Adu-AMtg_011	Adu-AMtg_011-mus	muscle	
Adu-AMtg_012	Adu-AMtg_012-mus	muscle	
Adu-AMtg_013	Adu-AMtg_013-mus	muscle	
Adu-AMtg_014	Adu-AMtg_014-mus	muscle	
Adu-AMtg_015	Adu-AMtg_015-mus	muscle	
Adu-AMtg_016	Adu-AMtg_016-mus	muscle	
Adu-AMtg_017	Adu-AMtg_017-mus	muscle	
Adu-AMtg_018	Adu-AMtg_018-mus	muscle	
Adu-AMtg_019	Adu-AMtg_019-mus	muscle	
Adu-AMtg_020	Adu-AMtg_020-mus	muscle	
Adu-AMtg_021	Adu-AMtg_021-mus	muscle	
Adu-AMtg_022	Adu-AMtg_022-mus	muscle	
Adu-AMtg_023	Adu-AMtg_023-mus	muscle	
Adu-AMtg_024	Adu-AMtg_024-mus	muscle	
Adu-AMtg_025	Adu-AMtg_025-mus	muscle	
Adu-AMtg_026	Adu-AMtg_026-mus	muscle	
Adu-AMtg_027	Adu-AMtg_027-mus	muscle	
Adu-AMtg_028	Adu-AMtg_028-mus	muscle	
Adu-AMtg_029	Adu-AMtg_029-mus	muscle	
Adu-AMtg_030	Adu-AMtg_030-mus	muscle	
Adu-AMtg_031	Adu-AMtg_031-mus	muscle	
Adu-AMtg_032	Adu-AMtg_032-mus	muscle	
Adu-AMtg_033	Adu-AMtg_033-mus	muscle	
Adu-AMtg_034	Adu-AMtg_034-mus	muscle	
Adu-AMtg_035	Adu-AMtg_035-mus	muscle	
Adu-AMtg_036	Adu-AMtg_036-mus	muscle	
Adu-AMtg_037	Adu-AMtg_037-mus	muscle	
Adu-AMtg_038	Adu-AMtg_038-mus	muscle	
Adu-AMtg_039	Adu-AMtg_039-mus	muscle	
Adu-AMtg_040	Adu-AMtg_040-mus	muscle	
Adu-AMtg_041	Adu-AMtg_041-mus	muscle	
Adu-AMtg_042	Adu-AMtg_042-mus	muscle	
Adu-AMtg_043	Adu-AMtg_043-mus	muscle	
Adu-AMtg_044	Adu-AMtg_044-mus	muscle	
Adu-AMtg_045	Adu-AMtg_045-mus	muscle	
Adu-AMtg_046	Adu-AMtg_046-mus	muscle	
Adu-AMtg_047	Adu-AMtg_047-mus	muscle	
Adu-AMtg_048	Adu-AMtg_048-mus	muscle	
Adu-AMtg_049	Adu-AMtg_049-mus	muscle	
Adu-AMtg_050	Adu-AMtg_050-mus	muscle	
Adu-AMtg_051	Adu-AMtg_051-mus	muscle	
Adu-AMtg_052	Adu-AMtg_052-mus	muscle	
Adu-AMtg_053	Adu-AMtg_053-mus	muscle	
Adu-AMtg_054	Adu-AMtg_054-mus	muscle	
Adu-AMtg_055	Adu-AMtg_055-mus	muscle	
Adu-AMtg_056	Adu-AMtg_056-mus	muscle	
Adu-AMtg_057	Adu-AMtg_057-mus	muscle	
Adu-AMtg_058	Adu-AMtg_058-mus	muscle	
Adu-AMtg_059	Adu-AMtg_059-mus	muscle	
Adu-AMtg_060	Adu-AMtg_060-mus	muscle	
Adu-AMtg_061	Adu-AMtg_061-mus	muscle	
Adu-AMtg_062	Adu-AMtg_062-mus	muscle	
Adu-AMtg_063	Adu-AMtg_063-mus	muscle	
Adu-AMtg_064	Adu-AMtg_064-mus	muscle	
Adu-AMtg_065	Adu-AMtg_065-mus	muscle	
Adu-AMtg_066	Adu-AMtg_066-mus	muscle	
Adu-AMtg_067	Adu-AMtg_067-mus	muscle	
Adu-AMtg_068	Adu-AMtg_068-mus	muscle	
Adu-AMtg_069	Adu-AMtg_069-mus	muscle	
Adu-AMtg_070	Adu-AMtg_070-mus	muscle	
Adu-AMtg_071	Adu-AMtg_071-mus	muscle	
Adu-AMtg_072	Adu-AMtg_072-mus	muscle	
Adu-AMtg_073	Adu-AMtg_073-mus	muscle	
Adu-AMtg_074	Adu-AMtg_074-mus	muscle	
Adu-AMtg_075	Adu-AMtg_075-mus	muscle	
Adu-AMtg_076	Adu-AMtg_076-mus	muscle	
Adu-AMtg_077	Adu-AMtg_077-mus	muscle	
Adu-AMtg_078	Adu-AMtg_078-mus	muscle	
Adu-AMtg_079	Adu-AMtg_079-mus	muscle	
Adu-AMtg_080	Adu-AMtg_080-mus	muscle	
Adu-AMtg_081	Adu-AMtg_081-mus	muscle	
Adu-AMtg_082	Adu-AMtg_082-mus	muscle	
Adu-AMtg_083	Adu-AMtg_083-mus	muscle	
Adu-AMtg_084	Adu-AMtg_084-mus	muscle	
Adu-AMtg_085	Adu-AMtg_085-mus	muscle	
Adu-AMtg_086	Adu-AMtg_086-mus	muscle	
Adu-AMtg_087	Adu-AMtg_087-mus	muscle	
Adu-AMtg_088	Adu-AMtg_088-mus	muscle	
Adu-AMtg_089	Adu-AMtg_089-mus	muscle	
Adu-AMtg_090	Adu-AMtg_090-mus	muscle	
Adu-AMtg_091	Adu-AMtg_091-mus	muscle	
Adu-AMtg_092	Adu-AMtg_092-mus	muscle	
Adu-AMtg_093	Adu-AMtg_093-mus	muscle	
Adu-AMtg_094	Adu-AMtg_094-mus	muscle	
Adu-AMtg_095	Adu-AMtg_095-mus	muscle	
Adu-AMtg_096	Adu-AMtg_096-mus	muscle	
Adu-ASub_001	Adu-ASub_001-mus	muscle	
Adu-ASub_002	Adu-ASub_002-mus	muscle	
Adu-ASub_003	Adu-ASub_003-mus	muscle	
Adu-ASub_004	Adu-ASub_004-mus	muscle	
Adu-ASub_005	Adu-ASub_005-mus	muscle	
Adu-ASub_006	Adu-ASub_006-mus	muscle	
Adu-ASub_007	Adu-ASub_007-mus	muscle	
Adu-ASub_008	Adu-ASub_008-mus	muscle	
Adu-ASub_009	Adu-ASub_009-mus	muscle	
Adu-ASub_010	Adu-ASub_010-mus	muscle	
Adu-ASub_011	Adu-ASub_011-mus	muscle	
Adu-ASub_012	Adu-ASub_012-mus	muscle	
Adu-ASub_013	Adu-ASub_013-mus	muscle	
Adu-ASub_014	Adu-ASub_014-mus	muscle	
Adu-ASub_015	Adu-ASub_015-mus	muscle	
Adu-ASub_016	Adu-ASub_016-mus	muscle	
Adu-ASub_017	Adu-ASub_017-mus	muscle	
Adu-ASub_018	Adu-ASub_018-mus	muscle	
Adu-ASub_019	Adu-ASub_019-mus	muscle	
Adu-ASub_020	Adu-ASub_020-mus	muscle	
Adu-ASub_021	Adu-ASub_021-mus	muscle	
Adu-ASub_022	Adu-ASub_022-mus	muscle	
Adu-ASub_023	Adu-ASub_023-mus	muscle	
Adu-ASub_024	Adu-ASub_024-mus	muscle	
Adu-ASub_025	Adu-ASub_025-mus	muscle	
Adu-ASub_026	Adu-ASub_026-mus	muscle	
Adu-ASub_027	Adu-ASub_027-mus	muscle	
Adu-ASub_028	Adu-ASub_028-mus	muscle	
Adu-ASub_029	Adu-ASub_029-mus	muscle	
Adu-ASub_030	Adu-ASub_030-mus	muscle	
Adu-ASub_031	Adu-ASub_031-mus	muscle	
Adu-ASub_032	Adu-ASub_032-mus	muscle	
Adu-ASub_033	Adu-ASub_033-mus	muscle	
Adu-ASub_034	Adu-ASub_034-mus	muscle	
Adu-ASub_035	Adu-ASub_035-mus	muscle	
Adu-ASub_036	Adu-ASub_036-mus	muscle	
Adu-ASub_037	Adu-ASub_037-mus	muscle	
Adu-ASub_038	Adu-ASub_038-mus	muscle	
Adu-ASub_039	Adu-ASub_039-mus	muscle	
Adu-ASub_040	Adu-ASub_040-mus	muscle	
Adu-ASub_041	Adu-ASub_041-mus	muscle	
Adu-ASub_042	Adu-ASub_042-mus	muscle	
Adu-ASub_043	Adu-ASub_043-mus	muscle	
Adu-ASub_044	Adu-ASub_044-mus	muscle	
Adu-ASub_045	Adu-ASub_045-mus	muscle	
Adu-ASub_046	Adu-ASub_046-mus	muscle	
Adu-ASub_047	Adu-ASub_047-mus	muscle	
Adu-ASub_048	Adu-ASub_048-mus	muscle	
Adu-ASub_049	Adu-ASub_049-mus	muscle	
Adu-ASub_050	Adu-ASub_050-mus	muscle	
Adu-ASub_051	Adu-ASub_051-mus	muscle	
Adu-ASub_052	Adu-ASub_052-mus	muscle	
Adu-ASub_053	Adu-ASub_053-mus	muscle	
Adu-ASub_054	Adu-ASub_054-mus	muscle	
Adu-ASub_055	Adu-ASub_055-mus	muscle	
Adu-ASub_056	Adu-ASub_056-mus	muscle	
Adu-ASub_057	Adu-ASub_057-mus	muscle	
Adu-ASub_058	Adu-ASub_058-mus	muscle	
Adu-ASub_059	Adu-ASub_059-mus	muscle	
Adu-ASub_060	Adu-ASub_060-mus	muscle	
Adu-ASub_061	Adu-ASub_061-mus	muscle	
Adu-ASub_062	Adu-ASub_062-mus	muscle	
Adu-ASub_063	Adu-ASub_063-mus	muscle	
Adu-ASub_064	Adu-ASub_064-mus	muscle	
Adu-ASub_065	Adu-ASub_065-mus	muscle	
Adu-ASub_066	Adu-ASub_066-mus	muscle	
Adu-ASub_067	Adu-ASub_067-mus	muscle	
Adu-ASub_068	Adu-ASub_068-mus	muscle	
Adu-ATag_001	Adu-ATag_001-mus	muscle	
Adu-ATag_002	Adu-ATag_002-mus	muscle	
Adu-ATag_003	Adu-ATag_003-mus	muscle	
Adu-ATag_004	Adu-ATag_004-mus	muscle	
Adu-ATag_005	Adu-ATag_005-mus	muscle	
Adu-ATag_006	Adu-ATag_006-mus	muscle	
Adu-ATag_007	Adu-ATag_007-mus	muscle	
Adu-ATag_008	Adu-ATag_008-mus	muscle	
Adu-ATag_009	Adu-ATag_009-mus	muscle	
Adu-ATag_010	Adu-ATag_010-mus	muscle	
Adu-ATag_011	Adu-ATag_011-mus	muscle	
Adu-ATag_012	Adu-ATag_012-mus	muscle	
Adu-ATag_013	Adu-ATag_013-mus	muscle	
Adu-ATag_014	Adu-ATag_014-mus	muscle	
Adu-ATag_015	Adu-ATag_015-mus	muscle	
Adu-ATag_016	Adu-ATag_016-mus	muscle	
Adu-ATag_017	Adu-ATag_017-mus	muscle	
Adu-ATag_018	Adu-ATag_018-mus	muscle	
Adu-ATag_019	Adu-ATag_019-mus	muscle	
Adu-ATag_020	Adu-ATag_020-mus	muscle	
Adu-ATag_021	Adu-ATag_021-mus	muscle	
Adu-ATag_022	Adu-ATag_022-mus	muscle	
Adu-ATag_023	Adu-ATag_023-mus	muscle	
Adu-ATag_024	Adu-ATag_024-mus	muscle	
Adu-ATag_025	Adu-ATag_025-mus	muscle	
Adu-ATag_026	Adu-ATag_026-mus	muscle	
Adu-ATag_027	Adu-ATag_027-mus	muscle	
Adu-ATag_028	Adu-ATag_028-mus	muscle	
Adu-ATag_029	Adu-ATag_029-mus	muscle	
Adu-ATag_030	Adu-ATag_030-mus	muscle	
Adu-ATag_031	Adu-ATag_031-mus	muscle	
Adu-ATag_032	Adu-ATag_032-mus	muscle	
Adu-ATag_033	Adu-ATag_033-mus	muscle	
Adu-ATag_034	Adu-ATag_034-mus	muscle	
Adu-ATag_035	Adu-ATag_035-mus	muscle	
Adu-ATag_036	Adu-ATag_036-mus	muscle	
Adu-ATag_037	Adu-ATag_037-mus	muscle	
Adu-ATag_038	Adu-ATag_038-mus	muscle	
Adu-ATag_039	Adu-ATag_039-mus	muscle	
Adu-ATag_040	Adu-ATag_040-mus	muscle	
Adu-ATaw_001	Adu-ATaw_001-mus	muscle	
Adu-ATaw_002	Adu-ATaw_002-mus	muscle	
Adu-ATaw_003	Adu-ATaw_003-mus	muscle	
Adu-ATaw_004	Adu-ATaw_004-mus	muscle	
Adu-ATaw_005	Adu-ATaw_005-mus	muscle	
Adu-ATaw_006	Adu-ATaw_006-mus	muscle	
Adu-ATaw_007	Adu-ATaw_007-mus	muscle	
Adu-ATaw_008	Adu-ATaw_008-mus	muscle	
Adu-ATaw_009	Adu-ATaw_009-mus	muscle	
Adu-ATaw_010	Adu-ATaw_010-mus	muscle	
Adu-ATaw_011	Adu-ATaw_011-mus	muscle	
Adu-ATaw_012	Adu-ATaw_012-mus	muscle	
Adu-ATaw_013	Adu-ATaw_013-mus	muscle	
Adu-ATaw_014	Adu-ATaw_014-mus	muscle	
Adu-ATaw_015	Adu-ATaw_015-mus	muscle	
Adu-ATaw_016	Adu-ATaw_016-mus	muscle	
Adu-ATaw_017	Adu-ATaw_017-mus	muscle	
Adu-ATaw_018	Adu-ATaw_018-mus	muscle	
Adu-ATaw_019	Adu-ATaw_019-mus	muscle	
Adu-ATaw_020	Adu-ATaw_020-mus	muscle	
Adu-ATaw_021	Adu-ATaw_021-mus	muscle	
Adu-ATaw_022	Adu-ATaw_022-mus	muscle	
Adu-ATaw_023	Adu-ATaw_023-mus	muscle	
Adu-ATaw_024	Adu-ATaw_024-mus	muscle	
Adu-ATaw_025	Adu-ATaw_025-mus	muscle	
Adu-ATaw_026	Adu-ATaw_026-mus	muscle	
Adu-ATaw_027	Adu-ATaw_027-mus	muscle	
Adu-ATaw_028	Adu-ATaw_028-mus	muscle	
Adu-ATaw_029	Adu-ATaw_029-mus	muscle	
Adu-ATaw_030	Adu-ATaw_030-mus	muscle	
Adu-ATaw_031	Adu-ATaw_031-mus	muscle	
Adu-ATaw_032	Adu-ATaw_032-mus	muscle	
Adu-ATaw_033	Adu-ATaw_033-mus	muscle	
Adu-ATaw_034	Adu-ATaw_034-mus	muscle	
Adu-ATaw_035	Adu-ATaw_035-mus	muscle	
Adu-ATaw_036	Adu-ATaw_036-mus	muscle	
Adu-ATaw_037	Adu-ATaw_037-mus	muscle	
Adu-ATaw_038	Adu-ATaw_038-mus	muscle	
Adu-ATaw_039	Adu-ATaw_039-mus	muscle	
Adu-ATaw_040	Adu-ATaw_040-mus	muscle	
Adu-ATaw_041	Adu-ATaw_041-mus	muscle	
Adu-ATaw_042	Adu-ATaw_042-mus	muscle	
Adu-ATaw_043	Adu-ATaw_043-mus	muscle	
Adu-ATaw_044	Adu-ATaw_044-mus	muscle	
Adu-ATaw_045	Adu-ATaw_045-mus	muscle	
Adu-ATaw_046	Adu-ATaw_046-mus	muscle	
Adu-ATaw_047	Adu-ATaw_047-mus	muscle	
Adu-ATaw_048	Adu-ATaw_048-mus	muscle	
Adu-ATaw_049	Adu-ATaw_049-mus	muscle	
Adu-ATaw_050	Adu-ATaw_050-mus	muscle	
Adu-ATaw_051	Adu-ATaw_051-mus	muscle	
Adu-ATaw_052	Adu-ATaw_052-mus	muscle	
Adu-ATaw_053	Adu-ATaw_053-mus	muscle	
Adu-ATaw_054	Adu-ATaw_054-mus	muscle	
Adu-ATaw_055	Adu-ATaw_055-mus	muscle	
Adu-ATaw_056	Adu-ATaw_056-mus	muscle	
Adu-ATaw_057	Adu-ATaw_057-mus	muscle	
Adu-ATaw_058	Adu-ATaw_058-mus	muscle	
Adu-ATaw_059	Adu-ATaw_059-mus	muscle	
Adu-ATaw_060	Adu-ATaw_060-mus	muscle	
Adu-ATaw_061	Adu-ATaw_061-mus	muscle	
Adu-ATaw_062	Adu-ATaw_062-mus	muscle	
Adu-ATaw_063	Adu-ATaw_063-mus	muscle	
Adu-ATaw_064	Adu-ATaw_064-mus	muscle	
Adu-ATaw_065	Adu-ATaw_065-mus	muscle	
Adu-ATaw_066	Adu-ATaw_066-mus	muscle	
Adu-ATaw_067	Adu-ATaw_067-mus	muscle	
Adu-ATaw_068	Adu-ATaw_068-mus	muscle	
Adu-ATaw_069	Adu-ATaw_069-mus	muscle	
Adu-ATaw_070	Adu-ATaw_070-mus	muscle	
Adu-ATaw_071	Adu-ATaw_071-mus	muscle	
Adu-CGal_001	Adu-CGal_001-mus	muscle	
Adu-CGal_002	Adu-CGal_002-mus	muscle	
Adu-CGal_003	Adu-CGal_003-mus	muscle	
Adu-CGal_004	Adu-CGal_004-mus	muscle	
Adu-CGal_005	Adu-CGal_005-mus	muscle	
Adu-CGal_006	Adu-CGal_006-mus	muscle	
Adu-CGal_007	Adu-CGal_007-mus	muscle	
Adu-CGal_008	Adu-CGal_008-mus	muscle	
Adu-CGal_009	Adu-CGal_009-mus	muscle	
Adu-CGal_010	Adu-CGal_010-mus	muscle	
Adu-CGal_011	Adu-CGal_011-mus	muscle	
Adu-CGal_012	Adu-CGal_012-mus	muscle	
Adu-CGal_013	Adu-CGal_013-mus	muscle	
Adu-CGal_014	Adu-CGal_014-mus	muscle	
Adu-CGal_015	Adu-CGal_015-mus	muscle	
Adu-CGal_016	Adu-CGal_016-mus	muscle	
Adu-CGal_017	Adu-CGal_017-mus	muscle	
Adu-CGal_018	Adu-CGal_018-mus	muscle	
Adu-CGal_019	Adu-CGal_019-mus	muscle	
Adu-CGal_020	Adu-CGal_020-mus	muscle	
Adu-CGal_021	Adu-CGal_021-mus	muscle	
Adu-CGal_022	Adu-CGal_022-mus	muscle	
Adu-CGal_023	Adu-CGal_023-mus	muscle	
Adu-CGal_024	Adu-CGal_024-mus	muscle	
Adu-CGal_025	Adu-CGal_025-mus	muscle	
Adu-CGal_026	Adu-CGal_026-mus	muscle	
Adu-CGal_027	Adu-CGal_027-mus	muscle	
Adu-CGal_028	Adu-CGal_028-mus	muscle	
Adu-CGal_029	Adu-CGal_029-mus	muscle	
Adu-CGal_030	Adu-CGal_030-mus	muscle	
Adu-CGal_031	Adu-CGal_031-mus	muscle	
Adu-CGal_032	Adu-CGal_032-mus	muscle	
Adu-CGal_033	Adu-CGal_033-mus	muscle	
Adu-CGal_034	Adu-CGal_034-mus	muscle	
Adu-CGal_035	Adu-CGal_035-mus	muscle	
Adu-CGal_036	Adu-CGal_036-mus	muscle	
Adu-CGal_037	Adu-CGal_037-mus	muscle	
Adu-CGal_038	Adu-CGal_038-mus	muscle	
Adu-CGal_039	Adu-CGal_039-mus	muscle	
Adu-CGal_040	Adu-CGal_040-mus	muscle	
Adu-CGal_041	Adu-CGal_041-mus	muscle	
Adu-CGal_042	Adu-CGal_042-mus	muscle	
Adu-CGal_043	Adu-CGal_043-mus	muscle	
Adu-CGal_044	Adu-CGal_044-mus	muscle	
Adu-CGal_045	Adu-CGal_045-mus	muscle	
Adu-CGal_046	Adu-CGal_046-mus	muscle	
Adu-CGal_047	Adu-CGal_047-mus	muscle	
Adu-CGal_048	Adu-CGal_048-mus	muscle	
Adu-CGal_049	Adu-CGal_049-mus	muscle	
Adu-CGal_050	Adu-CGal_050-mus	muscle	
Adu-CGal_051	Adu-CGal_051-mus	muscle	
Adu-CGal_052	Adu-CGal_052-mus	muscle	
Adu-CGal_053	Adu-CGal_053-mus	muscle	
Adu-CGal_054	Adu-CGal_054-mus	muscle	
Adu-CGal_055	Adu-CGal_055-mus	muscle	
Adu-CGal_056	Adu-CGal_056-mus	muscle	
Adu-CGal_057	Adu-CGal_057-mus	muscle	
Adu-CGal_058	Adu-CGal_058-mus	muscle	
Adu-CGal_059	Adu-CGal_059-mus	muscle	
Adu-CGal_060	Adu-CGal_060-mus	muscle	
Adu-CGal_061	Adu-CGal_061-mus	muscle	
Adu-CGal_062	Adu-CGal_062-mus	muscle	
Adu-CGal_063	Adu-CGal_063-mus	muscle	
Adu-CGal_064	Adu-CGal_064-mus	muscle	
Adu-CGal_065	Adu-CGal_065-mus	muscle	
Adu-CGal_066	Adu-CGal_066-mus	muscle	
Adu-CGal_067	Adu-CGal_067-mus	muscle	
Adu-CGal_068	Adu-CGal_068-mus	muscle	
Adu-CGal_069	Adu-CGal_069-mus	muscle	
Adu-CGal_070	Adu-CGal_070-mus	muscle	
Adu-CGal_071	Adu-CGal_071-mus	muscle	
Adu-CGal_072	Adu-CGal_072-mus	muscle	
Adu-CGal_073	Adu-CGal_073-mus	muscle	
Adu-CGal_074	Adu-CGal_074-mus	muscle	
Adu-CGal_075	Adu-CGal_075-mus	muscle	
Adu-CGal_076	Adu-CGal_076-mus	muscle	
Adu-CGal_077	Adu-CGal_077-mus	muscle	
Adu-CGal_078	Adu-CGal_078-mus	muscle	
Adu-CGal_079	Adu-CGal_079-mus	muscle	
Adu-CGal_080	Adu-CGal_080-mus	muscle	
Adu-CGal_081	Adu-CGal_081-mus	muscle	
Adu-CGal_082	Adu-CGal_082-mus	muscle	
Adu-CGal_083	Adu-CGal_083-mus	muscle	
Adu-CGal_084	Adu-CGal_084-mus	muscle	
Adu-CGal_085	Adu-CGal_085-mus	muscle	
Adu-CGal_086	Adu-CGal_086-mus	muscle	
Adu-CGal_087	Adu-CGal_087-mus	muscle	
Adu-CGal_088	Adu-CGal_088-mus	muscle	
Adu-CGal_089	Adu-CGal_089-mus	muscle	
Adu-CGal_090	Adu-CGal_090-mus	muscle	
Adu-CGal_091	Adu-CGal_091-mus	muscle	
Adu-CGal_092	Adu-CGal_092-mus	muscle	
Adu-CGal_093	Adu-CGal_093-mus	muscle	
Adu-CGal_094	Adu-CGal_094-mus	muscle	
Adu-CGal_095	Adu-CGal_095-mus	muscle	
Adu-CGal_096	Adu-CGal_096-mus	muscle	
Adu-CGui_001	Adu-CGui_001-mus	muscle	
Adu-CGui_002	Adu-CGui_002-mus	muscle	
Adu-CGui_003	Adu-CGui_003-mus	muscle	
Adu-CGui_004	Adu-CGui_004-mus	muscle	
Adu-CGui_005	Adu-CGui_005-mus	muscle	
Adu-CGui_006	Adu-CGui_006-mus	muscle	
Adu-CGui_007	Adu-CGui_007-mus	muscle	
Adu-CGui_008	Adu-CGui_008-mus	muscle	
Adu-CGui_009	Adu-CGui_009-mus	muscle	
Adu-CGui_010	Adu-CGui_010-mus	muscle	
Adu-CGui_011	Adu-CGui_011-mus	muscle	
Adu-CGui_012	Adu-CGui_012-mus	muscle	
Adu-CGui_013	Adu-CGui_013-mus	muscle	
Adu-CGui_014	Adu-CGui_014-mus	muscle	
Adu-CGui_015	Adu-CGui_015-mus	muscle	
Adu-CGui_016	Adu-CGui_016-mus	muscle	
Adu-CGui_017	Adu-CGui_017-mus	muscle	
Adu-CGui_018	Adu-CGui_018-mus	muscle	
Adu-CGui_019	Adu-CGui_019-mus	muscle	
Adu-CGui_020	Adu-CGui_020-mus	muscle	
Adu-CGui_021	Adu-CGui_021-mus	muscle	
Adu-CGui_022	Adu-CGui_022-mus	muscle	
Adu-CGui_023	Adu-CGui_023-mus	muscle	
Adu-CGui_024	Adu-CGui_024-mus	muscle	
Adu-CGui_025	Adu-CGui_025-mus	muscle	
Adu-CGui_026	Adu-CGui_026-mus	muscle	
Adu-CGui_027	Adu-CGui_027-mus	muscle	
Adu-CGui_028	Adu-CGui_028-mus	muscle	
Adu-CGui_029	Adu-CGui_029-mus	muscle	
Adu-CGui_030	Adu-CGui_030-mus	muscle	
Adu-CGui_031	Adu-CGui_031-mus	muscle	
Adu-CGui_032	Adu-CGui_032-mus	muscle	
Adu-CGui_033	Adu-CGui_033-mus	muscle	
Adu-CGui_034	Adu-CGui_034-mus	muscle	
Adu-CGui_035	Adu-CGui_035-mus	muscle	
Adu-CGui_036	Adu-CGui_036-mus	muscle	
Adu-CGui_037	Adu-CGui_037-mus	muscle	
Adu-CGui_038	Adu-CGui_038-mus	muscle	
Adu-CGui_039	Adu-CGui_039-mus	muscle	
Adu-CGui_040	Adu-CGui_040-mus	muscle	
Adu-CGui_041	Adu-CGui_041-mus	muscle	
Adu-CGui_042	Adu-CGui_042-mus	muscle	
Adu-CGui_043	Adu-CGui_043-mus	muscle	
Adu-CGui_044	Adu-CGui_044-mus	muscle	
Adu-CGui_045	Adu-CGui_045-mus	muscle	
Adu-CGui_046	Adu-CGui_046-mus	muscle	
Adu-CGui_047	Adu-CGui_047-mus	muscle	
Adu-CGui_048	Adu-CGui_048-mus	muscle	
Adu-CGui_049	Adu-CGui_049-mus	muscle	
Adu-CGui_050	Adu-CGui_050-mus	muscle	
Adu-CGui_051	Adu-CGui_051-mus	muscle	
Adu-CGui_052	Adu-CGui_052-mus	muscle	
Adu-CGui_053	Adu-CGui_053-mus	muscle	
Adu-CGui_054	Adu-CGui_054-mus	muscle	
Adu-CGui_055	Adu-CGui_055-mus	muscle	
Adu-CGui_056	Adu-CGui_056-mus	muscle	
Adu-CGui_057	Adu-CGui_057-mus	muscle	
Adu-CGui_058	Adu-CGui_058-mus	muscle	
Adu-CGui_059	Adu-CGui_059-mus	muscle	
Adu-CGui_060	Adu-CGui_060-mus	muscle	
Adu-CGui_061	Adu-CGui_061-mus	muscle	
Adu-CGui_062	Adu-CGui_062-mus	muscle	
Adu-CGui_063	Adu-CGui_063-mus	muscle	
Adu-CGui_064	Adu-CGui_064-mus	muscle	
Adu-CGui_065	Adu-CGui_065-mus	muscle	
Adu-CGui_066	Adu-CGui_066-mus	muscle	
Adu-CGui_067	Adu-CGui_067-mus	muscle	
Adu-CGui_068	Adu-CGui_068-mus	muscle	
Adu-CGui_069	Adu-CGui_069-mus	muscle	
Adu-CGui_070	Adu-CGui_070-mus	muscle	
Adu-CGui_071	Adu-CGui_071-mus	muscle	
Adu-CGui_072	Adu-CGui_072-mus	muscle	
Adu-CGui_073	Adu-CGui_073-mus	muscle	
Adu-CGui_074	Adu-CGui_074-mus	muscle	
Adu-CGui_075	Adu-CGui_075-mus	muscle	
Adu-CGui_076	Adu-CGui_076-mus	muscle	
Adu-CGui_077	Adu-CGui_077-mus	muscle	
Adu-CGui_078	Adu-CGui_078-mus	muscle	
Adu-CGui_079	Adu-CGui_079-mus	muscle	
Adu-CGui_080	Adu-CGui_080-mus	muscle	
Adu-CGui_081	Adu-CGui_081-mus	muscle	
Adu-CGui_082	Adu-CGui_082-mus	muscle	
Adu-CGui_083	Adu-CGui_083-mus	muscle	
Adu-CGui_084	Adu-CGui_084-mus	muscle	
Adu-CGui_085	Adu-CGui_085-mus	muscle	
Adu-CGui_086	Adu-CGui_086-mus	muscle	
Adu-CGui_087	Adu-CGui_087-mus	muscle	
Adu-CGui_088	Adu-CGui_088-mus	muscle	
Adu-CGui_089	Adu-CGui_089-mus	muscle	
Adu-CGui_090	Adu-CGui_090-mus	muscle	
Adu-CGui_091	Adu-CGui_091-mus	muscle	
Adu-CGui_092	Adu-CGui_092-mus	muscle	
Adu-CGui_093	Adu-CGui_093-mus	muscle	
Adu-CGui_094	Adu-CGui_094-mus	muscle	
Adu-CGui_095	Adu-CGui_095-mus	muscle	
Adu-CGui_096	Adu-CGui_096-mus	muscle	
Adu-CHam_001	Adu-CHam_001-mus	muscle	
Adu-CHam_002	Adu-CHam_002-mus	muscle	
Adu-CHam_003	Adu-CHam_003-mus	muscle	
Adu-CHam_004	Adu-CHam_004-mus	muscle	
Adu-CHam_005	Adu-CHam_005-mus	muscle	
Adu-CHam_006	Adu-CHam_006-mus	muscle	
Adu-CHam_007	Adu-CHam_007-mus	muscle	
Adu-CHam_008	Adu-CHam_008-mus	muscle	
Adu-CHam_009	Adu-CHam_009-mus	muscle	
Adu-CHam_010	Adu-CHam_010-mus	muscle	
Adu-CHam_011	Adu-CHam_011-mus	muscle	
Adu-CHam_012	Adu-CHam_012-mus	muscle	
Adu-CHam_013	Adu-CHam_013-mus	muscle	
Adu-CHam_014	Adu-CHam_014-mus	muscle	
Adu-CHam_015	Adu-CHam_015-mus	muscle	
Adu-CHam_016	Adu-CHam_016-mus	muscle	
Adu-CHam_017	Adu-CHam_017-mus	muscle	
Adu-CHam_018	Adu-CHam_018-mus	muscle	
Adu-CHam_019	Adu-CHam_019-mus	muscle	
Adu-CHam_020	Adu-CHam_020-mus	muscle	
Adu-CHam_021	Adu-CHam_021-mus	muscle	
Adu-CHam_022	Adu-CHam_022-mus	muscle	
Adu-CHam_023	Adu-CHam_023-mus	muscle	
Adu-CHam_024	Adu-CHam_024-mus	muscle	
Adu-CHam_025	Adu-CHam_025-mus	muscle	
Adu-CHam_026	Adu-CHam_026-mus	muscle	
Adu-CHam_027	Adu-CHam_027-mus	muscle	
Adu-CHam_028	Adu-CHam_028-mus	muscle	
Adu-CHam_029	Adu-CHam_029-mus	muscle	
Adu-CHam_030	Adu-CHam_030-mus	muscle	
Adu-CHam_031	Adu-CHam_031-mus	muscle	
Adu-CHam_032	Adu-CHam_032-mus	muscle	
Adu-CHam_033	Adu-CHam_033-mus	muscle	
Adu-CHam_034	Adu-CHam_034-mus	muscle	
Adu-CHam_035	Adu-CHam_035-mus	muscle	
Adu-CHam_036	Adu-CHam_036-mus	muscle	
Adu-CHam_037	Adu-CHam_037-mus	muscle	
Adu-CHam_038	Adu-CHam_038-mus	muscle	
Adu-CHam_039	Adu-CHam_039-mus	muscle	
Adu-CHam_040	Adu-CHam_040-mus	muscle	
Adu-CHam_041	Adu-CHam_041-mus	muscle	
Adu-CHam_042	Adu-CHam_042-mus	muscle	
Adu-CHam_043	Adu-CHam_043-mus	muscle	
Adu-CHam_044	Adu-CHam_044-mus	muscle	
Adu-CHam_045	Adu-CHam_045-mus	muscle	
Adu-CHam_046	Adu-CHam_046-mus	muscle	
Adu-CHam_047	Adu-CHam_047-mus	muscle	
Adu-CHam_048	Adu-CHam_048-mus	muscle	
Adu-CHam_049	Adu-CHam_049-mus	muscle	
Adu-CHam_050	Adu-CHam_050-mus	muscle	
Adu-CHam_051	Adu-CHam_051-mus	muscle	
Adu-CHam_052	Adu-CHam_052-mus	muscle	
Adu-CHam_053	Adu-CHam_053-mus	muscle	
Adu-CHam_054	Adu-CHam_054-mus	muscle	
Adu-CHam_055	Adu-CHam_055-mus	muscle	
Adu-CHam_056	Adu-CHam_056-mus	muscle	
Adu-CHam_057	Adu-CHam_057-mus	muscle	
Adu-CHam_058	Adu-CHam_058-mus	muscle	
Adu-CHam_059	Adu-CHam_059-mus	muscle	
Adu-CHam_060	Adu-CHam_060-mus	muscle	
Adu-CHam_061	Adu-CHam_061-mus	muscle	
Adu-CHam_062	Adu-CHam_062-mus	muscle	
Adu-CHam_063	Adu-CHam_063-mus	muscle	
Adu-CHam_064	Adu-CHam_064-mus	muscle	
Adu-CHam_065	Adu-CHam_065-mus	muscle	
Adu-CHam_066	Adu-CHam_066-mus	muscle	
Adu-CHam_067	Adu-CHam_067-mus	muscle	
Adu-CHam_068	Adu-CHam_068-mus	muscle	
Adu-CHam_069	Adu-CHam_069-mus	muscle	
Adu-CHam_070	Adu-CHam_070-mus	muscle	
Adu-CHam_071	Adu-CHam_071-mus	muscle	
Adu-CHam_072	Adu-CHam_072-mus	muscle	
Adu-CHam_073	Adu-CHam_073-mus	muscle	
Adu-CHam_074	Adu-CHam_074-mus	muscle	
Adu-CHam_075	Adu-CHam_075-mus	muscle	
Adu-CHam_076	Adu-CHam_076-mus	muscle	
Adu-CHam_077	Adu-CHam_077-mus	muscle	
Adu-CHam_078	Adu-CHam_078-mus	muscle	
Adu-CHam_079	Adu-CHam_079-mus	muscle	
Adu-CHam_080	Adu-CHam_080-mus	muscle	
Adu-CHam_081	Adu-CHam_081-mus	muscle	
Adu-CHam_082	Adu-CHam_082-mus	muscle	
Adu-CHam_083	Adu-CHam_083-mus	muscle	
Adu-CHam_084	Adu-CHam_084-mus	muscle	
Adu-CHam_085	Adu-CHam_085-mus	muscle	
Adu-CHam_086	Adu-CHam_086-mus	muscle	
Adu-CHam_087	Adu-CHam_087-mus	muscle	
Adu-CHam_088	Adu-CHam_088-mus	muscle	
Adu-CHam_089	Adu-CHam_089-mus	muscle	
Adu-CHam_090	Adu-CHam_090-mus	muscle	
Adu-CHam_091	Adu-CHam_091-mus	muscle	
Adu-CHam_092	Adu-CHam_092-mus	muscle	
Adu-CHam_093	Adu-CHam_093-mus	muscle	
Adu-CHam_094	Adu-CHam_094-mus	muscle	
Adu-CHam_095	Adu-CHam_095-mus	muscle	
Adu-CHam_096	Adu-CHam_096-mus	muscle	
Adu-CMal_001	Adu-CMal_001-mus	muscle	
Adu-CMal_002	Adu-CMal_002-mus	muscle	
Adu-CMal_003	Adu-CMal_003-mus	muscle	
Adu-CMal_004	Adu-CMal_004-mus	muscle	
Adu-CMal_005	Adu-CMal_005-mus	muscle	
Adu-CMal_006	Adu-CMal_006-mus	muscle	
Adu-CMal_007	Adu-CMal_007-mus	muscle	
Adu-CMal_008	Adu-CMal_008-mus	muscle	
Adu-CMal_009	Adu-CMal_009-mus	muscle	
Adu-CMal_010	Adu-CMal_010-mus	muscle	
Adu-CMal_011	Adu-CMal_011-mus	muscle	
Adu-CMal_012	Adu-CMal_012-mus	muscle	
Adu-CMal_013	Adu-CMal_013-mus	muscle	
Adu-CMal_014	Adu-CMal_014-mus	muscle	
Adu-CMal_015	Adu-CMal_015-mus	muscle	
Adu-CMal_016	Adu-CMal_016-mus	muscle	
Adu-CMal_017	Adu-CMal_017-mus	muscle	
Adu-CMal_018	Adu-CMal_018-mus	muscle	
Adu-CMal_019	Adu-CMal_019-mus	muscle	
Adu-CMal_020	Adu-CMal_020-mus	muscle	
Adu-CMal_021	Adu-CMal_021-mus	muscle	
Adu-CMal_022	Adu-CMal_022-mus	muscle	
Adu-CMal_023	Adu-CMal_023-mus	muscle	
Adu-CMal_024	Adu-CMal_024-mus	muscle	
Adu-CMal_025	Adu-CMal_025-mus	muscle	
Adu-CMal_026	Adu-CMal_026-mus	muscle	
Adu-CMal_027	Adu-CMal_027-mus	muscle	
Adu-CMal_028	Adu-CMal_028-mus	muscle	
Adu-CMal_029	Adu-CMal_029-mus	muscle	
Adu-CMal_030	Adu-CMal_030-mus	muscle	
Adu-CMal_031	Adu-CMal_031-mus	muscle	
Adu-CMal_032	Adu-CMal_032-mus	muscle	
Adu-CMal_033	Adu-CMal_033-mus	muscle	
Adu-CMal_034	Adu-CMal_034-mus	muscle	
Adu-CMal_035	Adu-CMal_035-mus	muscle	
Adu-CMal_036	Adu-CMal_036-mus	muscle	
Adu-CMal_037	Adu-CMal_037-mus	muscle	
Adu-CMal_038	Adu-CMal_038-mus	muscle	
Adu-CMal_039	Adu-CMal_039-mus	muscle	
Adu-CMal_040	Adu-CMal_040-mus	muscle	
Adu-CMal_041	Adu-CMal_041-mus	muscle	
Adu-CMal_042	Adu-CMal_042-mus	muscle	
Adu-CMal_043	Adu-CMal_043-mus	muscle	
Adu-CMal_044	Adu-CMal_044-mus	muscle	
Adu-CMal_045	Adu-CMal_045-mus	muscle	
Adu-CMal_046	Adu-CMal_046-mus	muscle	
Adu-CMal_047	Adu-CMal_047-mus	muscle	
Adu-CMal_048	Adu-CMal_048-mus	muscle	
Adu-CMal_049	Adu-CMal_049-mus	muscle	
Adu-CMal_050	Adu-CMal_050-mus	muscle	
Adu-CMal_051	Adu-CMal_051-mus	muscle	
Adu-CMal_052	Adu-CMal_052-mus	muscle	
Adu-CMal_053	Adu-CMal_053-mus	muscle	
Adu-CMal_054	Adu-CMal_054-mus	muscle	
Adu-CMal_055	Adu-CMal_055-mus	muscle	
Adu-CMal_056	Adu-CMal_056-mus	muscle	
Adu-CMal_057	Adu-CMal_057-mus	muscle	
Adu-CMal_058	Adu-CMal_058-mus	muscle	
Adu-CMal_059	Adu-CMal_059-mus	muscle	
Adu-CMal_060	Adu-CMal_060-mus	muscle	
Adu-CMal_061	Adu-CMal_061-mus	muscle	
Adu-CMal_062	Adu-CMal_062-mus	muscle	
Adu-CMal_063	Adu-CMal_063-mus	muscle	
Adu-CMal_064	Adu-CMal_064-mus	muscle	
Adu-CMal_065	Adu-CMal_065-mus	muscle	
Adu-CMal_066	Adu-CMal_066-mus	muscle	
Adu-CMal_067	Adu-CMal_067-mus	muscle	
Adu-CMal_068	Adu-CMal_068-mus	muscle	
Adu-CMal_069	Adu-CMal_069-mus	muscle	
Adu-CMal_070	Adu-CMal_070-mus	muscle	
Adu-CMal_071	Adu-CMal_071-mus	muscle	
Adu-CMal_072	Adu-CMal_072-mus	muscle	
Adu-CMal_073	Adu-CMal_073-mus	muscle	
Adu-CMal_074	Adu-CMal_074-mus	muscle	
Adu-CMal_075	Adu-CMal_075-mus	muscle	
Adu-CMal_076	Adu-CMal_076-mus	muscle	
Adu-CMal_077	Adu-CMal_077-mus	muscle	
Adu-CMal_078	Adu-CMal_078-mus	muscle	
Adu-CMal_079	Adu-CMal_079-mus	muscle	
Adu-CMal_080	Adu-CMal_080-mus	muscle	
Adu-CMal_081	Adu-CMal_081-mus	muscle	
Adu-CMal_082	Adu-CMal_082-mus	muscle	
Adu-CMal_083	Adu-CMal_083-mus	muscle	
Adu-CMal_084	Adu-CMal_084-mus	muscle	
Adu-CMal_085	Adu-CMal_085-mus	muscle	
Adu-CMal_086	Adu-CMal_086-mus	muscle	
Adu-CMal_087	Adu-CMal_087-mus	muscle	
Adu-CMal_088	Adu-CMal_088-mus	muscle	
Adu-CMal_089	Adu-CMal_089-mus	muscle	
Adu-CMal_090	Adu-CMal_090-mus	muscle	
Adu-CMal_091	Adu-CMal_091-mus	muscle	
Adu-CMal_092	Adu-CMal_092-mus	muscle	
Adu-CMal_093	Adu-CMal_093-mus	muscle	
Adu-CMal_094	Adu-CMal_094-mus	muscle	
Adu-CMal_095	Adu-CMal_095-mus	muscle	
Adu-CMal_096	Adu-CMal_096-mus	muscle	
Adu-CMat_001	Adu-CMat_001-mus	muscle	
Adu-CMat_002	Adu-CMat_002-mus	muscle	
Adu-CMat_003	Adu-CMat_003-mus	muscle	
Adu-CMat_004	Adu-CMat_004-mus	muscle	
Adu-CMat_005	Adu-CMat_005-mus	muscle	
Adu-CMat_006	Adu-CMat_006-mus	muscle	
Adu-CMat_007	Adu-CMat_007-mus	muscle	
Adu-CMat_008	Adu-CMat_008-mus	muscle	
Adu-CMat_009	Adu-CMat_009-mus	muscle	
Adu-CMat_010	Adu-CMat_010-mus	muscle	
Adu-CMat_011	Adu-CMat_011-mus	muscle	
Adu-CMat_012	Adu-CMat_012-mus	muscle	
Adu-CMat_013	Adu-CMat_013-mus	muscle	
Adu-CMat_014	Adu-CMat_014-mus	muscle	
Adu-CMat_015	Adu-CMat_015-mus	muscle	
Adu-CMat_016	Adu-CMat_016-mus	muscle	
Adu-CMat_017	Adu-CMat_017-mus	muscle	
Adu-CMat_018	Adu-CMat_018-mus	muscle	
Adu-CMat_019	Adu-CMat_019-mus	muscle	
Adu-CMat_020	Adu-CMat_020-mus	muscle	
Adu-CMat_021	Adu-CMat_021-mus	muscle	
Adu-CMat_022	Adu-CMat_022-mus	muscle	
Adu-CMat_023	Adu-CMat_023-mus	muscle	
Adu-CMat_024	Adu-CMat_024-mus	muscle	
Adu-CMat_025	Adu-CMat_025-mus	muscle	
Adu-CMat_026	Adu-CMat_026-mus	muscle	
Adu-CMat_027	Adu-CMat_027-mus	muscle	
Adu-CMat_028	Adu-CMat_028-mus	muscle	
Adu-CMat_029	Adu-CMat_029-mus	muscle	
Adu-CMat_030	Adu-CMat_030-mus	muscle	
Adu-CMat_031	Adu-CMat_031-mus	muscle	
Adu-CMat_032	Adu-CMat_032-mus	muscle	
Adu-CMat_033	Adu-CMat_033-mus	muscle	
Adu-CMat_034	Adu-CMat_034-mus	muscle	
Adu-CMat_035	Adu-CMat_035-mus	muscle	
Adu-CMat_036	Adu-CMat_036-mus	muscle	
Adu-CMat_037	Adu-CMat_037-mus	muscle	
Adu-CMat_038	Adu-CMat_038-mus	muscle	
Adu-CMat_039	Adu-CMat_039-mus	muscle	
Adu-CMat_040	Adu-CMat_040-mus	muscle	
Adu-CMat_041	Adu-CMat_041-mus	muscle	
Adu-CMat_042	Adu-CMat_042-mus	muscle	
Adu-CMat_043	Adu-CMat_043-mus	muscle	
Adu-CMat_044	Adu-CMat_044-mus	muscle	
Adu-CMat_045	Adu-CMat_045-mus	muscle	
Adu-CMat_046	Adu-CMat_046-mus	muscle	
Adu-CMat_047	Adu-CMat_047-mus	muscle	
Adu-CMat_048	Adu-CMat_048-mus	muscle	
Adu-CMat_049	Adu-CMat_049-mus	muscle	
Adu-CMat_050	Adu-CMat_050-mus	muscle	
Adu-CMat_051	Adu-CMat_051-mus	muscle	
Adu-CMat_052	Adu-CMat_052-mus	muscle	
Adu-CMat_053	Adu-CMat_053-mus	muscle	
Adu-CMat_054	Adu-CMat_054-mus	muscle	
Adu-CMat_055	Adu-CMat_055-mus	muscle	
Adu-CMat_056	Adu-CMat_056-mus	muscle	
Adu-CMat_057	Adu-CMat_057-mus	muscle	
Adu-CMat_058	Adu-CMat_058-mus	muscle	
Adu-CMat_059	Adu-CMat_059-mus	muscle	
Adu-CMat_060	Adu-CMat_060-mus	muscle	
Adu-CMat_061	Adu-CMat_061-mus	muscle	
Adu-CMat_062	Adu-CMat_062-mus	muscle	
Adu-CMat_063	Adu-CMat_063-mus	muscle	
Adu-CMat_064	Adu-CMat_064-mus	muscle	
Adu-CMat_065	Adu-CMat_065-mus	muscle	
Adu-CMat_066	Adu-CMat_066-mus	muscle	
Adu-CMat_067	Adu-CMat_067-mus	muscle	
Adu-CMat_068	Adu-CMat_068-mus	muscle	
Adu-CMat_069	Adu-CMat_069-mus	muscle	
Adu-CMat_070	Adu-CMat_070-mus	muscle	
Adu-CMat_071	Adu-CMat_071-mus	muscle	
Adu-CMat_072	Adu-CMat_072-mus	muscle	
Adu-CMat_073	Adu-CMat_073-mus	muscle	
Adu-CMat_074	Adu-CMat_074-mus	muscle	
Adu-CMat_075	Adu-CMat_075-mus	muscle	
Adu-CMat_076	Adu-CMat_076-mus	muscle	
Adu-CMat_077	Adu-CMat_077-mus	muscle	
Adu-CMat_078	Adu-CMat_078-mus	muscle	
Adu-CMat_079	Adu-CMat_079-mus	muscle	
Adu-CMat_080	Adu-CMat_080-mus	muscle	
Adu-CMat_081	Adu-CMat_081-mus	muscle	
Adu-CMat_082	Adu-CMat_082-mus	muscle	
Adu-CMat_083	Adu-CMat_083-mus	muscle	
Adu-CMat_084	Adu-CMat_084-mus	muscle	
Adu-CMat_085	Adu-CMat_085-mus	muscle	
Adu-CMat_086	Adu-CMat_086-mus	muscle	
Adu-CMat_087	Adu-CMat_087-mus	muscle	
Adu-CMat_088	Adu-CMat_088-mus	muscle	
Adu-CMat_089	Adu-CMat_089-mus	muscle	
Adu-CMat_090	Adu-CMat_090-mus	muscle	
Adu-CMat_091	Adu-CMat_091-mus	muscle	
Adu-CMat_092	Adu-CMat_092-mus	muscle	
Adu-CMat_093	Adu-CMat_093-mus	muscle	
Adu-CMat_094	Adu-CMat_094-mus	muscle	
Adu-CMat_095	Adu-CMat_095-mus	muscle	
Adu-CMat_096	Adu-CMat_096-mus	muscle	
Adu-CNar_001	Adu-CNar_001-mus	muscle	
Adu-CNar_002	Adu-CNar_002-mus	muscle	
Adu-CNar_003	Adu-CNar_003-mus	muscle	
Adu-CNar_004	Adu-CNar_004-mus	muscle	
Adu-CNar_005	Adu-CNar_005-mus	muscle	
Adu-CNar_006	Adu-CNar_006-mus	muscle	
Adu-CNar_007	Adu-CNar_007-mus	muscle	
Adu-CNar_008	Adu-CNar_008-mus	muscle	
Adu-CNar_009	Adu-CNar_009-mus	muscle	
Adu-CNar_010	Adu-CNar_010-mus	muscle	
Adu-CNar_011	Adu-CNar_011-mus	muscle	
Adu-CNar_012	Adu-CNar_012-mus	muscle	
Adu-CNar_013	Adu-CNar_013-mus	muscle	
Adu-CNar_014	Adu-CNar_014-mus	muscle	
Adu-CNar_015	Adu-CNar_015-mus	muscle	
Adu-CNar_016	Adu-CNar_016-mus	muscle	
Adu-CNar_017	Adu-CNar_017-mus	muscle	
Adu-CNar_018	Adu-CNar_018-mus	muscle	
Adu-CNar_019	Adu-CNar_019-mus	muscle	
Adu-CNar_020	Adu-CNar_020-mus	muscle	
Adu-CNar_021	Adu-CNar_021-mus	muscle	
Adu-CNar_022	Adu-CNar_022-mus	muscle	
Adu-CNar_023	Adu-CNar_023-mus	muscle	
Adu-CNar_024	Adu-CNar_024-mus	muscle	
Adu-CNar_025	Adu-CNar_025-mus	muscle	
Adu-CNar_026	Adu-CNar_026-mus	muscle	
Adu-CNar_027	Adu-CNar_027-mus	muscle	
Adu-CNar_028	Adu-CNar_028-mus	muscle	
Adu-CNar_029	Adu-CNar_029-mus	muscle	
Adu-CNar_030	Adu-CNar_030-mus	muscle	
Adu-CNar_031	Adu-CNar_031-mus	muscle	
Adu-CNar_032	Adu-CNar_032-mus	muscle	
Adu-CNar_033	Adu-CNar_033-mus	muscle	
Adu-CNar_034	Adu-CNar_034-mus	muscle	
Adu-CNar_035	Adu-CNar_035-mus	muscle	
Adu-CNar_036	Adu-CNar_036-mus	muscle	
Adu-CNar_037	Adu-CNar_037-mus	muscle	
Adu-CNar_038	Adu-CNar_038-mus	muscle	
Adu-CNar_039	Adu-CNar_039-mus	muscle	
Adu-CNar_040	Adu-CNar_040-mus	muscle	
Adu-CNar_041	Adu-CNar_041-mus	muscle	
Adu-CNar_042	Adu-CNar_042-mus	muscle	
Adu-CNar_043	Adu-CNar_043-mus	muscle	
Adu-CNar_044	Adu-CNar_044-mus	muscle	
Adu-CNar_045	Adu-CNar_045-mus	muscle	
Adu-CNar_046	Adu-CNar_046-mus	muscle	
Adu-CNar_047	Adu-CNar_047-mus	muscle	
Adu-CNar_048	Adu-CNar_048-mus	muscle	
Adu-CNar_049	Adu-CNar_049-mus	muscle	
Adu-CNar_050	Adu-CNar_050-mus	muscle	
Adu-CNar_051	Adu-CNar_051-mus	muscle	
Adu-CNar_052	Adu-CNar_052-mus	muscle	
Adu-CNar_053	Adu-CNar_053-mus	muscle	
Adu-CNar_054	Adu-CNar_054-mus	muscle	
Adu-CNar_055	Adu-CNar_055-mus	muscle	
Adu-CNar_056	Adu-CNar_056-mus	muscle	
Adu-CNar_057	Adu-CNar_057-mus	muscle	
Adu-CNar_058	Adu-CNar_058-mus	muscle	
Adu-CNar_059	Adu-CNar_059-mus	muscle	
Adu-CNar_060	Adu-CNar_060-mus	muscle	
Adu-CNar_061	Adu-CNar_061-mus	muscle	
Adu-CNar_062	Adu-CNar_062-mus	muscle	
Adu-CNar_063	Adu-CNar_063-mus	muscle	
Adu-CNar_064	Adu-CNar_064-mus	muscle	
Adu-CNar_065	Adu-CNar_065-mus	muscle	
Adu-CNar_066	Adu-CNar_066-mus	muscle	
Adu-CNar_067	Adu-CNar_067-mus	muscle	
Adu-CNar_068	Adu-CNar_068-mus	muscle	
Adu-CNar_069	Adu-CNar_069-mus	muscle	
Adu-CNar_070	Adu-CNar_070-mus	muscle	
Adu-CNar_071	Adu-CNar_071-mus	muscle	
Adu-CNar_072	Adu-CNar_072-mus	muscle	
Adu-CNar_073	Adu-CNar_073-mus	muscle	
Adu-CNar_074	Adu-CNar_074-mus	muscle	
Adu-CNar_075	Adu-CNar_075-mus	muscle	
Adu-CNar_076	Adu-CNar_076-mus	muscle	
Adu-CNar_077	Adu-CNar_077-mus	muscle	
Adu-CNar_078	Adu-CNar_078-mus	muscle	
Adu-CNar_079	Adu-CNar_079-mus	muscle	
Adu-CNar_080	Adu-CNar_080-mus	muscle	
Adu-CNar_081	Adu-CNar_081-mus	muscle	
Adu-CNar_082	Adu-CNar_082-mus	muscle	
Adu-CNar_083	Adu-CNar_083-mus	muscle	
Adu-CNar_084	Adu-CNar_084-mus	muscle	
Adu-CNar_085	Adu-CNar_085-mus	muscle	
Adu-CNar_086	Adu-CNar_086-mus	muscle	
Adu-CNar_087	Adu-CNar_087-mus	muscle	
Adu-CNar_088	Adu-CNar_088-mus	muscle	
Adu-CNar_089	Adu-CNar_089-mus	muscle	
Adu-CNar_090	Adu-CNar_090-mus	muscle	
Adu-CNar_091	Adu-CNar_091-mus	muscle	
Adu-CNar_092	Adu-CNar_092-mus	muscle	
Adu-CNar_093	Adu-CNar_093-mus	muscle	
Adu-CNar_094	Adu-CNar_094-mus	muscle	
Adu-CNar_095	Adu-CNar_095-mus	muscle	
Adu-CNar_096	Adu-CNar_096-mus	muscle	
Adu-CSub_001	Adu-CSub_001-mus	muscle	
Adu-CSub_002	Adu-CSub_002-mus	muscle	
Adu-CSub_003	Adu-CSub_003-mus	muscle	
Adu-CSub_004	Adu-CSub_004-mus	muscle	
Adu-CSub_005	Adu-CSub_005-mus	muscle	
Adu-CSub_006	Adu-CSub_006-mus	muscle	
Adu-CSub_007	Adu-CSub_007-mus	muscle	
Adu-CSub_008	Adu-CSub_008-mus	muscle	
Adu-CSub_009	Adu-CSub_009-mus	muscle	
Adu-CSub_010	Adu-CSub_010-mus	muscle	
Adu-CSub_011	Adu-CSub_011-mus	muscle	
Adu-CSub_012	Adu-CSub_012-mus	muscle	
Adu-CSub_013	Adu-CSub_013-mus	muscle	
Adu-CSub_014	Adu-CSub_014-mus	muscle	
Adu-CSub_015	Adu-CSub_015-mus	muscle	
Adu-CSub_016	Adu-CSub_016-mus	muscle	
Adu-CSub_017	Adu-CSub_017-mus	muscle	
Adu-CSub_018	Adu-CSub_018-mus	muscle	
Adu-CSub_019	Adu-CSub_019-mus	muscle	
Adu-CSub_020	Adu-CSub_020-mus	muscle	
Adu-CSub_021	Adu-CSub_021-mus	muscle	
Adu-CSub_022	Adu-CSub_022-mus	muscle	
Adu-CSub_023	Adu-CSub_023-mus	muscle	
Adu-CSub_024	Adu-CSub_024-mus	muscle	
Adu-CSub_025	Adu-CSub_025-mus	muscle	
Adu-CSub_026	Adu-CSub_026-mus	muscle	
Adu-CSub_027	Adu-CSub_027-mus	muscle	
Adu-CSub_028	Adu-CSub_028-mus	muscle	
Adu-CSub_029	Adu-CSub_029-mus	muscle	
Adu-CSub_030	Adu-CSub_030-mus	muscle	
Adu-CSub_031	Adu-CSub_031-mus	muscle	
Adu-CSub_032	Adu-CSub_032-mus	muscle	
Adu-CSub_033	Adu-CSub_033-mus	muscle	
Adu-CSub_034	Adu-CSub_034-mus	muscle	
Adu-CSub_035	Adu-CSub_035-mus	muscle	
Adu-CSub_036	Adu-CSub_036-mus	muscle	
Adu-CSub_037	Adu-CSub_037-mus	muscle	
Adu-CSub_038	Adu-CSub_038-mus	muscle	
Adu-CSub_039	Adu-CSub_039-mus	muscle	
Adu-CSub_040	Adu-CSub_040-mus	muscle	
Adu-CSub_041	Adu-CSub_041-mus	muscle	
Adu-CSub_042	Adu-CSub_042-mus	muscle	
Adu-CSub_043	Adu-CSub_043-mus	muscle	
Adu-CSub_044	Adu-CSub_044-mus	muscle	
Adu-CSub_045	Adu-CSub_045-mus	muscle	
Adu-CSub_046	Adu-CSub_046-mus	muscle	
Adu-CSub_047	Adu-CSub_047-mus	muscle	
Adu-CSub_048	Adu-CSub_048-mus	muscle	
Adu-CSub_049	Adu-CSub_049-mus	muscle	
Adu-CSub_050	Adu-CSub_050-mus	muscle	
Adu-CSub_051	Adu-CSub_051-mus	muscle	
Adu-CSub_052	Adu-CSub_052-mus	muscle	
Adu-CSub_053	Adu-CSub_053-mus	muscle	
Adu-CSub_054	Adu-CSub_054-mus	muscle	
Adu-CSub_055	Adu-CSub_055-mus	muscle	
Adu-CSub_056	Adu-CSub_056-mus	muscle	
Adu-CSub_057	Adu-CSub_057-mus	muscle	
Adu-CSub_058	Adu-CSub_058-mus	muscle	
Adu-CSub_059	Adu-CSub_059-mus	muscle	
Adu-CSub_060	Adu-CSub_060-mus	muscle	
Adu-CSub_061	Adu-CSub_061-mus	muscle	
Adu-CSub_062	Adu-CSub_062-mus	muscle	
Adu-CSub_063	Adu-CSub_063-mus	muscle	
Adu-CSub_064	Adu-CSub_064-mus	muscle	
Adu-CSub_065	Adu-CSub_065-mus	muscle	
Adu-CSub_066	Adu-CSub_066-mus	muscle	
Adu-CSub_067	Adu-CSub_067-mus	muscle	
Adu-CSub_068	Adu-CSub_068-mus	muscle	
Adu-CSub_069	Adu-CSub_069-mus	muscle	
Adu-CSub_070	Adu-CSub_070-mus	muscle	
Adu-CSub_071	Adu-CSub_071-mus	muscle	
Adu-CSub_072	Adu-CSub_072-mus	muscle	
Adu-CSub_073	Adu-CSub_073-mus	muscle	
Adu-CSub_074	Adu-CSub_074-mus	muscle	
Adu-CSub_075	Adu-CSub_075-mus	muscle	
Adu-CSub_076	Adu-CSub_076-mus	muscle	
Adu-CSub_077	Adu-CSub_077-mus	muscle	
Adu-CSub_078	Adu-CSub_078-mus	muscle	
Adu-CSub_079	Adu-CSub_079-mus	muscle	
Adu-CSub_080	Adu-CSub_080-mus	muscle	
Adu-CSub_081	Adu-CSub_081-mus	muscle	
Adu-CSub_082	Adu-CSub_082-mus	muscle	
Adu-CSub_083	Adu-CSub_083-mus	muscle	
Adu-CSub_084	Adu-CSub_084-mus	muscle	
Adu-CSub_085	Adu-CSub_085-mus	muscle	
Adu-CSub_086	Adu-CSub_086-mus	muscle	
Adu-CSub_087	Adu-CSub_087-mus	muscle	
Adu-CSub_088	Adu-CSub_088-mus	muscle	
Adu-CSub_089	Adu-CSub_089-mus	muscle	
Adu-CSub_090	Adu-CSub_090-mus	muscle	
Adu-CSub_091	Adu-CSub_091-mus	muscle	
Adu-CSub_092	Adu-CSub_092-mus	muscle	
Adu-CSub_093	Adu-CSub_093-mus	muscle	
Adu-CSub_094	Adu-CSub_094-mus	muscle	
Adu-CSub_095	Adu-CSub_095-mus	muscle	
Adu-CSub_096	Adu-CSub_096-mus	muscle	
Adu-CTag_001	Adu-CTag_001-mus	muscle	
Adu-CTag_002	Adu-CTag_002-mus	muscle	
Adu-CTag_003	Adu-CTag_003-mus	muscle	
Adu-CTag_004	Adu-CTag_004-mus	muscle	
Adu-CTag_005	Adu-CTag_005-mus	muscle	
Adu-CTag_006	Adu-CTag_006-mus	muscle	
Adu-CTag_007	Adu-CTag_007-mus	muscle	
Adu-CTag_008	Adu-CTag_008-mus	muscle	
Adu-CTag_009	Adu-CTag_009-mus	muscle	
Adu-CTag_010	Adu-CTag_010-mus	muscle	
Adu-CTag_011	Adu-CTag_011-mus	muscle	
Adu-CTag_012	Adu-CTag_012-mus	muscle	
Adu-CTag_013	Adu-CTag_013-mus	muscle	
Adu-CTag_014	Adu-CTag_014-mus	muscle	
Adu-CTag_015	Adu-CTag_015-mus	muscle	
Adu-CTag_016	Adu-CTag_016-mus	muscle	
Adu-CTag_017	Adu-CTag_017-mus	muscle	
Adu-CTag_018	Adu-CTag_018-mus	muscle	
Adu-CTag_019	Adu-CTag_019-mus	muscle	
Adu-CTag_020	Adu-CTag_020-mus	muscle	
Adu-CTag_021	Adu-CTag_021-mus	muscle	
Adu-CTag_022	Adu-CTag_022-mus	muscle	
Adu-CTag_023	Adu-CTag_023-mus	muscle	
Adu-CTag_024	Adu-CTag_024-mus	muscle	
Adu-CTag_025	Adu-CTag_025-mus	muscle	
Adu-CTag_026	Adu-CTag_026-mus	muscle	
Adu-CTag_027	Adu-CTag_027-mus	muscle	
Adu-CTag_028	Adu-CTag_028-mus	muscle	
Adu-CTag_029	Adu-CTag_029-mus	muscle	
Adu-CTag_030	Adu-CTag_030-mus	muscle	
Adu-CTag_031	Adu-CTag_031-mus	muscle	
Adu-CTag_032	Adu-CTag_032-mus	muscle	
Adu-CTag_033	Adu-CTag_033-mus	muscle	
Adu-CTag_034	Adu-CTag_034-mus	muscle	
Adu-CTag_035	Adu-CTag_035-mus	muscle	
Adu-CTag_036	Adu-CTag_036-mus	muscle	
Adu-CTag_037	Adu-CTag_037-mus	muscle	
Adu-CTag_038	Adu-CTag_038-mus	muscle	
Adu-CTag_039	Adu-CTag_039-mus	muscle	
Adu-CTag_040	Adu-CTag_040-mus	muscle	
Adu-CTag_041	Adu-CTag_041-mus	muscle	
Adu-CTag_042	Adu-CTag_042-mus	muscle	
Adu-CTag_043	Adu-CTag_043-mus	muscle	
Adu-CTag_044	Adu-CTag_044-mus	muscle	
Adu-CTag_045	Adu-CTag_045-mus	muscle	
Adu-CTag_046	Adu-CTag_046-mus	muscle	
Adu-CTag_047	Adu-CTag_047-mus	muscle	
Adu-CTag_048	Adu-CTag_048-mus	muscle	
Adu-CTag_049	Adu-CTag_049-mus	muscle	
Adu-CTag_050	Adu-CTag_050-mus	muscle	
Adu-CTag_051	Adu-CTag_051-mus	muscle	
Adu-CTag_052	Adu-CTag_052-mus	muscle	
Adu-CTag_053	Adu-CTag_053-mus	muscle	
Adu-CTag_054	Adu-CTag_054-mus	muscle	
Adu-CTag_055	Adu-CTag_055-mus	muscle	
Adu-CTag_056	Adu-CTag_056-mus	muscle	
Adu-CTag_057	Adu-CTag_057-mus	muscle	
Adu-CTag_058	Adu-CTag_058-mus	muscle	
Adu-CTag_059	Adu-CTag_059-mus	muscle	
Adu-CTag_060	Adu-CTag_060-mus	muscle	
Adu-CTag_061	Adu-CTag_061-mus	muscle	
Adu-CTag_062	Adu-CTag_062-mus	muscle	
Adu-CTag_063	Adu-CTag_063-mus	muscle	
Adu-CTag_064	Adu-CTag_064-mus	muscle	
Adu-CTag_065	Adu-CTag_065-mus	muscle	
Adu-CTag_066	Adu-CTag_066-mus	muscle	
Adu-CTag_067	Adu-CTag_067-mus	muscle	
Adu-CTag_068	Adu-CTag_068-mus	muscle	
Adu-CTag_069	Adu-CTag_069-mus	muscle	
Adu-CTag_070	Adu-CTag_070-mus	muscle	
Adu-CTag_071	Adu-CTag_071-mus	muscle	
Adu-CTag_072	Adu-CTag_072-mus	muscle	
Adu-CTag_073	Adu-CTag_073-mus	muscle	
Adu-CTag_074	Adu-CTag_074-mus	muscle	
Adu-CTag_075	Adu-CTag_075-mus	muscle	
Adu-CTag_076	Adu-CTag_076-mus	muscle	
Adu-CTag_077	Adu-CTag_077-mus	muscle	
Adu-CTag_078	Adu-CTag_078-mus	muscle	
Adu-CTag_079	Adu-CTag_079-mus	muscle	
Adu-CTag_080	Adu-CTag_080-mus	muscle	
Adu-CTag_081	Adu-CTag_081-mus	muscle	
Adu-CTag_082	Adu-CTag_082-mus	muscle	
Adu-CTag_083	Adu-CTag_083-mus	muscle	
Adu-CTag_084	Adu-CTag_084-mus	muscle	
Adu-CTag_085	Adu-CTag_085-mus	muscle	
Adu-CTag_086	Adu-CTag_086-mus	muscle	
Adu-CTag_087	Adu-CTag_087-mus	muscle	
Adu-CTag_088	Adu-CTag_088-mus	muscle	
Adu-CTag_089	Adu-CTag_089-mus	muscle	
Adu-CTag_090	Adu-CTag_090-mus	muscle	
Adu-CTag_091	Adu-CTag_091-mus	muscle	
Adu-CTag_092	Adu-CTag_092-mus	muscle	
Adu-CTag_093	Adu-CTag_093-mus	muscle	
Adu-CTag_094	Adu-CTag_094-mus	muscle	
Adu-CTag_095	Adu-CTag_095-mus	muscle	
Adu-CTag_096	Adu-CTag_096-mus	muscle	
Adu-CTaw_001	Adu-CTaw_001-mus	muscle	
Adu-CTaw_002	Adu-CTaw_002-mus	muscle	
Adu-CTaw_003	Adu-CTaw_003-mus	muscle	
Adu-CTaw_004	Adu-CTaw_004-mus	muscle	
Adu-CTaw_005	Adu-CTaw_005-mus	muscle	
Adu-CTaw_006	Adu-CTaw_006-mus	muscle	
Adu-CTaw_007	Adu-CTaw_007-mus	muscle	
Adu-CTaw_008	Adu-CTaw_008-mus	muscle	
Adu-CTaw_009	Adu-CTaw_009-mus	muscle	
Adu-CTaw_010	Adu-CTaw_010-mus	muscle	
Adu-CTaw_011	Adu-CTaw_011-mus	muscle	
Adu-CTaw_012	Adu-CTaw_012-mus	muscle	
Adu-CTaw_013	Adu-CTaw_013-mus	muscle	
Adu-CTaw_014	Adu-CTaw_014-mus	muscle	
Adu-CTaw_015	Adu-CTaw_015-mus	muscle	
Adu-CTaw_016	Adu-CTaw_016-mus	muscle	
Adu-CTaw_017	Adu-CTaw_017-mus	muscle	
Adu-CTaw_018	Adu-CTaw_018-mus	muscle	
Adu-CTaw_019	Adu-CTaw_019-mus	muscle	
Adu-CTaw_020	Adu-CTaw_020-mus	muscle	
Adu-CTaw_021	Adu-CTaw_021-mus	muscle	
Adu-CTaw_022	Adu-CTaw_022-mus	muscle	
Adu-CTaw_023	Adu-CTaw_023-mus	muscle	
Adu-CTaw_024	Adu-CTaw_024-mus	muscle	
Adu-CTaw_025	Adu-CTaw_025-mus	muscle	
Adu-CTaw_026	Adu-CTaw_026-mus	muscle	
Adu-CTaw_027	Adu-CTaw_027-mus	muscle	
Adu-CTaw_028	Adu-CTaw_028-mus	muscle	
Adu-CTaw_029	Adu-CTaw_029-mus	muscle	
Adu-CTaw_030	Adu-CTaw_030-mus	muscle	
Adu-CTaw_031	Adu-CTaw_031-mus	muscle	
Adu-CTaw_032	Adu-CTaw_032-mus	muscle	
Adu-CTaw_033	Adu-CTaw_033-mus	muscle	
Adu-CTaw_034	Adu-CTaw_034-mus	muscle	
Adu-CTaw_035	Adu-CTaw_035-mus	muscle	
Adu-CTaw_036	Adu-CTaw_036-mus	muscle	
Adu-CTaw_037	Adu-CTaw_037-mus	muscle	
Adu-CTaw_038	Adu-CTaw_038-mus	muscle	
Adu-CTaw_039	Adu-CTaw_039-mus	muscle	
Adu-CTaw_040	Adu-CTaw_040-mus	muscle	
Adu-CTaw_041	Adu-CTaw_041-mus	muscle	
Adu-CTaw_042	Adu-CTaw_042-mus	muscle	
Adu-CTaw_043	Adu-CTaw_043-mus	muscle	
Adu-CTaw_044	Adu-CTaw_044-mus	muscle	
Adu-CTaw_045	Adu-CTaw_045-mus	muscle	
Adu-CTaw_046	Adu-CTaw_046-mus	muscle	
Adu-CTaw_047	Adu-CTaw_047-mus	muscle	
Adu-CTaw_048	Adu-CTaw_048-mus	muscle	
Adu-CTaw_049	Adu-CTaw_049-mus	muscle	
Adu-CTaw_050	Adu-CTaw_050-mus	muscle	
Adu-CTaw_051	Adu-CTaw_051-mus	muscle	
Adu-CTaw_052	Adu-CTaw_052-mus	muscle	
Adu-CTaw_053	Adu-CTaw_053-mus	muscle	
Adu-CTaw_054	Adu-CTaw_054-mus	muscle	
Adu-CTaw_055	Adu-CTaw_055-mus	muscle	
Adu-CTaw_056	Adu-CTaw_056-mus	muscle	
Adu-CTaw_057	Adu-CTaw_057-mus	muscle	
Adu-CTaw_058	Adu-CTaw_058-mus	muscle	
Adu-CTaw_059	Adu-CTaw_059-mus	muscle	
Adu-CTaw_060	Adu-CTaw_060-mus	muscle	
Adu-CTaw_061	Adu-CTaw_061-mus	muscle	
Adu-CTaw_062	Adu-CTaw_062-mus	muscle	
Adu-CTaw_063	Adu-CTaw_063-mus	muscle	
Adu-CTaw_064	Adu-CTaw_064-mus	muscle	
Adu-CTaw_065	Adu-CTaw_065-mus	muscle	
Adu-CTaw_066	Adu-CTaw_066-mus	muscle	
Adu-CTaw_067	Adu-CTaw_067-mus	muscle	
Adu-CTaw_068	Adu-CTaw_068-mus	muscle	
Adu-CTaw_069	Adu-CTaw_069-mus	muscle	
Adu-CTaw_070	Adu-CTaw_070-mus	muscle	
Adu-CTaw_071	Adu-CTaw_071-mus	muscle	
Adu-CTaw_072	Adu-CTaw_072-mus	muscle	
Adu-CTaw_073	Adu-CTaw_073-mus	muscle	
Adu-CTaw_074	Adu-CTaw_074-mus	muscle	
Adu-CTaw_075	Adu-CTaw_075-mus	muscle	
Adu-CTaw_076	Adu-CTaw_076-mus	muscle	
Adu-CTaw_077	Adu-CTaw_077-mus	muscle	
Adu-CTaw_078	Adu-CTaw_078-mus	muscle	
Adu-CTaw_079	Adu-CTaw_079-mus	muscle	
Adu-CTaw_080	Adu-CTaw_080-mus	muscle	
Adu-CTaw_081	Adu-CTaw_081-mus	muscle	
Adu-CTaw_082	Adu-CTaw_082-mus	muscle	
Adu-CTaw_083	Adu-CTaw_083-mus	muscle	
Adu-CTaw_084	Adu-CTaw_084-mus	muscle	
Adu-CTaw_085	Adu-CTaw_085-mus	muscle	
Adu-CTaw_086	Adu-CTaw_086-mus	muscle	
Adu-CTaw_087	Adu-CTaw_087-mus	muscle	
Adu-CTaw_088	Adu-CTaw_088-mus	muscle	
Adu-CTaw_089	Adu-CTaw_089-mus	muscle	
Adu-CTaw_090	Adu-CTaw_090-mus	muscle	
Adu-CTaw_091	Adu-CTaw_091-mus	muscle	
Adu-CTaw_092	Adu-CTaw_092-mus	muscle	
Adu-CTaw_093	Adu-CTaw_093-mus	muscle	
Adu-CTaw_094	Adu-CTaw_094-mus	muscle	
Adu-CTaw_095	Adu-CTaw_095-mus	muscle	
Adu-CTaw_096	Adu-CTaw_096-mus	muscle	
Aen-AHam_001	Aen-AHam_001-mus	muscle	
Aen-AHam_002	Aen-AHam_002-mus	muscle	
Aen-AHam_003	Aen-AHam_003-mus	muscle	
Aen-AHam_004	Aen-AHam_004-mus	muscle	
Aen-AHam_005	Aen-AHam_005-mus	muscle	
Aen-AHam_006	Aen-AHam_006-mus	muscle	
Aen-AHam_007	Aen-AHam_007-mus	muscle	
Aen-AHam_008	Aen-AHam_008-mus	muscle	
Aen-AHam_009	Aen-AHam_009-mus	muscle	
Aen-AHam_010	Aen-AHam_010-mus	muscle	
Aen-AHam_011	Aen-AHam_011-mus	muscle	
Aen-AHam_012	Aen-AHam_012-mus	muscle	
Aen-AHam_013	Aen-AHam_013-mus	muscle	
Aen-AHam_014	Aen-AHam_014-mus	muscle	
Aen-AHam_015	Aen-AHam_015-mus	muscle	
Aen-AHam_016	Aen-AHam_016-mus	muscle	
Aen-AHam_017	Aen-AHam_017-mus	muscle	
Aen-AHam_018	Aen-AHam_018-mus	muscle	
Aen-AHam_019	Aen-AHam_019-mus	muscle	
Aen-AHam_020	Aen-AHam_020-mus	muscle	
Aen-AHam_021	Aen-AHam_021-mus	muscle	
Aen-AHam_022	Aen-AHam_022-mus	muscle	
Aen-AHam_023	Aen-AHam_023-mus	muscle	
Aen-AHam_024	Aen-AHam_024-mus	muscle	
Aen-AHam_025	Aen-AHam_025-mus	muscle	
Aen-AHam_026	Aen-AHam_026-mus	muscle	
Aen-AHam_027	Aen-AHam_027-mus	muscle	
Aen-AHam_028	Aen-AHam_028-mus	muscle	
Aen-AHam_029	Aen-AHam_029-mus	muscle	
Aen-AHam_030	Aen-AHam_030-mus	muscle	
Aen-AHam_031	Aen-AHam_031-mus	muscle	
Aen-AHam_032	Aen-AHam_032-mus	muscle	
Aen-AHam_033	Aen-AHam_033-mus	muscle	
Aen-AHam_034	Aen-AHam_034-mus	muscle	
Aen-AHam_035	Aen-AHam_035-mus	muscle	
Aen-AHam_036	Aen-AHam_036-mus	muscle	
Aen-AHam_037	Aen-AHam_037-mus	muscle	
Aen-AHam_038	Aen-AHam_038-mus	muscle	
Aen-AHam_039	Aen-AHam_039-mus	muscle	
Aen-AHam_040	Aen-AHam_040-mus	muscle	
Aen-AHam_041	Aen-AHam_041-mus	muscle	
Aen-AHam_042	Aen-AHam_042-mus	muscle	
Aen-AHam_043	Aen-AHam_043-mus	muscle	
Aen-AHam_044	Aen-AHam_044-mus	muscle	
Aen-AHam_045	Aen-AHam_045-mus	muscle	
Aen-AHam_046	Aen-AHam_046-mus	muscle	
Aen-AHam_047	Aen-AHam_047-mus	muscle	
Aen-AHam_048	Aen-AHam_048-mus	muscle	
Aen-AHam_049	Aen-AHam_049-mus	muscle	
Aen-AHam_050	Aen-AHam_050-mus	muscle	
Aen-AHam_051	Aen-AHam_051-mus	muscle	
Aen-AHam_052	Aen-AHam_052-mus	muscle	
Aen-AHam_053	Aen-AHam_053-mus	muscle	
Aen-AHam_054	Aen-AHam_054-mus	muscle	
Aen-AHam_055	Aen-AHam_055-mus	muscle	
Aen-AHam_056	Aen-AHam_056-mus	muscle	
Aen-AHam_057	Aen-AHam_057-mus	muscle	
Aen-AHam_058	Aen-AHam_058-mus	muscle	
Aen-AHam_059	Aen-AHam_059-mus	muscle	
Aen-AHam_060	Aen-AHam_060-mus	muscle	
Aen-ALin_002	Aen-ALin_002-mus	muscle	
Aen-AMvi_001	Aen-AMvi_001-mus	muscle	
Aen-AMvi_002	Aen-AMvi_002-mus	muscle	
Aen-AMvi_003	Aen-AMvi_003-mus	muscle	
Aen-CBat_001	Aen-CBat_001-mus	muscle	
Aen-CBat_002	Aen-CBat_002-mus	muscle	
Aen-CBat_003	Aen-CBat_003-mus	muscle	
Aen-CBat_004	Aen-CBat_004-mus	muscle	
Aen-CBat_005	Aen-CBat_005-mus	muscle	
Aen-CBat_006	Aen-CBat_006-mus	muscle	
Aen-CBat_007	Aen-CBat_007-mus	muscle	
Aen-CBat_008	Aen-CBat_008-mus	muscle	
Aen-CBat_009	Aen-CBat_009-mus	muscle	
Aen-CBat_010	Aen-CBat_010-mus	muscle	
Aen-CBat_011	Aen-CBat_011-mus	muscle	
Aen-CBat_012	Aen-CBat_012-mus	muscle	
Aen-CBat_013	Aen-CBat_013-mus	muscle	
Aen-CBat_014	Aen-CBat_014-mus	muscle	
Aen-CBat_015	Aen-CBat_015-mus	muscle	
Aen-CBat_016	Aen-CBat_016-mus	muscle	
Aen-CBat_017	Aen-CBat_017-mus	muscle	
Aen-CBat_018	Aen-CBat_018-mus	muscle	
Aen-CBat_019	Aen-CBat_019-mus	muscle	
Aen-CBat_020	Aen-CBat_020-mus	muscle	
Aen-CBat_021	Aen-CBat_021-mus	muscle	
Aen-CBat_022	Aen-CBat_022-mus	muscle	
Aen-CBat_023	Aen-CBat_023-mus	muscle	
Aen-CBat_024	Aen-CBat_024-mus	muscle	
Aen-CBat_025	Aen-CBat_025-mus	muscle	
Aen-CBat_026	Aen-CBat_026-mus	muscle	
Aen-CBat_027	Aen-CBat_027-mus	muscle	
Aen-CBat_028	Aen-CBat_028-mus	muscle	
Aen-CBat_029	Aen-CBat_029-mus	muscle	
Aen-CBat_030	Aen-CBat_030-mus	muscle	
Aen-CBat_031	Aen-CBat_031-mus	muscle	
Aen-CBat_032	Aen-CBat_032-mus	muscle	
Aen-CBat_033	Aen-CBat_033-mus	muscle	
Aen-CBat_034	Aen-CBat_034-mus	muscle	
Aen-CBat_035	Aen-CBat_035-mus	muscle	
Aen-CBat_036	Aen-CBat_036-mus	muscle	
Aen-CBat_037	Aen-CBat_037-mus	muscle	
Aen-CBat_038	Aen-CBat_038-mus	muscle	
Aen-CBat_039	Aen-CBat_039-mus	muscle	
Aen-CBat_040	Aen-CBat_040-mus	muscle	
Aen-CBat_041	Aen-CBat_041-mus	muscle	
Aen-CBat_042	Aen-CBat_042-mus	muscle	
Aen-CBat_043	Aen-CBat_043-mus	muscle	
Aen-CBat_044	Aen-CBat_044-mus	muscle	
Aen-CBat_045	Aen-CBat_045-mus	muscle	
Aen-CBat_046	Aen-CBat_046-mus	muscle	
Aen-CBat_047	Aen-CBat_047-mus	muscle	
Aen-CBat_048	Aen-CBat_048-mus	muscle	
Aen-CBat_049	Aen-CBat_049-mus	muscle	
Aen-CBat_050	Aen-CBat_050-mus	muscle	
Aen-CBat_051	Aen-CBat_051-mus	muscle	
Aen-CBat_052	Aen-CBat_052-mus	muscle	
Aen-CBat_053	Aen-CBat_053-mus	muscle	
Aen-CBat_054	Aen-CBat_054-mus	muscle	
Aen-CBat_055	Aen-CBat_055-mus	muscle	
Aen-CBat_056	Aen-CBat_056-mus	muscle	
Aen-CBat_057	Aen-CBat_057-mus	muscle	
Aen-CBat_058	Aen-CBat_058-mus	muscle	
Aen-CBat_059	Aen-CBat_059-mus	muscle	
Aen-CBat_060	Aen-CBat_060-mus	muscle	
Aen-CBat_061	Aen-CBat_061-mus	muscle	
Aen-CBat_062	Aen-CBat_062-mus	muscle	
Aen-CBat_063	Aen-CBat_063-mus	muscle	
Aen-CBat_064	Aen-CBat_064-mus	muscle	
Aen-CBat_065	Aen-CBat_065-mus	muscle	
Aen-CBat_066	Aen-CBat_066-mus	muscle	
Aen-CBat_067	Aen-CBat_067-mus	muscle	
Aen-CBat_068	Aen-CBat_068-mus	muscle	
Aen-CBat_069	Aen-CBat_069-mus	muscle	
Aen-CBat_070	Aen-CBat_070-mus	muscle	
Aen-CBat_071	Aen-CBat_071-mus	muscle	
Aen-CBat_072	Aen-CBat_072-mus	muscle	
Aen-CBat_073	Aen-CBat_073-mus	muscle	
Aen-CBat_074	Aen-CBat_074-mus	muscle	
Aen-CBat_075	Aen-CBat_075-mus	muscle	
Aen-CBat_076	Aen-CBat_076-mus	muscle	
Aen-CBat_077	Aen-CBat_077-mus	muscle	
Aen-CBat_078	Aen-CBat_078-mus	muscle	
Aen-CBat_079	Aen-CBat_079-mus	muscle	
Aen-CBat_080	Aen-CBat_080-mus	muscle	
Aen-CBat_081	Aen-CBat_081-mus	muscle	
Aen-CBat_082	Aen-CBat_082-mus	muscle	
Aen-CBat_083	Aen-CBat_083-mus	muscle	
Aen-CBat_084	Aen-CBat_084-mus	muscle	
Aen-CBat_085	Aen-CBat_085-mus	muscle	
Aen-CBat_086	Aen-CBat_086-mus	muscle	
Aen-CBat_087	Aen-CBat_087-mus	muscle	
Aen-CBat_088	Aen-CBat_088-mus	muscle	
Aen-CBat_089	Aen-CBat_089-mus	muscle	
Aen-CBat_090	Aen-CBat_090-mus	muscle	
Aen-CBat_091	Aen-CBat_091-mus	muscle	
Aen-CBat_092	Aen-CBat_092-mus	muscle	
Aen-CBat_093	Aen-CBat_093-mus	muscle	
Aen-CBat_094	Aen-CBat_094-mus	muscle	
Aen-CBat_095	Aen-CBat_095-mus	muscle	
Aen-CBat_096	Aen-CBat_096-mus	muscle	
Aur-APag_001	Aur-APag_001-mus	muscle	
Aur-APag_002	Aur-APag_002-mus	muscle	
Aur-APag_003	Aur-APag_003-mus	muscle	
Aur-APag_004	Aur-APag_004-mus	muscle	
Aur-APag_005	Aur-APag_005-mus	muscle	
Aur-APag_006	Aur-APag_006-mus	muscle	
Aur-APag_007	Aur-APag_007-mus	muscle	
Aur-APag_008	Aur-APag_008-mus	muscle	
Aur-APag_009	Aur-APag_009-mus	muscle	
Aur-APag_010	Aur-APag_010-mus	muscle	
Aur-APag_011	Aur-APag_011-mus	muscle	
Aur-APag_012	Aur-APag_012-mus	muscle	
Aur-APag_013	Aur-APag_013-mus	muscle	
Aur-APag_014	Aur-APag_014-mus	muscle	
Aur-APag_015	Aur-APag_015-mus	muscle	
Aur-APag_016	Aur-APag_016-mus	muscle	
Aur-APag_017	Aur-APag_017-mus	muscle	
Aur-APag_018	Aur-APag_018-mus	muscle	
Aur-APag_019	Aur-APag_019-mus	muscle	
Aur-APag_020	Aur-APag_020-mus	muscle	
Aur-APag_021	Aur-APag_021-mus	muscle	
Aur-APag_022	Aur-APag_022-mus	muscle	
Aur-APag_023	Aur-APag_023-mus	muscle	
Aur-APag_024	Aur-APag_024-mus	muscle	
Aur-APag_025	Aur-APag_025-mus	muscle	
Aur-APag_026	Aur-APag_026-mus	muscle	
Aur-APag_027	Aur-APag_027-mus	muscle	
Aur-APag_028	Aur-APag_028-mus	muscle	
Aur-APag_029	Aur-APag_029-mus	muscle	
Aur-APag_030	Aur-APag_030-mus	muscle	
Aur-APag_031	Aur-APag_031-mus	muscle	
Aur-APag_032	Aur-APag_032-mus	muscle	
Aur-APag_033	Aur-APag_033-mus	muscle	
Aur-APag_034	Aur-APag_034-mus	muscle	
Aur-APag_035	Aur-APag_035-mus	muscle	
Aur-APag_036	Aur-APag_036-mus	muscle	
Aur-APag_037	Aur-APag_037-mus	muscle	
Aur-APag_038	Aur-APag_038-mus	muscle	
Aur-APag_039	Aur-APag_039-mus	muscle	
Aur-APag_040	Aur-APag_040-mus	muscle	
Aur-APag_041	Aur-APag_041-mus	muscle	
Aur-APag_042	Aur-APag_042-mus	muscle	
Aur-APnb_001	Aur-APnb_001-mus	muscle	
Aur-APnb_002	Aur-APnb_002-mus	muscle	
Aur-APnb_003	Aur-APnb_003-mus	muscle	
Aur-APnb_004	Aur-APnb_004-mus	muscle	
Aur-APnb_005	Aur-APnb_005-mus	muscle	
Aur-APnb_006	Aur-APnb_006-mus	muscle	
Aur-APnb_007	Aur-APnb_007-mus	muscle	
Aur-APnb_008	Aur-APnb_008-mus	muscle	
Aur-APnb_009	Aur-APnb_009-mus	muscle	
Aur-APnb_010	Aur-APnb_010-mus	muscle	
Aur-APnb_011	Aur-APnb_011-mus	muscle	
Aur-APnb_012	Aur-APnb_012-mus	muscle	
Aur-APnb_013	Aur-APnb_013-mus	muscle	
Aur-APnb_014	Aur-APnb_014-mus	muscle	
Aur-APnb_015	Aur-APnb_015-mus	muscle	
Aur-APnb_016	Aur-APnb_016-mus	muscle	
Aur-APnb_017	Aur-APnb_017-mus	muscle	
Aur-APnb_018	Aur-APnb_018-mus	muscle	
Aur-APnb_019	Aur-APnb_019-mus	muscle	
Aur-APnb_020	Aur-APnb_020-mus	muscle	
Aur-APnb_021	Aur-APnb_021-mus	muscle	
Aur-APnb_022	Aur-APnb_022-mus	muscle	
Aur-APnb_023	Aur-APnb_023-mus	muscle	
Aur-APnb_024	Aur-APnb_024-mus	muscle	
Aur-APnb_025	Aur-APnb_025-mus	muscle	
Aur-APnb_026	Aur-APnb_026-mus	muscle	
Aur-ARag_001	Aur-ARag_001-mus	muscle	
Aur-ARag_002	Aur-ARag_002-mus	muscle	
Aur-ARag_003	Aur-ARag_003-mus	muscle	
Aur-ARag_004	Aur-ARag_004-mus	muscle	
Aur-ARag_005	Aur-ARag_005-mus	muscle	
Aur-ARag_006	Aur-ARag_006-mus	muscle	
Aur-ARag_007	Aur-ARag_007-mus	muscle	
Aur-ARag_008	Aur-ARag_008-mus	muscle	
Aur-ARag_009	Aur-ARag_009-mus	muscle	
Aur-ARag_010	Aur-ARag_010-mus	muscle	
Aur-ARag_011	Aur-ARag_011-mus	muscle	
Aur-ARag_012	Aur-ARag_012-mus	muscle	
Aur-ARag_013	Aur-ARag_013-mus	muscle	
Aur-ARag_014	Aur-ARag_014-mus	muscle	
Aur-ARag_015	Aur-ARag_015-mus	muscle	
Aur-ARag_016	Aur-ARag_016-mus	muscle	
Aur-ARag_017	Aur-ARag_017-mus	muscle	
Aur-ARag_018	Aur-ARag_018-mus	muscle	
Aur-ARag_019	Aur-ARag_019-mus	muscle	
Aur-ARag_020	Aur-ARag_020-mus	muscle	
Aur-ARag_021	Aur-ARag_021-mus	muscle	
Aur-ARag_022	Aur-ARag_022-mus	muscle	
Aur-ARag_023	Aur-ARag_023-mus	muscle	
Aur-ARag_024	Aur-ARag_024-mus	muscle	
Aur-ARag_025	Aur-ARag_025-mus	muscle	
Aur-ARag_026	Aur-ARag_026-mus	muscle	
Aur-ARag_027	Aur-ARag_027-mus	muscle	
Aur-ARag_028	Aur-ARag_028-mus	muscle	
Aur-ARag_029	Aur-ARag_029-mus	muscle	
Aur-ARag_030	Aur-ARag_030-mus	muscle	
Aur-ARag_031	Aur-ARag_031-mus	muscle	
Aur-ARag_032	Aur-ARag_032-mus	muscle	
Aur-ARag_033	Aur-ARag_033-mus	muscle	
Aur-ARag_034	Aur-ARag_034-mus	muscle	
Aur-ARag_035	Aur-ARag_035-mus	muscle	
Aur-ARag_036	Aur-ARag_036-mus	muscle	
Aur-ARag_037	Aur-ARag_037-mus	muscle	
Aur-ARag_038	Aur-ARag_038-mus	muscle	
Aur-ARag_039	Aur-ARag_039-mus	muscle	
Aur-ARag_040	Aur-ARag_040-mus	muscle	
Aur-ARag_041	Aur-ARag_041-mus	muscle	
Aur-ARag_042	Aur-ARag_042-mus	muscle	
Aur-ARag_043	Aur-ARag_043-mus	muscle	
Aur-ARag_044	Aur-ARag_044-mus	muscle	
Aur-ARag_045	Aur-ARag_045-mus	muscle	
Aur-ARag_046	Aur-ARag_046-mus	muscle	
Aur-ARag_047	Aur-ARag_047-mus	muscle	
Aur-ARag_048	Aur-ARag_048-mus	muscle	
Aur-ARag_049	Aur-ARag_049-mus	muscle	
Aur-AVic_001	Aur-AVic_001-mus	muscle	
Aur-AVic_002	Aur-AVic_002-mus	muscle	
Aur-AVic_003	Aur-AVic_003-mus	muscle	
Aur-AVic_004	Aur-AVic_004-mus	muscle	
Aur-AVic_005	Aur-AVic_005-mus	muscle	
Aur-AVic_006	Aur-AVic_006-mus	muscle	
Aur-AVic_007	Aur-AVic_007-mus	muscle	
Aur-AVic_008	Aur-AVic_008-mus	muscle	
Aur-AVic_009	Aur-AVic_009-mus	muscle	
Aur-AVic_010	Aur-AVic_010-mus	muscle	
Aur-AVic_011	Aur-AVic_011-mus	muscle	
Aur-AVic_012	Aur-AVic_012-mus	muscle	
Aur-AVic_013	Aur-AVic_013-mus	muscle	
Aur-AVic_014	Aur-AVic_014-mus	muscle	
Aur-AVic_015	Aur-AVic_015-mus	muscle	
Aur-AVic_016	Aur-AVic_016-mus	muscle	
Aur-AVic_017	Aur-AVic_017-mus	muscle	
Aur-AVic_018	Aur-AVic_018-mus	muscle	
Aur-AVic_019	Aur-AVic_019-mus	muscle	
Aur-AVic_020	Aur-AVic_020-mus	muscle	
Aur-AVic_021	Aur-AVic_021-mus	muscle	
Aur-AVic_022	Aur-AVic_022-mus	muscle	
Aur-AVic_023	Aur-AVic_023-mus	muscle	
Aur-AVic_024	Aur-AVic_024-mus	muscle	
Aur-AVic_025	Aur-AVic_025-mus	muscle	
Aur-AVic_026	Aur-AVic_026-mus	muscle	
Aur-AVic_027	Aur-AVic_027-mus	muscle	
Aur-AVic_028	Aur-AVic_028-mus	muscle	
Aur-AVic_029	Aur-AVic_029-mus	muscle	
Aur-AVic_030	Aur-AVic_030-mus	muscle	
Aur-AVic_031	Aur-AVic_031-mus	muscle	
Aur-AVic_032	Aur-AVic_032-mus	muscle	
Aur-AVic_033	Aur-AVic_033-mus	muscle	
Aur-AVic_034	Aur-AVic_034-mus	muscle	
Aur-AVic_035	Aur-AVic_035-mus	muscle	
Aur-AVic_036	Aur-AVic_036-mus	muscle	
Aur-AVic_037	Aur-AVic_037-mus	muscle	
Aur-AVic_038	Aur-AVic_038-mus	muscle	
Aur-AVic_039	Aur-AVic_039-mus	muscle	
Aur-AVic_040	Aur-AVic_040-mus	muscle	
Aur-AVic_041	Aur-AVic_041-mus	muscle	
Aur-AVic_042	Aur-AVic_042-mus	muscle	
Aur-AVic_043	Aur-AVic_043-mus	muscle	
Aur-AVic_044	Aur-AVic_044-mus	muscle	
Aur-AVic_045	Aur-AVic_045-mus	muscle	
Aur-CHam_001	Aur-CHam_001-mus	muscle	
Aur-CHam_002	Aur-CHam_002-mus	muscle	
Aur-CHam_003	Aur-CHam_003-mus	muscle	
Aur-CHam_004	Aur-CHam_004-mus	muscle	
Aur-CHam_005	Aur-CHam_005-mus	muscle	
Aur-CHam_006	Aur-CHam_006-mus	muscle	
Aur-CHam_007	Aur-CHam_007-mus	muscle	
Aur-CHam_008	Aur-CHam_008-mus	muscle	
Aur-CHam_009	Aur-CHam_009-mus	muscle	
Aur-CHam_010	Aur-CHam_010-mus	muscle	
Aur-CHam_011	Aur-CHam_011-mus	muscle	
Aur-CHam_012	Aur-CHam_012-mus	muscle	
Aur-CHam_013	Aur-CHam_013-mus	muscle	
Aur-CHam_014	Aur-CHam_014-mus	muscle	
Aur-CHam_015	Aur-CHam_015-mus	muscle	
Aur-CHam_016	Aur-CHam_016-mus	muscle	
Aur-CHam_017	Aur-CHam_017-mus	muscle	
Aur-CHam_018	Aur-CHam_018-mus	muscle	
Aur-CHam_019	Aur-CHam_019-mus	muscle	
Aur-CHam_020	Aur-CHam_020-mus	muscle	
Aur-CHam_021	Aur-CHam_021-mus	muscle	
Aur-CHam_022	Aur-CHam_022-mus	muscle	
Aur-CHam_023	Aur-CHam_023-mus	muscle	
Aur-CHam_024	Aur-CHam_024-mus	muscle	
Aur-CHam_025	Aur-CHam_025-mus	muscle	
Aur-CHam_026	Aur-CHam_026-mus	muscle	
Aur-CHam_027	Aur-CHam_027-mus	muscle	
Aur-CHam_028	Aur-CHam_028-mus	muscle	
Aur-CHam_029	Aur-CHam_029-mus	muscle	
Aur-CHam_030	Aur-CHam_030-mus	muscle	
Aur-CHam_031	Aur-CHam_031-mus	muscle	
Aur-CHam_032	Aur-CHam_032-mus	muscle	
Aur-CHam_033	Aur-CHam_033-mus	muscle	
Aur-CHam_034	Aur-CHam_034-mus	muscle	
Aur-CHam_035	Aur-CHam_035-mus	muscle	
Aur-CHam_036	Aur-CHam_036-mus	muscle	
Aur-CHam_037	Aur-CHam_037-mus	muscle	
Aur-CHam_038	Aur-CHam_038-mus	muscle	
Aur-CHam_039	Aur-CHam_039-mus	muscle	
Aur-CHam_040	Aur-CHam_040-mus	muscle	
Aur-CHam_041	Aur-CHam_041-mus	muscle	
Aur-CHam_042	Aur-CHam_042-mus	muscle	
Aur-CHam_043	Aur-CHam_043-mus	muscle	
Aur-CHam_044	Aur-CHam_044-mus	muscle	
Aur-CHam_045	Aur-CHam_045-mus	muscle	
Aur-CHam_046	Aur-CHam_046-mus	muscle	
Aur-CHam_047	Aur-CHam_047-mus	muscle	
Aur-CHam_048	Aur-CHam_048-mus	muscle	
Aur-CHam_049	Aur-CHam_049-mus	muscle	
Aur-CHam_050	Aur-CHam_050-mus	muscle	
Aur-CHam_051	Aur-CHam_051-mus	muscle	
Aur-CHam_052	Aur-CHam_052-mus	muscle	
Aur-CHam_053	Aur-CHam_053-mus	muscle	
Aur-CHam_054	Aur-CHam_054-mus	muscle	
Aur-CHam_055	Aur-CHam_055-mus	muscle	
Aur-CHam_056	Aur-CHam_056-mus	muscle	
Aur-CHam_057	Aur-CHam_057-mus	muscle	
Aur-CHam_058	Aur-CHam_058-mus	muscle	
Aur-CHam_059	Aur-CHam_059-mus	muscle	
Aur-CHam_060	Aur-CHam_060-mus	muscle	
Aur-CHam_061	Aur-CHam_061-mus	muscle	
Aur-CHam_062	Aur-CHam_062-mus	muscle	
Aur-CHam_063	Aur-CHam_063-mus	muscle	
Aur-CHam_064	Aur-CHam_064-mus	muscle	
Aur-CHam_065	Aur-CHam_065-mus	muscle	
Aur-CHam_066	Aur-CHam_066-mus	muscle	
Aur-CHam_067	Aur-CHam_067-mus	muscle	
Aur-CHam_068	Aur-CHam_068-mus	muscle	
Aur-CHam_069	Aur-CHam_069-mus	muscle	
Aur-CHam_070	Aur-CHam_070-mus	muscle	
Aur-CHam_071	Aur-CHam_071-mus	muscle	
Aur-CHam_072	Aur-CHam_072-mus	muscle	
Aur-CHam_073	Aur-CHam_073-mus	muscle	
Aur-CHam_074	Aur-CHam_074-mus	muscle	
Aur-CHam_075	Aur-CHam_075-mus	muscle	
Aur-CHam_076	Aur-CHam_076-mus	muscle	
Aur-CHam_077	Aur-CHam_077-mus	muscle	
Aur-CHam_078	Aur-CHam_078-mus	muscle	
Aur-CHam_079	Aur-CHam_079-mus	muscle	
Aur-CHam_080	Aur-CHam_080-mus	muscle	
Aur-CHam_081	Aur-CHam_081-mus	muscle	
Aur-CHam_082	Aur-CHam_082-mus	muscle	
Aur-CHam_083	Aur-CHam_083-mus	muscle	
Aur-CHam_084	Aur-CHam_084-mus	muscle	
Aur-CHam_085	Aur-CHam_085-mus	muscle	
Aur-CHam_086	Aur-CHam_086-mus	muscle	
Aur-CHam_087	Aur-CHam_087-mus	muscle	
Aur-CHam_088	Aur-CHam_088-mus	muscle	
Aur-CHam_089	Aur-CHam_089-mus	muscle	
Aur-CHam_090	Aur-CHam_090-mus	muscle	
Aur-CHam_091	Aur-CHam_091-mus	muscle	
Aur-CHam_092	Aur-CHam_092-mus	muscle	
Aur-CHam_093	Aur-CHam_093-mus	muscle	
Aur-CHam_094	Aur-CHam_094-mus	muscle	
Aur-CHam_095	Aur-CHam_095-mus	muscle	
Aur-CHam_096	Aur-CHam_096-mus	muscle	
Aur-CPas_001	Aur-CPas_001-mus	muscle	
Aur-CPas_002	Aur-CPas_002-mus	muscle	
Aur-CPas_003	Aur-CPas_003-mus	muscle	
Aur-CPas_004	Aur-CPas_004-mus	muscle	
Aur-CPas_005	Aur-CPas_005-mus	muscle	
Aur-CPas_006	Aur-CPas_006-mus	muscle	
Aur-CPas_007	Aur-CPas_007-mus	muscle	
Aur-CPas_008	Aur-CPas_008-mus	muscle	
Aur-CPas_009	Aur-CPas_009-mus	muscle	
Aur-CPas_010	Aur-CPas_010-mus	muscle	
Aur-CPas_011	Aur-CPas_011-mus	muscle	
Aur-CPas_012	Aur-CPas_012-mus	muscle	
Aur-CPas_013	Aur-CPas_013-mus	muscle	
Aur-CPas_014	Aur-CPas_014-mus	muscle	
Aur-CPas_015	Aur-CPas_015-mus	muscle	
Aur-CPas_016	Aur-CPas_016-mus	muscle	
Aur-CPas_017	Aur-CPas_017-mus	muscle	
Aur-CPas_018	Aur-CPas_018-mus	muscle	
Aur-CPas_019	Aur-CPas_019-mus	muscle	
Aur-CPas_020	Aur-CPas_020-mus	muscle	
Aur-CPas_021	Aur-CPas_021-mus	muscle	
Aur-CPas_022	Aur-CPas_022-mus	muscle	
Aur-CPas_023	Aur-CPas_023-mus	muscle	
Aur-CRag_001	Aur-CRag_001-mus	muscle	
Aur-CRag_002	Aur-CRag_002-mus	muscle	
Aur-CRag_003	Aur-CRag_003-mus	muscle	
Aur-CRag_004	Aur-CRag_004-mus	muscle	
Aur-CRag_005	Aur-CRag_005-mus	muscle	
Aur-CRag_006	Aur-CRag_006-mus	muscle	
Aur-CRag_007	Aur-CRag_007-mus	muscle	
Aur-CRag_008	Aur-CRag_008-mus	muscle	
Aur-CRag_009	Aur-CRag_009-mus	muscle	
Aur-CRag_010	Aur-CRag_010-mus	muscle	
Aur-CRag_011	Aur-CRag_011-mus	muscle	
Aur-CRag_012	Aur-CRag_012-mus	muscle	
Aur-CRag_013	Aur-CRag_013-mus	muscle	
Aur-CRag_014	Aur-CRag_014-mus	muscle	
Aur-CRag_015	Aur-CRag_015-mus	muscle	
Aur-CRag_016	Aur-CRag_016-mus	muscle	
Aur-CRag_017	Aur-CRag_017-mus	muscle	
Aur-CRag_018	Aur-CRag_018-mus	muscle	
Aur-CRag_019	Aur-CRag_019-mus	muscle	
Aur-CRag_020	Aur-CRag_020-mus	muscle	
Aur-CRag_021	Aur-CRag_021-mus	muscle	
Aur-CRag_022	Aur-CRag_022-mus	muscle	
Aur-CRag_023	Aur-CRag_023-mus	muscle	
Aur-CRag_024	Aur-CRag_024-mus	muscle	
Aur-CRag_025	Aur-CRag_025-mus	muscle	
Aur-CRag_026	Aur-CRag_026-mus	muscle	
Aur-CRag_027	Aur-CRag_027-mus	muscle	
Aur-CRag_028	Aur-CRag_028-mus	muscle	
Aur-CRag_029	Aur-CRag_029-mus	muscle	
Aur-CRag_030	Aur-CRag_030-mus	muscle	
Aur-CRag_031	Aur-CRag_031-mus	muscle	
Aur-CRag_032	Aur-CRag_032-mus	muscle	
Aur-CRag_033	Aur-CRag_033-mus	muscle	
Aur-CRag_034	Aur-CRag_034-mus	muscle	
Aur-CRag_035	Aur-CRag_035-mus	muscle	
Aur-CRag_036	Aur-CRag_036-mus	muscle	
Aur-CRag_037	Aur-CRag_037-mus	muscle	
Aur-CRag_038	Aur-CRag_038-mus	muscle	
Aur-CRag_039	Aur-CRag_039-mus	muscle	
Aur-CRag_040	Aur-CRag_040-mus	muscle	
Aur-CRag_041	Aur-CRag_041-mus	muscle	
Aur-CRag_042	Aur-CRag_042-mus	muscle	
Aur-CRag_043	Aur-CRag_043-mus	muscle	
Aur-CRag_044	Aur-CRag_044-mus	muscle	
Aur-CRag_045	Aur-CRag_045-mus	muscle	
Aur-CRag_046	Aur-CRag_046-mus	muscle	
Aur-CRag_047	Aur-CRag_047-mus	muscle	
Aur-CRag_048	Aur-CRag_048-mus	muscle	
Aur-CRag_049	Aur-CRag_049-mus	muscle	
Aur-CRag_050	Aur-CRag_050-mus	muscle	
Aur-CRag_051	Aur-CRag_051-mus	muscle	
Aur-CRag_052	Aur-CRag_052-mus	muscle	
Aur-CRag_053	Aur-CRag_053-mus	muscle	
Aur-CRag_054	Aur-CRag_054-mus	muscle	
Aur-CRag_055	Aur-CRag_055-mus	muscle	
Aur-CRag_056	Aur-CRag_056-mus	muscle	
Aur-CRag_057	Aur-CRag_057-mus	muscle	
Aur-CRag_058	Aur-CRag_058-mus	muscle	
Aur-CRag_059	Aur-CRag_059-mus	muscle	
Aur-CRag_060	Aur-CRag_060-mus	muscle	
Aur-CRag_061	Aur-CRag_061-mus	muscle	
Aur-CRag_062	Aur-CRag_062-mus	muscle	
Aur-CRag_063	Aur-CRag_063-mus	muscle	
Aur-CRag_064	Aur-CRag_064-mus	muscle	
Aur-CRag_065	Aur-CRag_065-mus	muscle	
Aur-CRag_066	Aur-CRag_066-mus	muscle	
Aur-CRag_067	Aur-CRag_067-mus	muscle	
Aur-CRag_068	Aur-CRag_068-mus	muscle	
Aur-CRag_069	Aur-CRag_069-mus	muscle	
Aur-CRag_070	Aur-CRag_070-mus	muscle	
Aur-CRag_071	Aur-CRag_071-mus	muscle	
Aur-CRag_072	Aur-CRag_072-mus	muscle	
Aur-CRag_073	Aur-CRag_073-mus	muscle	
Aur-CRag_074	Aur-CRag_074-mus	muscle	
Aur-CRag_075	Aur-CRag_075-mus	muscle	
Aur-CRag_076	Aur-CRag_076-mus	muscle	
Aur-CRag_077	Aur-CRag_077-mus	muscle	
Aur-CRag_078	Aur-CRag_078-mus	muscle	
Aur-CRag_079	Aur-CRag_079-mus	muscle	
Aur-CRag_080	Aur-CRag_080-mus	muscle	
Aur-CRag_081	Aur-CRag_081-mus	muscle	
Aur-CRag_082	Aur-CRag_082-mus	muscle	
Aur-CRag_083	Aur-CRag_083-mus	muscle	
Aur-CRag_084	Aur-CRag_084-mus	muscle	
Aur-CRag_085	Aur-CRag_085-mus	muscle	
Aur-CRag_086	Aur-CRag_086-mus	muscle	
Aur-CRag_087	Aur-CRag_087-mus	muscle	
Aur-CRag_088	Aur-CRag_088-mus	muscle	
Aur-CRag_089	Aur-CRag_089-mus	muscle	
Aur-CRag_090	Aur-CRag_090-mus	muscle	
Aur-CRag_091	Aur-CRag_091-mus	muscle	
Aur-CRag_092	Aur-CRag_092-mus	muscle	
Aur-CRag_093	Aur-CRag_093-mus	muscle	
Aur-CRag_094	Aur-CRag_094-mus	muscle	
Aur-CRag_095	Aur-CRag_095-mus	muscle	
Aur-CRag_096	Aur-CRag_096-mus	muscle	
Ava-AHin_001	Ava-AHin_001-mus	muscle	
Ava-AHin_002	Ava-AHin_002-mus	muscle	
Ava-AHin_003	Ava-AHin_003-mus	muscle	
Ava-AHin_004	Ava-AHin_004-mus	muscle	
Ava-AHin_005	Ava-AHin_005-mus	muscle	
Ava-AHin_006	Ava-AHin_006-mus	muscle	
Ava-AHin_007	Ava-AHin_007-mus	muscle	
Ava-AHin_008	Ava-AHin_008-mus	muscle	
Ava-AHin_009	Ava-AHin_009-mus	muscle	
Ava-AHin_010	Ava-AHin_010-mus	muscle	
Ava-AHin_011	Ava-AHin_011-mus	muscle	
Ava-AHin_012	Ava-AHin_012-mus	muscle	
Ava-AHin_013	Ava-AHin_013-mus	muscle	
Ava-AHin_014	Ava-AHin_014-mus	muscle	
Ava-AHin_015	Ava-AHin_015-mus	muscle	
Ava-AHin_016	Ava-AHin_016-mus	muscle	
Ava-AHin_017	Ava-AHin_017-mus	muscle	
Ava-AHin_018	Ava-AHin_018-mus	muscle	
Ava-AHin_019	Ava-AHin_019-mus	muscle	
Ava-AHin_020	Ava-AHin_020-mus	muscle	
Ava-AHin_021	Ava-AHin_021-mus	muscle	
Ava-AHin_022	Ava-AHin_022-mus	muscle	
Ava-AHin_023	Ava-AHin_023-mus	muscle	
Ava-AHin_024	Ava-AHin_024-mus	muscle	
Ava-AHin_025	Ava-AHin_025-mus	muscle	
Ava-AHin_026	Ava-AHin_026-mus	muscle	
Ava-AHin_027	Ava-AHin_027-mus	muscle	
Ava-AHin_028	Ava-AHin_028-mus	muscle	
Ava-AHin_029	Ava-AHin_029-mus	muscle	
Ava-AHin_030	Ava-AHin_030-mus	muscle	
Ava-AHin_031	Ava-AHin_031-mus	muscle	
Ava-AHin_032	Ava-AHin_032-mus	muscle	
Ava-AHin_033	Ava-AHin_033-mus	muscle	
Ava-AHin_034	Ava-AHin_034-mus	muscle	
Ava-AHin_035	Ava-AHin_035-mus	muscle	
Ava-AHin_036	Ava-AHin_036-mus	muscle	
Ava-AHin_037	Ava-AHin_037-mus	muscle	
Ava-AHin_038	Ava-AHin_038-mus	muscle	
Ava-AHin_039	Ava-AHin_039-mus	muscle	
Ava-AHin_040	Ava-AHin_040-mus	muscle	
Ava-AHin_041	Ava-AHin_041-mus	muscle	
Ava-AHin_042	Ava-AHin_042-mus	muscle	
Ava-AHin_043	Ava-AHin_043-mus	muscle	
Ava-AHin_044	Ava-AHin_044-mus	muscle	
Ava-AHin_045	Ava-AHin_045-mus	muscle	
Ava-AHin_046	Ava-AHin_046-mus	muscle	
Ava-AHin_047	Ava-AHin_047-mus	muscle	
Ava-AHin_048	Ava-AHin_048-mus	muscle	
Ava-AHin_049	Ava-AHin_049-mus	muscle	
Ava-AHin_050	Ava-AHin_050-mus	muscle	
Ava-AHin_051	Ava-AHin_051-mus	muscle	
Ava-AHin_052	Ava-AHin_052-mus	muscle	
Ava-AHin_053	Ava-AHin_053-mus	muscle	
Ava-AHin_054	Ava-AHin_054-mus	muscle	
Ava-AHin_055	Ava-AHin_055-mus	muscle	
Ava-AHin_056	Ava-AHin_056-mus	muscle	
Ava-AHin_057	Ava-AHin_057-mus	muscle	
Ava-AHin_058	Ava-AHin_058-mus	muscle	
Ava-AHin_059	Ava-AHin_059-mus	muscle	
Ava-AHin_060	Ava-AHin_060-mus	muscle	
Ava-AHin_061	Ava-AHin_061-mus	muscle	
Ava-AHin_062	Ava-AHin_062-mus	muscle	
Ava-AHin_063	Ava-AHin_063-mus	muscle	
Ava-AHin_064	Ava-AHin_064-mus	muscle	
Ava-AOve_001	Ava-AOve_001-mus	muscle	
Ava-AOve_002	Ava-AOve_002-mus	muscle	
Ava-AOve_003	Ava-AOve_003-mus	muscle	
Ava-AOve_004	Ava-AOve_004-mus	muscle	
Ava-AOve_005	Ava-AOve_005-mus	muscle	
Ava-AOve_006	Ava-AOve_006-mus	muscle	
Ava-AOve_007	Ava-AOve_007-mus	muscle	
Ava-AOve_008	Ava-AOve_008-mus	muscle	
Ava-AOve_009	Ava-AOve_009-mus	muscle	
Ava-AOve_010	Ava-AOve_010-mus	muscle	
Ava-AOve_011	Ava-AOve_011-mus	muscle	
Ava-AOve_012	Ava-AOve_012-mus	muscle	
Ava-AOve_013	Ava-AOve_013-mus	muscle	
Ava-AOve_014	Ava-AOve_014-mus	muscle	
Ava-AOve_015	Ava-AOve_015-mus	muscle	
Ava-AOve_016	Ava-AOve_016-mus	muscle	
Ava-AOve_017	Ava-AOve_017-mus	muscle	
Ava-AOve_018	Ava-AOve_018-mus	muscle	
Ava-AOve_019	Ava-AOve_019-mus	muscle	
Ava-AOve_020	Ava-AOve_020-mus	muscle	
Ava-AOve_021	Ava-AOve_021-mus	muscle	
Ava-AOve_022	Ava-AOve_022-mus	muscle	
Ava-AOve_023	Ava-AOve_023-mus	muscle	
Ava-AOve_024	Ava-AOve_024-mus	muscle	
Ava-AOve_025	Ava-AOve_025-mus	muscle	
Ava-AOve_026	Ava-AOve_026-mus	muscle	
Ava-AOve_027	Ava-AOve_027-mus	muscle	
Ava-AOve_028	Ava-AOve_028-mus	muscle	
Ava-AOve_029	Ava-AOve_029-mus	muscle	
Ava-AOve_030	Ava-AOve_030-mus	muscle	
Ava-AOve_031	Ava-AOve_031-mus	muscle	
Ava-AOve_032	Ava-AOve_032-mus	muscle	
Ava-AOve_033	Ava-AOve_033-mus	muscle	
Ava-AOve_034	Ava-AOve_034-mus	muscle	
Ava-AOve_035	Ava-AOve_035-mus	muscle	
Ava-AOve_036	Ava-AOve_036-mus	muscle	
Ava-APri_001	Ava-APri_001-mus	muscle	
Ava-APri_002	Ava-APri_002-mus	muscle	
Ava-APri_003	Ava-APri_003-mus	muscle	
Ava-APri_004	Ava-APri_004-mus	muscle	
Ava-APri_005	Ava-APri_005-mus	muscle	
Ava-APri_006	Ava-APri_006-mus	muscle	
Ava-APri_007	Ava-APri_007-mus	muscle	
Ava-APri_008	Ava-APri_008-mus	muscle	
Ava-APri_009	Ava-APri_009-mus	muscle	
Ava-APri_010	Ava-APri_010-mus	muscle	
Ava-APri_011	Ava-APri_011-mus	muscle	
Ava-APri_012	Ava-APri_012-mus	muscle	
Ava-APri_013	Ava-APri_013-mus	muscle	
Ava-APri_014	Ava-APri_014-mus	muscle	
Ava-APri_015	Ava-APri_015-mus	muscle	
Ava-APri_016	Ava-APri_016-mus	muscle	
Ava-APri_017	Ava-APri_017-mus	muscle	
Ava-APri_018	Ava-APri_018-mus	muscle	
Ava-APri_019	Ava-APri_019-mus	muscle	
Ava-APri_020	Ava-APri_020-mus	muscle	
Ava-APri_021	Ava-APri_021-mus	muscle	
Ava-APri_022	Ava-APri_022-mus	muscle	
Ava-APri_023	Ava-APri_023-mus	muscle	
Ava-APri_024	Ava-APri_024-mus	muscle	
Ava-APri_025	Ava-APri_025-mus	muscle	
Ava-APri_026	Ava-APri_026-mus	muscle	
Ava-APri_027	Ava-APri_027-mus	muscle	
Ava-APri_028	Ava-APri_028-mus	muscle	
Ava-APri_029	Ava-APri_029-mus	muscle	
Ava-APri_030	Ava-APri_030-mus	muscle	
Ava-APri_031	Ava-APri_031-mus	muscle	
Ava-APri_032	Ava-APri_032-mus	muscle	
Cha-APnd_001	Cha-APnd_001-mus	muscle	
Cha-APnd_002	Cha-APnd_002-mus	muscle	
Cha-APnd_003	Cha-APnd_003-mus	muscle	
Cha-APnd_004	Cha-APnd_004-mus	muscle	
Cha-APnd_005	Cha-APnd_005-mus	muscle	
Cha-APnd_006	Cha-APnd_006-mus	muscle	
Cha-APnd_007	Cha-APnd_007-mus	muscle	
Cha-APnd_008	Cha-APnd_008-mus	muscle	
Cha-APnd_009	Cha-APnd_009-mus	muscle	
Cha-APnd_010	Cha-APnd_010-mus	muscle	
Cha-APnd_011	Cha-APnd_011-mus	muscle	
Cha-APnd_012	Cha-APnd_012-mus	muscle	
Cha-APnd_013	Cha-APnd_013-mus	muscle	
Cha-APnd_014	Cha-APnd_014-mus	muscle	
Cha-APnd_015	Cha-APnd_015-mus	muscle	
Cha-APnd_016	Cha-APnd_016-mus	muscle	
Cha-APnd_017	Cha-APnd_017-mus	muscle	
Cha-APnd_018	Cha-APnd_018-mus	muscle	
Cha-APnd_019	Cha-APnd_019-mus	muscle	
Cha-APnd_020	Cha-APnd_020-mus	muscle	
Cha-APnd_021	Cha-APnd_021-mus	muscle	
Cha-APnd_022	Cha-APnd_022-mus	muscle	
Cha-APnd_023	Cha-APnd_023-mus	muscle	
Cha-APnd_024	Cha-APnd_024-mus	muscle	
Cha-APnd_025	Cha-APnd_025-mus	muscle	
Cha-APnd_026	Cha-APnd_026-mus	muscle	
Cha-APnd_027	Cha-APnd_027-mus	muscle	
Cha-APnd_028	Cha-APnd_028-mus	muscle	
Cha-APnd_029	Cha-APnd_029-mus	muscle	
Cha-APnd_030	Cha-APnd_030-mus	muscle	
Cha-APnd_031	Cha-APnd_031-mus	muscle	
Cha-APnd_032	Cha-APnd_032-mus	muscle	
Cha-APnd_033	Cha-APnd_033-mus	muscle	
Cha-APnd_034	Cha-APnd_034-mus	muscle	
Cha-APnd_035	Cha-APnd_035-mus	muscle	
Cha-APnd_036	Cha-APnd_036-mus	muscle	
Cha-APnd_037	Cha-APnd_037-mus	muscle	
Cha-APnd_038	Cha-APnd_038-mus	muscle	
Cha-APnd_039	Cha-APnd_039-mus	muscle	
Cha-APnd_040	Cha-APnd_040-mus	muscle	
Cha-APnd_041	Cha-APnd_041-mus	muscle	
Cha-CPnd_001	Cha-CPnd_001-mus	muscle	
Cha-CPnd_002	Cha-CPnd_002-mus	muscle	
Cha-CPnd_003	Cha-CPnd_003-mus	muscle	
Cha-CPnd_004	Cha-CPnd_004-mus	muscle	
Cha-CPnd_005	Cha-CPnd_005-mus	muscle	
Cha-CPnd_006	Cha-CPnd_006-mus	muscle	
Cha-CPnd_007	Cha-CPnd_007-mus	muscle	
Cha-CPnd_008	Cha-CPnd_008-mus	muscle	
Cha-CPnd_009	Cha-CPnd_009-mus	muscle	
Cha-CPnd_010	Cha-CPnd_010-mus	muscle	
Cha-CPnd_011	Cha-CPnd_011-mus	muscle	
Cha-CPnd_012	Cha-CPnd_012-mus	muscle	
Cha-CPnd_013	Cha-CPnd_013-mus	muscle	
Cha-CPnd_014	Cha-CPnd_014-mus	muscle	
Cha-CPnd_015	Cha-CPnd_015-mus	muscle	
Cha-CPnd_016	Cha-CPnd_016-mus	muscle	
Cha-CPnd_017	Cha-CPnd_017-mus	muscle	
Cha-CPnd_018	Cha-CPnd_018-mus	muscle	
Cha-CPnd_019	Cha-CPnd_019-mus	muscle	
Cha-CPnd_020	Cha-CPnd_020-mus	muscle	
Cha-CPnd_021	Cha-CPnd_021-mus	muscle	
Cha-CPnd_022	Cha-CPnd_022-mus	muscle	
Cha-CPnd_023	Cha-CPnd_023-mus	muscle	
Cha-CPnd_024	Cha-CPnd_024-mus	muscle	
Cha-CPnd_025	Cha-CPnd_025-mus	muscle	
Cha-CPnd_026	Cha-CPnd_026-mus	muscle	
Cha-CPnd_027	Cha-CPnd_027-mus	muscle	
Cha-CPnd_028	Cha-CPnd_028-mus	muscle	
Cha-CPnd_029	Cha-CPnd_029-mus	muscle	
Cha-CPnd_030	Cha-CPnd_030-mus	muscle	
Cha-CPnd_031	Cha-CPnd_031-mus	muscle	
Cha-CPnd_032	Cha-CPnd_032-mus	muscle	
Cha-CPnd_033	Cha-CPnd_033-mus	muscle	
Cha-CPnd_034	Cha-CPnd_034-mus	muscle	
Cha-CPnd_035	Cha-CPnd_035-mus	muscle	
Cha-CPnd_036	Cha-CPnd_036-mus	muscle	
Cha-CPnd_037	Cha-CPnd_037-mus	muscle	
Cha-CPnd_038	Cha-CPnd_038-mus	muscle	
Cha-CPnd_039	Cha-CPnd_039-mus	muscle	
Cha-CPnd_040	Cha-CPnd_040-mus	muscle	
Cha-CPnd_041	Cha-CPnd_041-mus	muscle	
Cha-CPnd_042	Cha-CPnd_042-mus	muscle	
Cha-CPnd_043	Cha-CPnd_043-mus	muscle	
Cha-CPnd_044	Cha-CPnd_044-mus	muscle	
Cha-CPnd_045	Cha-CPnd_045-mus	muscle	
Cha-CPnd_046	Cha-CPnd_046-mus	muscle	
Cha-CPnd_047	Cha-CPnd_047-mus	muscle	
Cha-CPnd_048	Cha-CPnd_048-mus	muscle	
Cha-CPnd_049	Cha-CPnd_049-mus	muscle	
Cha-CPnd_050	Cha-CPnd_050-mus	muscle	
Cha-CPnd_051	Cha-CPnd_051-mus	muscle	
Cha-CPnd_052	Cha-CPnd_052-mus	muscle	
Cha-CPnd_053	Cha-CPnd_053-mus	muscle	
Cha-CPnd_054	Cha-CPnd_054-mus	muscle	
Cha-CPnd_055	Cha-CPnd_055-mus	muscle	
Cha-CPnd_056	Cha-CPnd_056-mus	muscle	
Cha-CPnd_057	Cha-CPnd_057-mus	muscle	
Cha-CPnd_058	Cha-CPnd_058-mus	muscle	
Cha-CPnd_059	Cha-CPnd_059-mus	muscle	
Cha-CPnd_060	Cha-CPnd_060-mus	muscle	
Cha-CPnd_061	Cha-CPnd_061-mus	muscle	
Cha-CPnd_062	Cha-CPnd_062-mus	muscle	
Cha-CPnd_063	Cha-CPnd_063-mus	muscle	
Cha-CPnd_064	Cha-CPnd_064-mus	muscle	
Cha-CPnd_065	Cha-CPnd_065-mus	muscle	
Cha-CPnd_066	Cha-CPnd_066-mus	muscle	
Cha-CPnd_067	Cha-CPnd_067-mus	muscle	
Cha-CPnd_068	Cha-CPnd_068-mus	muscle	
Cha-CPnd_069	Cha-CPnd_069-mus	muscle	
Cha-CPnd_070	Cha-CPnd_070-mus	muscle	
Cha-CPnd_071	Cha-CPnd_071-mus	muscle	
Cha-CPnd_072	Cha-CPnd_072-mus	muscle	
Cha-CPnd_073	Cha-CPnd_073-mus	muscle	
Cha-CPnd_074	Cha-CPnd_074-mus	muscle	
Cha-CPnd_075	Cha-CPnd_075-mus	muscle	
Cha-CPnd_076	Cha-CPnd_076-mus	muscle	
Cha-CPnd_077	Cha-CPnd_077-mus	muscle	
Cha-CPnd_078	Cha-CPnd_078-mus	muscle	
Cha-CPnd_079	Cha-CPnd_079-mus	muscle	
Cha-CPnd_080	Cha-CPnd_080-mus	muscle	
Cha-CPnd_081	Cha-CPnd_081-mus	muscle	
Cha-CPnd_082	Cha-CPnd_082-mus	muscle	
Cha-CPnd_083	Cha-CPnd_083-mus	muscle	
Cha-CPnd_084	Cha-CPnd_084-mus	muscle	
Cha-CPnd_085	Cha-CPnd_085-mus	muscle	
Cha-CPnd_086	Cha-CPnd_086-mus	muscle	
Cvi-APal_001	Cvi-APal_001-mus	muscle	
Cvi-APal_002	Cvi-APal_002-mus	muscle	
Cvi-APal_003	Cvi-APal_003-mus	muscle	
Cvi-APal_004	Cvi-APal_004-mus	muscle	
Cvi-APal_005	Cvi-APal_005-mus	muscle	
Cvi-APal_006	Cvi-APal_006-mus	muscle	
Cvi-APal_007	Cvi-APal_007-mus	muscle	
Cvi-APal_008	Cvi-APal_008-mus	muscle	
Cvi-APal_009	Cvi-APal_009-mus	muscle	
Cvi-APal_010	Cvi-APal_010-mus	muscle	
Cvi-APal_011	Cvi-APal_011-mus	muscle	
Cvi-APal_012	Cvi-APal_012-mus	muscle	
Cvi-APal_013	Cvi-APal_013-mus	muscle	
Cvi-APal_014	Cvi-APal_014-mus	muscle	
Cvi-APal_015	Cvi-APal_015-mus	muscle	
Cvi-APal_016	Cvi-APal_016-mus	muscle	
Cvi-APal_017	Cvi-APal_017-mus	muscle	
Cvi-APal_018	Cvi-APal_018-mus	muscle	
Cvi-APal_019	Cvi-APal_019-mus	muscle	
Cvi-APal_020	Cvi-APal_020-mus	muscle	
Cvi-APal_021	Cvi-APal_021-mus	muscle	
Cvi-APal_022	Cvi-APal_022-mus	muscle	
Cvi-APal_023	Cvi-APal_023-mus	muscle	
Cvi-APal_024	Cvi-APal_024-mus	muscle	
Cvi-APal_025	Cvi-APal_025-mus	muscle	
Cvi-APal_026	Cvi-APal_026-mus	muscle	
Cvi-APal_027	Cvi-APal_027-mus	muscle	
Cvi-APal_028	Cvi-APal_028-mus	muscle	
Cvi-APal_029	Cvi-APal_029-mus	muscle	
Cvi-APal_030	Cvi-APal_030-mus	muscle	
Cvi-APal_031	Cvi-APal_031-mus	muscle	
Cvi-APal_032	Cvi-APal_032-mus	muscle	
Cvi-APal_033	Cvi-APal_033-mus	muscle	
Cvi-APal_034	Cvi-APal_034-mus	muscle	
Cvi-APal_035	Cvi-APal_035-mus	muscle	
Cvi-APal_036	Cvi-APal_036-mus	muscle	
Cvi-APal_037	Cvi-APal_037-mus	muscle	
Cvi-APal_038	Cvi-APal_038-mus	muscle	
Cvi-APal_039	Cvi-APal_039-mus	muscle	
Cvi-APal_040	Cvi-APal_040-mus	muscle	
Cvi-CPal_001	Cvi-CPal_001-mus	muscle	
Cvi-CPal_002	Cvi-CPal_002-mus	muscle	
Cvi-CPal_003	Cvi-CPal_003-mus	muscle	
Cvi-CPal_004	Cvi-CPal_004-mus	muscle	
Cvi-CPal_005	Cvi-CPal_005-mus	muscle	
Cvi-CPal_006	Cvi-CPal_006-mus	muscle	
Cvi-CPal_007	Cvi-CPal_007-mus	muscle	
Cvi-CPal_008	Cvi-CPal_008-mus	muscle	
Cvi-CPal_009	Cvi-CPal_009-mus	muscle	
Cvi-CPal_010	Cvi-CPal_010-mus	muscle	
Cvi-CPal_011	Cvi-CPal_011-mus	muscle	
Cvi-CPal_012	Cvi-CPal_012-mus	muscle	
Cvi-CPal_013	Cvi-CPal_013-mus	muscle	
Cvi-CPal_014	Cvi-CPal_014-mus	muscle	
Cvi-CPal_015	Cvi-CPal_015-mus	muscle	
Cvi-CPal_016	Cvi-CPal_016-mus	muscle	
Cvi-CPal_017	Cvi-CPal_017-mus	muscle	
Cvi-CPal_018	Cvi-CPal_018-mus	muscle	
Cvi-CPal_019	Cvi-CPal_019-mus	muscle	
Cvi-CPal_020	Cvi-CPal_020-mus	muscle	
Cvi-CPal_021	Cvi-CPal_021-mus	muscle	
Cvi-CPal_022	Cvi-CPal_022-mus	muscle	
Cvi-CPal_023	Cvi-CPal_023-mus	muscle	
Cvi-CPal_024	Cvi-CPal_024-mus	muscle	
Cvi-CPal_025	Cvi-CPal_025-mus	muscle	
Cvi-CPal_026	Cvi-CPal_026-mus	muscle	
Cvi-CPal_027	Cvi-CPal_027-mus	muscle	
Cvi-CPal_028	Cvi-CPal_028-mus	muscle	
Cvi-CPal_029	Cvi-CPal_029-mus	muscle	
Cvi-CPal_030	Cvi-CPal_030-mus	muscle	
Cvi-CPal_031	Cvi-CPal_031-mus	muscle	
Cvi-CPal_032	Cvi-CPal_032-mus	muscle	
Cvi-CPal_033	Cvi-CPal_033-mus	muscle	
Cvi-CPal_034	Cvi-CPal_034-mus	muscle	
Cvi-CPal_035	Cvi-CPal_035-mus	muscle	
Cvi-CPal_036	Cvi-CPal_036-mus	muscle	
Cvi-CPal_037	Cvi-CPal_037-mus	muscle	
Cvi-CPal_038	Cvi-CPal_038-mus	muscle	
Cvi-CPal_039	Cvi-CPal_039-mus	muscle	
Cvi-CPal_040	Cvi-CPal_040-mus	muscle	
Cvi-CPal_041	Cvi-CPal_041-mus	muscle	
Cvi-CPal_042	Cvi-CPal_042-mus	muscle	
Cvi-CPal_043	Cvi-CPal_043-mus	muscle	
Cvi-CPal_044	Cvi-CPal_044-mus	muscle	
Cvi-CPal_045	Cvi-CPal_045-mus	muscle	
Cvi-CPal_046	Cvi-CPal_046-mus	muscle	
Cvi-CPal_047	Cvi-CPal_047-mus	muscle	
Cvi-CPal_048	Cvi-CPal_048-mus	muscle	
Cvi-CPal_049	Cvi-CPal_049-mus	muscle	
Cvi-CPal_050	Cvi-CPal_050-mus	muscle	
Cvi-CPal_051	Cvi-CPal_051-mus	muscle	
Cvi-CPal_052	Cvi-CPal_052-mus	muscle	
Cvi-CPal_053	Cvi-CPal_053-mus	muscle	
Cvi-CPal_054	Cvi-CPal_054-mus	muscle	
Cvi-CPal_055	Cvi-CPal_055-mus	muscle	
Cvi-CPal_056	Cvi-CPal_056-mus	muscle	
Cvi-CPal_057	Cvi-CPal_057-mus	muscle	
Cvi-CPal_058	Cvi-CPal_058-mus	muscle	
Cvi-CPal_059	Cvi-CPal_059-mus	muscle	
Cvi-CPal_060	Cvi-CPal_060-mus	muscle	
Cvi-CPal_061	Cvi-CPal_061-mus	muscle	
Cvi-CPal_062	Cvi-CPal_062-mus	muscle	
Cvi-CPal_063	Cvi-CPal_063-mus	muscle	
Cvi-CPal_064	Cvi-CPal_064-mus	muscle	
Cvi-CPal_065	Cvi-CPal_065-mus	muscle	
Cvi-CPal_066	Cvi-CPal_066-mus	muscle	
Cvi-CPal_067	Cvi-CPal_067-mus	muscle	
Cvi-CPal_068	Cvi-CPal_068-mus	muscle	
Cvi-CPal_069	Cvi-CPal_069-mus	muscle	
Cvi-CPal_070	Cvi-CPal_070-mus	muscle	
Cvi-CPal_071	Cvi-CPal_071-mus	muscle	
Cvi-CPal_072	Cvi-CPal_072-mus	muscle	
Cvi-CPal_073	Cvi-CPal_073-mus	muscle	
Cvi-CPal_074	Cvi-CPal_074-mus	muscle	
Cvi-CPal_075	Cvi-CPal_075-mus	muscle	
Cvi-CPal_076	Cvi-CPal_076-mus	muscle	
Cvi-CPal_077	Cvi-CPal_077-mus	muscle	
Cvi-CPal_078	Cvi-CPal_078-mus	muscle	
Cvi-CPal_079	Cvi-CPal_079-mus	muscle	
Cvi-CPal_080	Cvi-CPal_080-mus	muscle	
Cvi-CPal_081	Cvi-CPal_081-mus	muscle	
Cvi-CPal_082	Cvi-CPal_082-mus	muscle	
Cvi-CPal_083	Cvi-CPal_083-mus	muscle	
Cvi-CPal_084	Cvi-CPal_084-mus	muscle	
Cvi-CPal_085	Cvi-CPal_085-mus	muscle	
Cvi-CPal_086	Cvi-CPal_086-mus	muscle	
Cvi-CPal_087	Cvi-CPal_087-mus	muscle	
Cvi-CPal_088	Cvi-CPal_088-mus	muscle	
Cvi-CPal_089	Cvi-CPal_089-mus	muscle	
Cvi-CPal_090	Cvi-CPal_090-mus	muscle	
Cvi-CPal_091	Cvi-CPal_091-mus	muscle	
Cvi-CPal_092	Cvi-CPal_092-mus	muscle	
Cvi-CPal_093	Cvi-CPal_093-mus	muscle	
Cvi-CPal_094	Cvi-CPal_094-mus	muscle	
Cvi-CPal_095	Cvi-CPal_095-mus	muscle	
Cvi-CPal_096	Cvi-CPal_096-mus	muscle	
Dar-AJol_001	Dar-AJol_001-mus	muscle	
Dar-AJol_002	Dar-AJol_002-mus	muscle	
Dar-AJol_003	Dar-AJol_003-mus	muscle	
Dar-AJol_004	Dar-AJol_004-mus	muscle	
Dar-AJol_005	Dar-AJol_005-mus	muscle	
Dar-AJol_006	Dar-AJol_006-mus	muscle	
Dar-AJol_007	Dar-AJol_007-mus	muscle	
Dar-AJol_008	Dar-AJol_008-mus	muscle	
Dar-AJol_009	Dar-AJol_009-mus	muscle	
Dar-AJol_010	Dar-AJol_010-mus	muscle	
Dar-AJol_011	Dar-AJol_011-mus	muscle	
Dar-AJol_012	Dar-AJol_012-mus	muscle	
Dar-AJol_013	Dar-AJol_013-mus	muscle	
Dar-AJol_014	Dar-AJol_014-mus	muscle	
Dar-AJol_015	Dar-AJol_015-mus	muscle	
Dar-AJol_016	Dar-AJol_016-mus	muscle	
Dar-AJol_017	Dar-AJol_017-mus	muscle	
Dar-AJol_018	Dar-AJol_018-mus	muscle	
Dar-AJol_019	Dar-AJol_019-mus	muscle	
Dar-AJol_020	Dar-AJol_020-mus	muscle	
Dar-AJol_021	Dar-AJol_021-mus	muscle	
Dar-AJol_022	Dar-AJol_022-mus	muscle	
Dar-AJol_023	Dar-AJol_023-mus	muscle	
Dar-CJol_001	Dar-CJol_001-mus	muscle	
Dar-CJol_002	Dar-CJol_002-mus	muscle	
Dar-CJol_003	Dar-CJol_003-mus	muscle	
Dar-CJol_004	Dar-CJol_004-mus	muscle	
Dar-CJol_005	Dar-CJol_005-mus	muscle	
Dar-CJol_006	Dar-CJol_006-mus	muscle	
Dar-CJol_007	Dar-CJol_007-mus	muscle	
Dar-CJol_008	Dar-CJol_008-mus	muscle	
Dar-CJol_009	Dar-CJol_009-mus	muscle	
Dar-CJol_010	Dar-CJol_010-mus	muscle	
Dar-CJol_011	Dar-CJol_011-mus	muscle	
Dar-CJol_012	Dar-CJol_012-mus	muscle	
Dar-CJol_013	Dar-CJol_013-mus	muscle	
Dar-CJol_014	Dar-CJol_014-mus	muscle	
Dar-CJol_015	Dar-CJol_015-mus	muscle	
Dar-CJol_016	Dar-CJol_016-mus	muscle	
Dar-CJol_017	Dar-CJol_017-mus	muscle	
Dar-CJol_018	Dar-CJol_018-mus	muscle	
Dar-CJol_019	Dar-CJol_019-mus	muscle	
Dar-CJol_020	Dar-CJol_020-mus	muscle	
Dar-CJol_021	Dar-CJol_021-mus	muscle	
Dar-CJol_022	Dar-CJol_022-mus	muscle	
Dar-CJol_023	Dar-CJol_023-mus	muscle	
Dar-CJol_024	Dar-CJol_024-mus	muscle	
Dar-CJol_025	Dar-CJol_025-mus	muscle	
Dar-CJol_026	Dar-CJol_026-mus	muscle	
Dar-CJol_027	Dar-CJol_027-mus	muscle	
Dar-CJol_028	Dar-CJol_028-mus	muscle	
Dar-CJol_029	Dar-CJol_029-mus	muscle	
Dar-CJol_030	Dar-CJol_030-mus	muscle	
Dar-CJol_031	Dar-CJol_031-mus	muscle	
Dar-CJol_032	Dar-CJol_032-mus	muscle	
Dar-CJol_033	Dar-CJol_033-mus	muscle	
Dar-CJol_034	Dar-CJol_034-mus	muscle	
Dar-CJol_035	Dar-CJol_035-mus	muscle	
Dar-CJol_036	Dar-CJol_036-mus	muscle	
Dar-CJol_037	Dar-CJol_037-mus	muscle	
Dar-CJol_038	Dar-CJol_038-mus	muscle	
Dar-CJol_039	Dar-CJol_039-mus	muscle	
Dar-CJol_040	Dar-CJol_040-mus	muscle	
Dar-CJol_041	Dar-CJol_041-mus	muscle	
Dar-CJol_042	Dar-CJol_042-mus	muscle	
Dar-CJol_043	Dar-CJol_043-mus	muscle	
Dar-CJol_044	Dar-CJol_044-mus	muscle	
Dar-CJol_045	Dar-CJol_045-mus	muscle	
Dar-CJol_046	Dar-CJol_046-mus	muscle	
Dar-CJol_047	Dar-CJol_047-mus	muscle	
Dar-CJol_048	Dar-CJol_048-mus	muscle	
Dar-CJol_049	Dar-CJol_049-mus	muscle	
Dar-CJol_050	Dar-CJol_050-mus	muscle	
Dar-CJol_051	Dar-CJol_051-mus	muscle	
Dar-CJol_052	Dar-CJol_052-mus	muscle	
Dar-CJol_053	Dar-CJol_053-mus	muscle	
Dar-CJol_054	Dar-CJol_054-mus	muscle	
Dar-CJol_055	Dar-CJol_055-mus	muscle	
Dar-CJol_056	Dar-CJol_056-mus	muscle	
Dar-CJol_057	Dar-CJol_057-mus	muscle	
Dar-CJol_058	Dar-CJol_058-mus	muscle	
Dar-CJol_059	Dar-CJol_059-mus	muscle	
Dar-CJol_060	Dar-CJol_060-mus	muscle	
Dar-CJol_061	Dar-CJol_061-mus	muscle	
Dar-CJol_062	Dar-CJol_062-mus	muscle	
Dar-CJol_063	Dar-CJol_063-mus	muscle	
Dar-CJol_064	Dar-CJol_064-mus	muscle	
Dar-CJol_065	Dar-CJol_065-mus	muscle	
Dar-CJol_066	Dar-CJol_066-mus	muscle	
Dar-CJol_067	Dar-CJol_067-mus	muscle	
Dar-CJol_068	Dar-CJol_068-mus	muscle	
Dar-CJol_069	Dar-CJol_069-mus	muscle	
Dar-CJol_070	Dar-CJol_070-mus	muscle	
Dar-CJol_071	Dar-CJol_071-mus	muscle	
Dar-CJol_072	Dar-CJol_072-mus	muscle	
Dar-CJol_073	Dar-CJol_073-mus	muscle	
Dar-CJol_074	Dar-CJol_074-mus	muscle	
Dar-CJol_075	Dar-CJol_075-mus	muscle	
Dar-CJol_076	Dar-CJol_076-mus	muscle	
Dar-CJol_077	Dar-CJol_077-mus	muscle	
Dar-CJol_078	Dar-CJol_078-mus	muscle	
Dar-CJol_079	Dar-CJol_079-mus	muscle	
Dar-CJol_080	Dar-CJol_080-mus	muscle	
Dar-CJol_081	Dar-CJol_081-mus	muscle	
Dar-CJol_082	Dar-CJol_082-mus	muscle	
Dar-CJol_083	Dar-CJol_083-mus	muscle	
Dar-CJol_084	Dar-CJol_084-mus	muscle	
Dar-CJol_085	Dar-CJol_085-mus	muscle	
Dar-CJol_086	Dar-CJol_086-mus	muscle	
Dar-CJol_087	Dar-CJol_087-mus	muscle	
Dar-CJol_088	Dar-CJol_088-mus	muscle	
Dar-CJol_089	Dar-CJol_089-mus	muscle	
Dar-CJol_090	Dar-CJol_090-mus	muscle	
Dar-CJol_091	Dar-CJol_091-mus	muscle	
Dar-CJol_092	Dar-CJol_092-mus	muscle	
Dar-CJol_093	Dar-CJol_093-mus	muscle	
Dar-CJol_094	Dar-CJol_094-mus	muscle	
Dar-CJol_095	Dar-CJol_095-mus	muscle	
Dar-CJol_096	Dar-CJol_096-mus	muscle	
Dba-AGal_001	Dba-AGal_001-mus	muscle	
Dba-AGal_002	Dba-AGal_002-mus	muscle	
Dba-AGal_003	Dba-AGal_003-mus	muscle	
Dba-AGal_004	Dba-AGal_004-mus	muscle	
Dba-CKal_001	Dba-CKal_001-mus	muscle	
Dba-CKal_002	Dba-CKal_002-mus	muscle	
Dba-CKal_003	Dba-CKal_003-mus	muscle	
Dba-CKal_004	Dba-CKal_004-mus	muscle	
Dba-CKal_005	Dba-CKal_005-mus	muscle	
Dba-CKal_006	Dba-CKal_006-mus	muscle	
Dba-CKal_007	Dba-CKal_007-mus	muscle	
Dba-CKal_008	Dba-CKal_008-mus	muscle	
Dba-CKal_009	Dba-CKal_009-mus	muscle	
Dba-CKal_010	Dba-CKal_010-mus	muscle	
Dba-CKal_011	Dba-CKal_011-mus	muscle	
Dba-CKal_012	Dba-CKal_012-mus	muscle	
Dba-CKal_013	Dba-CKal_013-mus	muscle	
Dba-CKal_014	Dba-CKal_014-mus	muscle	
Dba-CKal_015	Dba-CKal_015-mus	muscle	
Dba-CKal_016	Dba-CKal_016-mus	muscle	
Dba-CKal_017	Dba-CKal_017-mus	muscle	
Dba-CKal_018	Dba-CKal_018-mus	muscle	
Dba-CKal_019	Dba-CKal_019-mus	muscle	
Dba-CKal_020	Dba-CKal_020-mus	muscle	
Dba-CKal_021	Dba-CKal_021-mus	muscle	
Dba-CKal_022	Dba-CKal_022-mus	muscle	
Dba-CKal_023	Dba-CKal_023-mus	muscle	
Dba-CKal_024	Dba-CKal_024-mus	muscle	
Dba-CKal_025	Dba-CKal_025-mus	muscle	
Dba-CKal_026	Dba-CKal_026-mus	muscle	
Dba-CKal_027	Dba-CKal_027-mus	muscle	
Dba-CKal_028	Dba-CKal_028-mus	muscle	
Dba-CKal_029	Dba-CKal_029-mus	muscle	
Dba-CKal_030	Dba-CKal_030-mus	muscle	
Eps-ABai_001	Eps-ABai_001-mus	muscle	
Eps-ABai_002	Eps-ABai_002-mus	muscle	
Eps-ABai_003	Eps-ABai_003-mus	muscle	
Eps-ABai_004	Eps-ABai_004-mus	muscle	
Eps-ABai_005	Eps-ABai_005-mus	muscle	
Eps-ABai_006	Eps-ABai_006-mus	muscle	
Eps-ABai_007	Eps-ABai_007-mus	muscle	
Eps-ABai_008	Eps-ABai_008-mus	muscle	
Eps-ABai_009	Eps-ABai_009-mus	muscle	
Eps-ABai_010	Eps-ABai_010-mus	muscle	
Eps-ABai_011	Eps-ABai_011-mus	muscle	
Eps-ABai_012	Eps-ABai_012-mus	muscle	
Eps-ABai_013	Eps-ABai_013-mus	muscle	
Eps-ABai_014	Eps-ABai_014-mus	muscle	
Eps-ABai_015	Eps-ABai_015-mus	muscle	
Eps-ABai_016	Eps-ABai_016-mus	muscle	
Eps-ABai_017	Eps-ABai_017-mus	muscle	
Eps-ABai_018	Eps-ABai_018-mus	muscle	
Eps-ABai_019	Eps-ABai_019-mus	muscle	
Eps-ABai_020	Eps-ABai_020-mus	muscle	
Eps-ABai_021	Eps-ABai_021-mus	muscle	
Eps-ABai_022	Eps-ABai_022-mus	muscle	
Eps-ABai_023	Eps-ABai_023-mus	muscle	
Eps-ABai_024	Eps-ABai_024-mus	muscle	
Eps-ABai_025	Eps-ABai_025-mus	muscle	
Eps-ABai_026	Eps-ABai_026-mus	muscle	
Eps-ABai_027	Eps-ABai_027-mus	muscle	
Eps-ABai_028	Eps-ABai_028-mus	muscle	
Eps-ABai_029	Eps-ABai_029-mus	muscle	
Eps-ABai_030	Eps-ABai_030-mus	muscle	
Eps-ABai_031	Eps-ABai_031-mus	muscle	
Eps-ABai_032	Eps-ABai_032-mus	muscle	
Eps-ABai_033	Eps-ABai_033-mus	muscle	
Eps-ABai_034	Eps-ABai_034-mus	muscle	
Eps-ABai_035	Eps-ABai_035-mus	muscle	
Eps-ABai_036	Eps-ABai_036-mus	muscle	
Eps-ABai_037	Eps-ABai_037-mus	muscle	
Eps-ABai_038	Eps-ABai_038-mus	muscle	
Eps-ABai_039	Eps-ABai_039-mus	muscle	
Eps-ABai_040	Eps-ABai_040-mus	muscle	
Eps-ABai_041	Eps-ABai_041-mus	muscle	
Eps-ABai_042	Eps-ABai_042-mus	muscle	
Eps-ABai_043	Eps-ABai_043-mus	muscle	
Eps-ABai_044	Eps-ABai_044-mus	muscle	
Eps-ABai_045	Eps-ABai_045-mus	muscle	
Eps-ABai_046	Eps-ABai_046-mus	muscle	
Eps-ABai_047	Eps-ABai_047-mus	muscle	
Eps-ABai_048	Eps-ABai_048-mus	muscle	
Eps-ABai_049	Eps-ABai_049-mus	muscle	
Eps-ABai_050	Eps-ABai_050-mus	muscle	
Eps-ABai_051	Eps-ABai_051-mus	muscle	
Eps-ABai_052	Eps-ABai_052-mus	muscle	
Eps-ABai_053	Eps-ABai_053-mus	muscle	
Eps-ABai_054	Eps-ABai_054-mus	muscle	
Eps-ABai_055	Eps-ABai_055-mus	muscle	
Eps-ABai_056	Eps-ABai_056-mus	muscle	
Eps-ABai_057	Eps-ABai_057-mus	muscle	
Eps-ABai_058	Eps-ABai_058-mus	muscle	
Eps-ABai_059	Eps-ABai_059-mus	muscle	
Eps-ABai_060	Eps-ABai_060-mus	muscle	
Eps-ABai_061	Eps-ABai_061-mus	muscle	
Eps-ABai_062	Eps-ABai_062-mus	muscle	
Eps-ABai_063	Eps-ABai_063-mus	muscle	
Eps-ABai_064	Eps-ABai_064-mus	muscle	
Eps-ABai_065	Eps-ABai_065-mus	muscle	
Eps-ABai_066	Eps-ABai_066-mus	muscle	
Eps-ABai_067	Eps-ABai_067-mus	muscle	
Eps-ABai_068	Eps-ABai_068-mus	muscle	
Eps-ABai_069	Eps-ABai_069-mus	muscle	
Eps-ABai_070	Eps-ABai_070-mus	muscle	
Eps-ABai_071	Eps-ABai_071-mus	muscle	
Eps-ABai_072	Eps-ABai_072-mus	muscle	
Eps-ABai_073	Eps-ABai_073-mus	muscle	
Eps-ABai_074	Eps-ABai_074-mus	muscle	
Eps-ABai_075	Eps-ABai_075-mus	muscle	
Eps-ABai_076	Eps-ABai_076-mus	muscle	
Eps-ABai_077	Eps-ABai_077-mus	muscle	
Eps-ABai_078	Eps-ABai_078-mus	muscle	
Eps-ABai_079	Eps-ABai_079-mus	muscle	
Eps-ABai_080	Eps-ABai_080-mus	muscle	
Eps-ABai_081	Eps-ABai_081-mus	muscle	
Eps-ABai_082	Eps-ABai_082-mus	muscle	
Eps-ABai_083	Eps-ABai_083-mus	muscle	
Eps-ABai_084	Eps-ABai_084-mus	muscle	
Eps-ABai_085	Eps-ABai_085-mus	muscle	
Eps-ABai_086	Eps-ABai_086-mus	muscle	
Eps-ABai_087	Eps-ABai_087-mus	muscle	
Eps-ABai_088	Eps-ABai_088-mus	muscle	
Eps-ABai_089	Eps-ABai_089-mus	muscle	
Eps-ABai_090	Eps-ABai_090-mus	muscle	
Eps-ABai_091	Eps-ABai_091-mus	muscle	
Eps-ABai_092	Eps-ABai_092-mus	muscle	
Eps-ABai_093	Eps-ABai_093-mus	muscle	
Eps-ABai_094	Eps-ABai_094-mus	muscle	
Eps-ABai_095	Eps-ABai_095-mus	muscle	
Eps-ABai_096	Eps-ABai_096-mus	muscle	
Eps-ABai_097	Eps-ABai_097-mus	muscle	
Eps-ABai_098	Eps-ABai_098-mus	muscle	
Eps-ABai_099	Eps-ABai_099-mus	muscle	
Eps-ABai_100	Eps-ABai_100-mus	muscle	
Eps-CBai_001	Eps-CBai_001-mus	muscle	
Eps-CBai_002	Eps-CBai_002-mus	muscle	
Eps-CBai_003	Eps-CBai_003-mus	muscle	
Eps-CBai_004	Eps-CBai_004-mus	muscle	
Eps-CBai_005	Eps-CBai_005-mus	muscle	
Eps-CBai_006	Eps-CBai_006-mus	muscle	
Eps-CBai_007	Eps-CBai_007-mus	muscle	
Eps-CBai_008	Eps-CBai_008-mus	muscle	
Eps-CBai_009	Eps-CBai_009-mus	muscle	
Eps-CBai_010	Eps-CBai_010-mus	muscle	
Eps-CBai_011	Eps-CBai_011-mus	muscle	
Eps-CBai_012	Eps-CBai_012-mus	muscle	
Eps-CBai_013	Eps-CBai_013-mus	muscle	
Eps-CBai_014	Eps-CBai_014-mus	muscle	
Eps-CBai_015	Eps-CBai_015-mus	muscle	
Eps-CBai_016	Eps-CBai_016-mus	muscle	
Eps-CBai_017	Eps-CBai_017-mus	muscle	
Eps-CBai_018	Eps-CBai_018-mus	muscle	
Eps-CBai_019	Eps-CBai_019-mus	muscle	
Eps-CBai_020	Eps-CBai_020-mus	muscle	
Eps-CBai_021	Eps-CBai_021-mus	muscle	
Eps-CBai_022	Eps-CBai_022-mus	muscle	
Eps-CBai_023	Eps-CBai_023-mus	muscle	
Eps-CBai_024	Eps-CBai_024-mus	muscle	
Eps-CBai_025	Eps-CBai_025-mus	muscle	
Eps-CBai_026	Eps-CBai_026-mus	muscle	
Eps-CBai_027	Eps-CBai_027-mus	muscle	
Eps-CBai_028	Eps-CBai_028-mus	muscle	
Eps-CBai_029	Eps-CBai_029-mus	muscle	
Eps-CBai_030	Eps-CBai_030-mus	muscle	
Eps-CBai_031	Eps-CBai_031-mus	muscle	
Eps-CBai_032	Eps-CBai_032-mus	muscle	
Eps-CBai_033	Eps-CBai_033-mus	muscle	
Eps-CBai_034	Eps-CBai_034-mus	muscle	
Eps-CBai_035	Eps-CBai_035-mus	muscle	
Eps-CBai_036	Eps-CBai_036-mus	muscle	
Eps-CBai_037	Eps-CBai_037-mus	muscle	
Eps-CBai_038	Eps-CBai_038-mus	muscle	
Eps-CBai_039	Eps-CBai_039-mus	muscle	
Eps-CBai_040	Eps-CBai_040-mus	muscle	
Eps-CBai_041	Eps-CBai_041-mus	muscle	
Eps-CBai_042	Eps-CBai_042-mus	muscle	
Eps-CBai_043	Eps-CBai_043-mus	muscle	
Eps-CBai_044	Eps-CBai_044-mus	muscle	
Eps-CBai_045	Eps-CBai_045-mus	muscle	
Eps-CBai_046	Eps-CBai_046-mus	muscle	
Eps-CBai_047	Eps-CBai_047-mus	muscle	
Eps-CBai_048	Eps-CBai_048-mus	muscle	
Eps-CBai_049	Eps-CBai_049-mus	muscle	
Eps-CBai_050	Eps-CBai_050-mus	muscle	
Eps-CBai_051	Eps-CBai_051-mus	muscle	
Eps-CBai_052	Eps-CBai_052-mus	muscle	
Eps-CBai_053	Eps-CBai_053-mus	muscle	
Eps-CBai_054	Eps-CBai_054-mus	muscle	
Eps-CBai_055	Eps-CBai_055-mus	muscle	
Eps-CBai_056	Eps-CBai_056-mus	muscle	
Eps-CBai_057	Eps-CBai_057-mus	muscle	
Eps-CBai_058	Eps-CBai_058-mus	muscle	
Eps-CBai_059	Eps-CBai_059-mus	muscle	
Eps-CBai_060	Eps-CBai_060-mus	muscle	
Eps-CBai_061	Eps-CBai_061-mus	muscle	
Eps-CBai_062	Eps-CBai_062-mus	muscle	
Eps-CBai_063	Eps-CBai_063-mus	muscle	
Eps-CBai_064	Eps-CBai_064-mus	muscle	
Eps-CBai_065	Eps-CBai_065-mus	muscle	
Eps-CBai_066	Eps-CBai_066-mus	muscle	
Eps-CBai_067	Eps-CBai_067-mus	muscle	
Eps-CBai_068	Eps-CBai_068-mus	muscle	
Eps-CBai_069	Eps-CBai_069-mus	muscle	
Eps-CBai_070	Eps-CBai_070-mus	muscle	
Eps-CBai_071	Eps-CBai_071-mus	muscle	
Eps-CBai_072	Eps-CBai_072-mus	muscle	
Eps-CBai_073	Eps-CBai_073-mus	muscle	
Eps-CBai_074	Eps-CBai_074-mus	muscle	
Eps-CBai_075	Eps-CBai_075-mus	muscle	
Eps-CBai_076	Eps-CBai_076-mus	muscle	
Eps-CBai_077	Eps-CBai_077-mus	muscle	
Eps-CBai_078	Eps-CBai_078-mus	muscle	
Eps-CBai_079	Eps-CBai_079-mus	muscle	
Eps-CBai_080	Eps-CBai_080-mus	muscle	
Eps-CBai_081	Eps-CBai_081-mus	muscle	
Eps-CBai_082	Eps-CBai_082-mus	muscle	
Eps-CBai_083	Eps-CBai_083-mus	muscle	
Eps-CBai_084	Eps-CBai_084-mus	muscle	
Eps-CBai_085	Eps-CBai_085-mus	muscle	
Eps-CBai_086	Eps-CBai_086-mus	muscle	
Eps-CBai_087	Eps-CBai_087-mus	muscle	
Eps-CBai_088	Eps-CBai_088-mus	muscle	
Eps-CBai_089	Eps-CBai_089-mus	muscle	
Eps-CBai_090	Eps-CBai_090-mus	muscle	
Eps-CBai_091	Eps-CBai_091-mus	muscle	
Eps-CBai_092	Eps-CBai_092-mus	muscle	
Eps-CBai_093	Eps-CBai_093-mus	muscle	
Eps-CBai_094	Eps-CBai_094-mus	muscle	
Eps-CBai_095	Eps-CBai_095-mus	muscle	
Eps-CBai_096	Eps-CBai_096-mus	muscle	
Eps-CBai_097	Eps-CBai_097-mus	muscle	
Eps-CBai_098	Eps-CBai_098-mus	muscle	
Eps-CBai_099	Eps-CBai_099-mus	muscle	
Eps-CBai_100	Eps-CBai_100-mus	muscle	
Epu-CBai_001	Epu-CBai_001-mus	muscle	
Epu-CBai_002	Epu-CBai_002-mus	muscle	
Epu-CBai_003	Epu-CBai_003-mus	muscle	
Epu-CBai_004	Epu-CBai_004-mus	muscle	
Epu-CBai_005	Epu-CBai_005-mus	muscle	
Epu-CBai_006	Epu-CBai_006-mus	muscle	
Epu-CBai_007	Epu-CBai_007-mus	muscle	
Epu-CBai_008	Epu-CBai_008-mus	muscle	
Epu-CBai_009	Epu-CBai_009-mus	muscle	
Epu-CBai_010	Epu-CBai_010-mus	muscle	
Epu-CBai_011	Epu-CBai_011-mus	muscle	
Epu-CBai_012	Epu-CBai_012-mus	muscle	
Epu-CBai_013	Epu-CBai_013-mus	muscle	
Epu-CBai_014	Epu-CBai_014-mus	muscle	
Epu-CBai_015	Epu-CBai_015-mus	muscle	
Epu-CBai_016	Epu-CBai_016-mus	muscle	
Epu-CBai_017	Epu-CBai_017-mus	muscle	
Epu-CBai_018	Epu-CBai_018-mus	muscle	
Epu-CBai_019	Epu-CBai_019-mus	muscle	
Epu-CBai_020	Epu-CBai_020-mus	muscle	
Epu-CBai_021	Epu-CBai_021-mus	muscle	
Epu-CBai_022	Epu-CBai_022-mus	muscle	
Epu-CBai_023	Epu-CBai_023-mus	muscle	
Epu-CBai_024	Epu-CBai_024-mus	muscle	
Epu-CBai_025	Epu-CBai_025-mus	muscle	
Epu-CBai_026	Epu-CBai_026-mus	muscle	
Epu-CBai_027	Epu-CBai_027-mus	muscle	
Epu-CBai_028	Epu-CBai_028-mus	muscle	
Epu-CBai_029	Epu-CBai_029-mus	muscle	
Epu-CBai_030	Epu-CBai_030-mus	muscle	
Epu-CBai_031	Epu-CBai_031-mus	muscle	
Epu-CBai_032	Epu-CBai_032-mus	muscle	
Epu-CBai_033	Epu-CBai_033-mus	muscle	
Epu-CBai_034	Epu-CBai_034-mus	muscle	
Epu-CBai_035	Epu-CBai_035-mus	muscle	
Epu-CBai_036	Epu-CBai_036-mus	muscle	
Epu-CBai_037	Epu-CBai_037-mus	muscle	
Epu-CBai_038	Epu-CBai_038-mus	muscle	
Epu-CBai_039	Epu-CBai_039-mus	muscle	
Epu-CBai_040	Epu-CBai_040-mus	muscle	
Epu-CBai_041	Epu-CBai_041-mus	muscle	
Epu-CBai_042	Epu-CBai_042-mus	muscle	
Epu-CBai_043	Epu-CBai_043-mus	muscle	
Epu-CBai_044	Epu-CBai_044-mus	muscle	
Epu-CBai_045	Epu-CBai_045-mus	muscle	
Epu-CBai_046	Epu-CBai_046-mus	muscle	
Epu-CBai_047	Epu-CBai_047-mus	muscle	
Epu-CBai_048	Epu-CBai_048-mus	muscle	
Epu-CBai_049	Epu-CBai_049-mus	muscle	
Epu-CBai_050	Epu-CBai_050-mus	muscle	
Epu-CBai_051	Epu-CBai_051-mus	muscle	
Epu-CBai_052	Epu-CBai_052-mus	muscle	
Epu-CBai_053	Epu-CBai_053-mus	muscle	
Epu-CBai_054	Epu-CBai_054-mus	muscle	
Epu-CBai_055	Epu-CBai_055-mus	muscle	
Epu-CBai_056	Epu-CBai_056-mus	muscle	
Epu-CBai_057	Epu-CBai_057-mus	muscle	
Epu-CBai_058	Epu-CBai_058-mus	muscle	
Epu-CBai_059	Epu-CBai_059-mus	muscle	
Epu-CBai_060	Epu-CBai_060-mus	muscle	
Epu-CBai_061	Epu-CBai_061-mus	muscle	
Epu-CBai_062	Epu-CBai_062-mus	muscle	
Epu-CBai_063	Epu-CBai_063-mus	muscle	
Epu-CBai_064	Epu-CBai_064-mus	muscle	
Epu-CBai_065	Epu-CBai_065-mus	muscle	
Epu-CBai_066	Epu-CBai_066-mus	muscle	
Epu-CBai_067	Epu-CBai_067-mus	muscle	
Epu-CBai_068	Epu-CBai_068-mus	muscle	
Epu-CBai_069	Epu-CBai_069-mus	muscle	
Epu-CBai_070	Epu-CBai_070-mus	muscle	
Epu-CBai_071	Epu-CBai_071-mus	muscle	
Epu-CBai_072	Epu-CBai_072-mus	muscle	
Epu-CBai_073	Epu-CBai_073-mus	muscle	
Epu-CBai_074	Epu-CBai_074-mus	muscle	
Epu-CBai_075	Epu-CBai_075-mus	muscle	
Epu-CBai_076	Epu-CBai_076-mus	muscle	
Epu-CBai_077	Epu-CBai_077-mus	muscle	
Epu-CBai_078	Epu-CBai_078-mus	muscle	
Epu-CBai_079	Epu-CBai_079-mus	muscle	
Epu-CBai_080	Epu-CBai_080-mus	muscle	
Epu-CBai_081	Epu-CBai_081-mus	muscle	
Epu-CBai_082	Epu-CBai_082-mus	muscle	
Epu-CBai_083	Epu-CBai_083-mus	muscle	
Epu-CBai_084	Epu-CBai_084-mus	muscle	
Epu-CBai_085	Epu-CBai_085-mus	muscle	
Epu-CBai_086	Epu-CBai_086-mus	muscle	
Epu-CBai_087	Epu-CBai_087-mus	muscle	
Epu-CBai_088	Epu-CBai_088-mus	muscle	
Epu-CBai_089	Epu-CBai_089-mus	muscle	
Epu-CBai_090	Epu-CBai_090-mus	muscle	
Epu-CBai_091	Epu-CBai_091-mus	muscle	
Epu-CBai_092	Epu-CBai_092-mus	muscle	
Epu-CBai_093	Epu-CBai_093-mus	muscle	
Epu-CBai_094	Epu-CBai_094-mus	muscle	
Epu-CBai_095	Epu-CBai_095-mus	muscle	
Epu-CBai_096	Epu-CBai_096-mus	muscle	
Epu-CBai_097	Epu-CBai_097-mus	muscle	
Epu-CBai_098	Epu-CBai_098-mus	muscle	
Epu-CBai_099	Epu-CBai_099-mus	muscle	
Epu-CBai_100	Epu-CBai_100-mus	muscle	
Ggi-ABit_001	Ggi-ABit_001-mus	muscle	
Ggi-ABit_002	Ggi-ABit_002-mus	muscle	
Ggi-ABit_003	Ggi-ABit_003-mus	muscle	
Ggi-ABit_004	Ggi-ABit_004-mus	muscle	
Gma-ARag_001	Gma-ARag_001-mus	muscle	
Gma-ARag_002	Gma-ARag_002-mus	muscle	
Gma-ARag_003	Gma-ARag_003-mus	muscle	
Gma-ARag_004	Gma-ARag_004-mus	muscle	
Gma-ARag_005	Gma-ARag_005-mus	muscle	
Gma-ARag_006	Gma-ARag_006-mus	muscle	
Gma-ARag_007	Gma-ARag_007-mus	muscle	
Gma-ARag_008	Gma-ARag_008-mus	muscle	
Gma-ARag_009	Gma-ARag_009-mus	muscle	
Gma-ARag_010	Gma-ARag_010-mus	muscle	
Gma-ARag_011	Gma-ARag_011-mus	muscle	
Gma-ARag_012	Gma-ARag_012-mus	muscle	
Gma-ARag_013	Gma-ARag_013-mus	muscle	
Gma-ARag_014	Gma-ARag_014-mus	muscle	
Gma-ARag_015	Gma-ARag_015-mus	muscle	
Gma-ARag_016	Gma-ARag_016-mus	muscle	
Gma-ACat_001	Gma-ACat_001-mus	muscle	
Gma-ACat_002	Gma-ACat_002-mus	muscle	
Gma-ACat_003	Gma-ACat_003-mus	muscle	
Gma-ACat_004	Gma-ACat_004-mus	muscle	
Gma-ACat_005	Gma-ACat_005-mus	muscle	
Gma-ACat_006	Gma-ACat_006-mus	muscle	
Gma-ACat_007	Gma-ACat_007-mus	muscle	
Gma-ACat_008	Gma-ACat_008-mus	muscle	
Gma-ACat_009	Gma-ACat_009-mus	muscle	
Gma-ACat_010	Gma-ACat_010-mus	muscle	
Gma-ACat_011	Gma-ACat_011-mus	muscle	
Gma-ACat_012	Gma-ACat_012-mus	muscle	
Gma-ACat_013	Gma-ACat_013-mus	muscle	
Gma-ACat_014	Gma-ACat_014-mus	muscle	
Gma-ACat_015	Gma-ACat_015-mus	muscle	
Gma-ACat_016	Gma-ACat_016-mus	muscle	
Gma-ACat_017	Gma-ACat_017-mus	muscle	
Gma-ACat_018	Gma-ACat_018-mus	muscle	
Gma-ACat_019	Gma-ACat_019-mus	muscle	
Gma-ACat_020	Gma-ACat_020-mus	muscle	
Gma-ACat_021	Gma-ACat_021-mus	muscle	
Gma-ACat_022	Gma-ACat_022-mus	muscle	
Gma-ACat_023	Gma-ACat_023-mus	muscle	
Gma-ACat_024	Gma-ACat_024-mus	muscle	
Gma-ACat_025	Gma-ACat_025-mus	muscle	
Gma-ACat_026	Gma-ACat_026-mus	muscle	
Gma-ACat_027	Gma-ACat_027-mus	muscle	
Gma-ACat_028	Gma-ACat_028-mus	muscle	
Gma-ACat_029	Gma-ACat_029-mus	muscle	
Gma-ACat_030	Gma-ACat_030-mus	muscle	
Gma-ACat_031	Gma-ACat_031-mus	muscle	
Gma-ACat_032	Gma-ACat_032-mus	muscle	
Gma-ACat_033	Gma-ACat_033-mus	muscle	
Gma-ACat_034	Gma-ACat_034-mus	muscle	
Gma-ARag_017	Gma-ARag_017-mus	muscle	
Gma-ARag_018	Gma-ARag_018-mus	muscle	
Gma-ARag_019	Gma-ARag_019-mus	muscle	
Gma-ARag_020	Gma-ARag_020-mus	muscle	
Gma-ARag_021	Gma-ARag_021-mus	muscle	
Gma-ARag_022	Gma-ARag_022-mus	muscle	
Gma-ARag_023	Gma-ARag_023-mus	muscle	
Gma-ARag_024	Gma-ARag_024-mus	muscle	
Gma-ARag_025	Gma-ARag_025-mus	muscle	
Gma-ARag_026	Gma-ARag_026-mus	muscle	
Gma-ARag_027	Gma-ARag_027-mus	muscle	
Gma-ARag_028	Gma-ARag_028-mus	muscle	
Gma-ARag_029	Gma-ARag_029-mus	muscle	
Gma-ARag_030	Gma-ARag_030-mus	muscle	
Gma-ARag_031	Gma-ARag_031-mus	muscle	
Gma-ARag_032	Gma-ARag_032-mus	muscle	
Gma-ARag_033	Gma-ARag_033-mus	muscle	
Gma-ARag_034	Gma-ARag_034-mus	muscle	
Gma-ARag_035	Gma-ARag_035-mus	muscle	
Gma-ARag_036	Gma-ARag_036-mus	muscle	
Gma-ARag_037	Gma-ARag_037-mus	muscle	
Gma-ARag_038	Gma-ARag_038-mus	muscle	
Gma-ARag_039	Gma-ARag_039-mus	muscle	
Gma-ARag_040	Gma-ARag_040-mus	muscle	
Gma-ARag_041	Gma-ARag_041-mus	muscle	
Gma-ARag_042	Gma-ARag_042-mus	muscle	
Gma-ARag_043	Gma-ARag_043-mus	muscle	
Gma-ARag_044	Gma-ARag_044-mus	muscle	
Gma-ARag_045	Gma-ARag_045-mus	muscle	
Gma-CCat_001	Gma-CCat_001-mus	muscle	
Gma-CCat_002	Gma-CCat_002-mus	muscle	
Gma-CCat_003	Gma-CCat_003-mus	muscle	
Gma-CCat_004	Gma-CCat_004-mus	muscle	
Gma-CCat_005	Gma-CCat_005-mus	muscle	
Gma-CCat_006	Gma-CCat_006-mus	muscle	
Gma-CCat_007	Gma-CCat_007-mus	muscle	
Gma-CCat_008	Gma-CCat_008-mus	muscle	
Gma-CCat_009	Gma-CCat_009-mus	muscle	
Gma-CCat_010	Gma-CCat_010-mus	muscle	
Gma-CCat_011	Gma-CCat_011-mus	muscle	
Gma-CCat_012	Gma-CCat_012-mus	muscle	
Gma-CCat_013	Gma-CCat_013-mus	muscle	
Gma-CCat_014	Gma-CCat_014-mus	muscle	
Gma-CCat_015	Gma-CCat_015-mus	muscle	
Gma-CCat_016	Gma-CCat_016-mus	muscle	
Gma-CCat_017	Gma-CCat_017-mus	muscle	
Gma-CCat_018	Gma-CCat_018-mus	muscle	
Gma-CCat_019	Gma-CCat_019-mus	muscle	
Gma-CCat_020	Gma-CCat_020-mus	muscle	
Gma-CCat_021	Gma-CCat_021-mus	muscle	
Gma-CCat_022	Gma-CCat_022-mus	muscle	
Gma-CCat_023	Gma-CCat_023-mus	muscle	
Gma-CCat_024	Gma-CCat_024-mus	muscle	
Gma-CCat_025	Gma-CCat_025-mus	muscle	
Gma-CCat_026	Gma-CCat_026-mus	muscle	
Gma-CCat_027	Gma-CCat_027-mus	muscle	
Gma-CCat_028	Gma-CCat_028-mus	muscle	
Gma-CCat_029	Gma-CCat_029-mus	muscle	
Gma-CCat_030	Gma-CCat_030-mus	muscle	
Gma-CCat_031	Gma-CCat_031-mus	muscle	
Gma-CCat_032	Gma-CCat_032-mus	muscle	
Gma-CCat_033	Gma-CCat_033-mus	muscle	
Gma-CCat_034	Gma-CCat_034-mus	muscle	
Gma-CCat_035	Gma-CCat_035-mus	muscle	
Gma-CCat_036	Gma-CCat_036-mus	muscle	
Gma-CCat_037	Gma-CCat_037-mus	muscle	
Gma-CCat_038	Gma-CCat_038-mus	muscle	
Gma-CCat_039	Gma-CCat_039-mus	muscle	
Gma-CCat_040	Gma-CCat_040-mus	muscle	
Gma-CCat_041	Gma-CCat_041-mus	muscle	
Gma-CCat_042	Gma-CCat_042-mus	muscle	
Gma-CCat_043	Gma-CCat_043-mus	muscle	
Gma-CCat_044	Gma-CCat_044-mus	muscle	
Gma-CCat_045	Gma-CCat_045-mus	muscle	
Gma-CCat_046	Gma-CCat_046-mus	muscle	
Gma-CCat_047	Gma-CCat_047-mus	muscle	
Gma-CCat_048	Gma-CCat_048-mus	muscle	
Gma-CCat_049	Gma-CCat_049-mus	muscle	
Gma-CCat_050	Gma-CCat_050-mus	muscle	
Gma-CCat_051	Gma-CCat_051-mus	muscle	
Gma-CCat_052	Gma-CCat_052-mus	muscle	
Gma-CCat_053	Gma-CCat_053-mus	muscle	
Gma-CCat_054	Gma-CCat_054-mus	muscle	
Gma-CCat_055	Gma-CCat_055-mus	muscle	
Gma-CCat_056	Gma-CCat_056-mus	muscle	
Gma-CCat_057	Gma-CCat_057-mus	muscle	
Gma-CCat_058	Gma-CCat_058-mus	muscle	
Gma-CCat_059	Gma-CCat_059-mus	muscle	
Gma-CCat_060	Gma-CCat_060-mus	muscle	
Gma-CCat_061	Gma-CCat_061-mus	muscle	
Gma-CCat_062	Gma-CCat_062-mus	muscle	
Gma-CCat_063	Gma-CCat_063-mus	muscle	
Gma-CCat_064	Gma-CCat_064-mus	muscle	
Gma-CCat_065	Gma-CCat_065-mus	muscle	
Gma-CCat_066	Gma-CCat_066-mus	muscle	
Gma-CCat_067	Gma-CCat_067-mus	muscle	
Gma-CCat_068	Gma-CCat_068-mus	muscle	
Gma-CCat_069	Gma-CCat_069-mus	muscle	
Gma-CCat_070	Gma-CCat_070-mus	muscle	
Gma-CCat_071	Gma-CCat_071-mus	muscle	
Gma-CCat_072	Gma-CCat_072-mus	muscle	
Gma-CCat_073	Gma-CCat_073-mus	muscle	
Gma-CCat_074	Gma-CCat_074-mus	muscle	
Gma-CCat_075	Gma-CCat_075-mus	muscle	
Gma-CCat_076	Gma-CCat_076-mus	muscle	
Gma-CCat_077	Gma-CCat_077-mus	muscle	
Gma-CCat_078	Gma-CCat_078-mus	muscle	
Gma-CCat_079	Gma-CCat_079-mus	muscle	
Gma-CCat_080	Gma-CCat_080-mus	muscle	
Gma-CCat_081	Gma-CCat_081-mus	muscle	
Gma-CCat_082	Gma-CCat_082-mus	muscle	
Gma-CCat_083	Gma-CCat_083-mus	muscle	
Gma-CCat_084	Gma-CCat_084-mus	muscle	
Gma-CCat_085	Gma-CCat_085-mus	muscle	
Gma-CCat_086	Gma-CCat_086-mus	muscle	
Gma-CCat_087	Gma-CCat_087-mus	muscle	
Gma-CCat_088	Gma-CCat_088-mus	muscle	
Gma-CCat_089	Gma-CCat_089-mus	muscle	
Gma-CCat_090	Gma-CCat_090-mus	muscle	
Gma-CCat_091	Gma-CCat_091-mus	muscle	
Gma-CCat_092	Gma-CCat_092-mus	muscle	
Gma-CCat_093	Gma-CCat_093-mus	muscle	
Gma-CCat_094	Gma-CCat_094-mus	muscle	
Gma-CCat_095	Gma-CCat_095-mus	muscle	
Gma-CCat_096	Gma-CCat_096-mus	muscle	
Gma-CPas_001	Gma-CPas_001-mus	muscle	
Gma-CRag_001	Gma-CRag_001-mus	muscle	
Gma-CPas_002	Gma-CPas_002-mus	muscle	
Gma-CRag_002	Gma-CRag_002-mus	muscle	
Gma-CPas_003	Gma-CPas_003-mus	muscle	
Gma-CRag_003	Gma-CRag_003-mus	muscle	
Gma-CPas_004	Gma-CPas_004-mus	muscle	
Gma-CRag_004	Gma-CRag_004-mus	muscle	
Gma-CPas_005	Gma-CPas_005-mus	muscle	
Gma-CRag_005	Gma-CRag_005-mus	muscle	
Gma-CPas_006	Gma-CPas_006-mus	muscle	
Gma-CRag_006	Gma-CRag_006-mus	muscle	
Gma-CPas_007	Gma-CPas_007-mus	muscle	
Gma-CRag_007	Gma-CRag_007-mus	muscle	
Gma-CPas_008	Gma-CPas_008-mus	muscle	
Gma-CRag_008	Gma-CRag_008-mus	muscle	
Gma-CLib_001	Gma-CLib_001-mus	muscle	
Gma-CRag_009	Gma-CRag_009-mus	muscle	
Gma-CRag_010	Gma-CRag_010-mus	muscle	
Gma-CRag_011	Gma-CRag_011-mus	muscle	
Gma-CRag_012	Gma-CRag_012-mus	muscle	
Gma-CRag_013	Gma-CRag_013-mus	muscle	
Gma-CRag_014	Gma-CRag_014-mus	muscle	
Gma-CRag_015	Gma-CRag_015-mus	muscle	
Gma-CRag_016	Gma-CRag_016-mus	muscle	
Gma-CRag_017	Gma-CRag_017-mus	muscle	
Gma-CRag_018	Gma-CRag_018-mus	muscle	
Gma-CRag_019	Gma-CRag_019-mus	muscle	
Gma-CRag_020	Gma-CRag_020-mus	muscle	
Gma-CRag_021	Gma-CRag_021-mus	muscle	
Gma-CRag_022	Gma-CRag_022-mus	muscle	
Gma-CRag_023	Gma-CRag_023-mus	muscle	
Gma-CRag_024	Gma-CRag_024-mus	muscle	
Gma-CRag_025	Gma-CRag_025-mus	muscle	
Gma-CRag_026	Gma-CRag_026-mus	muscle	
Gma-CRag_027	Gma-CRag_027-mus	muscle	
Gma-CRag_028	Gma-CRag_028-mus	muscle	
Gma-CRag_029	Gma-CRag_029-mus	muscle	
Gma-CRag_030	Gma-CRag_030-mus	muscle	
Gma-CRag_031	Gma-CRag_031-mus	muscle	
Gma-CRag_032	Gma-CRag_032-mus	muscle	
Gma-CRag_033	Gma-CRag_033-mus	muscle	
Gma-CRag_034	Gma-CRag_034-mus	muscle	
Gma-CRag_035	Gma-CRag_035-mus	muscle	
Gma-CRag_036	Gma-CRag_036-mus	muscle	
Gma-CRag_037	Gma-CRag_037-mus	muscle	
Gma-CRag_038	Gma-CRag_038-mus	muscle	
Gma-CRag_039	Gma-CRag_039-mus	muscle	
Gma-CRag_040	Gma-CRag_040-mus	muscle	
Gma-CRag_041	Gma-CRag_041-mus	muscle	
Gma-CRag_042	Gma-CRag_042-mus	muscle	
Gma-CRag_043	Gma-CRag_043-mus	muscle	
Gma-CRag_044	Gma-CRag_044-mus	muscle	
Gma-CRag_045	Gma-CRag_045-mus	muscle	
Gma-CRag_046	Gma-CRag_046-mus	muscle	
Gma-CRag_047	Gma-CRag_047-mus	muscle	
Gma-CRag_048	Gma-CRag_048-mus	muscle	
Gma-CRag_049	Gma-CRag_049-mus	muscle	
Gma-CRag_050	Gma-CRag_050-mus	muscle	
Gma-CRag_051	Gma-CRag_051-mus	muscle	
Gmi-ABas_001	Gmi-ABas_001-mus	muscle	
Gmi-ABas_002	Gmi-ABas_002-mus	muscle	
Gmi-ABas_003	Gmi-ABas_003-mus	muscle	
Gmi-ABas_004	Gmi-ABas_004-mus	muscle	
Gmi-ABas_005	Gmi-ABas_005-mus	muscle	
Gmi-ABas_006	Gmi-ABas_006-mus	muscle	
Gmi-ABas_007	Gmi-ABas_007-mus	muscle	
Gmi-ABas_008	Gmi-ABas_008-mus	muscle	
Gmi-ABas_009	Gmi-ABas_009-mus	muscle	
Gmi-ABas_010	Gmi-ABas_010-mus	muscle	
Gmi-ABas_011	Gmi-ABas_011-mus	muscle	
Gmi-ABas_012	Gmi-ABas_012-mus	muscle	
Gmi-ABas_013	Gmi-ABas_013-mus	muscle	
Gmi-ABas_014	Gmi-ABas_014-mus	muscle	
Gmi-ABas_015	Gmi-ABas_015-mus	muscle	
Gmi-ABas_016	Gmi-ABas_016-mus	muscle	
Gmi-ABas_017	Gmi-ABas_017-mus	muscle	
Gmi-ABas_018	Gmi-ABas_018-mus	muscle	
Gmi-ABas_019	Gmi-ABas_019-mus	muscle	
Gmi-ABas_020	Gmi-ABas_020-mus	muscle	
Gmi-ABas_021	Gmi-ABas_021-mus	muscle	
Gmi-ABas_022	Gmi-ABas_022-mus	muscle	
Gmi-ABas_023	Gmi-ABas_023-mus	muscle	
Gmi-ABas_024	Gmi-ABas_024-mus	muscle	
Gmi-ABas_025	Gmi-ABas_025-mus	muscle	
Gmi-ABas_026	Gmi-ABas_026-mus	muscle	
Gmi-ABas_027	Gmi-ABas_027-mus	muscle	
Gmi-ABas_028	Gmi-ABas_028-mus	muscle	
Gmi-ABas_029	Gmi-ABas_029-mus	muscle	
Gmi-ABas_030	Gmi-ABas_030-mus	muscle	
Gmi-ABas_031	Gmi-ABas_031-mus	muscle	
Gmi-ABas_032	Gmi-ABas_032-mus	muscle	
Gmi-ABas_033	Gmi-ABas_033-mus	muscle	
Gmi-ABas_034	Gmi-ABas_034-mus	muscle	
Gmi-ABas_035	Gmi-ABas_035-mus	muscle	
Gmi-ABas_036	Gmi-ABas_036-mus	muscle	
Gmi-ABas_037	Gmi-ABas_037-mus	muscle	
Gmi-ABas_038	Gmi-ABas_038-mus	muscle	
Gmi-ABas_039	Gmi-ABas_039-mus	muscle	
Gmi-ABas_040	Gmi-ABas_040-mus	muscle	
Gmi-ABas_041	Gmi-ABas_041-mus	muscle	
Gmi-ABas_042	Gmi-ABas_042-mus	muscle	
Gmi-ABas_043	Gmi-ABas_043-mus	muscle	
Gmi-ABas_044	Gmi-ABas_044-mus	muscle	
Gmi-ABas_045	Gmi-ABas_045-mus	muscle	
Gmi-ABas_046	Gmi-ABas_046-mus	muscle	
Gmi-ABas_047	Gmi-ABas_047-mus	muscle	
Gmi-ABas_048	Gmi-ABas_048-mus	muscle	
Gmi-ABas_049	Gmi-ABas_049-mus	muscle	
Gmi-ABas_050	Gmi-ABas_050-mus	muscle	
Gmi-ABas_051	Gmi-ABas_051-mus	muscle	
Gmi-ABas_052	Gmi-ABas_052-mus	muscle	
Gmi-ABas_053	Gmi-ABas_053-mus	muscle	
Gmi-ABas_054	Gmi-ABas_054-mus	muscle	
Gmi-ABas_055	Gmi-ABas_055-mus	muscle	
Gmi-ABas_056	Gmi-ABas_056-mus	muscle	
Gmi-ABas_057	Gmi-ABas_057-mus	muscle	
Gmi-ABas_058	Gmi-ABas_058-mus	muscle	
Gmi-ABas_059	Gmi-ABas_059-mus	muscle	
Gmi-ABas_060	Gmi-ABas_060-mus	muscle	
Gmi-ABas_061	Gmi-ABas_061-mus	muscle	
Gmi-AHam_001	Gmi-AHam_001-mus	muscle	
Gmi-AHam_002	Gmi-AHam_002-mus	muscle	
Gmi-AHam_003	Gmi-AHam_003-mus	muscle	
Gmi-AHam_004	Gmi-AHam_004-mus	muscle	
Gmi-AHam_005	Gmi-AHam_005-mus	muscle	
Gmi-AHam_006	Gmi-AHam_006-mus	muscle	
Gmi-AHam_007	Gmi-AHam_007-mus	muscle	
Gmi-AHam_008	Gmi-AHam_008-mus	muscle	
Gmi-AHam_009	Gmi-AHam_009-mus	muscle	
Gmi-AHam_010	Gmi-AHam_010-mus	muscle	
Gmi-AHam_011	Gmi-AHam_011-mus	muscle	
Gmi-AHam_012	Gmi-AHam_012-mus	muscle	
Gmi-AHam_013	Gmi-AHam_013-mus	muscle	
Gmi-AHam_014	Gmi-AHam_014-mus	muscle	
Gmi-AHam_015	Gmi-AHam_015-mus	muscle	
Gmi-AHam_016	Gmi-AHam_016-mus	muscle	
Gmi-AHam_017	Gmi-AHam_017-mus	muscle	
Gmi-AHam_018	Gmi-AHam_018-mus	muscle	
Gmi-AHam_019	Gmi-AHam_019-mus	muscle	
Gmi-AHam_020	Gmi-AHam_020-mus	muscle	
Gmi-AHam_021	Gmi-AHam_021-mus	muscle	
Gmi-AHam_022	Gmi-AHam_022-mus	muscle	
Gmi-AHam_023	Gmi-AHam_023-mus	muscle	
Gmi-AHam_024	Gmi-AHam_024-mus	muscle	
Gmi-AHam_025	Gmi-AHam_025-mus	muscle	
Gmi-AHam_026	Gmi-AHam_026-mus	muscle	
Gmi-AHam_027	Gmi-AHam_027-mus	muscle	
Gmi-AHam_028	Gmi-AHam_028-mus	muscle	
Gmi-AHam_029	Gmi-AHam_029-mus	muscle	
Gmi-AHam_030	Gmi-AHam_030-mus	muscle	
Gmi-AHam_031	Gmi-AHam_031-mus	muscle	
Gmi-AHam_032	Gmi-AHam_032-mus	muscle	
Gmi-AHam_033	Gmi-AHam_033-mus	muscle	
Gmi-AHam_034	Gmi-AHam_034-mus	muscle	
Gmi-AHam_035	Gmi-AHam_035-mus	muscle	
Gmi-AHam_036	Gmi-AHam_036-mus	muscle	
Gmi-AHam_037	Gmi-AHam_037-mus	muscle	
Gmi-AHam_038	Gmi-AHam_038-mus	muscle	
Gmi-AHam_039	Gmi-AHam_039-mus	muscle	
Gmi-AHam_040	Gmi-AHam_040-mus	muscle	
Gmi-AHam_041	Gmi-AHam_041-mus	muscle	
Gmi-AHam_042	Gmi-AHam_042-mus	muscle	
Gmi-AHam_043	Gmi-AHam_043-mus	muscle	
Gmi-AHam_044	Gmi-AHam_044-mus	muscle	
Gmi-AHam_045	Gmi-AHam_045-mus	muscle	
Gmi-AHam_046	Gmi-AHam_046-mus	muscle	
Gmi-AHam_047	Gmi-AHam_047-mus	muscle	
Gmi-AHam_048	Gmi-AHam_048-mus	muscle	
Gmi-AHam_049	Gmi-AHam_049-mus	muscle	
Gmi-AHam_050	Gmi-AHam_050-mus	muscle	
Gmi-AHam_051	Gmi-AHam_051-mus	muscle	
Gmi-AHam_052	Gmi-AHam_052-mus	muscle	
Gmi-AHam_053	Gmi-AHam_053-mus	muscle	
Gmi-AHam_054	Gmi-AHam_054-mus	muscle	
Gmi-AHam_055	Gmi-AHam_055-mus	muscle	
Gmi-AHam_056	Gmi-AHam_056-mus	muscle	
Gmi-AHam_057	Gmi-AHam_057-mus	muscle	
Gmi-AHam_058	Gmi-AHam_058-mus	muscle	
Gmi-AHam_059	Gmi-AHam_059-mus	muscle	
Gmi-AHam_060	Gmi-AHam_060-mus	muscle	
Gmi-AHam_061	Gmi-AHam_061-mus	muscle	
Gmi-AHam_062	Gmi-AHam_062-mus	muscle	
Gmi-AHam_063	Gmi-AHam_063-mus	muscle	
Gmi-AHam_064	Gmi-AHam_064-mus	muscle	
Gmi-AHam_065	Gmi-AHam_065-mus	muscle	
Gmi-AHam_066	Gmi-AHam_066-mus	muscle	
Gmi-AHam_067	Gmi-AHam_067-mus	muscle	
Gmi-AHam_068	Gmi-AHam_068-mus	muscle	
Gmi-AHam_069	Gmi-AHam_069-mus	muscle	
Gmi-AHam_070	Gmi-AHam_070-mus	muscle	
Gmi-AHam_071	Gmi-AHam_071-mus	muscle	
Gmi-AHam_072	Gmi-AHam_072-mus	muscle	
Gmi-AHam_073	Gmi-AHam_073-mus	muscle	
Gmi-AHam_074	Gmi-AHam_074-mus	muscle	
Gmi-AHam_075	Gmi-AHam_075-mus	muscle	
Gmi-AHam_076	Gmi-AHam_076-mus	muscle	
Gmi-AHam_077	Gmi-AHam_077-mus	muscle	
Gmi-AHam_078	Gmi-AHam_078-mus	muscle	
Gmi-AHam_079	Gmi-AHam_079-mus	muscle	
Gmi-AHam_080	Gmi-AHam_080-mus	muscle	
Gmi-AHam_081	Gmi-AHam_081-mus	muscle	
Gmi-AHam_082	Gmi-AHam_082-mus	muscle	
Gmi-AHam_083	Gmi-AHam_083-mus	muscle	
Gmi-AHam_084	Gmi-AHam_084-mus	muscle	
Gmi-AHam_085	Gmi-AHam_085-mus	muscle	
Gmi-AHam_086	Gmi-AHam_086-mus	muscle	
Gmi-AHam_087	Gmi-AHam_087-mus	muscle	
Gmi-AHam_088	Gmi-AHam_088-mus	muscle	
Gmi-AHam_089	Gmi-AHam_089-mus	muscle	
Gmi-AHam_090	Gmi-AHam_090-mus	muscle	
Gmi-AHam_091	Gmi-AHam_091-mus	muscle	
Gmi-AHam_092	Gmi-AHam_092-mus	muscle	
Gmi-AHam_093	Gmi-AHam_093-mus	muscle	
Gmi-AHam_094	Gmi-AHam_094-mus	muscle	
Gmi-AHam_095	Gmi-AHam_095-mus	muscle	
Gmi-AHam_096	Gmi-AHam_096-mus	muscle	
Gmi-CBas_001	Gmi-CBas_001-mus	muscle	
Gmi-CBas_002	Gmi-CBas_002-mus	muscle	
Gmi-CBas_003	Gmi-CBas_003-mus	muscle	
Gmi-CBas_004	Gmi-CBas_004-mus	muscle	
Gmi-CBas_005	Gmi-CBas_005-mus	muscle	
Gmi-CBas_006	Gmi-CBas_006-mus	muscle	
Gmi-CBas_007	Gmi-CBas_007-mus	muscle	
Gmi-CBas_008	Gmi-CBas_008-mus	muscle	
Gmi-CBas_009	Gmi-CBas_009-mus	muscle	
Gmi-CBas_010	Gmi-CBas_010-mus	muscle	
Gmi-CBas_011	Gmi-CBas_011-mus	muscle	
Gmi-CBas_012	Gmi-CBas_012-mus	muscle	
Gmi-CBas_013	Gmi-CBas_013-mus	muscle	
Gmi-CBas_014	Gmi-CBas_014-mus	muscle	
Gmi-CBas_015	Gmi-CBas_015-mus	muscle	
Gmi-CBas_016	Gmi-CBas_016-mus	muscle	
Gmi-CBas_017	Gmi-CBas_017-mus	muscle	
Gmi-CBas_018	Gmi-CBas_018-mus	muscle	
Gmi-CBas_019	Gmi-CBas_019-mus	muscle	
Gmi-CBas_020	Gmi-CBas_020-mus	muscle	
Gmi-CBas_021	Gmi-CBas_021-mus	muscle	
Gmi-CBas_022	Gmi-CBas_022-mus	muscle	
Gmi-CBas_023	Gmi-CBas_023-mus	muscle	
Gmi-CBas_024	Gmi-CBas_024-mus	muscle	
Gmi-CBas_025	Gmi-CBas_025-mus	muscle	
Gmi-CBas_026	Gmi-CBas_026-mus	muscle	
Gmi-CBas_027	Gmi-CBas_027-mus	muscle	
Gmi-CBas_028	Gmi-CBas_028-mus	muscle	
Gmi-CBas_029	Gmi-CBas_029-mus	muscle	
Gmi-CBas_030	Gmi-CBas_030-mus	muscle	
Gmi-CBas_031	Gmi-CBas_031-mus	muscle	
Gmi-CBas_032	Gmi-CBas_032-mus	muscle	
Gmi-CBas_033	Gmi-CBas_033-mus	muscle	
Gmi-CBas_034	Gmi-CBas_034-mus	muscle	
Gmi-CBas_035	Gmi-CBas_035-mus	muscle	
Gmi-CBas_036	Gmi-CBas_036-mus	muscle	
Gmi-CBas_037	Gmi-CBas_037-mus	muscle	
Gmi-CBas_038	Gmi-CBas_038-mus	muscle	
Gmi-CBas_039	Gmi-CBas_039-mus	muscle	
Gmi-CBas_040	Gmi-CBas_040-mus	muscle	
Gmi-CBas_041	Gmi-CBas_041-mus	muscle	
Gmi-CBas_042	Gmi-CBas_042-mus	muscle	
Gmi-CBas_043	Gmi-CBas_043-mus	muscle	
Gmi-CBas_044	Gmi-CBas_044-mus	muscle	
Gmi-CBas_045	Gmi-CBas_045-mus	muscle	
Gmi-CBas_046	Gmi-CBas_046-mus	muscle	
Gmi-CBas_047	Gmi-CBas_047-mus	muscle	
Gmi-CBas_048	Gmi-CBas_048-mus	muscle	
Gmi-CBas_049	Gmi-CBas_049-mus	muscle	
Gmi-CBas_050	Gmi-CBas_050-mus	muscle	
Gmi-CBas_051	Gmi-CBas_051-mus	muscle	
Gmi-CBas_052	Gmi-CBas_052-mus	muscle	
Gmi-CBas_053	Gmi-CBas_053-mus	muscle	
Gmi-CBas_054	Gmi-CBas_054-mus	muscle	
Gmi-CBas_055	Gmi-CBas_055-mus	muscle	
Gmi-CBas_056	Gmi-CBas_056-mus	muscle	
Gmi-CBas_057	Gmi-CBas_057-mus	muscle	
Gmi-CBas_058	Gmi-CBas_058-mus	muscle	
Gmi-CBas_059	Gmi-CBas_059-mus	muscle	
Gmi-CBas_060	Gmi-CBas_060-mus	muscle	
Gmi-CBas_061	Gmi-CBas_061-mus	muscle	
Gmi-CBas_062	Gmi-CBas_062-mus	muscle	
Gmi-CBas_063	Gmi-CBas_063-mus	muscle	
Gmi-CBas_064	Gmi-CBas_064-mus	muscle	
Gmi-CBas_065	Gmi-CBas_065-mus	muscle	
Gmi-CBas_066	Gmi-CBas_066-mus	muscle	
Gmi-CBas_067	Gmi-CBas_067-mus	muscle	
Gmi-CBas_068	Gmi-CBas_068-mus	muscle	
Gmi-CBas_069	Gmi-CBas_069-mus	muscle	
Gmi-CBas_070	Gmi-CBas_070-mus	muscle	
Gmi-CBas_071	Gmi-CBas_071-mus	muscle	
Gmi-CBas_072	Gmi-CBas_072-mus	muscle	
Gmi-CBas_073	Gmi-CBas_073-mus	muscle	
Gmi-CBas_074	Gmi-CBas_074-mus	muscle	
Gmi-CBas_075	Gmi-CBas_075-mus	muscle	
Gmi-CBas_076	Gmi-CBas_076-mus	muscle	
Gmi-CBas_077	Gmi-CBas_077-mus	muscle	
Gmi-CBas_078	Gmi-CBas_078-mus	muscle	
Gmi-CBas_079	Gmi-CBas_079-mus	muscle	
Gmi-CBas_080	Gmi-CBas_080-mus	muscle	
Gmi-CBas_081	Gmi-CBas_081-mus	muscle	
Gmi-CBas_082	Gmi-CBas_082-mus	muscle	
Gmi-CBas_083	Gmi-CBas_083-mus	muscle	
Gmi-CBas_084	Gmi-CBas_084-mus	muscle	
Gmi-CBas_085	Gmi-CBas_085-mus	muscle	
Gmi-CBas_086	Gmi-CBas_086-mus	muscle	
Gmi-CBas_087	Gmi-CBas_087-mus	muscle	
Gmi-CBas_088	Gmi-CBas_088-mus	muscle	
Gmi-CBas_089	Gmi-CBas_089-mus	muscle	
Gmi-CBas_090	Gmi-CBas_090-mus	muscle	
Gmi-CBas_091	Gmi-CBas_091-mus	muscle	
Gmi-CBas_092	Gmi-CBas_092-mus	muscle	
Gmi-CBas_093	Gmi-CBas_093-mus	muscle	
Gmi-CBas_094	Gmi-CBas_094-mus	muscle	
Gmi-CBas_095	Gmi-CBas_095-mus	muscle	
Gmi-CBas_096	Gmi-CBas_096-mus	muscle	
Gmi-CBat_001	Gmi-CBat_001-mus	muscle	
Gmi-CBat_002	Gmi-CBat_002-mus	muscle	
Gmi-CBat_003	Gmi-CBat_003-mus	muscle	
Gmi-CBat_004	Gmi-CBat_004-mus	muscle	
Gmi-CBat_005	Gmi-CBat_005-mus	muscle	
Gmi-CBat_006	Gmi-CBat_006-mus	muscle	
Gmi-CBat_007	Gmi-CBat_007-mus	muscle	
Gmi-CBat_008	Gmi-CBat_008-mus	muscle	
Gmi-CBat_009	Gmi-CBat_009-mus	muscle	
Gmi-CBat_010	Gmi-CBat_010-mus	muscle	
Gmi-CBat_011	Gmi-CBat_011-mus	muscle	
Gmi-CBat_012	Gmi-CBat_012-mus	muscle	
Gmi-CBat_013	Gmi-CBat_013-mus	muscle	
Gmi-CBat_014	Gmi-CBat_014-mus	muscle	
Gmi-CBat_015	Gmi-CBat_015-mus	muscle	
Gmi-CBat_016	Gmi-CBat_016-mus	muscle	
Gmi-CBat_017	Gmi-CBat_017-mus	muscle	
Gmi-CBat_018	Gmi-CBat_018-mus	muscle	
Gmi-CBat_019	Gmi-CBat_019-mus	muscle	
Gmi-CBat_020	Gmi-CBat_020-mus	muscle	
Gmi-CBat_021	Gmi-CBat_021-mus	muscle	
Gmi-CBat_022	Gmi-CBat_022-mus	muscle	
Gmi-CBat_023	Gmi-CBat_023-mus	muscle	
Gmi-CBat_024	Gmi-CBat_024-mus	muscle	
Gmi-CBat_025	Gmi-CBat_025-mus	muscle	
Gmi-CBat_026	Gmi-CBat_026-mus	muscle	
Gmi-CBat_027	Gmi-CBat_027-mus	muscle	
Gmi-CBat_028	Gmi-CBat_028-mus	muscle	
Gmi-CBat_029	Gmi-CBat_029-mus	muscle	
Gmi-CBat_030	Gmi-CBat_030-mus	muscle	
Gmi-CBat_031	Gmi-CBat_031-mus	muscle	
Gmi-CBat_032	Gmi-CBat_032-mus	muscle	
Gmi-CBat_033	Gmi-CBat_033-mus	muscle	
Gmi-CBat_034	Gmi-CBat_034-mus	muscle	
Gmi-CBat_035	Gmi-CBat_035-mus	muscle	
Gmi-CBat_036	Gmi-CBat_036-mus	muscle	
Gmi-CBat_037	Gmi-CBat_037-mus	muscle	
Gmi-CBat_038	Gmi-CBat_038-mus	muscle	
Gmi-CBat_039	Gmi-CBat_039-mus	muscle	
Gmi-CBat_040	Gmi-CBat_040-mus	muscle	
Gmi-CBat_041	Gmi-CBat_041-mus	muscle	
Gmi-CBat_042	Gmi-CBat_042-mus	muscle	
Gmi-CBat_043	Gmi-CBat_043-mus	muscle	
Gmi-CBat_044	Gmi-CBat_044-mus	muscle	
Gmi-CBat_045	Gmi-CBat_045-mus	muscle	
Gmi-CBat_046	Gmi-CBat_046-mus	muscle	
Gmi-CBat_047	Gmi-CBat_047-mus	muscle	
Gmi-CBat_048	Gmi-CBat_048-mus	muscle	
Gmi-CBat_049	Gmi-CBat_049-mus	muscle	
Gmi-CBat_050	Gmi-CBat_050-mus	muscle	
Gmi-CBat_051	Gmi-CBat_051-mus	muscle	
Gmi-CBat_052	Gmi-CBat_052-mus	muscle	
Gmi-CBat_053	Gmi-CBat_053-mus	muscle	
Gmi-CBat_054	Gmi-CBat_054-mus	muscle	
Gmi-CBat_055	Gmi-CBat_055-mus	muscle	
Gmi-CBat_056	Gmi-CBat_056-mus	muscle	
Gmi-CBat_057	Gmi-CBat_057-mus	muscle	
Gmi-CBat_058	Gmi-CBat_058-mus	muscle	
Gmi-CBat_059	Gmi-CBat_059-mus	muscle	
Gmi-CBat_060	Gmi-CBat_060-mus	muscle	
Gmi-CBat_061	Gmi-CBat_061-mus	muscle	
Gmi-CBat_062	Gmi-CBat_062-mus	muscle	
Gmi-CBat_063	Gmi-CBat_063-mus	muscle	
Gmi-CBat_064	Gmi-CBat_064-mus	muscle	
Gmi-CBat_065	Gmi-CBat_065-mus	muscle	
Gmi-CBat_066	Gmi-CBat_066-mus	muscle	
Gmi-CBat_067	Gmi-CBat_067-mus	muscle	
Gmi-CBat_068	Gmi-CBat_068-mus	muscle	
Gmi-CBat_069	Gmi-CBat_069-mus	muscle	
Gmi-CBat_070	Gmi-CBat_070-mus	muscle	
Gmi-CBat_071	Gmi-CBat_071-mus	muscle	
Gmi-CBat_072	Gmi-CBat_072-mus	muscle	
Gmi-CBat_073	Gmi-CBat_073-mus	muscle	
Gmi-CBat_074	Gmi-CBat_074-mus	muscle	
Gmi-CBat_075	Gmi-CBat_075-mus	muscle	
Gmi-CBat_076	Gmi-CBat_076-mus	muscle	
Gmi-CBat_077	Gmi-CBat_077-mus	muscle	
Gmi-CBat_078	Gmi-CBat_078-mus	muscle	
Gmi-CBat_079	Gmi-CBat_079-mus	muscle	
Gmi-CBat_080	Gmi-CBat_080-mus	muscle	
Gmi-CBat_081	Gmi-CBat_081-mus	muscle	
Gmi-CBat_082	Gmi-CBat_082-mus	muscle	
Gmi-CBat_083	Gmi-CBat_083-mus	muscle	
Gmi-CBat_084	Gmi-CBat_084-mus	muscle	
Gmi-CBat_085	Gmi-CBat_085-mus	muscle	
Gmi-CBat_086	Gmi-CBat_086-mus	muscle	
Gmi-CBat_087	Gmi-CBat_087-mus	muscle	
Gmi-CBat_088	Gmi-CBat_088-mus	muscle	
Gmi-CBat_089	Gmi-CBat_089-mus	muscle	
Gmi-CBat_090	Gmi-CBat_090-mus	muscle	
Gmi-CBat_091	Gmi-CBat_091-mus	muscle	
Gmi-CBat_092	Gmi-CBat_092-mus	muscle	
Gmi-CBat_093	Gmi-CBat_093-mus	muscle	
Gmi-CBat_094	Gmi-CBat_094-mus	muscle	
Gmi-CBat_095	Gmi-CBat_095-mus	muscle	
Gmi-CBat_096	Gmi-CBat_096-mus	muscle	
Goy-APnd_001	Goy-APnd_001-mus	muscle	
Goy-APnd_002	Goy-APnd_002-mus	muscle	
Goy-APnd_003	Goy-APnd_003-mus	muscle	
Goy-APnd_004	Goy-APnd_004-mus	muscle	
Goy-APnd_005	Goy-APnd_005-mus	muscle	
Goy-APnd_006	Goy-APnd_006-mus	muscle	
Goy-APnd_007	Goy-APnd_007-mus	muscle	
Goy-APnd_008	Goy-APnd_008-mus	muscle	
Goy-APnd_009	Goy-APnd_009-mus	muscle	
Goy-APnd_010	Goy-APnd_010-mus	muscle	
Goy-APnd_011	Goy-APnd_011-mus	muscle	
Goy-APnd_012	Goy-APnd_012-mus	muscle	
Goy-APnd_013	Goy-APnd_013-mus	muscle	
Goy-APnd_014	Goy-APnd_014-mus	muscle	
Goy-APnd_015	Goy-APnd_015-mus	muscle	
Goy-APnd_016	Goy-APnd_016-mus	muscle	
Goy-APnd_017	Goy-APnd_017-mus	muscle	
Goy-APnd_018	Goy-APnd_018-mus	muscle	
Goy-APnd_019	Goy-APnd_019-mus	muscle	
Goy-APnd_020	Goy-APnd_020-mus	muscle	
Goy-APnd_021	Goy-APnd_021-mus	muscle	
Goy-APnd_022	Goy-APnd_022-mus	muscle	
Goy-APnd_023	Goy-APnd_023-mus	muscle	
Goy-APnd_024	Goy-APnd_024-mus	muscle	
Goy-APnd_025	Goy-APnd_025-mus	muscle	
Goy-APnd_026	Goy-APnd_026-mus	muscle	
Goy-APnd_027	Goy-APnd_027-mus	muscle	
Goy-APnd_028	Goy-APnd_028-mus	muscle	
Goy-APnd_029	Goy-APnd_029-mus	muscle	
Goy-APnd_030	Goy-APnd_030-mus	muscle	
Goy-APnd_031	Goy-APnd_031-mus	muscle	
Goy-APnd_032	Goy-APnd_032-mus	muscle	
Goy-APnd_033	Goy-APnd_033-mus	muscle	
Goy-APnd_034	Goy-APnd_034-mus	muscle	
Goy-APnd_035	Goy-APnd_035-mus	muscle	
Goy-APnd_036	Goy-APnd_036-mus	muscle	
Goy-APnd_037	Goy-APnd_037-mus	muscle	
Goy-APnd_038	Goy-APnd_038-mus	muscle	
Goy-APnd_039	Goy-APnd_039-mus	muscle	
Goy-APnd_040	Goy-APnd_040-mus	muscle	
Goy-APnd_041	Goy-APnd_041-mus	muscle	
Goy-APnd_042	Goy-APnd_042-mus	muscle	
Goy-APnd_043	Goy-APnd_043-mus	muscle	
Goy-APnd_044	Goy-APnd_044-mus	muscle	
Goy-APnd_045	Goy-APnd_045-mus	muscle	
Goy-APnd_046	Goy-APnd_046-mus	muscle	
Goy-APnd_047	Goy-APnd_047-mus	muscle	
Goy-APnd_048	Goy-APnd_048-mus	muscle	
Goy-APnd_049	Goy-APnd_049-mus	muscle	
Goy-APnd_050	Goy-APnd_050-mus	muscle	
Goy-APnd_051	Goy-APnd_051-mus	muscle	
Goy-APnd_052	Goy-APnd_052-mus	muscle	
Goy-APnd_053	Goy-APnd_053-mus	muscle	
Goy-APnd_054	Goy-APnd_054-mus	muscle	
Goy-APnd_055	Goy-APnd_055-mus	muscle	
Goy-APnd_056	Goy-APnd_056-mus	muscle	
Goy-APnd_057	Goy-APnd_057-mus	muscle	
Goy-APnd_058	Goy-APnd_058-mus	muscle	
Goy-APnd_059	Goy-APnd_059-mus	muscle	
Goy-APnd_060	Goy-APnd_060-mus	muscle	
Goy-APnd_061	Goy-APnd_061-mus	muscle	
Goy-APnd_062	Goy-APnd_062-mus	muscle	
Goy-APnd_063	Goy-APnd_063-mus	muscle	
Goy-APnd_064	Goy-APnd_064-mus	muscle	
Goy-APnd_065	Goy-APnd_065-mus	muscle	
Goy-APnd_066	Goy-APnd_066-mus	muscle	
Goy-APnd_067	Goy-APnd_067-mus	muscle	
Goy-ARag_001	Goy-ARag_001-mus	muscle	
Goy-ARag_002	Goy-ARag_002-mus	muscle	
Goy-ARag_003	Goy-ARag_003-mus	muscle	
Goy-ARag_004	Goy-ARag_004-mus	muscle	
Goy-ARag_005	Goy-ARag_005-mus	muscle	
Goy-ARag_006	Goy-ARag_006-mus	muscle	
Goy-ARag_007	Goy-ARag_007-mus	muscle	
Goy-ARag_008	Goy-ARag_008-mus	muscle	
Goy-ARag_009	Goy-ARag_009-mus	muscle	
Goy-ARag_010	Goy-ARag_010-mus	muscle	
Goy-ARag_011	Goy-ARag_011-mus	muscle	
Goy-ARag_012	Goy-ARag_012-mus	muscle	
Goy-ARag_013	Goy-ARag_013-mus	muscle	
Goy-ARag_014	Goy-ARag_014-mus	muscle	
Goy-ARag_015	Goy-ARag_015-mus	muscle	
Goy-ARag_016	Goy-ARag_016-mus	muscle	
Goy-ARag_017	Goy-ARag_017-mus	muscle	
Goy-ARag_018	Goy-ARag_018-mus	muscle	
Goy-ARag_019	Goy-ARag_019-mus	muscle	
Goy-ARag_020	Goy-ARag_020-mus	muscle	
Goy-ARag_021	Goy-ARag_021-mus	muscle	
Goy-ARag_022	Goy-ARag_022-mus	muscle	
Goy-ARag_023	Goy-ARag_023-mus	muscle	
Goy-ARag_024	Goy-ARag_024-mus	muscle	
Goy-ARag_025	Goy-ARag_025-mus	muscle	
Goy-ARag_026	Goy-ARag_026-mus	muscle	
Goy-ARag_027	Goy-ARag_027-mus	muscle	
Goy-ARag_028	Goy-ARag_028-mus	muscle	
Goy-ARag_029	Goy-ARag_029-mus	muscle	
Goy-ARag_030	Goy-ARag_030-mus	muscle	
Goy-ARag_031	Goy-ARag_031-mus	muscle	
Goy-ARag_032	Goy-ARag_032-mus	muscle	
Goy-ARom_001	Goy-ARom_001-mus	muscle	
Goy-ARom_002	Goy-ARom_002-mus	muscle	
Goy-ARom_003	Goy-ARom_003-mus	muscle	
Goy-ARom_004	Goy-ARom_004-mus	muscle	
Goy-ARom_005	Goy-ARom_005-mus	muscle	
Goy-ARom_006	Goy-ARom_006-mus	muscle	
Goy-ARom_007	Goy-ARom_007-mus	muscle	
Goy-ARom_008	Goy-ARom_008-mus	muscle	
Goy-ARom_009	Goy-ARom_009-mus	muscle	
Goy-ARom_010	Goy-ARom_010-mus	muscle	
Goy-ARom_011	Goy-ARom_011-mus	muscle	
Goy-ARom_012	Goy-ARom_012-mus	muscle	
Goy-ARom_013	Goy-ARom_013-mus	muscle	
Goy-ARom_014	Goy-ARom_014-mus	muscle	
Goy-ARom_015	Goy-ARom_015-mus	muscle	
Goy-ARom_016	Goy-ARom_016-mus	muscle	
Goy-ARom_017	Goy-ARom_017-mus	muscle	
Goy-ARom_018	Goy-ARom_018-mus	muscle	
Goy-ARom_019	Goy-ARom_019-mus	muscle	
Goy-CPas_001	Goy-CPas_001-mus	muscle	
Goy-CPas_002	Goy-CPas_002-mus	muscle	
Goy-CPas_003	Goy-CPas_003-mus	muscle	
Goy-CPas_004	Goy-CPas_004-mus	muscle	
Goy-CPas_005	Goy-CPas_005-mus	muscle	
Goy-CPas_006	Goy-CPas_006-mus	muscle	
Goy-CPas_007	Goy-CPas_007-mus	muscle	
Goy-CPas_008	Goy-CPas_008-mus	muscle	
Goy-CPas_009	Goy-CPas_009-mus	muscle	
Goy-CPas_010	Goy-CPas_010-mus	muscle	
Goy-CPas_011	Goy-CPas_011-mus	muscle	
Goy-CPas_012	Goy-CPas_012-mus	muscle	
Goy-CPas_013	Goy-CPas_013-mus	muscle	
Goy-CPas_014	Goy-CPas_014-mus	muscle	
Goy-CPas_015	Goy-CPas_015-mus	muscle	
Goy-CPas_016	Goy-CPas_016-mus	muscle	
Goy-CPas_017	Goy-CPas_017-mus	muscle	
Goy-CPas_018	Goy-CPas_018-mus	muscle	
Goy-CPas_019	Goy-CPas_019-mus	muscle	
Goy-CPas_020	Goy-CPas_020-mus	muscle	
Goy-CPas_021	Goy-CPas_021-mus	muscle	
Goy-CPas_022	Goy-CPas_022-mus	muscle	
Goy-CPas_023	Goy-CPas_023-mus	muscle	
Goy-CPas_024	Goy-CPas_024-mus	muscle	
Goy-CPas_025	Goy-CPas_025-mus	muscle	
Goy-CPas_026	Goy-CPas_026-mus	muscle	
Goy-CPas_027	Goy-CPas_027-mus	muscle	
Goy-CPas_028	Goy-CPas_028-mus	muscle	
Goy-CPas_029	Goy-CPas_029-mus	muscle	
Goy-CPas_030	Goy-CPas_030-mus	muscle	
Goy-CPas_031	Goy-CPas_031-mus	muscle	
Goy-CPas_032	Goy-CPas_032-mus	muscle	
Goy-CPas_033	Goy-CPas_033-mus	muscle	
Goy-CPas_034	Goy-CPas_034-mus	muscle	
Goy-CPas_035	Goy-CPas_035-mus	muscle	
Goy-CPas_036	Goy-CPas_036-mus	muscle	
Goy-CPas_037	Goy-CPas_037-mus	muscle	
Goy-CPas_038	Goy-CPas_038-mus	muscle	
Goy-CPas_039	Goy-CPas_039-mus	muscle	
Goy-CPas_040	Goy-CPas_040-mus	muscle	
Goy-CPas_041	Goy-CPas_041-mus	muscle	
Goy-CPas_042	Goy-CPas_042-mus	muscle	
Goy-CPas_043	Goy-CPas_043-mus	muscle	
Goy-CPas_044	Goy-CPas_044-mus	muscle	
Goy-CPas_045	Goy-CPas_045-mus	muscle	
Goy-CPas_046	Goy-CPas_046-mus	muscle	
Goy-CPas_047	Goy-CPas_047-mus	muscle	
Goy-CPas_048	Goy-CPas_048-mus	muscle	
Goy-CPas_049	Goy-CPas_049-mus	muscle	
Goy-CPas_050	Goy-CPas_050-mus	muscle	
Goy-CPas_051	Goy-CPas_051-mus	muscle	
Goy-CPas_052	Goy-CPas_052-mus	muscle	
Goy-CPas_053	Goy-CPas_053-mus	muscle	
Goy-CPas_054	Goy-CPas_054-mus	muscle	
Goy-CPas_055	Goy-CPas_055-mus	muscle	
Goy-CPas_056	Goy-CPas_056-mus	muscle	
Goy-CPas_057	Goy-CPas_057-mus	muscle	
Goy-CPas_058	Goy-CPas_058-mus	muscle	
Goy-CPas_059	Goy-CPas_059-mus	muscle	
Goy-CPas_060	Goy-CPas_060-mus	muscle	
Goy-CPas_061	Goy-CPas_061-mus	muscle	
Goy-CPas_062	Goy-CPas_062-mus	muscle	
Goy-CPas_063	Goy-CPas_063-mus	muscle	
Goy-CPas_064	Goy-CPas_064-mus	muscle	
Goy-CPas_065	Goy-CPas_065-mus	muscle	
Goy-CPas_066	Goy-CPas_066-mus	muscle	
Goy-CPas_067	Goy-CPas_067-mus	muscle	
Goy-CPas_068	Goy-CPas_068-mus	muscle	
Goy-CPas_069	Goy-CPas_069-mus	muscle	
Goy-CPas_070	Goy-CPas_070-mus	muscle	
Goy-CPas_071	Goy-CPas_071-mus	muscle	
Goy-CPas_072	Goy-CPas_072-mus	muscle	
Goy-CPas_073	Goy-CPas_073-mus	muscle	
Goy-CPas_074	Goy-CPas_074-mus	muscle	
Goy-CPas_075	Goy-CPas_075-mus	muscle	
Goy-CPas_076	Goy-CPas_076-mus	muscle	
Goy-CPas_077	Goy-CPas_077-mus	muscle	
Goy-CPas_078	Goy-CPas_078-mus	muscle	
Goy-CPas_079	Goy-CPas_079-mus	muscle	
Goy-CPas_080	Goy-CPas_080-mus	muscle	
Goy-CPas_081	Goy-CPas_081-mus	muscle	
Goy-CPas_082	Goy-CPas_082-mus	muscle	
Goy-CPas_083	Goy-CPas_083-mus	muscle	
Goy-CPas_084	Goy-CPas_084-mus	muscle	
Goy-CPas_085	Goy-CPas_085-mus	muscle	
Goy-CPas_086	Goy-CPas_086-mus	muscle	
Goy-CPas_087	Goy-CPas_087-mus	muscle	
Goy-CPas_088	Goy-CPas_088-mus	muscle	
Goy-CPas_089	Goy-CPas_089-mus	muscle	
Goy-CPas_090	Goy-CPas_090-mus	muscle	
Goy-CPas_091	Goy-CPas_091-mus	muscle	
Goy-CPas_092	Goy-CPas_092-mus	muscle	
Goy-CPas_093	Goy-CPas_093-mus	muscle	
Goy-CPas_094	Goy-CPas_094-mus	muscle	
Goy-CPas_095	Goy-CPas_095-mus	muscle	
Goy-CPas_096	Goy-CPas_096-mus	muscle	
Goy-CPas_097	Goy-CPas_097-mus	muscle	
Goy-CPas_098	Goy-CPas_098-mus	muscle	
Goy-CPas_099	Goy-CPas_099-mus	muscle	
Goy-CPnd_001	Goy-CPnd_001-mus	muscle	
Goy-CPnd_002	Goy-CPnd_002-mus	muscle	
Goy-CPnd_003	Goy-CPnd_003-mus	muscle	
Goy-CPnd_004	Goy-CPnd_004-mus	muscle	
Goy-CPnd_005	Goy-CPnd_005-mus	muscle	
Goy-CPnd_006	Goy-CPnd_006-mus	muscle	
Goy-CPnd_007	Goy-CPnd_007-mus	muscle	
Goy-CPnd_008	Goy-CPnd_008-mus	muscle	
Goy-CPnd_009	Goy-CPnd_009-mus	muscle	
Goy-CPnd_010	Goy-CPnd_010-mus	muscle	
Goy-CPnd_011	Goy-CPnd_011-mus	muscle	
Goy-CPnd_012	Goy-CPnd_012-mus	muscle	
Goy-CPnd_013	Goy-CPnd_013-mus	muscle	
Goy-CPnd_014	Goy-CPnd_014-mus	muscle	
Goy-CPnd_015	Goy-CPnd_015-mus	muscle	
Goy-CPnd_016	Goy-CPnd_016-mus	muscle	
Goy-CPnd_017	Goy-CPnd_017-mus	muscle	
Goy-CPnd_018	Goy-CPnd_018-mus	muscle	
Goy-CPnd_019	Goy-CPnd_019-mus	muscle	
Goy-CPnd_020	Goy-CPnd_020-mus	muscle	
Goy-CPnd_021	Goy-CPnd_021-mus	muscle	
Goy-CPnd_022	Goy-CPnd_022-mus	muscle	
Goy-CPnd_023	Goy-CPnd_023-mus	muscle	
Goy-CPnd_024	Goy-CPnd_024-mus	muscle	
Goy-CPnd_025	Goy-CPnd_025-mus	muscle	
Goy-CPnd_026	Goy-CPnd_026-mus	muscle	
Goy-CPnd_027	Goy-CPnd_027-mus	muscle	
Goy-CPnd_028	Goy-CPnd_028-mus	muscle	
Goy-CPnd_029	Goy-CPnd_029-mus	muscle	
Goy-CPnd_030	Goy-CPnd_030-mus	muscle	
Goy-CPnd_031	Goy-CPnd_031-mus	muscle	
Goy-CPnd_032	Goy-CPnd_032-mus	muscle	
Goy-CPnd_033	Goy-CPnd_033-mus	muscle	
Goy-CPnd_034	Goy-CPnd_034-mus	muscle	
Goy-CPnd_035	Goy-CPnd_035-mus	muscle	
Goy-CPnd_036	Goy-CPnd_036-mus	muscle	
Goy-CPnd_037	Goy-CPnd_037-mus	muscle	
Goy-CPnd_038	Goy-CPnd_038-mus	muscle	
Goy-CPnd_039	Goy-CPnd_039-mus	muscle	
Goy-CPnd_040	Goy-CPnd_040-mus	muscle	
Goy-CPnd_041	Goy-CPnd_041-mus	muscle	
Goy-CPnd_042	Goy-CPnd_042-mus	muscle	
Goy-CPnd_043	Goy-CPnd_043-mus	muscle	
Goy-CPnd_044	Goy-CPnd_044-mus	muscle	
Goy-CPnd_045	Goy-CPnd_045-mus	muscle	
Goy-CPnd_046	Goy-CPnd_046-mus	muscle	
Goy-CPnd_047	Goy-CPnd_047-mus	muscle	
Goy-CPnd_048	Goy-CPnd_048-mus	muscle	
Goy-CPnd_049	Goy-CPnd_049-mus	muscle	
Goy-CPnd_050	Goy-CPnd_050-mus	muscle	
Goy-CPnd_051	Goy-CPnd_051-mus	muscle	
Goy-CPnd_052	Goy-CPnd_052-mus	muscle	
Goy-CPnd_053	Goy-CPnd_053-mus	muscle	
Goy-CPnd_054	Goy-CPnd_054-mus	muscle	
Goy-CPnd_055	Goy-CPnd_055-mus	muscle	
Goy-CPnd_056	Goy-CPnd_056-mus	muscle	
Goy-CPnd_057	Goy-CPnd_057-mus	muscle	
Goy-CPnd_058	Goy-CPnd_058-mus	muscle	
Goy-CPnd_059	Goy-CPnd_059-mus	muscle	
Goy-CPnd_060	Goy-CPnd_060-mus	muscle	
Goy-CPnd_061	Goy-CPnd_061-mus	muscle	
Goy-CPnd_062	Goy-CPnd_062-mus	muscle	
Goy-CPnd_063	Goy-CPnd_063-mus	muscle	
Goy-CPnd_064	Goy-CPnd_064-mus	muscle	
Goy-CPnd_065	Goy-CPnd_065-mus	muscle	
Goy-CPnd_066	Goy-CPnd_066-mus	muscle	
Goy-CPnd_067	Goy-CPnd_067-mus	muscle	
Goy-CPnd_068	Goy-CPnd_068-mus	muscle	
Goy-CPnd_069	Goy-CPnd_069-mus	muscle	
Goy-CPnd_070	Goy-CPnd_070-mus	muscle	
Goy-CPnd_071	Goy-CPnd_071-mus	muscle	
Goy-CPnd_072	Goy-CPnd_072-mus	muscle	
Goy-CPnd_073	Goy-CPnd_073-mus	muscle	
Goy-CPnd_074	Goy-CPnd_074-mus	muscle	
Goy-CPnd_075	Goy-CPnd_075-mus	muscle	
Goy-CPnd_076	Goy-CPnd_076-mus	muscle	
Goy-CPnd_077	Goy-CPnd_077-mus	muscle	
Goy-CPnd_078	Goy-CPnd_078-mus	muscle	
Goy-CPnd_079	Goy-CPnd_079-mus	muscle	
Goy-CPnd_080	Goy-CPnd_080-mus	muscle	
Goy-CPnd_081	Goy-CPnd_081-mus	muscle	
Goy-CPnd_082	Goy-CPnd_082-mus	muscle	
Goy-CPnd_083	Goy-CPnd_083-mus	muscle	
Goy-CPnd_084	Goy-CPnd_084-mus	muscle	
Goy-CPnd_085	Goy-CPnd_085-mus	muscle	
Goy-CPnd_086	Goy-CPnd_086-mus	muscle	
Goy-CPnd_087	Goy-CPnd_087-mus	muscle	
Goy-CPnd_088	Goy-CPnd_088-mus	muscle	
Goy-CPnd_089	Goy-CPnd_089-mus	muscle	
Goy-CPnd_090	Goy-CPnd_090-mus	muscle	
Goy-CPnd_091	Goy-CPnd_091-mus	muscle	
Goy-CPnd_092	Goy-CPnd_092-mus	muscle	
Goy-CPnd_093	Goy-CPnd_093-mus	muscle	
Goy-CPnd_094	Goy-CPnd_094-mus	muscle	
Goy-CPnd_095	Goy-CPnd_095-mus	muscle	
Goy-CPnd_096	Goy-CPnd_096-mus	muscle	
Goy-CRag_001	Goy-CRag_001-mus	muscle	
Goy-CRag_002	Goy-CRag_002-mus	muscle	
Goy-CRag_003	Goy-CRag_003-mus	muscle	
Goy-CRag_004	Goy-CRag_004-mus	muscle	
Goy-CRag_005	Goy-CRag_005-mus	muscle	
Goy-CRag_006	Goy-CRag_006-mus	muscle	
Goy-CRag_007	Goy-CRag_007-mus	muscle	
Goy-CRag_008	Goy-CRag_008-mus	muscle	
Goy-CRag_009	Goy-CRag_009-mus	muscle	
Goy-CRag_010	Goy-CRag_010-mus	muscle	
Goy-CRag_011	Goy-CRag_011-mus	muscle	
Goy-CRag_012	Goy-CRag_012-mus	muscle	
Goy-CRag_013	Goy-CRag_013-mus	muscle	
Goy-CRag_014	Goy-CRag_014-mus	muscle	
Goy-CRag_015	Goy-CRag_015-mus	muscle	
Goy-CRag_016	Goy-CRag_016-mus	muscle	
Goy-CRag_017	Goy-CRag_017-mus	muscle	
Goy-CRag_018	Goy-CRag_018-mus	muscle	
Goy-CRag_019	Goy-CRag_019-mus	muscle	
Goy-CRag_020	Goy-CRag_020-mus	muscle	
Goy-CRag_021	Goy-CRag_021-mus	muscle	
Goy-CRag_022	Goy-CRag_022-mus	muscle	
Goy-CRag_023	Goy-CRag_023-mus	muscle	
Goy-CRag_024	Goy-CRag_024-mus	muscle	
Goy-CRag_025	Goy-CRag_025-mus	muscle	
Goy-CRag_026	Goy-CRag_026-mus	muscle	
Goy-CRag_027	Goy-CRag_027-mus	muscle	
Goy-CRag_028	Goy-CRag_028-mus	muscle	
Goy-CRag_029	Goy-CRag_029-mus	muscle	
Goy-CRag_030	Goy-CRag_030-mus	muscle	
Goy-CRag_031	Goy-CRag_031-mus	muscle	
Goy-CRag_032	Goy-CRag_032-mus	muscle	
Goy-CRag_033	Goy-CRag_033-mus	muscle	
Goy-CRag_034	Goy-CRag_034-mus	muscle	
Goy-CRag_035	Goy-CRag_035-mus	muscle	
Goy-CRag_036	Goy-CRag_036-mus	muscle	
Goy-CRag_037	Goy-CRag_037-mus	muscle	
Goy-CRag_038	Goy-CRag_038-mus	muscle	
Goy-CRag_039	Goy-CRag_039-mus	muscle	
Goy-CRag_040	Goy-CRag_040-mus	muscle	
Goy-CRag_041	Goy-CRag_041-mus	muscle	
Goy-CRag_042	Goy-CRag_042-mus	muscle	
Goy-CRag_043	Goy-CRag_043-mus	muscle	
Goy-CRag_044	Goy-CRag_044-mus	muscle	
Goy-CRag_045	Goy-CRag_045-mus	muscle	
Goy-CRom_001	Goy-CRom_001-mus	muscle	
Goy-CRom_002	Goy-CRom_002-mus	muscle	
Goy-CRom_003	Goy-CRom_003-mus	muscle	
Goy-CRom_004	Goy-CRom_004-mus	muscle	
Goy-CRom_005	Goy-CRom_005-mus	muscle	
Goy-CRom_006	Goy-CRom_006-mus	muscle	
Goy-CRom_007	Goy-CRom_007-mus	muscle	
Goy-CRom_008	Goy-CRom_008-mus	muscle	
Goy-CRom_009	Goy-CRom_009-mus	muscle	
Goy-CRom_010	Goy-CRom_010-mus	muscle	
Goy-CRom_011	Goy-CRom_011-mus	muscle	
Goy-CRom_012	Goy-CRom_012-mus	muscle	
Goy-CRom_013	Goy-CRom_013-mus	muscle	
Goy-CRom_014	Goy-CRom_014-mus	muscle	
Goy-CRom_015	Goy-CRom_015-mus	muscle	
Goy-CRom_016	Goy-CRom_016-mus	muscle	
Goy-CRom_017	Goy-CRom_017-mus	muscle	
Goy-CRom_018	Goy-CRom_018-mus	muscle	
Goy-CRom_019	Goy-CRom_019-mus	muscle	
Goy-CRom_020	Goy-CRom_020-mus	muscle	
Goy-CRom_021	Goy-CRom_021-mus	muscle	
Goy-CRom_022	Goy-CRom_022-mus	muscle	
Goy-CRom_023	Goy-CRom_023-mus	muscle	
Goy-CRom_024	Goy-CRom_024-mus	muscle	
Goy-CRom_025	Goy-CRom_025-mus	muscle	
Goy-CRom_026	Goy-CRom_026-mus	muscle	
Goy-CRom_027	Goy-CRom_027-mus	muscle	
Goy-CRom_028	Goy-CRom_028-mus	muscle	
Goy-CRom_029	Goy-CRom_029-mus	muscle	
Goy-CRom_030	Goy-CRom_030-mus	muscle	
Goy-CRom_031	Goy-CRom_031-mus	muscle	
Goy-CRom_032	Goy-CRom_032-mus	muscle	
Goy-CRom_033	Goy-CRom_033-mus	muscle	
Goy-CRom_034	Goy-CRom_034-mus	muscle	
Goy-CRom_035	Goy-CRom_035-mus	muscle	
Goy-CRom_036	Goy-CRom_036-mus	muscle	
Goy-CRom_037	Goy-CRom_037-mus	muscle	
Goy-CRom_038	Goy-CRom_038-mus	muscle	
Goy-CRom_039	Goy-CRom_039-mus	muscle	
Goy-CRom_040	Goy-CRom_040-mus	muscle	
Goy-CRom_041	Goy-CRom_041-mus	muscle	
Goy-CRom_042	Goy-CRom_042-mus	muscle	
Goy-CRom_043	Goy-CRom_043-mus	muscle	
Goy-CRom_044	Goy-CRom_044-mus	muscle	
Goy-CRom_045	Goy-CRom_045-mus	muscle	
Goy-CRom_046	Goy-CRom_046-mus	muscle	
Goy-CRom_047	Goy-CRom_047-mus	muscle	
Goy-CRom_048	Goy-CRom_048-mus	muscle	
Goy-CRom_049	Goy-CRom_049-mus	muscle	
Goy-CRom_050	Goy-CRom_050-mus	muscle	
Goy-CRom_051	Goy-CRom_051-mus	muscle	
Goy-CRom_052	Goy-CRom_052-mus	muscle	
Goy-CRom_053	Goy-CRom_053-mus	muscle	
Goy-CRom_054	Goy-CRom_054-mus	muscle	
Goy-CRom_055	Goy-CRom_055-mus	muscle	
Goy-CRom_056	Goy-CRom_056-mus	muscle	
Goy-CRom_057	Goy-CRom_057-mus	muscle	
Goy-CRom_058	Goy-CRom_058-mus	muscle	
Goy-CRom_059	Goy-CRom_059-mus	muscle	
Goy-CRom_060	Goy-CRom_060-mus	muscle	
Goy-CRom_061	Goy-CRom_061-mus	muscle	
Goy-CRom_062	Goy-CRom_062-mus	muscle	
Goy-CRom_063	Goy-CRom_063-mus	muscle	
Goy-CRom_064	Goy-CRom_064-mus	muscle	
Goy-CRom_065	Goy-CRom_065-mus	muscle	
Goy-CRom_066	Goy-CRom_066-mus	muscle	
Goy-CRom_067	Goy-CRom_067-mus	muscle	
Goy-CRom_068	Goy-CRom_068-mus	muscle	
Goy-CRom_069	Goy-CRom_069-mus	muscle	
Goy-CRom_070	Goy-CRom_070-mus	muscle	
Goy-CRom_071	Goy-CRom_071-mus	muscle	
Goy-CRom_072	Goy-CRom_072-mus	muscle	
Goy-CRom_073	Goy-CRom_073-mus	muscle	
Goy-CRom_074	Goy-CRom_074-mus	muscle	
Goy-CRom_075	Goy-CRom_075-mus	muscle	
Goy-CRom_076	Goy-CRom_076-mus	muscle	
Goy-CRom_077	Goy-CRom_077-mus	muscle	
Goy-CRom_078	Goy-CRom_078-mus	muscle	
Goy-CRom_079	Goy-CRom_079-mus	muscle	
Goy-CRom_080	Goy-CRom_080-mus	muscle	
Goy-CRom_081	Goy-CRom_081-mus	muscle	
Goy-CRom_082	Goy-CRom_082-mus	muscle	
Goy-CRom_083	Goy-CRom_083-mus	muscle	
Goy-CRom_084	Goy-CRom_084-mus	muscle	
Goy-CRom_085	Goy-CRom_085-mus	muscle	
Goy-CRom_086	Goy-CRom_086-mus	muscle	
Goy-CRom_087	Goy-CRom_087-mus	muscle	
Goy-CRom_088	Goy-CRom_088-mus	muscle	
Goy-CRom_089	Goy-CRom_089-mus	muscle	
Goy-CRom_090	Goy-CRom_090-mus	muscle	
Goy-CRom_091	Goy-CRom_091-mus	muscle	
Goy-CRom_092	Goy-CRom_092-mus	muscle	
Goy-CRom_093	Goy-CRom_093-mus	muscle	
Goy-CRom_094	Goy-CRom_094-mus	muscle	
Goy-CRom_095	Goy-CRom_095-mus	muscle	
Goy-CRom_096	Goy-CRom_096-mus	muscle	
Hmi-ABas_001	Hmi-ABas_001-mus	muscle	
Hmi-ABas_002	Hmi-ABas_002-mus	muscle	
Hmi-ABas_003	Hmi-ABas_003-mus	muscle	
Hmi-ABas_004	Hmi-ABas_004-mus	muscle	
Hmi-ABas_005	Hmi-ABas_005-mus	muscle	
Hmi-ABas_006	Hmi-ABas_006-mus	muscle	
Hmi-ABas_007	Hmi-ABas_007-mus	muscle	
Hmi-ABas_008	Hmi-ABas_008-mus	muscle	
Hmi-ABas_009	Hmi-ABas_009-mus	muscle	
Hmi-ABas_010	Hmi-ABas_010-mus	muscle	
Hmi-ABas_011	Hmi-ABas_011-mus	muscle	
Hmi-ABas_012	Hmi-ABas_012-mus	muscle	
Hmi-ABas_013	Hmi-ABas_013-mus	muscle	
Hmi-ABas_014	Hmi-ABas_014-mus	muscle	
Hmi-ABas_015	Hmi-ABas_015-mus	muscle	
Hmi-ABas_016	Hmi-ABas_016-mus	muscle	
Hmi-ABas_017	Hmi-ABas_017-mus	muscle	
Hmi-ABas_018	Hmi-ABas_018-mus	muscle	
Hmi-ABas_019	Hmi-ABas_019-mus	muscle	
Hmi-ABas_020	Hmi-ABas_020-mus	muscle	
Hmi-ABas_021	Hmi-ABas_021-mus	muscle	
Hmi-ABas_022	Hmi-ABas_022-mus	muscle	
Hmi-ABas_023	Hmi-ABas_023-mus	muscle	
Hmi-ABas_024	Hmi-ABas_024-mus	muscle	
Hmi-ABas_025	Hmi-ABas_025-mus	muscle	
Hmi-ABas_026	Hmi-ABas_026-mus	muscle	
Hmi-ABas_027	Hmi-ABas_027-mus	muscle	
Hmi-ABas_028	Hmi-ABas_028-mus	muscle	
Hmi-ABas_029	Hmi-ABas_029-mus	muscle	
Hmi-ABas_030	Hmi-ABas_030-mus	muscle	
Hmi-ABas_031	Hmi-ABas_031-mus	muscle	
Hmi-ABas_032	Hmi-ABas_032-mus	muscle	
Hmi-ABas_033	Hmi-ABas_033-mus	muscle	
Hmi-ABas_034	Hmi-ABas_034-mus	muscle	
Hmi-ABas_035	Hmi-ABas_035-mus	muscle	
Hmi-ABas_036	Hmi-ABas_036-mus	muscle	
Hmi-ABas_037	Hmi-ABas_037-mus	muscle	
Hmi-ABas_038	Hmi-ABas_038-mus	muscle	
Hmi-ABas_039	Hmi-ABas_039-mus	muscle	
Hmi-ABas_040	Hmi-ABas_040-mus	muscle	
Hmi-ABas_041	Hmi-ABas_041-mus	muscle	
Hmi-ABas_042	Hmi-ABas_042-mus	muscle	
Hmi-ABas_043	Hmi-ABas_043-mus	muscle	
Hmi-ABas_044	Hmi-ABas_044-mus	muscle	
Hmi-ABas_045	Hmi-ABas_045-mus	muscle	
Hmi-ABas_046	Hmi-ABas_046-mus	muscle	
Hmi-ABas_047	Hmi-ABas_047-mus	muscle	
Hmi-AMac_001	Hmi-AMac_001-mus	muscle	
Hmi-AMac_002	Hmi-AMac_002-mus	muscle	
Hmi-AMac_003	Hmi-AMac_003-mus	muscle	
Hmi-AMac_004	Hmi-AMac_004-mus	muscle	
Hmi-AMac_005	Hmi-AMac_005-mus	muscle	
Hmi-AMac_006	Hmi-AMac_006-mus	muscle	
Hmi-AMac_007	Hmi-AMac_007-mus	muscle	
Hmi-AMac_008	Hmi-AMac_008-mus	muscle	
Hmi-AMac_009	Hmi-AMac_009-mus	muscle	
Hmi-AMac_010	Hmi-AMac_010-mus	muscle	
Hmi-AMac_011	Hmi-AMac_011-mus	muscle	
Hmi-AMac_012	Hmi-AMac_012-mus	muscle	
Hmi-AMac_013	Hmi-AMac_013-mus	muscle	
Hmi-AMac_014	Hmi-AMac_014-mus	muscle	
Hmi-AMac_015	Hmi-AMac_015-mus	muscle	
Hmi-AMac_016	Hmi-AMac_016-mus	muscle	
Hmi-AMac_017	Hmi-AMac_017-mus	muscle	
Hmi-AMac_018	Hmi-AMac_018-mus	muscle	
Hmi-AMac_019	Hmi-AMac_019-mus	muscle	
Hmi-AMac_020	Hmi-AMac_020-mus	muscle	
Hmi-AMac_021	Hmi-AMac_021-mus	muscle	
Hmi-AMac_022	Hmi-AMac_022-mus	muscle	
Hmi-AMac_023	Hmi-AMac_023-mus	muscle	
Hmi-AMac_024	Hmi-AMac_024-mus	muscle	
Hmi-AMac_025	Hmi-AMac_025-mus	muscle	
Hmi-AMac_026	Hmi-AMac_026-mus	muscle	
Hmi-AMac_027	Hmi-AMac_027-mus	muscle	
Hmi-AMac_028	Hmi-AMac_028-mus	muscle	
Hmi-AMac_029	Hmi-AMac_029-mus	muscle	
Hmi-AMac_030	Hmi-AMac_030-mus	muscle	
Hmi-AMac_031	Hmi-AMac_031-mus	muscle	
Hmi-AMac_032	Hmi-AMac_032-mus	muscle	
Hmi-AMac_033	Hmi-AMac_033-mus	muscle	
Hmi-AMac_034	Hmi-AMac_034-mus	muscle	
Hmi-AMac_035	Hmi-AMac_035-mus	muscle	
Hmi-AMac_036	Hmi-AMac_036-mus	muscle	
Hmi-AMac_037	Hmi-AMac_037-mus	muscle	
Hmi-AMac_038	Hmi-AMac_038-mus	muscle	
Hmi-AMac_039	Hmi-AMac_039-mus	muscle	
Hmi-AMac_040	Hmi-AMac_040-mus	muscle	
Hmi-AMac_041	Hmi-AMac_041-mus	muscle	
Hmi-AMac_042	Hmi-AMac_042-mus	muscle	
Hmi-AMac_043	Hmi-AMac_043-mus	muscle	
Hmi-AMac_044	Hmi-AMac_044-mus	muscle	
Hmi-AMac_045	Hmi-AMac_045-mus	muscle	
Hmi-AMac_046	Hmi-AMac_046-mus	muscle	
Hmi-AMac_047	Hmi-AMac_047-mus	muscle	
Hmi-AMac_048	Hmi-AMac_048-mus	muscle	
Hmi-AMac_049	Hmi-AMac_049-mus	muscle	
Hmi-AMac_050	Hmi-AMac_050-mus	muscle	
Hmi-AMac_051	Hmi-AMac_051-mus	muscle	
Hmi-AMac_052	Hmi-AMac_052-mus	muscle	
Hmi-CBas_001	Hmi-CBas_001-mus	muscle	
Hmi-CBas_002	Hmi-CBas_002-mus	muscle	
Hmi-CBas_003	Hmi-CBas_003-mus	muscle	
Hmi-CBas_004	Hmi-CBas_004-mus	muscle	
Hmi-CBas_005	Hmi-CBas_005-mus	muscle	
Hmi-CBas_006	Hmi-CBas_006-mus	muscle	
Hmi-CBas_007	Hmi-CBas_007-mus	muscle	
Hmi-CBas_008	Hmi-CBas_008-mus	muscle	
Hmi-CBas_009	Hmi-CBas_009-mus	muscle	
Hmi-CBas_010	Hmi-CBas_010-mus	muscle	
Hmi-CBas_011	Hmi-CBas_011-mus	muscle	
Hmi-CBas_012	Hmi-CBas_012-mus	muscle	
Hmi-CBas_013	Hmi-CBas_013-mus	muscle	
Hmi-CBas_014	Hmi-CBas_014-mus	muscle	
Hmi-CBas_015	Hmi-CBas_015-mus	muscle	
Hmi-CBas_016	Hmi-CBas_016-mus	muscle	
Hmi-CBas_017	Hmi-CBas_017-mus	muscle	
Hmi-CBas_018	Hmi-CBas_018-mus	muscle	
Hmi-CBas_019	Hmi-CBas_019-mus	muscle	
Hmi-CBas_020	Hmi-CBas_020-mus	muscle	
Hmi-CBas_021	Hmi-CBas_021-mus	muscle	
Hmi-CBas_022	Hmi-CBas_022-mus	muscle	
Hmi-CBas_023	Hmi-CBas_023-mus	muscle	
Hmi-CBas_024	Hmi-CBas_024-mus	muscle	
Hmi-CBas_025	Hmi-CBas_025-mus	muscle	
Hmi-CBas_026	Hmi-CBas_026-mus	muscle	
Hmi-CBas_027	Hmi-CBas_027-mus	muscle	
Hmi-CBas_028	Hmi-CBas_028-mus	muscle	
Hmi-CBas_029	Hmi-CBas_029-mus	muscle	
Hmi-CBas_030	Hmi-CBas_030-mus	muscle	
Hmi-CBas_031	Hmi-CBas_031-mus	muscle	
Hmi-CBas_032	Hmi-CBas_032-mus	muscle	
Hmi-CBas_033	Hmi-CBas_033-mus	muscle	
Hmi-CBas_034	Hmi-CBas_034-mus	muscle	
Hmi-CBas_035	Hmi-CBas_035-mus	muscle	
Hmi-CBas_036	Hmi-CBas_036-mus	muscle	
Hmi-CBas_037	Hmi-CBas_037-mus	muscle	
Hmi-CBas_038	Hmi-CBas_038-mus	muscle	
Hmi-CBas_039	Hmi-CBas_039-mus	muscle	
Hmi-CBas_040	Hmi-CBas_040-mus	muscle	
Hmi-CBas_041	Hmi-CBas_041-mus	muscle	
Hmi-CBas_042	Hmi-CBas_042-mus	muscle	
Hmi-CBas_043	Hmi-CBas_043-mus	muscle	
Hmi-CBas_044	Hmi-CBas_044-mus	muscle	
Hmi-CBas_045	Hmi-CBas_045-mus	muscle	
Hmi-CBas_046	Hmi-CBas_046-mus	muscle	
Hmi-CBas_047	Hmi-CBas_047-mus	muscle	
Hmi-CBas_048	Hmi-CBas_048-mus	muscle	
Hmi-CPar_001	Hmi-CPar_001-mus	muscle	
Hmi-CPar_002	Hmi-CPar_002-mus	muscle	
Hmi-CPar_003	Hmi-CPar_003-mus	muscle	
Hmi-CPar_004	Hmi-CPar_004-mus	muscle	
Hmi-CPar_005	Hmi-CPar_005-mus	muscle	
Hmi-CPar_006	Hmi-CPar_006-mus	muscle	
Hmi-CPar_007	Hmi-CPar_007-mus	muscle	
Hmi-CPar_008	Hmi-CPar_008-mus	muscle	
Hmi-CPar_009	Hmi-CPar_009-mus	muscle	
Hmi-CPar_010	Hmi-CPar_010-mus	muscle	
Hmi-CPar_011	Hmi-CPar_011-mus	muscle	
Hmi-CPar_012	Hmi-CPar_012-mus	muscle	
Hmi-CPar_013	Hmi-CPar_013-mus	muscle	
Hmi-CPar_014	Hmi-CPar_014-mus	muscle	
Hmi-CPar_015	Hmi-CPar_015-mus	muscle	
Hmi-CPar_016	Hmi-CPar_016-mus	muscle	
Hmi-CPar_017	Hmi-CPar_017-mus	muscle	
Hmi-CPar_018	Hmi-CPar_018-mus	muscle	
Hmi-CPar_019	Hmi-CPar_019-mus	muscle	
Hmi-CPar_020	Hmi-CPar_020-mus	muscle	
Hmi-CPar_021	Hmi-CPar_021-mus	muscle	
Hmi-CPar_022	Hmi-CPar_022-mus	muscle	
Hmi-CPar_023	Hmi-CPar_023-mus	muscle	
Hmi-CPar_024	Hmi-CPar_024-mus	muscle	
Hmi-CPar_025	Hmi-CPar_025-mus	muscle	
Hmi-CPar_026	Hmi-CPar_026-mus	muscle	
Hmi-CPar_027	Hmi-CPar_027-mus	muscle	
Hmi-CPar_028	Hmi-CPar_028-mus	muscle	
Hmi-CPar_029	Hmi-CPar_029-mus	muscle	
Hmi-CPar_030	Hmi-CPar_030-mus	muscle	
Hmi-CPar_031	Hmi-CPar_031-mus	muscle	
Hmi-CPar_032	Hmi-CPar_032-mus	muscle	
Hmi-CPar_033	Hmi-CPar_033-mus	muscle	
Hmi-CPar_034	Hmi-CPar_034-mus	muscle	
Hmi-CPar_035	Hmi-CPar_035-mus	muscle	
Hmi-CPar_036	Hmi-CPar_036-mus	muscle	
Hmi-CPar_037	Hmi-CPar_037-mus	muscle	
Hmi-CPar_038	Hmi-CPar_038-mus	muscle	
Hmi-CPar_039	Hmi-CPar_039-mus	muscle	
Hmi-CPar_040	Hmi-CPar_040-mus	muscle	
Hmi-CPar_041	Hmi-CPar_041-mus	muscle	
Hmi-CPar_042	Hmi-CPar_042-mus	muscle	
Hmi-CPar_043	Hmi-CPar_043-mus	muscle	
Hmi-CPar_044	Hmi-CPar_044-mus	muscle	
Hmi-CPar_045	Hmi-CPar_045-mus	muscle	
Hmi-CPar_046	Hmi-CPar_046-mus	muscle	
Hmi-CPar_047	Hmi-CPar_047-mus	muscle	
Hmi-CPar_048	Hmi-CPar_048-mus	muscle	
Hqu-AMvi_001	Hqu-AMvi_001-mus	muscle	
Hqu-AMvi_002	Hqu-AMvi_002-mus	muscle	
Hqu-AMvi_003	Hqu-AMvi_003-mus	muscle	
Hqu-AMvi_004	Hqu-AMvi_004-mus	muscle	
Hqu-AMvi_005	Hqu-AMvi_005-mus	muscle	
Hqu-AMvi_006	Hqu-AMvi_006-mus	muscle	
Hqu-AMvi_007	Hqu-AMvi_007-mus	muscle	
Hqu-AMvi_008	Hqu-AMvi_008-mus	muscle	
Hqu-AMvi_009	Hqu-AMvi_009-mus	muscle	
Hqu-AMvi_010	Hqu-AMvi_010-mus	muscle	
Hqu-AMvi_011	Hqu-AMvi_011-mus	muscle	
Hqu-AMvi_012	Hqu-AMvi_012-mus	muscle	
Hqu-AMvi_013	Hqu-AMvi_013-mus	muscle	
Hqu-AMvi_014	Hqu-AMvi_014-mus	muscle	
Hqu-AMvi_015	Hqu-AMvi_015-mus	muscle	
Hqu-AMvi_016	Hqu-AMvi_016-mus	muscle	
Hqu-AMvi_017	Hqu-AMvi_017-mus	muscle	
Hqu-AMvi_018	Hqu-AMvi_018-mus	muscle	
Hqu-AMvi_019	Hqu-AMvi_019-mus	muscle	
Hqu-AMvi_020	Hqu-AMvi_020-mus	muscle	
Hqu-AMvi_021	Hqu-AMvi_021-mus	muscle	
Hqu-AMvi_022	Hqu-AMvi_022-mus	muscle	
Hqu-AMvi_023	Hqu-AMvi_023-mus	muscle	
Hqu-AMvi_024	Hqu-AMvi_024-mus	muscle	
Hqu-AMvi_025	Hqu-AMvi_025-mus	muscle	
Hqu-AMvi_026	Hqu-AMvi_026-mus	muscle	
Hqu-AMvi_027	Hqu-AMvi_027-mus	muscle	
Hqu-AMvi_028	Hqu-AMvi_028-mus	muscle	
Hqu-AMvi_029	Hqu-AMvi_029-mus	muscle	
Hqu-AMvi_030	Hqu-AMvi_030-mus	muscle	
Hqu-AMvi_031	Hqu-AMvi_031-mus	muscle	
Hqu-AMvi_032	Hqu-AMvi_032-mus	muscle	
Hqu-AMvi_033	Hqu-AMvi_033-mus	muscle	
Hqu-AMvi_034	Hqu-AMvi_034-mus	muscle	
Hqu-AMvi_035	Hqu-AMvi_035-mus	muscle	
Hqu-AMvi_036	Hqu-AMvi_036-mus	muscle	
Hqu-AMvi_037	Hqu-AMvi_037-mus	muscle	
Hqu-AMvi_038	Hqu-AMvi_038-mus	muscle	
Hqu-AMvi_039	Hqu-AMvi_039-mus	muscle	
Hqu-AMvi_040	Hqu-AMvi_040-mus	muscle	
Hqu-AMvi_041	Hqu-AMvi_041-mus	muscle	
Hqu-AMvi_042	Hqu-AMvi_042-mus	muscle	
Hqu-AMvi_043	Hqu-AMvi_043-mus	muscle	
Hqu-AMvi_044	Hqu-AMvi_044-mus	muscle	
Hqu-AMvi_045	Hqu-AMvi_045-mus	muscle	
Hqu-AMvi_046	Hqu-AMvi_046-mus	muscle	
Hqu-AMvi_047	Hqu-AMvi_047-mus	muscle	
Hqu-AMvi_048	Hqu-AMvi_048-mus	muscle	
Hqu-AMvi_049	Hqu-AMvi_049-mus	muscle	
Hqu-AMvi_050	Hqu-AMvi_050-mus	muscle	
Hqu-AMvi_051	Hqu-AMvi_051-mus	muscle	
Hqu-AMvi_052	Hqu-AMvi_052-mus	muscle	
Hqu-AMvi_053	Hqu-AMvi_053-mus	muscle	
Hqu-AMvi_054	Hqu-AMvi_054-mus	muscle	
Hqu-AMvi_055	Hqu-AMvi_055-mus	muscle	
Hqu-AMvi_056	Hqu-AMvi_056-mus	muscle	
Hqu-AMvi_057	Hqu-AMvi_057-mus	muscle	
Hqu-AMvi_058	Hqu-AMvi_058-mus	muscle	
Hqu-AMvi_059	Hqu-AMvi_059-mus	muscle	
Hqu-ANas_001	Hqu-ANas_001-mus	muscle	
Hqu-ANas_002	Hqu-ANas_002-mus	muscle	
Hqu-ANas_003	Hqu-ANas_003-mus	muscle	
Hqu-ANas_004	Hqu-ANas_004-mus	muscle	
Hqu-ANas_005	Hqu-ANas_005-mus	muscle	
Hqu-ANas_006	Hqu-ANas_006-mus	muscle	
Hqu-ANas_007	Hqu-ANas_007-mus	muscle	
Hqu-ANas_008	Hqu-ANas_008-mus	muscle	
Hqu-ANas_009	Hqu-ANas_009-mus	muscle	
Hqu-ANas_010	Hqu-ANas_010-mus	muscle	
Hqu-ANas_011	Hqu-ANas_011-mus	muscle	
Hqu-ANas_012	Hqu-ANas_012-mus	muscle	
Hqu-ANas_013	Hqu-ANas_013-mus	muscle	
Hqu-ANas_014	Hqu-ANas_014-mus	muscle	
Hqu-ANas_015	Hqu-ANas_015-mus	muscle	
Hqu-ANas_016	Hqu-ANas_016-mus	muscle	
Hqu-ANas_017	Hqu-ANas_017-mus	muscle	
Hqu-ANas_018	Hqu-ANas_018-mus	muscle	
Hqu-ANas_019	Hqu-ANas_019-mus	muscle	
Hqu-ANas_020	Hqu-ANas_020-mus	muscle	
Hqu-ANas_021	Hqu-ANas_021-mus	muscle	
Hqu-ANas_022	Hqu-ANas_022-mus	muscle	
Hqu-ANas_023	Hqu-ANas_023-mus	muscle	
Hqu-ANas_024	Hqu-ANas_024-mus	muscle	
Hqu-ANas_025	Hqu-ANas_025-mus	muscle	
Hqu-ANas_026	Hqu-ANas_026-mus	muscle	
Hqu-ANas_027	Hqu-ANas_027-mus	muscle	
Hqu-ANas_028	Hqu-ANas_028-mus	muscle	
Hqu-ANas_029	Hqu-ANas_029-mus	muscle	
Hqu-ANas_030	Hqu-ANas_030-mus	muscle	
Hqu-ANas_031	Hqu-ANas_031-mus	muscle	
Hqu-ANas_032	Hqu-ANas_032-mus	muscle	
Hqu-ANas_033	Hqu-ANas_033-mus	muscle	
Hqu-CMvi_001	Hqu-CMvi_001-mus	muscle	
Hqu-CMvi_002	Hqu-CMvi_002-mus	muscle	
Hqu-CMvi_003	Hqu-CMvi_003-mus	muscle	
Hqu-CMvi_004	Hqu-CMvi_004-mus	muscle	
Hqu-CMvi_005	Hqu-CMvi_005-mus	muscle	
Hqu-CMvi_006	Hqu-CMvi_006-mus	muscle	
Hqu-CMvi_007	Hqu-CMvi_007-mus	muscle	
Hqu-CMvi_008	Hqu-CMvi_008-mus	muscle	
Hqu-CMvi_009	Hqu-CMvi_009-mus	muscle	
Hqu-CMvi_010	Hqu-CMvi_010-mus	muscle	
Hqu-CMvi_011	Hqu-CMvi_011-mus	muscle	
Hqu-CMvi_012	Hqu-CMvi_012-mus	muscle	
Hqu-CMvi_013	Hqu-CMvi_013-mus	muscle	
Hqu-CMvi_014	Hqu-CMvi_014-mus	muscle	
Hqu-CMvi_015	Hqu-CMvi_015-mus	muscle	
Hqu-CMvi_016	Hqu-CMvi_016-mus	muscle	
Hqu-CMvi_017	Hqu-CMvi_017-mus	muscle	
Hqu-CMvi_018	Hqu-CMvi_018-mus	muscle	
Hqu-CMvi_019	Hqu-CMvi_019-mus	muscle	
Hqu-CMvi_020	Hqu-CMvi_020-mus	muscle	
Hqu-CMvi_021	Hqu-CMvi_021-mus	muscle	
Hqu-CMvi_022	Hqu-CMvi_022-mus	muscle	
Hqu-CMvi_023	Hqu-CMvi_023-mus	muscle	
Hqu-CMvi_024	Hqu-CMvi_024-mus	muscle	
Hqu-CMvi_025	Hqu-CMvi_025-mus	muscle	
Hqu-CMvi_026	Hqu-CMvi_026-mus	muscle	
Hqu-CMvi_027	Hqu-CMvi_027-mus	muscle	
Hqu-CMvi_028	Hqu-CMvi_028-mus	muscle	
Hqu-CMvi_029	Hqu-CMvi_029-mus	muscle	
Hqu-CMvi_030	Hqu-CMvi_030-mus	muscle	
Hqu-CMvi_031	Hqu-CMvi_031-mus	muscle	
Hqu-CMvi_032	Hqu-CMvi_032-mus	muscle	
Hqu-CMvi_033	Hqu-CMvi_033-mus	muscle	
Hqu-CMvi_034	Hqu-CMvi_034-mus	muscle	
Hqu-CMvi_035	Hqu-CMvi_035-mus	muscle	
Hqu-CMvi_036	Hqu-CMvi_036-mus	muscle	
Hqu-CMvi_037	Hqu-CMvi_037-mus	muscle	
Hqu-CNas_001	Hqu-CNas_001-mus	muscle	
Hqu-CNas_002	Hqu-CNas_002-mus	muscle	
Hqu-CNas_003	Hqu-CNas_003-mus	muscle	
Hqu-CNas_004	Hqu-CNas_004-mus	muscle	
Hqu-CNas_005	Hqu-CNas_005-mus	muscle	
Hqu-CNas_006	Hqu-CNas_006-mus	muscle	
Hqu-CNas_007	Hqu-CNas_007-mus	muscle	
Hqu-CNas_008	Hqu-CNas_008-mus	muscle	
Hqu-CNas_009	Hqu-CNas_009-mus	muscle	
Hqu-CNas_010	Hqu-CNas_010-mus	muscle	
Hqu-CNas_011	Hqu-CNas_011-mus	muscle	
Hqu-CNas_012	Hqu-CNas_012-mus	muscle	
Hqu-CNas_013	Hqu-CNas_013-mus	muscle	
Hqu-CNas_014	Hqu-CNas_014-mus	muscle	
Hqu-CNas_015	Hqu-CNas_015-mus	muscle	
Hqu-CNas_016	Hqu-CNas_016-mus	muscle	
Hqu-CNas_017	Hqu-CNas_017-mus	muscle	
Hqu-CNas_018	Hqu-CNas_018-mus	muscle	
Hqu-CNas_019	Hqu-CNas_019-mus	muscle	
Hqu-CNas_020	Hqu-CNas_020-mus	muscle	
Hqu-CNas_021	Hqu-CNas_021-mus	muscle	
Hqu-CNas_022	Hqu-CNas_022-mus	muscle	
Hqu-CNas_023	Hqu-CNas_023-mus	muscle	
Hqu-CNas_024	Hqu-CNas_024-mus	muscle	
Hqu-CNas_025	Hqu-CNas_025-mus	muscle	
Hqu-CNas_026	Hqu-CNas_026-mus	muscle	
Hqu-CNas_027	Hqu-CNas_027-mus	muscle	
Hqu-CNas_028	Hqu-CNas_028-mus	muscle	
Hqu-CNas_029	Hqu-CNas_029-mus	muscle	
Hqu-CNas_030	Hqu-CNas_030-mus	muscle	
Hqu-CNas_031	Hqu-CNas_031-mus	muscle	
Hqu-CNas_032	Hqu-CNas_032-mus	muscle	
Hqu-CNas_033	Hqu-CNas_033-mus	muscle	
Hqu-CNas_034	Hqu-CNas_034-mus	muscle	
Hqu-CNas_035	Hqu-CNas_035-mus	muscle	
Hqu-CNas_036	Hqu-CNas_036-mus	muscle	
Hqu-CNas_037	Hqu-CNas_037-mus	muscle	
Hqu-CNas_038	Hqu-CNas_038-mus	muscle	
Hqu-CNas_039	Hqu-CNas_039-mus	muscle	
Hqu-CNas_040	Hqu-CNas_040-mus	muscle	
Hqu-CNas_041	Hqu-CNas_041-mus	muscle	
Hqu-CNas_042	Hqu-CNas_042-mus	muscle	
Hqu-CNas_043	Hqu-CNas_043-mus	muscle	
Hqu-CNas_044	Hqu-CNas_044-mus	muscle	
Hqu-CNas_045	Hqu-CNas_045-mus	muscle	
Hqu-CNas_046	Hqu-CNas_046-mus	muscle	
Hqu-CNas_047	Hqu-CNas_047-mus	muscle	
Hqu-CNas_048	Hqu-CNas_048-mus	muscle	
Hqu-CNas_049	Hqu-CNas_049-mus	muscle	
Hqu-CNas_050	Hqu-CNas_050-mus	muscle	
Hqu-CNas_051	Hqu-CNas_051-mus	muscle	
Hqu-CNas_052	Hqu-CNas_052-mus	muscle	
Hqu-CNas_053	Hqu-CNas_053-mus	muscle	
Hqu-CNas_054	Hqu-CNas_054-mus	muscle	
Hqu-CNas_055	Hqu-CNas_055-mus	muscle	
Hte-ABur_001	Hte-ABur_001-mus	muscle	
Hte-ABur_002	Hte-ABur_002-mus	muscle	
Hte-ABur_003	Hte-ABur_003-mus	muscle	
Hte-ABur_004	Hte-ABur_004-mus	muscle	
Hte-ABur_005	Hte-ABur_005-mus	muscle	
Hte-ABur_006	Hte-ABur_006-mus	muscle	
Hte-ABur_007	Hte-ABur_007-mus	muscle	
Hte-ABur_008	Hte-ABur_008-mus	muscle	
Hte-ABur_009	Hte-ABur_009-mus	muscle	
Hte-ABur_010	Hte-ABur_010-mus	muscle	
Hte-ABur_011	Hte-ABur_011-mus	muscle	
Hte-ABur_012	Hte-ABur_012-mus	muscle	
Hte-ABur_013	Hte-ABur_013-mus	muscle	
Hte-ABur_014	Hte-ABur_014-mus	muscle	
Hte-ABur_015	Hte-ABur_015-mus	muscle	
Hte-ABur_016	Hte-ABur_016-mus	muscle	
Hte-ABur_017	Hte-ABur_017-mus	muscle	
Hte-ABur_018	Hte-ABur_018-mus	muscle	
Hte-ABur_019	Hte-ABur_019-mus	muscle	
Hte-ABur_020	Hte-ABur_020-mus	muscle	
Hte-ABur_021	Hte-ABur_021-mus	muscle	
Hte-ABur_022	Hte-ABur_022-mus	muscle	
Hte-ABur_023	Hte-ABur_023-mus	muscle	
Hte-ABur_024	Hte-ABur_024-mus	muscle	
Hte-ABur_025	Hte-ABur_025-mus	muscle	
Hte-ABur_026	Hte-ABur_026-mus	muscle	
Hte-ABur_027	Hte-ABur_027-mus	muscle	
Hte-ABur_028	Hte-ABur_028-mus	muscle	
Hte-ABur_029	Hte-ABur_029-mus	muscle	
Hte-ABur_030	Hte-ABur_030-mus	muscle	
Hte-ABur_031	Hte-ABur_031-mus	muscle	
Hte-ABur_032	Hte-ABur_032-mus	muscle	
Hte-ABur_033	Hte-ABur_033-mus	muscle	
Hte-ABur_034	Hte-ABur_034-mus	muscle	
Hte-ABur_035	Hte-ABur_035-mus	muscle	
Hte-ABur_036	Hte-ABur_036-mus	muscle	
Hte-ABur_037	Hte-ABur_037-mus	muscle	
Hte-ABur_038	Hte-ABur_038-mus	muscle	
Hte-ABur_039	Hte-ABur_039-mus	muscle	
Hte-ABur_040	Hte-ABur_040-mus	muscle	
Hte-ABur_041	Hte-ABur_041-mus	muscle	
Hte-ABur_042	Hte-ABur_042-mus	muscle	
Hte-ABur_043	Hte-ABur_043-mus	muscle	
Hte-ABur_044	Hte-ABur_044-mus	muscle	
Hte-ABur_045	Hte-ABur_045-mus	muscle	
Hte-ABur_046	Hte-ABur_046-mus	muscle	
Hte-ABur_047	Hte-ABur_047-mus	muscle	
Hte-ABur_048	Hte-ABur_048-mus	muscle	
Hte-ABur_049	Hte-ABur_049-mus	muscle	
Hte-ABur_050	Hte-ABur_050-mus	muscle	
Hte-ABur_051	Hte-ABur_051-mus	muscle	
Hte-ABur_052	Hte-ABur_052-mus	muscle	
Hte-ABur_053	Hte-ABur_053-mus	muscle	
Hte-ABur_054	Hte-ABur_054-mus	muscle	
Hte-ABur_055	Hte-ABur_055-mus	muscle	
Hte-ABur_056	Hte-ABur_056-mus	muscle	
Hte-ABur_057	Hte-ABur_057-mus	muscle	
Hte-ABur_058	Hte-ABur_058-mus	muscle	
Hte-ABur_059	Hte-ABur_059-mus	muscle	
Hte-ABur_060	Hte-ABur_060-mus	muscle	
Hte-ABur_061	Hte-ABur_061-mus	muscle	
Hte-ABur_062	Hte-ABur_062-mus	muscle	
Hte-ABur_063	Hte-ABur_063-mus	muscle	
Hte-ABur_064	Hte-ABur_064-mus	muscle	
Hte-ABur_065	Hte-ABur_065-mus	muscle	
Hte-ABur_066	Hte-ABur_066-mus	muscle	
Hte-ABur_067	Hte-ABur_067-mus	muscle	
Hte-ABur_068	Hte-ABur_068-mus	muscle	
Hte-ABur_069	Hte-ABur_069-mus	muscle	
Hte-ABur_070	Hte-ABur_070-mus	muscle	
Hte-ABur_071	Hte-ABur_071-mus	muscle	
Hte-ABur_072	Hte-ABur_072-mus	muscle	
Hte-ABur_073	Hte-ABur_073-mus	muscle	
Hte-ABur_074	Hte-ABur_074-mus	muscle	
Hte-ABur_075	Hte-ABur_075-mus	muscle	
Hte-ABur_076	Hte-ABur_076-mus	muscle	
Hte-ABur_077	Hte-ABur_077-mus	muscle	
Hte-ABur_078	Hte-ABur_078-mus	muscle	
Hte-ABur_079	Hte-ABur_079-mus	muscle	
Hte-ABur_080	Hte-ABur_080-mus	muscle	
Hte-ABur_081	Hte-ABur_081-mus	muscle	
Hte-ABur_082	Hte-ABur_082-mus	muscle	
Hte-ABur_083	Hte-ABur_083-mus	muscle	
Hte-ABur_084	Hte-ABur_084-mus	muscle	
Hte-ABur_085	Hte-ABur_085-mus	muscle	
Hte-ABur_086	Hte-ABur_086-mus	muscle	
Hte-ABur_087	Hte-ABur_087-mus	muscle	
Hte-ABur_088	Hte-ABur_088-mus	muscle	
Hte-ABur_089	Hte-ABur_089-mus	muscle	
Hte-ABur_090	Hte-ABur_090-mus	muscle	
Hte-ABur_091	Hte-ABur_091-mus	muscle	
Hte-ABur_092	Hte-ABur_092-mus	muscle	
Hte-ABur_093	Hte-ABur_093-mus	muscle	
Hte-ABur_094	Hte-ABur_094-mus	muscle	
Hte-ABur_095	Hte-ABur_095-mus	muscle	
Hte-ABur_096	Hte-ABur_096-mus	muscle	
Hte-AGal_001	Hte-AGal_001-mus	muscle	
Hte-AGal_002	Hte-AGal_002-mus	muscle	
Hte-AGal_003	Hte-AGal_003-mus	muscle	
Hte-AGal_004	Hte-AGal_004-mus	muscle	
Hte-AGal_005	Hte-AGal_005-mus	muscle	
Hte-AGal_006	Hte-AGal_006-mus	muscle	
Hte-AGal_007	Hte-AGal_007-mus	muscle	
Hte-AGal_008	Hte-AGal_008-mus	muscle	
Hte-AGal_009	Hte-AGal_009-mus	muscle	
Hte-AGal_010	Hte-AGal_010-mus	muscle	
Hte-AGal_011	Hte-AGal_011-mus	muscle	
Hte-AGal_012	Hte-AGal_012-mus	muscle	
Hte-AGal_013	Hte-AGal_013-mus	muscle	
Hte-AGal_014	Hte-AGal_014-mus	muscle	
Hte-AGal_015	Hte-AGal_015-mus	muscle	
Hte-AGal_016	Hte-AGal_016-mus	muscle	
Hte-AGal_017	Hte-AGal_017-mus	muscle	
Hte-AGal_018	Hte-AGal_018-mus	muscle	
Hte-AGal_019	Hte-AGal_019-mus	muscle	
Hte-AGal_020	Hte-AGal_020-mus	muscle	
Hte-AGal_021	Hte-AGal_021-mus	muscle	
Hte-AGal_022	Hte-AGal_022-mus	muscle	
Hte-AGal_023	Hte-AGal_023-mus	muscle	
Hte-AGal_024	Hte-AGal_024-mus	muscle	
Hte-AGal_025	Hte-AGal_025-mus	muscle	
Hte-AGal_026	Hte-AGal_026-mus	muscle	
Hte-AGal_027	Hte-AGal_027-mus	muscle	
Hte-AGal_028	Hte-AGal_028-mus	muscle	
Hte-AGal_029	Hte-AGal_029-mus	muscle	
Hte-AGal_030	Hte-AGal_030-mus	muscle	
Hte-AGal_031	Hte-AGal_031-mus	muscle	
Hte-AGal_032	Hte-AGal_032-mus	muscle	
Hte-AGal_033	Hte-AGal_033-mus	muscle	
Hte-AGal_034	Hte-AGal_034-mus	muscle	
Hte-AGal_035	Hte-AGal_035-mus	muscle	
Hte-AGal_036	Hte-AGal_036-mus	muscle	
Hte-AGal_037	Hte-AGal_037-mus	muscle	
Hte-AGal_038	Hte-AGal_038-mus	muscle	
Hte-AGal_039	Hte-AGal_039-mus	muscle	
Hte-AGal_040	Hte-AGal_040-mus	muscle	
Hte-AGal_041	Hte-AGal_041-mus	muscle	
Hte-AGal_042	Hte-AGal_042-mus	muscle	
Hte-AGal_043	Hte-AGal_043-mus	muscle	
Hte-AGal_044	Hte-AGal_044-mus	muscle	
Hte-AGal_045	Hte-AGal_045-mus	muscle	
Hte-AGal_046	Hte-AGal_046-mus	muscle	
Hte-AGal_047	Hte-AGal_047-mus	muscle	
Hte-AGal_048	Hte-AGal_048-mus	muscle	
Hte-AGal_049	Hte-AGal_049-mus	muscle	
Hte-AGal_050	Hte-AGal_050-mus	muscle	
Hte-AGal_051	Hte-AGal_051-mus	muscle	
Hte-AGal_052	Hte-AGal_052-mus	muscle	
Hte-AGal_053	Hte-AGal_053-mus	muscle	
Hte-AGal_054	Hte-AGal_054-mus	muscle	
Hte-AGal_055	Hte-AGal_055-mus	muscle	
Hte-AGal_056	Hte-AGal_056-mus	muscle	
Hte-AGal_057	Hte-AGal_057-mus	muscle	
Hte-AGal_058	Hte-AGal_058-mus	muscle	
Hte-AGal_059	Hte-AGal_059-mus	muscle	
Hte-AGal_060	Hte-AGal_060-mus	muscle	
Hte-AGal_061	Hte-AGal_061-mus	muscle	
Hte-AGal_062	Hte-AGal_062-mus	muscle	
Hte-AGal_063	Hte-AGal_063-mus	muscle	
Hte-AGal_064	Hte-AGal_064-mus	muscle	
Hte-AGal_065	Hte-AGal_065-mus	muscle	
Hte-AGal_066	Hte-AGal_066-mus	muscle	
Hte-AGal_067	Hte-AGal_067-mus	muscle	
Hte-AGal_068	Hte-AGal_068-mus	muscle	
Hte-AGal_069	Hte-AGal_069-mus	muscle	
Hte-AGal_070	Hte-AGal_070-mus	muscle	
Hte-AGal_071	Hte-AGal_071-mus	muscle	
Hte-AGal_072	Hte-AGal_072-mus	muscle	
Hte-AGal_073	Hte-AGal_073-mus	muscle	
Hte-AGal_074	Hte-AGal_074-mus	muscle	
Hte-AGal_075	Hte-AGal_075-mus	muscle	
Hte-AGal_076	Hte-AGal_076-mus	muscle	
Hte-AGal_077	Hte-AGal_077-mus	muscle	
Hte-AGal_078	Hte-AGal_078-mus	muscle	
Hte-AGal_079	Hte-AGal_079-mus	muscle	
Hte-AGal_080	Hte-AGal_080-mus	muscle	
Hte-AGal_081	Hte-AGal_081-mus	muscle	
Hte-AGal_082	Hte-AGal_082-mus	muscle	
Hte-AGal_083	Hte-AGal_083-mus	muscle	
Hte-AGal_084	Hte-AGal_084-mus	muscle	
Hte-AGal_085	Hte-AGal_085-mus	muscle	
Hte-AGal_086	Hte-AGal_086-mus	muscle	
Hte-AGal_087	Hte-AGal_087-mus	muscle	
Hte-AGal_088	Hte-AGal_088-mus	muscle	
Hte-AGal_089	Hte-AGal_089-mus	muscle	
Hte-AGal_090	Hte-AGal_090-mus	muscle	
Hte-AGal_091	Hte-AGal_091-mus	muscle	
Hte-AGal_092	Hte-AGal_092-mus	muscle	
Hte-AGal_093	Hte-AGal_093-mus	muscle	
Hte-AGal_094	Hte-AGal_094-mus	muscle	
Hte-AGal_095	Hte-AGal_095-mus	muscle	
Hte-AGal_096	Hte-AGal_096-mus	muscle	
Hte-AJol_001	Hte-AJol_001-mus	muscle	
Hte-AJol_002	Hte-AJol_002-mus	muscle	
Hte-AJol_003	Hte-AJol_003-mus	muscle	
Hte-AJol_004	Hte-AJol_004-mus	muscle	
Hte-AJol_005	Hte-AJol_005-mus	muscle	
Hte-AJol_006	Hte-AJol_006-mus	muscle	
Hte-AJol_007	Hte-AJol_007-mus	muscle	
Hte-AJol_008	Hte-AJol_008-mus	muscle	
Hte-AJol_009	Hte-AJol_009-mus	muscle	
Hte-AJol_010	Hte-AJol_010-mus	muscle	
Hte-AJol_011	Hte-AJol_011-mus	muscle	
Hte-AJol_012	Hte-AJol_012-mus	muscle	
Hte-AJol_013	Hte-AJol_013-mus	muscle	
Hte-AJol_014	Hte-AJol_014-mus	muscle	
Hte-AJol_015	Hte-AJol_015-mus	muscle	
Hte-AJol_016	Hte-AJol_016-mus	muscle	
Hte-AJol_017	Hte-AJol_017-mus	muscle	
Hte-AJol_018	Hte-AJol_018-mus	muscle	
Hte-AJol_019	Hte-AJol_019-mus	muscle	
Hte-AJol_020	Hte-AJol_020-mus	muscle	
Hte-AJol_021	Hte-AJol_021-mus	muscle	
Hte-AJol_022	Hte-AJol_022-mus	muscle	
Hte-AJol_023	Hte-AJol_023-mus	muscle	
Hte-AJol_024	Hte-AJol_024-mus	muscle	
Hte-AJol_025	Hte-AJol_025-mus	muscle	
Hte-AJol_026	Hte-AJol_026-mus	muscle	
Hte-AJol_027	Hte-AJol_027-mus	muscle	
Hte-AJol_028	Hte-AJol_028-mus	muscle	
Hte-AJol_029	Hte-AJol_029-mus	muscle	
Hte-AJol_030	Hte-AJol_030-mus	muscle	
Hte-AJol_031	Hte-AJol_031-mus	muscle	
Hte-AJol_032	Hte-AJol_032-mus	muscle	
Hte-AJol_033	Hte-AJol_033-mus	muscle	
Hte-AJol_034	Hte-AJol_034-mus	muscle	
Hte-AJol_035	Hte-AJol_035-mus	muscle	
Hte-AJol_036	Hte-AJol_036-mus	muscle	
Hte-AJol_037	Hte-AJol_037-mus	muscle	
Hte-AJol_038	Hte-AJol_038-mus	muscle	
Hte-AJol_039	Hte-AJol_039-mus	muscle	
Hte-AJol_040	Hte-AJol_040-mus	muscle	
Hte-AJol_041	Hte-AJol_041-mus	muscle	
Hte-AJol_042	Hte-AJol_042-mus	muscle	
Hte-AJol_043	Hte-AJol_043-mus	muscle	
Hte-AJol_044	Hte-AJol_044-mus	muscle	
Hte-AJol_045	Hte-AJol_045-mus	muscle	
Hte-AJol_046	Hte-AJol_046-mus	muscle	
Hte-AJol_047	Hte-AJol_047-mus	muscle	
Hte-AJol_048	Hte-AJol_048-mus	muscle	
Hte-AJol_049	Hte-AJol_049-mus	muscle	
Hte-AJol_050	Hte-AJol_050-mus	muscle	
Hte-AJol_051	Hte-AJol_051-mus	muscle	
Hte-AJol_052	Hte-AJol_052-mus	muscle	
Hte-AJol_053	Hte-AJol_053-mus	muscle	
Hte-AJol_054	Hte-AJol_054-mus	muscle	
Hte-AJol_055	Hte-AJol_055-mus	muscle	
Hte-AJol_056	Hte-AJol_056-mus	muscle	
Hte-AJol_057	Hte-AJol_057-mus	muscle	
Hte-AJol_058	Hte-AJol_058-mus	muscle	
Hte-AJol_059	Hte-AJol_059-mus	muscle	
Hte-AJol_060	Hte-AJol_060-mus	muscle	
Hte-AJol_061	Hte-AJol_061-mus	muscle	
Hte-AJol_062	Hte-AJol_062-mus	muscle	
Hte-AJol_063	Hte-AJol_063-mus	muscle	
Hte-AJol_064	Hte-AJol_064-mus	muscle	
Hte-AJol_065	Hte-AJol_065-mus	muscle	
Hte-AJol_066	Hte-AJol_066-mus	muscle	
Hte-AJol_067	Hte-AJol_067-mus	muscle	
Hte-AJol_068	Hte-AJol_068-mus	muscle	
Hte-AJol_069	Hte-AJol_069-mus	muscle	
Hte-AJol_070	Hte-AJol_070-mus	muscle	
Hte-AJol_071	Hte-AJol_071-mus	muscle	
Hte-AJol_072	Hte-AJol_072-mus	muscle	
Hte-AJol_073	Hte-AJol_073-mus	muscle	
Hte-AJol_074	Hte-AJol_074-mus	muscle	
Hte-AJol_075	Hte-AJol_075-mus	muscle	
Hte-AJol_076	Hte-AJol_076-mus	muscle	
Hte-AJol_077	Hte-AJol_077-mus	muscle	
Hte-AJol_078	Hte-AJol_078-mus	muscle	
Hte-AJol_079	Hte-AJol_079-mus	muscle	
Hte-AJol_080	Hte-AJol_080-mus	muscle	
Hte-AJol_081	Hte-AJol_081-mus	muscle	
Hte-AJol_082	Hte-AJol_082-mus	muscle	
Hte-AJol_083	Hte-AJol_083-mus	muscle	
Hte-AJol_084	Hte-AJol_084-mus	muscle	
Hte-AJol_085	Hte-AJol_085-mus	muscle	
Hte-AJol_086	Hte-AJol_086-mus	muscle	
Hte-AJol_087	Hte-AJol_087-mus	muscle	
Hte-AJol_088	Hte-AJol_088-mus	muscle	
Hte-AJol_089	Hte-AJol_089-mus	muscle	
Hte-AJol_090	Hte-AJol_090-mus	muscle	
Hte-AJol_091	Hte-AJol_091-mus	muscle	
Hte-AJol_092	Hte-AJol_092-mus	muscle	
Hte-AJol_093	Hte-AJol_093-mus	muscle	
Hte-AJol_094	Hte-AJol_094-mus	muscle	
Hte-AJol_095	Hte-AJol_095-mus	muscle	
Hte-AJol_096	Hte-AJol_096-mus	muscle	
Hte-AMat_001	Hte-AMat_001-mus	muscle	
Hte-AMat_002	Hte-AMat_002-mus	muscle	
Hte-AMat_003	Hte-AMat_003-mus	muscle	
Hte-AMat_004	Hte-AMat_004-mus	muscle	
Hte-AMvi_001	Hte-AMvi_001-mus	muscle	
Hte-AMvi_002	Hte-AMvi_002-mus	muscle	
Hte-AMvi_003	Hte-AMvi_003-mus	muscle	
Hte-AMvi_004	Hte-AMvi_004-mus	muscle	
Hte-AMvi_005	Hte-AMvi_005-mus	muscle	
Hte-AMvi_006	Hte-AMvi_006-mus	muscle	
Hte-AMvi_007	Hte-AMvi_007-mus	muscle	
Hte-AMvi_008	Hte-AMvi_008-mus	muscle	
Hte-AMvi_009	Hte-AMvi_009-mus	muscle	
Hte-AMvi_010	Hte-AMvi_010-mus	muscle	
Hte-AMvi_011	Hte-AMvi_011-mus	muscle	
Hte-AMvi_012	Hte-AMvi_012-mus	muscle	
Hte-AMvi_013	Hte-AMvi_013-mus	muscle	
Hte-AMvi_014	Hte-AMvi_014-mus	muscle	
Hte-AMvi_015	Hte-AMvi_015-mus	muscle	
Hte-AMvi_016	Hte-AMvi_016-mus	muscle	
Hte-AMvi_017	Hte-AMvi_017-mus	muscle	
Hte-AMvi_018	Hte-AMvi_018-mus	muscle	
Hte-AMvi_019	Hte-AMvi_019-mus	muscle	
Hte-AMvi_020	Hte-AMvi_020-mus	muscle	
Hte-AMvi_021	Hte-AMvi_021-mus	muscle	
Hte-AMvi_022	Hte-AMvi_022-mus	muscle	
Hte-AMvi_023	Hte-AMvi_023-mus	muscle	
Hte-AMvi_024	Hte-AMvi_024-mus	muscle	
Hte-AMvi_025	Hte-AMvi_025-mus	muscle	
Hte-AMvi_026	Hte-AMvi_026-mus	muscle	
Hte-AMvi_027	Hte-AMvi_027-mus	muscle	
Hte-AMvi_028	Hte-AMvi_028-mus	muscle	
Hte-AMvi_029	Hte-AMvi_029-mus	muscle	
Hte-AMvi_030	Hte-AMvi_030-mus	muscle	
Hte-AMvi_031	Hte-AMvi_031-mus	muscle	
Hte-AMvi_032	Hte-AMvi_032-mus	muscle	
Hte-AMvi_033	Hte-AMvi_033-mus	muscle	
Hte-AMvi_034	Hte-AMvi_034-mus	muscle	
Hte-AMvi_035	Hte-AMvi_035-mus	muscle	
Hte-AMvi_036	Hte-AMvi_036-mus	muscle	
Hte-AMvi_037	Hte-AMvi_037-mus	muscle	
Hte-AMvi_038	Hte-AMvi_038-mus	muscle	
Hte-AMvi_039	Hte-AMvi_039-mus	muscle	
Hte-AMvi_040	Hte-AMvi_040-mus	muscle	
Hte-AMvi_041	Hte-AMvi_041-mus	muscle	
Hte-AMvi_042	Hte-AMvi_042-mus	muscle	
Hte-AMvi_043	Hte-AMvi_043-mus	muscle	
Hte-AMvi_044	Hte-AMvi_044-mus	muscle	
Hte-AMvi_045	Hte-AMvi_045-mus	muscle	
Hte-AMvi_046	Hte-AMvi_046-mus	muscle	
Hte-AMvi_047	Hte-AMvi_047-mus	muscle	
Hte-AMvi_048	Hte-AMvi_048-mus	muscle	
Hte-AMvi_049	Hte-AMvi_049-mus	muscle	
Hte-AMvi_050	Hte-AMvi_050-mus	muscle	
Hte-AMvi_051	Hte-AMvi_051-mus	muscle	
Hte-AMvi_052	Hte-AMvi_052-mus	muscle	
Hte-AMvi_053	Hte-AMvi_053-mus	muscle	
Hte-AMvi_054	Hte-AMvi_054-mus	muscle	
Hte-AMvi_055	Hte-AMvi_055-mus	muscle	
Hte-AMvi_056	Hte-AMvi_056-mus	muscle	
Hte-AMvi_057	Hte-AMvi_057-mus	muscle	
Hte-AMvi_058	Hte-AMvi_058-mus	muscle	
Hte-AMvi_059	Hte-AMvi_059-mus	muscle	
Hte-AMvi_060	Hte-AMvi_060-mus	muscle	
Hte-AMvi_061	Hte-AMvi_061-mus	muscle	
Hte-APnd_001	Hte-APnd_001-mus	muscle	
Hte-APnd_002	Hte-APnd_002-mus	muscle	
Hte-APnd_003	Hte-APnd_003-mus	muscle	
Hte-APnd_004	Hte-APnd_004-mus	muscle	
Hte-APnd_005	Hte-APnd_005-mus	muscle	
Hte-APnd_006	Hte-APnd_006-mus	muscle	
Hte-APnd_007	Hte-APnd_007-mus	muscle	
Hte-APnd_008	Hte-APnd_008-mus	muscle	
Hte-APnd_009	Hte-APnd_009-mus	muscle	
Hte-APnd_010	Hte-APnd_010-mus	muscle	
Hte-APnd_011	Hte-APnd_011-mus	muscle	
Hte-APnd_012	Hte-APnd_012-mus	muscle	
Hte-APnd_013	Hte-APnd_013-mus	muscle	
Hte-APnd_014	Hte-APnd_014-mus	muscle	
Hte-APnd_015	Hte-APnd_015-mus	muscle	
Hte-APnd_016	Hte-APnd_016-mus	muscle	
Hte-APnd_017	Hte-APnd_017-mus	muscle	
Hte-APnd_018	Hte-APnd_018-mus	muscle	
Hte-APnd_019	Hte-APnd_019-mus	muscle	
Hte-APnd_020	Hte-APnd_020-mus	muscle	
Hte-APnd_021	Hte-APnd_021-mus	muscle	
Hte-APnd_022	Hte-APnd_022-mus	muscle	
Hte-APnd_023	Hte-APnd_023-mus	muscle	
Hte-APnd_024	Hte-APnd_024-mus	muscle	
Hte-APnd_025	Hte-APnd_025-mus	muscle	
Hte-APnd_026	Hte-APnd_026-mus	muscle	
Hte-APnd_027	Hte-APnd_027-mus	muscle	
Hte-APnd_028	Hte-APnd_028-mus	muscle	
Hte-APnd_029	Hte-APnd_029-mus	muscle	
Hte-APnd_030	Hte-APnd_030-mus	muscle	
Hte-APnd_031	Hte-APnd_031-mus	muscle	
Hte-APnd_032	Hte-APnd_032-mus	muscle	
Hte-ATaw_001	Hte-ATaw_001-mus	muscle	
Hte-ATaw_002	Hte-ATaw_002-mus	muscle	
Hte-ATaw_003	Hte-ATaw_003-mus	muscle	
Hte-ATaw_004	Hte-ATaw_004-mus	muscle	
Hte-ATaw_005	Hte-ATaw_005-mus	muscle	
Hte-ATaw_006	Hte-ATaw_006-mus	muscle	
Hte-ATaw_007	Hte-ATaw_007-mus	muscle	
Hte-ATaw_008	Hte-ATaw_008-mus	muscle	
Hte-ATaw_009	Hte-ATaw_009-mus	muscle	
Hte-ATaw_010	Hte-ATaw_010-mus	muscle	
Hte-ATaw_011	Hte-ATaw_011-mus	muscle	
Hte-ATaw_012	Hte-ATaw_012-mus	muscle	
Hte-ATaw_013	Hte-ATaw_013-mus	muscle	
Hte-ATaw_014	Hte-ATaw_014-mus	muscle	
Hte-ATaw_015	Hte-ATaw_015-mus	muscle	
Hte-ATaw_016	Hte-ATaw_016-mus	muscle	
Hte-ATaw_017	Hte-ATaw_017-mus	muscle	
Hte-ATaw_018	Hte-ATaw_018-mus	muscle	
Hte-ATaw_019	Hte-ATaw_019-mus	muscle	
Hte-ATaw_020	Hte-ATaw_020-mus	muscle	
Hte-ATaw_021	Hte-ATaw_021-mus	muscle	
Hte-ATaw_022	Hte-ATaw_022-mus	muscle	
Hte-ATaw_023	Hte-ATaw_023-mus	muscle	
Hte-ATaw_024	Hte-ATaw_024-mus	muscle	
Hte-ATaw_025	Hte-ATaw_025-mus	muscle	
Hte-ATaw_026	Hte-ATaw_026-mus	muscle	
Hte-ATaw_027	Hte-ATaw_027-mus	muscle	
Hte-ATaw_028	Hte-ATaw_028-mus	muscle	
Hte-ATaw_029	Hte-ATaw_029-mus	muscle	
Hte-ATaw_030	Hte-ATaw_030-mus	muscle	
Hte-ATaw_031	Hte-ATaw_031-mus	muscle	
Hte-ATaw_032	Hte-ATaw_032-mus	muscle	
Hte-ATaw_033	Hte-ATaw_033-mus	muscle	
Hte-ATaw_034	Hte-ATaw_034-mus	muscle	
Hte-ATaw_035	Hte-ATaw_035-mus	muscle	
Hte-ATaw_036	Hte-ATaw_036-mus	muscle	
Hte-ATaw_037	Hte-ATaw_037-mus	muscle	
Hte-ATaw_038	Hte-ATaw_038-mus	muscle	
Hte-ATaw_039	Hte-ATaw_039-mus	muscle	
Hte-ATaw_040	Hte-ATaw_040-mus	muscle	
Hte-ATaw_041	Hte-ATaw_041-mus	muscle	
Hte-ATaw_042	Hte-ATaw_042-mus	muscle	
Hte-ATaw_043	Hte-ATaw_043-mus	muscle	
Hte-ATaw_044	Hte-ATaw_044-mus	muscle	
Hte-ATaw_045	Hte-ATaw_045-mus	muscle	
Hte-ATaw_046	Hte-ATaw_046-mus	muscle	
Hte-ATaw_047	Hte-ATaw_047-mus	muscle	
Hte-ATaw_048	Hte-ATaw_048-mus	muscle	
Hte-ATaw_049	Hte-ATaw_049-mus	muscle	
Hte-ATaw_050	Hte-ATaw_050-mus	muscle	
Hte-ATaw_051	Hte-ATaw_051-mus	muscle	
Hte-ATaw_052	Hte-ATaw_052-mus	muscle	
Hte-ATaw_053	Hte-ATaw_053-mus	muscle	
Hte-ATaw_054	Hte-ATaw_054-mus	muscle	
Hte-ATaw_055	Hte-ATaw_055-mus	muscle	
Hte-ATaw_056	Hte-ATaw_056-mus	muscle	
Hte-ATaw_057	Hte-ATaw_057-mus	muscle	
Hte-ATaw_058	Hte-ATaw_058-mus	muscle	
Hte-ATaw_059	Hte-ATaw_059-mus	muscle	
Hte-ATaw_060	Hte-ATaw_060-mus	muscle	
Hte-ATaw_061	Hte-ATaw_061-mus	muscle	
Hte-ATaw_062	Hte-ATaw_062-mus	muscle	
Hte-ATaw_063	Hte-ATaw_063-mus	muscle	
Hte-ATaw_064	Hte-ATaw_064-mus	muscle	
Hte-ATaw_065	Hte-ATaw_065-mus	muscle	
Hte-ATaw_066	Hte-ATaw_066-mus	muscle	
Hte-ATaw_067	Hte-ATaw_067-mus	muscle	
Hte-ATaw_068	Hte-ATaw_068-mus	muscle	
Hte-ATaw_069	Hte-ATaw_069-mus	muscle	
Hte-ATaw_070	Hte-ATaw_070-mus	muscle	
Hte-ATaw_071	Hte-ATaw_071-mus	muscle	
Hte-ATaw_072	Hte-ATaw_072-mus	muscle	
Hte-ATaw_073	Hte-ATaw_073-mus	muscle	
Hte-ATaw_074	Hte-ATaw_074-mus	muscle	
Hte-ATaw_075	Hte-ATaw_075-mus	muscle	
Hte-ATaw_076	Hte-ATaw_076-mus	muscle	
Hte-ATaw_077	Hte-ATaw_077-mus	muscle	
Hte-ATaw_078	Hte-ATaw_078-mus	muscle	
Hte-ATic_001	Hte-ATic_001-mus	muscle	
Hte-ATic_002	Hte-ATic_002-mus	muscle	
Hte-ATic_003	Hte-ATic_003-mus	muscle	
Hte-ATic_004	Hte-ATic_004-mus	muscle	
Hte-ATic_005	Hte-ATic_005-mus	muscle	
Hte-ATic_006	Hte-ATic_006-mus	muscle	
Hte-ATic_007	Hte-ATic_007-mus	muscle	
Hte-ATic_008	Hte-ATic_008-mus	muscle	
Hte-ATic_009	Hte-ATic_009-mus	muscle	
Hte-ATic_010	Hte-ATic_010-mus	muscle	
Hte-ATic_011	Hte-ATic_011-mus	muscle	
Hte-ATic_012	Hte-ATic_012-mus	muscle	
Hte-ATic_013	Hte-ATic_013-mus	muscle	
Hte-ATic_014	Hte-ATic_014-mus	muscle	
Hte-ATic_015	Hte-ATic_015-mus	muscle	
Hte-ATic_016	Hte-ATic_016-mus	muscle	
Hte-ATic_017	Hte-ATic_017-mus	muscle	
Hte-ATic_018	Hte-ATic_018-mus	muscle	
Hte-ATic_019	Hte-ATic_019-mus	muscle	
Hte-ATic_020	Hte-ATic_020-mus	muscle	
Hte-ATic_021	Hte-ATic_021-mus	muscle	
Hte-ATic_022	Hte-ATic_022-mus	muscle	
Hte-ATic_023	Hte-ATic_023-mus	muscle	
Hte-ATic_024	Hte-ATic_024-mus	muscle	
Hte-ATic_025	Hte-ATic_025-mus	muscle	
Hte-ATic_026	Hte-ATic_026-mus	muscle	
Hte-ATic_027	Hte-ATic_027-mus	muscle	
Hte-ATic_028	Hte-ATic_028-mus	muscle	
Hte-ATic_029	Hte-ATic_029-mus	muscle	
Hte-ATic_030	Hte-ATic_030-mus	muscle	
Hte-ATic_031	Hte-ATic_031-mus	muscle	
Hte-ATic_032	Hte-ATic_032-mus	muscle	
Hte-ATic_033	Hte-ATic_033-mus	muscle	
Hte-ATic_034	Hte-ATic_034-mus	muscle	
Hte-ATic_035	Hte-ATic_035-mus	muscle	
Hte-ATic_036	Hte-ATic_036-mus	muscle	
Hte-ATic_037	Hte-ATic_037-mus	muscle	
Hte-ATic_038	Hte-ATic_038-mus	muscle	
Hte-ATic_039	Hte-ATic_039-mus	muscle	
Hte-ATic_040	Hte-ATic_040-mus	muscle	
Hte-ATic_041	Hte-ATic_041-mus	muscle	
Hte-ATic_042	Hte-ATic_042-mus	muscle	
Hte-ATic_043	Hte-ATic_043-mus	muscle	
Hte-ATic_044	Hte-ATic_044-mus	muscle	
Hte-ATic_045	Hte-ATic_045-mus	muscle	
Hte-ATic_046	Hte-ATic_046-mus	muscle	
Hte-ATic_047	Hte-ATic_047-mus	muscle	
Hte-ATic_048	Hte-ATic_048-mus	muscle	
Hte-ATic_049	Hte-ATic_049-mus	muscle	
Hte-ATic_050	Hte-ATic_050-mus	muscle	
Hte-ATic_051	Hte-ATic_051-mus	muscle	
Hte-ATic_052	Hte-ATic_052-mus	muscle	
Hte-ATic_053	Hte-ATic_053-mus	muscle	
Hte-ATic_054	Hte-ATic_054-mus	muscle	
Hte-ATic_055	Hte-ATic_055-mus	muscle	
Hte-ATic_056	Hte-ATic_056-mus	muscle	
Hte-ATic_057	Hte-ATic_057-mus	muscle	
Hte-ATic_058	Hte-ATic_058-mus	muscle	
Hte-ATic_059	Hte-ATic_059-mus	muscle	
Hte-ATic_060	Hte-ATic_060-mus	muscle	
Hte-ATic_061	Hte-ATic_061-mus	muscle	
Hte-ATic_062	Hte-ATic_062-mus	muscle	
Hte-ATic_063	Hte-ATic_063-mus	muscle	
Hte-ATic_064	Hte-ATic_064-mus	muscle	
Hte-ATic_065	Hte-ATic_065-mus	muscle	
Hte-ATic_066	Hte-ATic_066-mus	muscle	
Hte-ATic_067	Hte-ATic_067-mus	muscle	
Hte-ATic_068	Hte-ATic_068-mus	muscle	
Hte-ATic_069	Hte-ATic_069-mus	muscle	
Hte-ATic_070	Hte-ATic_070-mus	muscle	
Hte-ATic_071	Hte-ATic_071-mus	muscle	
Hte-ATic_072	Hte-ATic_072-mus	muscle	
Hte-ATic_073	Hte-ATic_073-mus	muscle	
Hte-ATic_074	Hte-ATic_074-mus	muscle	
Hte-ATic_075	Hte-ATic_075-mus	muscle	
Hte-ATic_076	Hte-ATic_076-mus	muscle	
Hte-ATic_077	Hte-ATic_077-mus	muscle	
Hte-ATic_078	Hte-ATic_078-mus	muscle	
Hte-ATic_079	Hte-ATic_079-mus	muscle	
Hte-ATic_080	Hte-ATic_080-mus	muscle	
Hte-ATic_081	Hte-ATic_081-mus	muscle	
Hte-ATic_082	Hte-ATic_082-mus	muscle	
Hte-ATic_083	Hte-ATic_083-mus	muscle	
Hte-ATic_084	Hte-ATic_084-mus	muscle	
Hte-ATic_085	Hte-ATic_085-mus	muscle	
Hte-ATic_086	Hte-ATic_086-mus	muscle	
Hte-ATic_087	Hte-ATic_087-mus	muscle	
Hte-ATic_088	Hte-ATic_088-mus	muscle	
Hte-ATic_089	Hte-ATic_089-mus	muscle	
Hte-ATic_090	Hte-ATic_090-mus	muscle	
Hte-ATic_091	Hte-ATic_091-mus	muscle	
Hte-ATic_092	Hte-ATic_092-mus	muscle	
Hte-ATic_093	Hte-ATic_093-mus	muscle	
Hte-ATic_094	Hte-ATic_094-mus	muscle	
Hte-ATic_095	Hte-ATic_095-mus	muscle	
Hte-ATic_096	Hte-ATic_096-mus	muscle	
Hte-CBur_001	Hte-CBur_001-mus	muscle	
Hte-CBur_002	Hte-CBur_002-mus	muscle	
Hte-CBur_003	Hte-CBur_003-mus	muscle	
Hte-CBur_004	Hte-CBur_004-mus	muscle	
Hte-CBur_005	Hte-CBur_005-mus	muscle	
Hte-CBur_006	Hte-CBur_006-mus	muscle	
Hte-CBur_007	Hte-CBur_007-mus	muscle	
Hte-CBur_008	Hte-CBur_008-mus	muscle	
Hte-CBur_009	Hte-CBur_009-mus	muscle	
Hte-CBur_010	Hte-CBur_010-mus	muscle	
Hte-CBur_011	Hte-CBur_011-mus	muscle	
Hte-CBur_012	Hte-CBur_012-mus	muscle	
Hte-CBur_013	Hte-CBur_013-mus	muscle	
Hte-CBur_014	Hte-CBur_014-mus	muscle	
Hte-CBur_015	Hte-CBur_015-mus	muscle	
Hte-CBur_016	Hte-CBur_016-mus	muscle	
Hte-CBur_017	Hte-CBur_017-mus	muscle	
Hte-CBur_018	Hte-CBur_018-mus	muscle	
Hte-CBur_019	Hte-CBur_019-mus	muscle	
Hte-CBur_020	Hte-CBur_020-mus	muscle	
Hte-CBur_021	Hte-CBur_021-mus	muscle	
Hte-CBur_022	Hte-CBur_022-mus	muscle	
Hte-CBur_023	Hte-CBur_023-mus	muscle	
Hte-CBur_024	Hte-CBur_024-mus	muscle	
Hte-CBur_025	Hte-CBur_025-mus	muscle	
Hte-CBur_026	Hte-CBur_026-mus	muscle	
Hte-CBur_027	Hte-CBur_027-mus	muscle	
Hte-CBur_028	Hte-CBur_028-mus	muscle	
Hte-CBur_029	Hte-CBur_029-mus	muscle	
Hte-CBur_030	Hte-CBur_030-mus	muscle	
Hte-CBur_031	Hte-CBur_031-mus	muscle	
Hte-CBur_032	Hte-CBur_032-mus	muscle	
Hte-CBur_033	Hte-CBur_033-mus	muscle	
Hte-CBur_034	Hte-CBur_034-mus	muscle	
Hte-CBur_035	Hte-CBur_035-mus	muscle	
Hte-CBur_036	Hte-CBur_036-mus	muscle	
Hte-CBur_037	Hte-CBur_037-mus	muscle	
Hte-CBur_038	Hte-CBur_038-mus	muscle	
Hte-CBur_039	Hte-CBur_039-mus	muscle	
Hte-CBur_040	Hte-CBur_040-mus	muscle	
Hte-CBur_041	Hte-CBur_041-mus	muscle	
Hte-CBur_042	Hte-CBur_042-mus	muscle	
Hte-CBur_043	Hte-CBur_043-mus	muscle	
Hte-CBur_044	Hte-CBur_044-mus	muscle	
Hte-CBur_045	Hte-CBur_045-mus	muscle	
Hte-CBur_046	Hte-CBur_046-mus	muscle	
Hte-CBur_047	Hte-CBur_047-mus	muscle	
Hte-CBur_048	Hte-CBur_048-mus	muscle	
Hte-CBur_049	Hte-CBur_049-mus	muscle	
Hte-CBur_050	Hte-CBur_050-mus	muscle	
Hte-CBur_051	Hte-CBur_051-mus	muscle	
Hte-CBur_052	Hte-CBur_052-mus	muscle	
Hte-CBur_053	Hte-CBur_053-mus	muscle	
Hte-CBur_054	Hte-CBur_054-mus	muscle	
Hte-CBur_055	Hte-CBur_055-mus	muscle	
Hte-CBur_056	Hte-CBur_056-mus	muscle	
Hte-CBur_057	Hte-CBur_057-mus	muscle	
Hte-CBur_058	Hte-CBur_058-mus	muscle	
Hte-CBur_059	Hte-CBur_059-mus	muscle	
Hte-CBur_060	Hte-CBur_060-mus	muscle	
Hte-CBur_061	Hte-CBur_061-mus	muscle	
Hte-CBur_062	Hte-CBur_062-mus	muscle	
Hte-CBur_063	Hte-CBur_063-mus	muscle	
Hte-CBur_064	Hte-CBur_064-mus	muscle	
Hte-CBur_065	Hte-CBur_065-mus	muscle	
Hte-CBur_066	Hte-CBur_066-mus	muscle	
Hte-CBur_067	Hte-CBur_067-mus	muscle	
Hte-CBur_068	Hte-CBur_068-mus	muscle	
Hte-CBur_069	Hte-CBur_069-mus	muscle	
Hte-CBur_070	Hte-CBur_070-mus	muscle	
Hte-CBur_071	Hte-CBur_071-mus	muscle	
Hte-CBur_072	Hte-CBur_072-mus	muscle	
Hte-CBur_073	Hte-CBur_073-mus	muscle	
Hte-CBur_074	Hte-CBur_074-mus	muscle	
Hte-CBur_075	Hte-CBur_075-mus	muscle	
Hte-CBur_076	Hte-CBur_076-mus	muscle	
Hte-CBur_077	Hte-CBur_077-mus	muscle	
Hte-CBur_078	Hte-CBur_078-mus	muscle	
Hte-CBur_079	Hte-CBur_079-mus	muscle	
Hte-CBur_080	Hte-CBur_080-mus	muscle	
Hte-CBur_081	Hte-CBur_081-mus	muscle	
Hte-CBur_082	Hte-CBur_082-mus	muscle	
Hte-CBur_083	Hte-CBur_083-mus	muscle	
Hte-CBur_084	Hte-CBur_084-mus	muscle	
Hte-CBur_085	Hte-CBur_085-mus	muscle	
Hte-CBur_086	Hte-CBur_086-mus	muscle	
Hte-CBur_087	Hte-CBur_087-mus	muscle	
Hte-CBur_088	Hte-CBur_088-mus	muscle	
Hte-CBur_089	Hte-CBur_089-mus	muscle	
Hte-CBur_090	Hte-CBur_090-mus	muscle	
Hte-CBur_091	Hte-CBur_091-mus	muscle	
Hte-CBur_092	Hte-CBur_092-mus	muscle	
Hte-CBur_093	Hte-CBur_093-mus	muscle	
Hte-CBur_094	Hte-CBur_094-mus	muscle	
Hte-CBur_095	Hte-CBur_095-mus	muscle	
Hte-CBur_096	Hte-CBur_096-mus	muscle	
Hte-CHam_001	Hte-CHam_001-mus	muscle	
Hte-CHam_002	Hte-CHam_002-mus	muscle	
Hte-CHam_003	Hte-CHam_003-mus	muscle	
Hte-CHam_004	Hte-CHam_004-mus	muscle	
Hte-CHam_005	Hte-CHam_005-mus	muscle	
Hte-CHam_006	Hte-CHam_006-mus	muscle	
Hte-CHam_007	Hte-CHam_007-mus	muscle	
Hte-CHam_008	Hte-CHam_008-mus	muscle	
Hte-CHam_009	Hte-CHam_009-mus	muscle	
Hte-CHam_010	Hte-CHam_010-mus	muscle	
Hte-CHam_011	Hte-CHam_011-mus	muscle	
Hte-CHam_012	Hte-CHam_012-mus	muscle	
Hte-CHam_013	Hte-CHam_013-mus	muscle	
Hte-CHam_014	Hte-CHam_014-mus	muscle	
Hte-CHam_015	Hte-CHam_015-mus	muscle	
Hte-CHam_016	Hte-CHam_016-mus	muscle	
Hte-CHam_017	Hte-CHam_017-mus	muscle	
Hte-CHam_018	Hte-CHam_018-mus	muscle	
Hte-CHam_019	Hte-CHam_019-mus	muscle	
Hte-CHam_020	Hte-CHam_020-mus	muscle	
Hte-CHam_021	Hte-CHam_021-mus	muscle	
Hte-CHam_022	Hte-CHam_022-mus	muscle	
Hte-CHam_023	Hte-CHam_023-mus	muscle	
Hte-CHam_024	Hte-CHam_024-mus	muscle	
Hte-CHam_025	Hte-CHam_025-mus	muscle	
Hte-CHam_026	Hte-CHam_026-mus	muscle	
Hte-CHam_027	Hte-CHam_027-mus	muscle	
Hte-CHam_028	Hte-CHam_028-mus	muscle	
Hte-CHam_029	Hte-CHam_029-mus	muscle	
Hte-CHam_030	Hte-CHam_030-mus	muscle	
Hte-CHam_031	Hte-CHam_031-mus	muscle	
Hte-CHam_032	Hte-CHam_032-mus	muscle	
Hte-CHam_033	Hte-CHam_033-mus	muscle	
Hte-CHam_034	Hte-CHam_034-mus	muscle	
Hte-CHam_035	Hte-CHam_035-mus	muscle	
Hte-CHam_036	Hte-CHam_036-mus	muscle	
Hte-CHam_037	Hte-CHam_037-mus	muscle	
Hte-CHam_038	Hte-CHam_038-mus	muscle	
Hte-CHam_039	Hte-CHam_039-mus	muscle	
Hte-CHam_040	Hte-CHam_040-mus	muscle	
Hte-CHam_041	Hte-CHam_041-mus	muscle	
Hte-CHam_042	Hte-CHam_042-mus	muscle	
Hte-CHam_043	Hte-CHam_043-mus	muscle	
Hte-CHam_044	Hte-CHam_044-mus	muscle	
Hte-CHam_045	Hte-CHam_045-mus	muscle	
Hte-CHam_046	Hte-CHam_046-mus	muscle	
Hte-CHam_047	Hte-CHam_047-mus	muscle	
Hte-CHam_048	Hte-CHam_048-mus	muscle	
Hte-CHam_049	Hte-CHam_049-mus	muscle	
Hte-CHam_050	Hte-CHam_050-mus	muscle	
Hte-CHam_051	Hte-CHam_051-mus	muscle	
Hte-CHam_052	Hte-CHam_052-mus	muscle	
Hte-CHam_053	Hte-CHam_053-mus	muscle	
Hte-CHam_054	Hte-CHam_054-mus	muscle	
Hte-CHam_055	Hte-CHam_055-mus	muscle	
Hte-CHam_056	Hte-CHam_056-mus	muscle	
Hte-CHam_057	Hte-CHam_057-mus	muscle	
Hte-CHam_058	Hte-CHam_058-mus	muscle	
Hte-CHam_059	Hte-CHam_059-mus	muscle	
Hte-CHam_060	Hte-CHam_060-mus	muscle	
Hte-CHam_061	Hte-CHam_061-mus	muscle	
Hte-CHam_062	Hte-CHam_062-mus	muscle	
Hte-CHam_063	Hte-CHam_063-mus	muscle	
Hte-CHam_064	Hte-CHam_064-mus	muscle	
Hte-CHam_065	Hte-CHam_065-mus	muscle	
Hte-CHam_066	Hte-CHam_066-mus	muscle	
Hte-CHam_067	Hte-CHam_067-mus	muscle	
Hte-CHam_068	Hte-CHam_068-mus	muscle	
Hte-CHam_069	Hte-CHam_069-mus	muscle	
Hte-CHam_070	Hte-CHam_070-mus	muscle	
Hte-CHam_071	Hte-CHam_071-mus	muscle	
Hte-CHam_072	Hte-CHam_072-mus	muscle	
Hte-CHam_073	Hte-CHam_073-mus	muscle	
Hte-CHam_074	Hte-CHam_074-mus	muscle	
Hte-CHam_075	Hte-CHam_075-mus	muscle	
Hte-CHam_076	Hte-CHam_076-mus	muscle	
Hte-CHam_077	Hte-CHam_077-mus	muscle	
Hte-CHam_078	Hte-CHam_078-mus	muscle	
Hte-CHam_079	Hte-CHam_079-mus	muscle	
Hte-CHam_080	Hte-CHam_080-mus	muscle	
Hte-CHam_081	Hte-CHam_081-mus	muscle	
Hte-CHam_082	Hte-CHam_082-mus	muscle	
Hte-CHam_083	Hte-CHam_083-mus	muscle	
Hte-CHam_084	Hte-CHam_084-mus	muscle	
Hte-CHam_085	Hte-CHam_085-mus	muscle	
Hte-CHam_086	Hte-CHam_086-mus	muscle	
Hte-CHam_087	Hte-CHam_087-mus	muscle	
Hte-CHam_088	Hte-CHam_088-mus	muscle	
Hte-CHam_089	Hte-CHam_089-mus	muscle	
Hte-CHam_090	Hte-CHam_090-mus	muscle	
Hte-CHam_091	Hte-CHam_091-mus	muscle	
Hte-CHam_092	Hte-CHam_092-mus	muscle	
Hte-CHam_093	Hte-CHam_093-mus	muscle	
Hte-CHam_094	Hte-CHam_094-mus	muscle	
Hte-CHam_095	Hte-CHam_095-mus	muscle	
Hte-CHam_096	Hte-CHam_096-mus	muscle	
Hte-CJol_001	Hte-CJol_001-mus	muscle	
Hte-CJol_002	Hte-CJol_002-mus	muscle	
Hte-CJol_003	Hte-CJol_003-mus	muscle	
Hte-CJol_004	Hte-CJol_004-mus	muscle	
Hte-CJol_005	Hte-CJol_005-mus	muscle	
Hte-CJol_006	Hte-CJol_006-mus	muscle	
Hte-CJol_007	Hte-CJol_007-mus	muscle	
Hte-CJol_008	Hte-CJol_008-mus	muscle	
Hte-CJol_009	Hte-CJol_009-mus	muscle	
Hte-CJol_010	Hte-CJol_010-mus	muscle	
Hte-CJol_011	Hte-CJol_011-mus	muscle	
Hte-CJol_012	Hte-CJol_012-mus	muscle	
Hte-CJol_013	Hte-CJol_013-mus	muscle	
Hte-CJol_014	Hte-CJol_014-mus	muscle	
Hte-CJol_015	Hte-CJol_015-mus	muscle	
Hte-CJol_016	Hte-CJol_016-mus	muscle	
Hte-CJol_017	Hte-CJol_017-mus	muscle	
Hte-CJol_018	Hte-CJol_018-mus	muscle	
Hte-CJol_019	Hte-CJol_019-mus	muscle	
Hte-CJol_020	Hte-CJol_020-mus	muscle	
Hte-CJol_021	Hte-CJol_021-mus	muscle	
Hte-CJol_022	Hte-CJol_022-mus	muscle	
Hte-CJol_023	Hte-CJol_023-mus	muscle	
Hte-CJol_024	Hte-CJol_024-mus	muscle	
Hte-CJol_025	Hte-CJol_025-mus	muscle	
Hte-CJol_026	Hte-CJol_026-mus	muscle	
Hte-CJol_027	Hte-CJol_027-mus	muscle	
Hte-CJol_028	Hte-CJol_028-mus	muscle	
Hte-CJol_029	Hte-CJol_029-mus	muscle	
Hte-CJol_030	Hte-CJol_030-mus	muscle	
Hte-CJol_031	Hte-CJol_031-mus	muscle	
Hte-CJol_032	Hte-CJol_032-mus	muscle	
Hte-CJol_033	Hte-CJol_033-mus	muscle	
Hte-CJol_034	Hte-CJol_034-mus	muscle	
Hte-CJol_035	Hte-CJol_035-mus	muscle	
Hte-CJol_036	Hte-CJol_036-mus	muscle	
Hte-CJol_037	Hte-CJol_037-mus	muscle	
Hte-CJol_038	Hte-CJol_038-mus	muscle	
Hte-CJol_039	Hte-CJol_039-mus	muscle	
Hte-CJol_040	Hte-CJol_040-mus	muscle	
Hte-CJol_041	Hte-CJol_041-mus	muscle	
Hte-CJol_042	Hte-CJol_042-mus	muscle	
Hte-CJol_043	Hte-CJol_043-mus	muscle	
Hte-CJol_044	Hte-CJol_044-mus	muscle	
Hte-CJol_045	Hte-CJol_045-mus	muscle	
Hte-CJol_046	Hte-CJol_046-mus	muscle	
Hte-CJol_047	Hte-CJol_047-mus	muscle	
Hte-CJol_048	Hte-CJol_048-mus	muscle	
Hte-CJol_049	Hte-CJol_049-mus	muscle	
Hte-CJol_050	Hte-CJol_050-mus	muscle	
Hte-CJol_051	Hte-CJol_051-mus	muscle	
Hte-CJol_052	Hte-CJol_052-mus	muscle	
Hte-CJol_053	Hte-CJol_053-mus	muscle	
Hte-CJol_054	Hte-CJol_054-mus	muscle	
Hte-CJol_055	Hte-CJol_055-mus	muscle	
Hte-CJol_056	Hte-CJol_056-mus	muscle	
Hte-CJol_057	Hte-CJol_057-mus	muscle	
Hte-CJol_058	Hte-CJol_058-mus	muscle	
Hte-CJol_059	Hte-CJol_059-mus	muscle	
Hte-CJol_060	Hte-CJol_060-mus	muscle	
Hte-CJol_061	Hte-CJol_061-mus	muscle	
Hte-CJol_062	Hte-CJol_062-mus	muscle	
Hte-CJol_063	Hte-CJol_063-mus	muscle	
Hte-CJol_064	Hte-CJol_064-mus	muscle	
Hte-CJol_065	Hte-CJol_065-mus	muscle	
Hte-CJol_066	Hte-CJol_066-mus	muscle	
Hte-CJol_067	Hte-CJol_067-mus	muscle	
Hte-CJol_068	Hte-CJol_068-mus	muscle	
Hte-CJol_069	Hte-CJol_069-mus	muscle	
Hte-CJol_070	Hte-CJol_070-mus	muscle	
Hte-CJol_071	Hte-CJol_071-mus	muscle	
Hte-CJol_072	Hte-CJol_072-mus	muscle	
Hte-CJol_073	Hte-CJol_073-mus	muscle	
Hte-CJol_074	Hte-CJol_074-mus	muscle	
Hte-CJol_075	Hte-CJol_075-mus	muscle	
Hte-CJol_076	Hte-CJol_076-mus	muscle	
Hte-CJol_077	Hte-CJol_077-mus	muscle	
Hte-CJol_078	Hte-CJol_078-mus	muscle	
Hte-CJol_079	Hte-CJol_079-mus	muscle	
Hte-CJol_080	Hte-CJol_080-mus	muscle	
Hte-CJol_081	Hte-CJol_081-mus	muscle	
Hte-CJol_082	Hte-CJol_082-mus	muscle	
Hte-CJol_083	Hte-CJol_083-mus	muscle	
Hte-CJol_084	Hte-CJol_084-mus	muscle	
Hte-CJol_085	Hte-CJol_085-mus	muscle	
Hte-CJol_086	Hte-CJol_086-mus	muscle	
Hte-CJol_087	Hte-CJol_087-mus	muscle	
Hte-CJol_088	Hte-CJol_088-mus	muscle	
Hte-CJol_089	Hte-CJol_089-mus	muscle	
Hte-CJol_090	Hte-CJol_090-mus	muscle	
Hte-CJol_091	Hte-CJol_091-mus	muscle	
Hte-CJol_092	Hte-CJol_092-mus	muscle	
Hte-CJol_093	Hte-CJol_093-mus	muscle	
Hte-CJol_094	Hte-CJol_094-mus	muscle	
Hte-CJol_095	Hte-CJol_095-mus	muscle	
Hte-CJol_096	Hte-CJol_096-mus	muscle	
Hte-CMvi_001	Hte-CMvi_001-mus	muscle	
Hte-CMvi_002	Hte-CMvi_002-mus	muscle	
Hte-CMvi_003	Hte-CMvi_003-mus	muscle	
Hte-CMvi_004	Hte-CMvi_004-mus	muscle	
Hte-CMvi_005	Hte-CMvi_005-mus	muscle	
Hte-CMvi_006	Hte-CMvi_006-mus	muscle	
Hte-CMvi_007	Hte-CMvi_007-mus	muscle	
Hte-CMvi_008	Hte-CMvi_008-mus	muscle	
Hte-CMvi_009	Hte-CMvi_009-mus	muscle	
Hte-CMvi_010	Hte-CMvi_010-mus	muscle	
Hte-CMvi_011	Hte-CMvi_011-mus	muscle	
Hte-CMvi_012	Hte-CMvi_012-mus	muscle	
Hte-CMvi_013	Hte-CMvi_013-mus	muscle	
Hte-CMvi_014	Hte-CMvi_014-mus	muscle	
Hte-CMvi_015	Hte-CMvi_015-mus	muscle	
Hte-CMvi_016	Hte-CMvi_016-mus	muscle	
Hte-CMvi_017	Hte-CMvi_017-mus	muscle	
Hte-CMvi_018	Hte-CMvi_018-mus	muscle	
Hte-CMvi_019	Hte-CMvi_019-mus	muscle	
Hte-CMvi_020	Hte-CMvi_020-mus	muscle	
Hte-CMvi_021	Hte-CMvi_021-mus	muscle	
Hte-CMvi_022	Hte-CMvi_022-mus	muscle	
Hte-CMvi_023	Hte-CMvi_023-mus	muscle	
Hte-CMvi_024	Hte-CMvi_024-mus	muscle	
Hte-CMvi_025	Hte-CMvi_025-mus	muscle	
Hte-CMvi_026	Hte-CMvi_026-mus	muscle	
Hte-CMvi_027	Hte-CMvi_027-mus	muscle	
Hte-CMvi_028	Hte-CMvi_028-mus	muscle	
Hte-CMvi_029	Hte-CMvi_029-mus	muscle	
Hte-CMvi_030	Hte-CMvi_030-mus	muscle	
Hte-CMvi_031	Hte-CMvi_031-mus	muscle	
Hte-CMvi_032	Hte-CMvi_032-mus	muscle	
Hte-CMvi_033	Hte-CMvi_033-mus	muscle	
Hte-CMvi_034	Hte-CMvi_034-mus	muscle	
Hte-CMvi_035	Hte-CMvi_035-mus	muscle	
Hte-CMvi_036	Hte-CMvi_036-mus	muscle	
Hte-CMvi_037	Hte-CMvi_037-mus	muscle	
Hte-CMvi_038	Hte-CMvi_038-mus	muscle	
Hte-CMvi_039	Hte-CMvi_039-mus	muscle	
Hte-CMvi_040	Hte-CMvi_040-mus	muscle	
Hte-CMvi_041	Hte-CMvi_041-mus	muscle	
Hte-CMvi_042	Hte-CMvi_042-mus	muscle	
Hte-CMvi_043	Hte-CMvi_043-mus	muscle	
Hte-CMvi_044	Hte-CMvi_044-mus	muscle	
Hte-CMvi_045	Hte-CMvi_045-mus	muscle	
Hte-CMvi_046	Hte-CMvi_046-mus	muscle	
Hte-CMvi_047	Hte-CMvi_047-mus	muscle	
Hte-CMvi_048	Hte-CMvi_048-mus	muscle	
Hte-CMvi_049	Hte-CMvi_049-mus	muscle	
Hte-CMvi_050	Hte-CMvi_050-mus	muscle	
Hte-CMvi_051	Hte-CMvi_051-mus	muscle	
Hte-CMvi_052	Hte-CMvi_052-mus	muscle	
Hte-CMvi_053	Hte-CMvi_053-mus	muscle	
Hte-CMvi_054	Hte-CMvi_054-mus	muscle	
Hte-CMvi_055	Hte-CMvi_055-mus	muscle	
Hte-CMvi_056	Hte-CMvi_056-mus	muscle	
Hte-CMvi_057	Hte-CMvi_057-mus	muscle	
Hte-CMvi_058	Hte-CMvi_058-mus	muscle	
Hte-CMvi_059	Hte-CMvi_059-mus	muscle	
Hte-CMvi_060	Hte-CMvi_060-mus	muscle	
Hte-CMvi_061	Hte-CMvi_061-mus	muscle	
Hte-CMvi_062	Hte-CMvi_062-mus	muscle	
Hte-CMvi_063	Hte-CMvi_063-mus	muscle	
Hte-CMvi_064	Hte-CMvi_064-mus	muscle	
Hte-CMvi_065	Hte-CMvi_065-mus	muscle	
Hte-CMvi_066	Hte-CMvi_066-mus	muscle	
Hte-CMvi_067	Hte-CMvi_067-mus	muscle	
Hte-CMvi_068	Hte-CMvi_068-mus	muscle	
Hte-CMvi_069	Hte-CMvi_069-mus	muscle	
Hte-CMvi_070	Hte-CMvi_070-mus	muscle	
Hte-CMvi_071	Hte-CMvi_071-mus	muscle	
Hte-CMvi_072	Hte-CMvi_072-mus	muscle	
Hte-CMvi_073	Hte-CMvi_073-mus	muscle	
Hte-CMvi_074	Hte-CMvi_074-mus	muscle	
Hte-CMvi_075	Hte-CMvi_075-mus	muscle	
Hte-CMvi_076	Hte-CMvi_076-mus	muscle	
Hte-CMvi_077	Hte-CMvi_077-mus	muscle	
Hte-CMvi_078	Hte-CMvi_078-mus	muscle	
Hte-CMvi_079	Hte-CMvi_079-mus	muscle	
Hte-CMvi_080	Hte-CMvi_080-mus	muscle	
Hte-CMvi_081	Hte-CMvi_081-mus	muscle	
Hte-CMvi_082	Hte-CMvi_082-mus	muscle	
Hte-CMvi_083	Hte-CMvi_083-mus	muscle	
Hte-CMvi_084	Hte-CMvi_084-mus	muscle	
Hte-CMvi_085	Hte-CMvi_085-mus	muscle	
Hte-CMvi_086	Hte-CMvi_086-mus	muscle	
Hte-CMvi_087	Hte-CMvi_087-mus	muscle	
Hte-CMvi_088	Hte-CMvi_088-mus	muscle	
Hte-CMvi_089	Hte-CMvi_089-mus	muscle	
Hte-CMvi_090	Hte-CMvi_090-mus	muscle	
Hte-CMvi_091	Hte-CMvi_091-mus	muscle	
Hte-CMvi_092	Hte-CMvi_092-mus	muscle	
Hte-CMvi_093	Hte-CMvi_093-mus	muscle	
Hte-CMvi_094	Hte-CMvi_094-mus	muscle	
Hte-CMvi_095	Hte-CMvi_095-mus	muscle	
Hte-CMvi_096	Hte-CMvi_096-mus	muscle	
Hte-CPnd_001	Hte-CPnd_001-mus	muscle	
Hte-CPnd_002	Hte-CPnd_002-mus	muscle	
Hte-CPnd_003	Hte-CPnd_003-mus	muscle	
Hte-CPnd_004	Hte-CPnd_004-mus	muscle	
Hte-CPnd_005	Hte-CPnd_005-mus	muscle	
Hte-CPnd_006	Hte-CPnd_006-mus	muscle	
Hte-CPnd_007	Hte-CPnd_007-mus	muscle	
Hte-CPnd_008	Hte-CPnd_008-mus	muscle	
Hte-CPnd_009	Hte-CPnd_009-mus	muscle	
Hte-CPnd_010	Hte-CPnd_010-mus	muscle	
Hte-CPnd_011	Hte-CPnd_011-mus	muscle	
Hte-CPnd_012	Hte-CPnd_012-mus	muscle	
Hte-CPnd_013	Hte-CPnd_013-mus	muscle	
Hte-CPnd_014	Hte-CPnd_014-mus	muscle	
Hte-CPnd_015	Hte-CPnd_015-mus	muscle	
Hte-CPnd_016	Hte-CPnd_016-mus	muscle	
Hte-CPnd_017	Hte-CPnd_017-mus	muscle	
Hte-CPnd_018	Hte-CPnd_018-mus	muscle	
Hte-CPnd_019	Hte-CPnd_019-mus	muscle	
Hte-CPnd_020	Hte-CPnd_020-mus	muscle	
Hte-CPnd_021	Hte-CPnd_021-mus	muscle	
Hte-CPnd_022	Hte-CPnd_022-mus	muscle	
Hte-CPnd_023	Hte-CPnd_023-mus	muscle	
Hte-CPnd_024	Hte-CPnd_024-mus	muscle	
Hte-CPnd_025	Hte-CPnd_025-mus	muscle	
Hte-CPnd_026	Hte-CPnd_026-mus	muscle	
Hte-CPnd_027	Hte-CPnd_027-mus	muscle	
Hte-CPnd_028	Hte-CPnd_028-mus	muscle	
Hte-CPnd_029	Hte-CPnd_029-mus	muscle	
Hte-CPnd_030	Hte-CPnd_030-mus	muscle	
Hte-CPnd_031	Hte-CPnd_031-mus	muscle	
Hte-CPnd_032	Hte-CPnd_032-mus	muscle	
Hte-CPnd_033	Hte-CPnd_033-mus	muscle	
Hte-CPnd_034	Hte-CPnd_034-mus	muscle	
Hte-CPnd_035	Hte-CPnd_035-mus	muscle	
Hte-CPnd_036	Hte-CPnd_036-mus	muscle	
Hte-CPnd_037	Hte-CPnd_037-mus	muscle	
Hte-CPnd_038	Hte-CPnd_038-mus	muscle	
Hte-CPnd_039	Hte-CPnd_039-mus	muscle	
Hte-CPnd_040	Hte-CPnd_040-mus	muscle	
Hte-CPnd_041	Hte-CPnd_041-mus	muscle	
Hte-CPnd_042	Hte-CPnd_042-mus	muscle	
Hte-CPnd_043	Hte-CPnd_043-mus	muscle	
Hte-CPnd_044	Hte-CPnd_044-mus	muscle	
Hte-CPnd_045	Hte-CPnd_045-mus	muscle	
Hte-CPnd_046	Hte-CPnd_046-mus	muscle	
Hte-CPnd_047	Hte-CPnd_047-mus	muscle	
Hte-CPnd_048	Hte-CPnd_048-mus	muscle	
Hte-CPnd_049	Hte-CPnd_049-mus	muscle	
Hte-CPnd_050	Hte-CPnd_050-mus	muscle	
Hte-CPnd_051	Hte-CPnd_051-mus	muscle	
Hte-CPnd_052	Hte-CPnd_052-mus	muscle	
Hte-CPnd_053	Hte-CPnd_053-mus	muscle	
Hte-CPnd_054	Hte-CPnd_054-mus	muscle	
Hte-CPnd_055	Hte-CPnd_055-mus	muscle	
Hte-CPnd_056	Hte-CPnd_056-mus	muscle	
Hte-CPnd_057	Hte-CPnd_057-mus	muscle	
Hte-CPnd_058	Hte-CPnd_058-mus	muscle	
Hte-CPnd_059	Hte-CPnd_059-mus	muscle	
Hte-CPnd_060	Hte-CPnd_060-mus	muscle	
Hte-CPnd_061	Hte-CPnd_061-mus	muscle	
Hte-CPnd_062	Hte-CPnd_062-mus	muscle	
Hte-CPnd_063	Hte-CPnd_063-mus	muscle	
Hte-CPnd_064	Hte-CPnd_064-mus	muscle	
Hte-CPnd_065	Hte-CPnd_065-mus	muscle	
Hte-CPnd_066	Hte-CPnd_066-mus	muscle	
Hte-CPnd_067	Hte-CPnd_067-mus	muscle	
Hte-CPnd_068	Hte-CPnd_068-mus	muscle	
Hte-CPnd_069	Hte-CPnd_069-mus	muscle	
Hte-CPnd_070	Hte-CPnd_070-mus	muscle	
Hte-CPnd_071	Hte-CPnd_071-mus	muscle	
Hte-CPnd_072	Hte-CPnd_072-mus	muscle	
Hte-CPnd_073	Hte-CPnd_073-mus	muscle	
Hte-CPnd_074	Hte-CPnd_074-mus	muscle	
Hte-CPnd_075	Hte-CPnd_075-mus	muscle	
Hte-CPnd_076	Hte-CPnd_076-mus	muscle	
Hte-CPnd_077	Hte-CPnd_077-mus	muscle	
Hte-CPnd_078	Hte-CPnd_078-mus	muscle	
Hte-CPnd_079	Hte-CPnd_079-mus	muscle	
Hte-CPnd_080	Hte-CPnd_080-mus	muscle	
Hte-CPnd_081	Hte-CPnd_081-mus	muscle	
Hte-CPnd_082	Hte-CPnd_082-mus	muscle	
Hte-CPnd_083	Hte-CPnd_083-mus	muscle	
Hte-CPnd_084	Hte-CPnd_084-mus	muscle	
Hte-CPnd_085	Hte-CPnd_085-mus	muscle	
Hte-CPnd_086	Hte-CPnd_086-mus	muscle	
Hte-CPnd_087	Hte-CPnd_087-mus	muscle	
Hte-CPnd_088	Hte-CPnd_088-mus	muscle	
Hte-CPnd_089	Hte-CPnd_089-mus	muscle	
Hte-CPnd_090	Hte-CPnd_090-mus	muscle	
Hte-CPnd_091	Hte-CPnd_091-mus	muscle	
Hte-CPnd_092	Hte-CPnd_092-mus	muscle	
Hte-CPnd_093	Hte-CPnd_093-mus	muscle	
Hte-CPnd_094	Hte-CPnd_094-mus	muscle	
Hte-CPnd_095	Hte-CPnd_095-mus	muscle	
Hte-CPnd_096	Hte-CPnd_096-mus	muscle	
Hte-CTaw_001	Hte-CTaw_001-mus	muscle	
Hte-CTaw_002	Hte-CTaw_002-mus	muscle	
Hte-CTaw_003	Hte-CTaw_003-mus	muscle	
Hte-CTaw_004	Hte-CTaw_004-mus	muscle	
Hte-CTaw_005	Hte-CTaw_005-mus	muscle	
Hte-CTaw_006	Hte-CTaw_006-mus	muscle	
Hte-CTaw_007	Hte-CTaw_007-mus	muscle	
Hte-CTaw_008	Hte-CTaw_008-mus	muscle	
Hte-CTaw_009	Hte-CTaw_009-mus	muscle	
Hte-CTaw_010	Hte-CTaw_010-mus	muscle	
Hte-CTaw_011	Hte-CTaw_011-mus	muscle	
Hte-CTaw_012	Hte-CTaw_012-mus	muscle	
Hte-CTaw_013	Hte-CTaw_013-mus	muscle	
Hte-CTaw_014	Hte-CTaw_014-mus	muscle	
Hte-CTaw_015	Hte-CTaw_015-mus	muscle	
Hte-CTaw_016	Hte-CTaw_016-mus	muscle	
Hte-CTaw_017	Hte-CTaw_017-mus	muscle	
Hte-CTaw_018	Hte-CTaw_018-mus	muscle	
Hte-CTaw_019	Hte-CTaw_019-mus	muscle	
Hte-CTaw_020	Hte-CTaw_020-mus	muscle	
Hte-CTaw_021	Hte-CTaw_021-mus	muscle	
Hte-CTaw_022	Hte-CTaw_022-mus	muscle	
Hte-CTaw_023	Hte-CTaw_023-mus	muscle	
Hte-CTaw_024	Hte-CTaw_024-mus	muscle	
Hte-CTaw_025	Hte-CTaw_025-mus	muscle	
Hte-CTaw_026	Hte-CTaw_026-mus	muscle	
Hte-CTaw_027	Hte-CTaw_027-mus	muscle	
Hte-CTaw_028	Hte-CTaw_028-mus	muscle	
Hte-CTaw_029	Hte-CTaw_029-mus	muscle	
Hte-CTaw_030	Hte-CTaw_030-mus	muscle	
Hte-CTaw_031	Hte-CTaw_031-mus	muscle	
Hte-CTaw_032	Hte-CTaw_032-mus	muscle	
Hte-CTaw_033	Hte-CTaw_033-mus	muscle	
Hte-CTaw_034	Hte-CTaw_034-mus	muscle	
Hte-CTaw_035	Hte-CTaw_035-mus	muscle	
Hte-CTaw_036	Hte-CTaw_036-mus	muscle	
Hte-CTaw_037	Hte-CTaw_037-mus	muscle	
Hte-CTaw_038	Hte-CTaw_038-mus	muscle	
Hte-CTaw_039	Hte-CTaw_039-mus	muscle	
Hte-CTaw_040	Hte-CTaw_040-mus	muscle	
Hte-CTaw_041	Hte-CTaw_041-mus	muscle	
Hte-CTaw_042	Hte-CTaw_042-mus	muscle	
Hte-CTaw_043	Hte-CTaw_043-mus	muscle	
Hte-CTaw_044	Hte-CTaw_044-mus	muscle	
Hte-CTaw_045	Hte-CTaw_045-mus	muscle	
Hte-CTaw_046	Hte-CTaw_046-mus	muscle	
Hte-CTaw_047	Hte-CTaw_047-mus	muscle	
Hte-CTaw_048	Hte-CTaw_048-mus	muscle	
Hte-CTaw_049	Hte-CTaw_049-mus	muscle	
Hte-CTaw_050	Hte-CTaw_050-mus	muscle	
Hte-CTaw_051	Hte-CTaw_051-mus	muscle	
Hte-CTaw_052	Hte-CTaw_052-mus	muscle	
Hte-CTaw_053	Hte-CTaw_053-mus	muscle	
Hte-CTaw_054	Hte-CTaw_054-mus	muscle	
Hte-CTaw_055	Hte-CTaw_055-mus	muscle	
Hte-CTaw_056	Hte-CTaw_056-mus	muscle	
Hte-CTaw_057	Hte-CTaw_057-mus	muscle	
Hte-CTaw_058	Hte-CTaw_058-mus	muscle	
Hte-CTaw_059	Hte-CTaw_059-mus	muscle	
Hte-CTaw_060	Hte-CTaw_060-mus	muscle	
Hte-CTaw_061	Hte-CTaw_061-mus	muscle	
Hte-CTaw_062	Hte-CTaw_062-mus	muscle	
Hte-CTaw_063	Hte-CTaw_063-mus	muscle	
Hte-CTaw_064	Hte-CTaw_064-mus	muscle	
Hte-CTaw_065	Hte-CTaw_065-mus	muscle	
Hte-CTaw_066	Hte-CTaw_066-mus	muscle	
Hte-CTaw_067	Hte-CTaw_067-mus	muscle	
Hte-CTaw_068	Hte-CTaw_068-mus	muscle	
Hte-CTaw_069	Hte-CTaw_069-mus	muscle	
Hte-CTaw_070	Hte-CTaw_070-mus	muscle	
Hte-CTaw_071	Hte-CTaw_071-mus	muscle	
Hte-CTaw_072	Hte-CTaw_072-mus	muscle	
Hte-CTaw_073	Hte-CTaw_073-mus	muscle	
Hte-CTaw_074	Hte-CTaw_074-mus	muscle	
Hte-CTaw_075	Hte-CTaw_075-mus	muscle	
Hte-CTaw_076	Hte-CTaw_076-mus	muscle	
Hte-CTaw_077	Hte-CTaw_077-mus	muscle	
Hte-CTaw_078	Hte-CTaw_078-mus	muscle	
Hte-CTaw_079	Hte-CTaw_079-mus	muscle	
Hte-CTaw_080	Hte-CTaw_080-mus	muscle	
Hte-CTaw_081	Hte-CTaw_081-mus	muscle	
Hte-CTaw_082	Hte-CTaw_082-mus	muscle	
Hte-CTaw_083	Hte-CTaw_083-mus	muscle	
Hte-CTaw_084	Hte-CTaw_084-mus	muscle	
Hte-CTaw_085	Hte-CTaw_085-mus	muscle	
Hte-CTaw_086	Hte-CTaw_086-mus	muscle	
Hte-CTaw_087	Hte-CTaw_087-mus	muscle	
Hte-CTaw_088	Hte-CTaw_088-mus	muscle	
Hte-CTaw_089	Hte-CTaw_089-mus	muscle	
Hte-CTaw_090	Hte-CTaw_090-mus	muscle	
Hte-CTaw_091	Hte-CTaw_091-mus	muscle	
Hte-CTaw_092	Hte-CTaw_092-mus	muscle	
Hte-CTaw_093	Hte-CTaw_093-mus	muscle	
Hte-CTaw_094	Hte-CTaw_094-mus	muscle	
Hte-CTaw_095	Hte-CTaw_095-mus	muscle	
Hte-CTaw_096	Hte-CTaw_096-mus	muscle	
Hte-CTic_001	Hte-CTic_001-mus	muscle	
Hte-CTic_002	Hte-CTic_002-mus	muscle	
Hte-CTic_003	Hte-CTic_003-mus	muscle	
Hte-CTic_004	Hte-CTic_004-mus	muscle	
Hte-CTic_005	Hte-CTic_005-mus	muscle	
Hte-CTic_006	Hte-CTic_006-mus	muscle	
Hte-CTic_007	Hte-CTic_007-mus	muscle	
Hte-CTic_008	Hte-CTic_008-mus	muscle	
Hte-CTic_009	Hte-CTic_009-mus	muscle	
Hte-CTic_010	Hte-CTic_010-mus	muscle	
Hte-CTic_011	Hte-CTic_011-mus	muscle	
Hte-CTic_012	Hte-CTic_012-mus	muscle	
Hte-CTic_013	Hte-CTic_013-mus	muscle	
Hte-CTic_014	Hte-CTic_014-mus	muscle	
Hte-CTic_015	Hte-CTic_015-mus	muscle	
Hte-CTic_016	Hte-CTic_016-mus	muscle	
Hte-CTic_017	Hte-CTic_017-mus	muscle	
Hte-CTic_018	Hte-CTic_018-mus	muscle	
Hte-CTic_019	Hte-CTic_019-mus	muscle	
Hte-CTic_020	Hte-CTic_020-mus	muscle	
Hte-CTic_021	Hte-CTic_021-mus	muscle	
Hte-CTic_022	Hte-CTic_022-mus	muscle	
Hte-CTic_023	Hte-CTic_023-mus	muscle	
Hte-CTic_024	Hte-CTic_024-mus	muscle	
Hte-CTic_025	Hte-CTic_025-mus	muscle	
Hte-CTic_026	Hte-CTic_026-mus	muscle	
Hte-CTic_027	Hte-CTic_027-mus	muscle	
Hte-CTic_028	Hte-CTic_028-mus	muscle	
Hte-CTic_029	Hte-CTic_029-mus	muscle	
Hte-CTic_030	Hte-CTic_030-mus	muscle	
Hte-CTic_031	Hte-CTic_031-mus	muscle	
Hte-CTic_032	Hte-CTic_032-mus	muscle	
Hte-CTic_033	Hte-CTic_033-mus	muscle	
Hte-CTic_034	Hte-CTic_034-mus	muscle	
Hte-CTic_035	Hte-CTic_035-mus	muscle	
Hte-CTic_036	Hte-CTic_036-mus	muscle	
Hte-CTic_037	Hte-CTic_037-mus	muscle	
Hte-CTic_038	Hte-CTic_038-mus	muscle	
Hte-CTic_039	Hte-CTic_039-mus	muscle	
Hte-CTic_040	Hte-CTic_040-mus	muscle	
Hte-CTic_041	Hte-CTic_041-mus	muscle	
Hte-CTic_042	Hte-CTic_042-mus	muscle	
Hte-CTic_043	Hte-CTic_043-mus	muscle	
Hte-CTic_044	Hte-CTic_044-mus	muscle	
Hte-CTic_045	Hte-CTic_045-mus	muscle	
Hte-CTic_046	Hte-CTic_046-mus	muscle	
Hte-CTic_047	Hte-CTic_047-mus	muscle	
Hte-CTic_048	Hte-CTic_048-mus	muscle	
Hte-CTic_049	Hte-CTic_049-mus	muscle	
Hte-CTic_050	Hte-CTic_050-mus	muscle	
Hte-CTic_051	Hte-CTic_051-mus	muscle	
Hte-CTic_052	Hte-CTic_052-mus	muscle	
Hte-CTic_053	Hte-CTic_053-mus	muscle	
Hte-CTic_054	Hte-CTic_054-mus	muscle	
Hte-CTic_055	Hte-CTic_055-mus	muscle	
Hte-CTic_056	Hte-CTic_056-mus	muscle	
Hte-CTic_057	Hte-CTic_057-mus	muscle	
Hte-CTic_058	Hte-CTic_058-mus	muscle	
Hte-CTic_059	Hte-CTic_059-mus	muscle	
Hte-CTic_060	Hte-CTic_060-mus	muscle	
Hte-CTic_061	Hte-CTic_061-mus	muscle	
Hte-CTic_062	Hte-CTic_062-mus	muscle	
Hte-CTic_063	Hte-CTic_063-mus	muscle	
Hte-CTic_064	Hte-CTic_064-mus	muscle	
Hte-CTic_065	Hte-CTic_065-mus	muscle	
Hte-CTic_066	Hte-CTic_066-mus	muscle	
Hte-CTic_067	Hte-CTic_067-mus	muscle	
Hte-CTic_068	Hte-CTic_068-mus	muscle	
Hte-CTic_069	Hte-CTic_069-mus	muscle	
Hte-CTic_070	Hte-CTic_070-mus	muscle	
Hte-CTic_071	Hte-CTic_071-mus	muscle	
Hte-CTic_072	Hte-CTic_072-mus	muscle	
Hte-CTic_073	Hte-CTic_073-mus	muscle	
Hte-CTic_074	Hte-CTic_074-mus	muscle	
Hte-CTic_075	Hte-CTic_075-mus	muscle	
Hte-CTic_076	Hte-CTic_076-mus	muscle	
Hte-CTic_077	Hte-CTic_077-mus	muscle	
Hte-CTic_078	Hte-CTic_078-mus	muscle	
Hte-CTic_079	Hte-CTic_079-mus	muscle	
Hte-CTic_080	Hte-CTic_080-mus	muscle	
Hte-CTic_081	Hte-CTic_081-mus	muscle	
Hte-CTic_082	Hte-CTic_082-mus	muscle	
Hte-CTic_083	Hte-CTic_083-mus	muscle	
Hte-CTic_084	Hte-CTic_084-mus	muscle	
Hte-CTic_085	Hte-CTic_085-mus	muscle	
Hte-CTic_086	Hte-CTic_086-mus	muscle	
Hte-CTic_087	Hte-CTic_087-mus	muscle	
Hte-CTic_088	Hte-CTic_088-mus	muscle	
Hte-CTic_089	Hte-CTic_089-mus	muscle	
Hte-CTic_090	Hte-CTic_090-mus	muscle	
Hte-CTic_091	Hte-CTic_091-mus	muscle	
Hte-CTic_092	Hte-CTic_092-mus	muscle	
Hte-CTic_093	Hte-CTic_093-mus	muscle	
Hte-CTic_094	Hte-CTic_094-mus	muscle	
Hte-CTic_095	Hte-CTic_095-mus	muscle	
Hte-CTic_096	Hte-CTic_096-mus	muscle	
Leq-ABas_001	Leq-ABas_001-mus	muscle	
Leq-ABas_002	Leq-ABas_002-mus	muscle	
Leq-ABas_003	Leq-ABas_003-mus	muscle	
Leq-ABas_004	Leq-ABas_004-mus	muscle	
Leq-ABas_005	Leq-ABas_005-mus	muscle	
Leq-ABas_006	Leq-ABas_006-mus	muscle	
Leq-ABas_007	Leq-ABas_007-mus	muscle	
Leq-ABas_008	Leq-ABas_008-mus	muscle	
Leq-ABas_009	Leq-ABas_009-mus	muscle	
Leq-ABas_010	Leq-ABas_010-mus	muscle	
Leq-ABas_011	Leq-ABas_011-mus	muscle	
Leq-ABas_012	Leq-ABas_012-mus	muscle	
Leq-ABas_013	Leq-ABas_013-mus	muscle	
Leq-ABas_014	Leq-ABas_014-mus	muscle	
Leq-ABas_015	Leq-ABas_015-mus	muscle	
Leq-ABas_016	Leq-ABas_016-mus	muscle	
Leq-ABas_017	Leq-ABas_017-mus	muscle	
Leq-ABas_018	Leq-ABas_018-mus	muscle	
Leq-ABas_019	Leq-ABas_019-mus	muscle	
Leq-ABas_020	Leq-ABas_020-mus	muscle	
Leq-ABas_021	Leq-ABas_021-mus	muscle	
Leq-ABas_022	Leq-ABas_022-mus	muscle	
Leq-ABas_023	Leq-ABas_023-mus	muscle	
Leq-ABas_024	Leq-ABas_024-mus	muscle	
Leq-ABas_025	Leq-ABas_025-mus	muscle	
Leq-ABas_026	Leq-ABas_026-mus	muscle	
Leq-ABas_027	Leq-ABas_027-mus	muscle	
Leq-ABas_028	Leq-ABas_028-mus	muscle	
Leq-ABas_029	Leq-ABas_029-mus	muscle	
Leq-ABas_030	Leq-ABas_030-mus	muscle	
Leq-ABas_031	Leq-ABas_031-mus	muscle	
Leq-ABas_032	Leq-ABas_032-mus	muscle	
Leq-ABas_033	Leq-ABas_033-mus	muscle	
Leq-ABas_034	Leq-ABas_034-mus	muscle	
Leq-ABas_035	Leq-ABas_035-mus	muscle	
Leq-ABas_036	Leq-ABas_036-mus	muscle	
Leq-ABas_037	Leq-ABas_037-mus	muscle	
Leq-ABas_038	Leq-ABas_038-mus	muscle	
Leq-ABas_039	Leq-ABas_039-mus	muscle	
Leq-ABas_040	Leq-ABas_040-mus	muscle	
Leq-ABas_041	Leq-ABas_041-mus	muscle	
Leq-ABas_042	Leq-ABas_042-mus	muscle	
Leq-ABas_043	Leq-ABas_043-mus	muscle	
Leq-ABas_044	Leq-ABas_044-mus	muscle	
Leq-ABas_045	Leq-ABas_045-mus	muscle	
Leq-ABas_046	Leq-ABas_046-mus	muscle	
Leq-ABas_047	Leq-ABas_047-mus	muscle	
Leq-ABas_048	Leq-ABas_048-mus	muscle	
Leq-ABas_049	Leq-ABas_049-mus	muscle	
Leq-ABas_050	Leq-ABas_050-mus	muscle	
Leq-ABas_051	Leq-ABas_051-mus	muscle	
Leq-ABas_052	Leq-ABas_052-mus	muscle	
Leq-ABas_053	Leq-ABas_053-mus	muscle	
Leq-ABas_054	Leq-ABas_054-mus	muscle	
Leq-ABas_055	Leq-ABas_055-mus	muscle	
Leq-ABas_056	Leq-ABas_056-mus	muscle	
Leq-ABas_057	Leq-ABas_057-mus	muscle	
Leq-ABas_058	Leq-ABas_058-mus	muscle	
Leq-ABas_059	Leq-ABas_059-mus	muscle	
Leq-ALin_001	Leq-ALin_001-mus	muscle	
Leq-ALin_002	Leq-ALin_002-mus	muscle	
Leq-ALin_003	Leq-ALin_003-mus	muscle	
Leq-ALin_004	Leq-ALin_004-mus	muscle	
Leq-ALin_005	Leq-ALin_005-mus	muscle	
Leq-ALin_006	Leq-ALin_006-mus	muscle	
Leq-ALin_007	Leq-ALin_007-mus	muscle	
Leq-ALin_008	Leq-ALin_008-mus	muscle	
Leq-ALin_009	Leq-ALin_009-mus	muscle	
Leq-ALin_010	Leq-ALin_010-mus	muscle	
Leq-ALin_011	Leq-ALin_011-mus	muscle	
Leq-ALin_012	Leq-ALin_012-mus	muscle	
Leq-ALin_013	Leq-ALin_013-mus	muscle	
Leq-ALin_014	Leq-ALin_014-mus	muscle	
Leq-ALin_015	Leq-ALin_015-mus	muscle	
Leq-ALin_016	Leq-ALin_016-mus	muscle	
Leq-ALin_017	Leq-ALin_017-mus	muscle	
Leq-ALin_018	Leq-ALin_018-mus	muscle	
Leq-ALin_019	Leq-ALin_019-mus	muscle	
Leq-ALin_020	Leq-ALin_020-mus	muscle	
Leq-ALin_021	Leq-ALin_021-mus	muscle	
Leq-ALin_022	Leq-ALin_022-mus	muscle	
Leq-ALin_023	Leq-ALin_023-mus	muscle	
Leq-ALin_024	Leq-ALin_024-mus	muscle	
Leq-ALin_025	Leq-ALin_025-mus	muscle	
Leq-ALin_026	Leq-ALin_026-mus	muscle	
Leq-ALin_027	Leq-ALin_027-mus	muscle	
Leq-ALin_028	Leq-ALin_028-mus	muscle	
Leq-ALin_029	Leq-ALin_029-mus	muscle	
Leq-ALin_030	Leq-ALin_030-mus	muscle	
Leq-ALin_031	Leq-ALin_031-mus	muscle	
Leq-ALin_032	Leq-ALin_032-mus	muscle	
Leq-CMig_001	Leq-CMig_001-mus	muscle	
Leq-CMig_002	Leq-CMig_002-mus	muscle	
Leq-CMig_003	Leq-CMig_003-mus	muscle	
Leq-CMig_004	Leq-CMig_004-mus	muscle	
Leq-CMig_005	Leq-CMig_005-mus	muscle	
Leq-CMig_006	Leq-CMig_006-mus	muscle	
Leq-CMig_007	Leq-CMig_007-mus	muscle	
Leq-CMig_008	Leq-CMig_008-mus	muscle	
Leq-CMig_009	Leq-CMig_009-mus	muscle	
Leq-CMig_010	Leq-CMig_010-mus	muscle	
Leq-CMig_011	Leq-CMig_011-mus	muscle	
Leq-CMig_012	Leq-CMig_012-mus	muscle	
Leq-CMig_013	Leq-CMig_013-mus	muscle	
Leq-CMig_014	Leq-CMig_014-mus	muscle	
Leq-CMig_015	Leq-CMig_015-mus	muscle	
Leq-CMig_016	Leq-CMig_016-mus	muscle	
Leq-CMig_017	Leq-CMig_017-mus	muscle	
Leq-CMig_018	Leq-CMig_018-mus	muscle	
Leq-CMig_019	Leq-CMig_019-mus	muscle	
Leq-CMig_020	Leq-CMig_020-mus	muscle	
Leq-CMig_021	Leq-CMig_021-mus	muscle	
Leq-CMig_022	Leq-CMig_022-mus	muscle	
Leq-CMig_023	Leq-CMig_023-mus	muscle	
Leq-CMig_024	Leq-CMig_024-mus	muscle	
Leq-CMig_025	Leq-CMig_025-mus	muscle	
Leq-CMig_026	Leq-CMig_026-mus	muscle	
Leq-CMig_027	Leq-CMig_027-mus	muscle	
Leq-CMig_028	Leq-CMig_028-mus	muscle	
Leq-CMig_029	Leq-CMig_029-mus	muscle	
Leq-CMig_030	Leq-CMig_030-mus	muscle	
Leq-CMig_031	Leq-CMig_031-mus	muscle	
Leq-CMig_032	Leq-CMig_032-mus	muscle	
Leq-CMig_033	Leq-CMig_033-mus	muscle	
Leq-CMig_034	Leq-CMig_034-mus	muscle	
Leq-CMig_035	Leq-CMig_035-mus	muscle	
Leq-CMig_036	Leq-CMig_036-mus	muscle	
Leq-CMig_037	Leq-CMig_037-mus	muscle	
Leq-CMig_038	Leq-CMig_038-mus	muscle	
Leq-CMig_039	Leq-CMig_039-mus	muscle	
Leq-CMig_040	Leq-CMig_040-mus	muscle	
Leq-CMig_041	Leq-CMig_041-mus	muscle	
Leq-CMig_042	Leq-CMig_042-mus	muscle	
Leq-CMig_043	Leq-CMig_043-mus	muscle	
Leq-CMig_044	Leq-CMig_044-mus	muscle	
Leq-CMig_045	Leq-CMig_045-mus	muscle	
Leq-CMig_046	Leq-CMig_046-mus	muscle	
Leq-CMig_047	Leq-CMig_047-mus	muscle	
Leq-CMig_048	Leq-CMig_048-mus	muscle	
Leq-CMig_049	Leq-CMig_049-mus	muscle	
Leq-CMig_050	Leq-CMig_050-mus	muscle	
Leq-CMig_051	Leq-CMig_051-mus	muscle	
Leq-CMig_052	Leq-CMig_052-mus	muscle	
Leq-CMig_053	Leq-CMig_053-mus	muscle	
Leq-CMig_054	Leq-CMig_054-mus	muscle	
Leq-CMig_055	Leq-CMig_055-mus	muscle	
Leq-CMig_056	Leq-CMig_056-mus	muscle	
Leq-CMig_057	Leq-CMig_057-mus	muscle	
Leq-CMig_058	Leq-CMig_058-mus	muscle	
Leq-CMig_059	Leq-CMig_059-mus	muscle	
Leq-CMig_060	Leq-CMig_060-mus	muscle	
Leq-CMig_061	Leq-CMig_061-mus	muscle	
Leq-CMig_062	Leq-CMig_062-mus	muscle	
Leq-CMig_063	Leq-CMig_063-mus	muscle	
Leq-CMig_064	Leq-CMig_064-mus	muscle	
Leq-CMig_065	Leq-CMig_065-mus	muscle	
Leq-CMig_066	Leq-CMig_066-mus	muscle	
Leq-CMig_067	Leq-CMig_067-mus	muscle	
Leq-CMig_068	Leq-CMig_068-mus	muscle	
Leq-CMig_069	Leq-CMig_069-mus	muscle	
Leq-CMig_070	Leq-CMig_070-mus	muscle	
Leq-CMig_071	Leq-CMig_071-mus	muscle	
Leq-CMig_072	Leq-CMig_072-mus	muscle	
Leq-CMig_073	Leq-CMig_073-mus	muscle	
Leq-CMig_074	Leq-CMig_074-mus	muscle	
Leq-CMig_075	Leq-CMig_075-mus	muscle	
Leq-CMig_076	Leq-CMig_076-mus	muscle	
Leq-CMig_077	Leq-CMig_077-mus	muscle	
Leq-CMig_078	Leq-CMig_078-mus	muscle	
Leq-CMig_079	Leq-CMig_079-mus	muscle	
Leq-CMig_080	Leq-CMig_080-mus	muscle	
Leq-CMig_081	Leq-CMig_081-mus	muscle	
Leq-CMig_082	Leq-CMig_082-mus	muscle	
Leq-CMig_083	Leq-CMig_083-mus	muscle	
Leq-CMig_084	Leq-CMig_084-mus	muscle	
Leq-CMig_085	Leq-CMig_085-mus	muscle	
Leq-CMig_086	Leq-CMig_086-mus	muscle	
Leq-CMig_087	Leq-CMig_087-mus	muscle	
Leq-CMig_088	Leq-CMig_088-mus	muscle	
Leq-CMig_089	Leq-CMig_089-mus	muscle	
Leq-CMig_090	Leq-CMig_090-mus	muscle	
Leq-CMig_091	Leq-CMig_091-mus	muscle	
Leq-CMig_092	Leq-CMig_092-mus	muscle	
Leq-CMig_093	Leq-CMig_093-mus	muscle	
Leq-CMig_094	Leq-CMig_094-mus	muscle	
Leq-CMig_095	Leq-CMig_095-mus	muscle	
Leq-CMig_096	Leq-CMig_096-mus	muscle	
Lle-AHam_001	Lle-AHam_001-mus	muscle	
Lle-AHam_002	Lle-AHam_002-mus	muscle	
Lle-AHam_003	Lle-AHam_003-mus	muscle	
Lle-AHam_004	Lle-AHam_004-mus	muscle	
Lle-AHam_005	Lle-AHam_005-mus	muscle	
Lle-AHam_006	Lle-AHam_006-mus	muscle	
Lle-AHam_007	Lle-AHam_007-mus	muscle	
Lle-AHam_008	Lle-AHam_008-mus	muscle	
Lle-AHam_009	Lle-AHam_009-mus	muscle	
Lle-AHam_010	Lle-AHam_010-mus	muscle	
Lle-AHam_011	Lle-AHam_011-mus	muscle	
Lle-AHam_012	Lle-AHam_012-mus	muscle	
Lle-AHam_013	Lle-AHam_013-mus	muscle	
Lle-AHam_014	Lle-AHam_014-mus	muscle	
Lle-AHam_015	Lle-AHam_015-mus	muscle	
Lle-AHam_016	Lle-AHam_016-mus	muscle	
Lle-AHam_017	Lle-AHam_017-mus	muscle	
Lle-AHam_018	Lle-AHam_018-mus	muscle	
Lle-AHam_019	Lle-AHam_019-mus	muscle	
Lle-AHam_020	Lle-AHam_020-mus	muscle	
Lle-AHam_021	Lle-AHam_021-mus	muscle	
Lle-AHam_022	Lle-AHam_022-mus	muscle	
Lle-AHam_023	Lle-AHam_023-mus	muscle	
Lle-AHam_024	Lle-AHam_024-mus	muscle	
Lle-AHam_025	Lle-AHam_025-mus	muscle	
Lle-AHam_026	Lle-AHam_026-mus	muscle	
Lle-AHam_027	Lle-AHam_027-mus	muscle	
Lle-AHam_028	Lle-AHam_028-mus	muscle	
Lle-AHam_029	Lle-AHam_029-mus	muscle	
Lle-AHam_030	Lle-AHam_030-mus	muscle	
Lle-AHam_031	Lle-AHam_031-mus	muscle	
Lle-AHam_032	Lle-AHam_032-mus	muscle	
Lle-AMnt_001	Lle-AMnt_001-mus	muscle	
Lle-AMnt_002	Lle-AMnt_002-mus	muscle	
Lle-AMnt_003	Lle-AMnt_003-mus	muscle	
Lle-AMnt_004	Lle-AMnt_004-mus	muscle	
Lle-AMnt_005	Lle-AMnt_005-mus	muscle	
Lle-AMnt_006	Lle-AMnt_006-mus	muscle	
Lle-AMnt_007	Lle-AMnt_007-mus	muscle	
Lle-AMnt_008	Lle-AMnt_008-mus	muscle	
Lle-AMnt_009	Lle-AMnt_009-mus	muscle	
Lle-AMnt_010	Lle-AMnt_010-mus	muscle	
Lle-AMnt_011	Lle-AMnt_011-mus	muscle	
Lle-AMnt_012	Lle-AMnt_012-mus	muscle	
Lle-AMnt_013	Lle-AMnt_013-mus	muscle	
Lle-AMnt_014	Lle-AMnt_014-mus	muscle	
Lle-AMnt_015	Lle-AMnt_015-mus	muscle	
Lle-AMnt_016	Lle-AMnt_016-mus	muscle	
Lle-AMnt_017	Lle-AMnt_017-mus	muscle	
Lle-AMnt_018	Lle-AMnt_018-mus	muscle	
Lle-AMnt_019	Lle-AMnt_019-mus	muscle	
Lle-AMnt_020	Lle-AMnt_020-mus	muscle	
Lle-AMnt_021	Lle-AMnt_021-mus	muscle	
Lle-AMnt_022	Lle-AMnt_022-mus	muscle	
Lle-AMnt_023	Lle-AMnt_023-mus	muscle	
Lle-AMnt_024	Lle-AMnt_024-mus	muscle	
Lle-AMnt_025	Lle-AMnt_025-mus	muscle	
Lle-AMnt_026	Lle-AMnt_026-mus	muscle	
Lle-AMnt_027	Lle-AMnt_027-mus	muscle	
Lle-AMnt_028	Lle-AMnt_028-mus	muscle	
Lle-AMnt_029	Lle-AMnt_029-mus	muscle	
Lle-AMnt_030	Lle-AMnt_030-mus	muscle	
Lle-AMnt_031	Lle-AMnt_031-mus	muscle	
Lle-AMnt_032	Lle-AMnt_032-mus	muscle	
Lle-AMnt_033	Lle-AMnt_033-mus	muscle	
Lle-AMnt_034	Lle-AMnt_034-mus	muscle	
Lle-AMnt_035	Lle-AMnt_035-mus	muscle	
Lle-AMnt_036	Lle-AMnt_036-mus	muscle	
Lle-AMnt_037	Lle-AMnt_037-mus	muscle	
Lle-AMnt_038	Lle-AMnt_038-mus	muscle	
Lle-AMnt_039	Lle-AMnt_039-mus	muscle	
Lle-AMnt_040	Lle-AMnt_040-mus	muscle	
Lle-AMnt_041	Lle-AMnt_041-mus	muscle	
Lle-AMnt_042	Lle-AMnt_042-mus	muscle	
Lle-AMnt_043	Lle-AMnt_043-mus	muscle	
Lle-AMnt_044	Lle-AMnt_044-mus	muscle	
Lle-AMnt_045	Lle-AMnt_045-mus	muscle	
Lle-AMnt_046	Lle-AMnt_046-mus	muscle	
Lle-AMnt_047	Lle-AMnt_047-mus	muscle	
Lle-AMnt_048	Lle-AMnt_048-mus	muscle	
Lle-AMnt_049	Lle-AMnt_049-mus	muscle	
Lle-AMnt_050	Lle-AMnt_050-mus	muscle	
Lle-CNas_001	Lle-CNas_001-mus	muscle	
Lle-CNas_002	Lle-CNas_002-mus	muscle	
Lle-CNas_003	Lle-CNas_003-mus	muscle	
Lle-CNas_004	Lle-CNas_004-mus	muscle	
Lle-CNas_005	Lle-CNas_005-mus	muscle	
Lle-CNas_006	Lle-CNas_006-mus	muscle	
Lle-CNas_007	Lle-CNas_007-mus	muscle	
Lle-CNas_008	Lle-CNas_008-mus	muscle	
Lle-CNas_009	Lle-CNas_009-mus	muscle	
Lle-CNas_010	Lle-CNas_010-mus	muscle	
Lle-CNas_011	Lle-CNas_011-mus	muscle	
Lle-CNas_012	Lle-CNas_012-mus	muscle	
Lle-CNas_013	Lle-CNas_013-mus	muscle	
Lle-CNas_014	Lle-CNas_014-mus	muscle	
Lle-CNas_015	Lle-CNas_015-mus	muscle	
Lle-CNas_016	Lle-CNas_016-mus	muscle	
Lle-CNas_017	Lle-CNas_017-mus	muscle	
Lle-CNas_018	Lle-CNas_018-mus	muscle	
Lle-CNas_019	Lle-CNas_019-mus	muscle	
Lle-CNas_020	Lle-CNas_020-mus	muscle	
Lle-CNas_021	Lle-CNas_021-mus	muscle	
Lle-CNas_022	Lle-CNas_022-mus	muscle	
Lle-CNas_023	Lle-CNas_023-mus	muscle	
Lle-CNas_024	Lle-CNas_024-mus	muscle	
Lle-CNas_025	Lle-CNas_025-mus	muscle	
Lle-CNas_026	Lle-CNas_026-mus	muscle	
Lle-CNas_027	Lle-CNas_027-mus	muscle	
Lle-CNas_028	Lle-CNas_028-mus	muscle	
Lle-CNas_029	Lle-CNas_029-mus	muscle	
Lle-CNas_030	Lle-CNas_030-mus	muscle	
Lle-CNas_031	Lle-CNas_031-mus	muscle	
Lle-CNas_032	Lle-CNas_032-mus	muscle	
Lle-CNas_033	Lle-CNas_033-mus	muscle	
Lle-CNas_034	Lle-CNas_034-mus	muscle	
Lle-CNas_035	Lle-CNas_035-mus	muscle	
Lle-CNas_036	Lle-CNas_036-mus	muscle	
Lle-CNas_037	Lle-CNas_037-mus	muscle	
Lle-CNas_038	Lle-CNas_038-mus	muscle	
Lle-CNas_039	Lle-CNas_039-mus	muscle	
Lle-CNas_040	Lle-CNas_040-mus	muscle	
Lle-CNas_041	Lle-CNas_041-mus	muscle	
Lle-CNas_042	Lle-CNas_042-mus	muscle	
Lle-CNas_043	Lle-CNas_043-mus	muscle	
Lle-CNas_044	Lle-CNas_044-mus	muscle	
Lle-CNas_045	Lle-CNas_045-mus	muscle	
Lle-CNas_046	Lle-CNas_046-mus	muscle	
Lle-CNas_047	Lle-CNas_047-mus	muscle	
Lle-CNas_048	Lle-CNas_048-mus	muscle	
Lle-CNas_049	Lle-CNas_049-mus	muscle	
Lle-CNas_050	Lle-CNas_050-mus	muscle	
Lle-CNas_051	Lle-CNas_051-mus	muscle	
Lle-CNas_052	Lle-CNas_052-mus	muscle	
Lle-CNas_053	Lle-CNas_053-mus	muscle	
Lle-CNas_054	Lle-CNas_054-mus	muscle	
Lle-CNas_055	Lle-CNas_055-mus	muscle	
Lle-CNas_056	Lle-CNas_056-mus	muscle	
Lle-CNas_057	Lle-CNas_057-mus	muscle	
Lle-CNas_058	Lle-CNas_058-mus	muscle	
Lle-CNas_059	Lle-CNas_059-mus	muscle	
Lle-CNas_060	Lle-CNas_060-mus	muscle	
Lle-CNas_061	Lle-CNas_061-mus	muscle	
Lle-CNas_062	Lle-CNas_062-mus	muscle	
Lle-CNas_063	Lle-CNas_063-mus	muscle	
Lle-CNas_064	Lle-CNas_064-mus	muscle	
Lle-CNas_065	Lle-CNas_065-mus	muscle	
Lle-CNas_066	Lle-CNas_066-mus	muscle	
Lle-CNas_067	Lle-CNas_067-mus	muscle	
Lle-CNas_068	Lle-CNas_068-mus	muscle	
Lle-CNas_069	Lle-CNas_069-mus	muscle	
Lle-CNas_070	Lle-CNas_070-mus	muscle	
Lle-CNas_071	Lle-CNas_071-mus	muscle	
Lle-CNas_072	Lle-CNas_072-mus	muscle	
Lle-CNas_073	Lle-CNas_073-mus	muscle	
Lle-CNas_074	Lle-CNas_074-mus	muscle	
Lle-CNas_075	Lle-CNas_075-mus	muscle	
Lle-CNas_076	Lle-CNas_076-mus	muscle	
Lle-CNas_077	Lle-CNas_077-mus	muscle	
Lle-CNas_078	Lle-CNas_078-mus	muscle	
Lle-CNas_079	Lle-CNas_079-mus	muscle	
Lle-CNas_080	Lle-CNas_080-mus	muscle	
Lle-CNas_081	Lle-CNas_081-mus	muscle	
Lle-CNas_082	Lle-CNas_082-mus	muscle	
Lle-CNas_083	Lle-CNas_083-mus	muscle	
Lle-CNas_084	Lle-CNas_084-mus	muscle	
Lle-CNas_085	Lle-CNas_085-mus	muscle	
Lle-CNas_086	Lle-CNas_086-mus	muscle	
Lle-CNas_087	Lle-CNas_087-mus	muscle	
Lle-CNas_088	Lle-CNas_088-mus	muscle	
Lle-CNas_089	Lle-CNas_089-mus	muscle	
Lle-CNas_090	Lle-CNas_090-mus	muscle	
Lle-CNas_091	Lle-CNas_091-mus	muscle	
Lle-CNas_092	Lle-CNas_092-mus	muscle	
Lle-CNas_093	Lle-CNas_093-mus	muscle	
Lle-CNas_094	Lle-CNas_094-mus	muscle	
Lle-CNas_095	Lle-CNas_095-mus	muscle	
Lle-CNas_096	Lle-CNas_096-mus	muscle	
Lva-APnd_001	Lva-APnd_001-mus	muscle	
Lva-APnd_002	Lva-APnd_002-mus	muscle	
Lva-APnd_003	Lva-APnd_003-mus	muscle	
Lva-APnd_004	Lva-APnd_004-mus	muscle	
Lva-APnd_005	Lva-APnd_005-mus	muscle	
Lva-APnd_006	Lva-APnd_006-mus	muscle	
Lva-APnd_007	Lva-APnd_007-mus	muscle	
Lva-APnd_008	Lva-APnd_008-mus	muscle	
Lva-APnd_009	Lva-APnd_009-mus	muscle	
Lva-APnd_010	Lva-APnd_010-mus	muscle	
Lva-APnd_011	Lva-APnd_011-mus	muscle	
Lva-APnd_012	Lva-APnd_012-mus	muscle	
Lva-APnd_013	Lva-APnd_013-mus	muscle	
Lva-APnd_014	Lva-APnd_014-mus	muscle	
Lva-APnd_015	Lva-APnd_015-mus	muscle	
Lva-APnd_016	Lva-APnd_016-mus	muscle	
Lva-APnd_017	Lva-APnd_017-mus	muscle	
Lva-APnd_018	Lva-APnd_018-mus	muscle	
Lva-APnd_019	Lva-APnd_019-mus	muscle	
Lva-APnd_020	Lva-APnd_020-mus	muscle	
Lva-APnd_021	Lva-APnd_021-mus	muscle	
Lva-APnd_022	Lva-APnd_022-mus	muscle	
Lva-APnd_023	Lva-APnd_023-mus	muscle	
Lva-APnd_024	Lva-APnd_024-mus	muscle	
Lva-APnd_025	Lva-APnd_025-mus	muscle	
Lva-APnd_026	Lva-APnd_026-mus	muscle	
Lva-APnd_027	Lva-APnd_027-mus	muscle	
Lva-APnd_028	Lva-APnd_028-mus	muscle	
Lva-APnd_029	Lva-APnd_029-mus	muscle	
Lva-APnd_030	Lva-APnd_030-mus	muscle	
Lva-APnd_031	Lva-APnd_031-mus	muscle	
Lva-APnd_032	Lva-APnd_032-mus	muscle	
Lva-APnd_033	Lva-APnd_033-mus	muscle	
Lva-APnd_034	Lva-APnd_034-mus	muscle	
Lva-APnd_035	Lva-APnd_035-mus	muscle	
Lva-APnd_036	Lva-APnd_036-mus	muscle	
Lva-APnd_037	Lva-APnd_037-mus	muscle	
Lva-APnd_038	Lva-APnd_038-mus	muscle	
Lva-APnd_039	Lva-APnd_039-mus	muscle	
Lva-APnd_040	Lva-APnd_040-mus	muscle	
Lva-APnd_041	Lva-APnd_041-mus	muscle	
Lva-APnd_042	Lva-APnd_042-mus	muscle	
Lva-APnd_043	Lva-APnd_043-mus	muscle	
Lva-APnd_044	Lva-APnd_044-mus	muscle	
Lva-APnd_045	Lva-APnd_045-mus	muscle	
Lva-APnd_046	Lva-APnd_046-mus	muscle	
Lva-APnd_047	Lva-APnd_047-mus	muscle	
Lva-CPnd_001	Lva-CPnd_001-mus	muscle	
Lva-CPnd_002	Lva-CPnd_002-mus	muscle	
Lva-CPnd_003	Lva-CPnd_003-mus	muscle	
Lva-CPnd_004	Lva-CPnd_004-mus	muscle	
Lva-CPnd_005	Lva-CPnd_005-mus	muscle	
Lva-CPnd_006	Lva-CPnd_006-mus	muscle	
Lva-CPnd_007	Lva-CPnd_007-mus	muscle	
Lva-CPnd_008	Lva-CPnd_008-mus	muscle	
Lva-CPnd_009	Lva-CPnd_009-mus	muscle	
Lva-CPnd_010	Lva-CPnd_010-mus	muscle	
Lva-CPnd_011	Lva-CPnd_011-mus	muscle	
Lva-CPnd_012	Lva-CPnd_012-mus	muscle	
Lva-CPnd_013	Lva-CPnd_013-mus	muscle	
Lva-CPnd_014	Lva-CPnd_014-mus	muscle	
Lva-CPnd_015	Lva-CPnd_015-mus	muscle	
Lva-CPnd_016	Lva-CPnd_016-mus	muscle	
Lva-CPnd_017	Lva-CPnd_017-mus	muscle	
Lva-CPnd_018	Lva-CPnd_018-mus	muscle	
Lva-CPnd_019	Lva-CPnd_019-mus	muscle	
Lva-CPnd_020	Lva-CPnd_020-mus	muscle	
Lva-CPnd_021	Lva-CPnd_021-mus	muscle	
Lva-CPnd_022	Lva-CPnd_022-mus	muscle	
Lva-CPnd_023	Lva-CPnd_023-mus	muscle	
Lva-CPnd_024	Lva-CPnd_024-mus	muscle	
Lva-CPnd_025	Lva-CPnd_025-mus	muscle	
Lva-CPnd_026	Lva-CPnd_026-mus	muscle	
Lva-CPnd_027	Lva-CPnd_027-mus	muscle	
Lva-CPnd_028	Lva-CPnd_028-mus	muscle	
Lva-CPnd_029	Lva-CPnd_029-mus	muscle	
Lva-CPnd_030	Lva-CPnd_030-mus	muscle	
Lva-CPnd_031	Lva-CPnd_031-mus	muscle	
Lva-CPnd_032	Lva-CPnd_032-mus	muscle	
Lva-CPnd_033	Lva-CPnd_033-mus	muscle	
Lva-CPnd_034	Lva-CPnd_034-mus	muscle	
Lva-CPnd_035	Lva-CPnd_035-mus	muscle	
Lva-CPnd_036	Lva-CPnd_036-mus	muscle	
Lva-CPnd_037	Lva-CPnd_037-mus	muscle	
Lva-CPnd_038	Lva-CPnd_038-mus	muscle	
Lva-CPnd_039	Lva-CPnd_039-mus	muscle	
Lva-CPnd_040	Lva-CPnd_040-mus	muscle	
Lva-CPnd_041	Lva-CPnd_041-mus	muscle	
Lva-CPnd_042	Lva-CPnd_042-mus	muscle	
Lva-CPnd_043	Lva-CPnd_043-mus	muscle	
Lva-CPnd_044	Lva-CPnd_044-mus	muscle	
Lva-CPnd_045	Lva-CPnd_045-mus	muscle	
Lva-CPnd_046	Lva-CPnd_046-mus	muscle	
Lva-CPnd_047	Lva-CPnd_047-mus	muscle	
Lva-CPnd_048	Lva-CPnd_048-mus	muscle	
Lva-CPnd_049	Lva-CPnd_049-mus	muscle	
Lva-CPnd_050	Lva-CPnd_050-mus	muscle	
Lva-CPnd_051	Lva-CPnd_051-mus	muscle	
Lva-CPnd_052	Lva-CPnd_052-mus	muscle	
Lva-CPnd_053	Lva-CPnd_053-mus	muscle	
Lva-CPnd_054	Lva-CPnd_054-mus	muscle	
Lva-CPnd_055	Lva-CPnd_055-mus	muscle	
Lva-CPnd_056	Lva-CPnd_056-mus	muscle	
Lva-CPnd_057	Lva-CPnd_057-mus	muscle	
Och-ACan_001	Och-ACan_001-mus	muscle	
Och-ACan_002	Och-ACan_002-mus	muscle	
Och-ACan_003	Och-ACan_003-mus	muscle	
Och-ACan_004	Och-ACan_004-mus	muscle	
Och-ACan_005	Och-ACan_005-mus	muscle	
Och-ACan_006	Och-ACan_006-mus	muscle	
Och-ACan_007	Och-ACan_007-mus	muscle	
Och-ACan_008	Och-ACan_008-mus	muscle	
Och-ACan_009	Och-ACan_009-mus	muscle	
Och-ACan_010	Och-ACan_010-mus	muscle	
Och-ACan_011	Och-ACan_011-mus	muscle	
Och-ACan_012	Och-ACan_012-mus	muscle	
Och-ACan_013	Och-ACan_013-mus	muscle	
Och-ACan_014	Och-ACan_014-mus	muscle	
Och-ACan_015	Och-ACan_015-mus	muscle	
Och-ACan_016	Och-ACan_016-mus	muscle	
Och-ACan_017	Och-ACan_017-mus	muscle	
Och-ACan_018	Och-ACan_018-mus	muscle	
Och-ACan_019	Och-ACan_019-mus	muscle	
Och-ACan_020	Och-ACan_020-mus	muscle	
Och-ACan_021	Och-ACan_021-mus	muscle	
Och-ACan_022	Och-ACan_022-mus	muscle	
Och-ACan_023	Och-ACan_023-mus	muscle	
Och-ACan_024	Och-ACan_024-mus	muscle	
Och-ACat_001	Och-ACat_001-mus	muscle	
Och-ACat_002	Och-ACat_002-mus	muscle	
Och-ACat_003	Och-ACat_003-mus	muscle	
Och-ACat_004	Och-ACat_004-mus	muscle	
Och-ACat_005	Och-ACat_005-mus	muscle	
Och-ACat_006	Och-ACat_006-mus	muscle	
Och-ACat_007	Och-ACat_007-mus	muscle	
Och-ACat_008	Och-ACat_008-mus	muscle	
Och-ACat_009	Och-ACat_009-mus	muscle	
Och-ACat_010	Och-ACat_010-mus	muscle	
Och-ACat_011	Och-ACat_011-mus	muscle	
Och-ACat_012	Och-ACat_012-mus	muscle	
Och-ACat_013	Och-ACat_013-mus	muscle	
Och-ACat_014	Och-ACat_014-mus	muscle	
Och-ACat_015	Och-ACat_015-mus	muscle	
Och-ACat_016	Och-ACat_016-mus	muscle	
Och-ACat_017	Och-ACat_017-mus	muscle	
Och-ACat_018	Och-ACat_018-mus	muscle	
Och-ACat_019	Och-ACat_019-mus	muscle	
Och-ACat_020	Och-ACat_020-mus	muscle	
Och-ACat_021	Och-ACat_021-mus	muscle	
Och-ACat_022	Och-ACat_022-mus	muscle	
Och-ACat_023	Och-ACat_023-mus	muscle	
Och-ACat_024	Och-ACat_024-mus	muscle	
Och-ACat_025	Och-ACat_025-mus	muscle	
Och-ACat_026	Och-ACat_026-mus	muscle	
Och-ACat_027	Och-ACat_027-mus	muscle	
Och-ACat_028	Och-ACat_028-mus	muscle	
Och-ACat_029	Och-ACat_029-mus	muscle	
Och-ACat_030	Och-ACat_030-mus	muscle	
Och-ACat_031	Och-ACat_031-mus	muscle	
Och-ACat_032	Och-ACat_032-mus	muscle	
Och-ACat_033	Och-ACat_033-mus	muscle	
Och-ACat_034	Och-ACat_034-mus	muscle	
Och-ACat_035	Och-ACat_035-mus	muscle	
Och-ACat_036	Och-ACat_036-mus	muscle	
Och-ACat_037	Och-ACat_037-mus	muscle	
Och-ACat_038	Och-ACat_038-mus	muscle	
Och-ACat_039	Och-ACat_039-mus	muscle	
Och-ACat_040	Och-ACat_040-mus	muscle	
Och-ACat_041	Och-ACat_041-mus	muscle	
Och-ATum_001	Och-ATum_001-mus	muscle	
Och-ATum_002	Och-ATum_002-mus	muscle	
Och-ATum_003	Och-ATum_003-mus	muscle	
Och-ATum_004	Och-ATum_004-mus	muscle	
Och-ATum_005	Och-ATum_005-mus	muscle	
Och-ATum_006	Och-ATum_006-mus	muscle	
Och-ATum_007	Och-ATum_007-mus	muscle	
Och-ATum_008	Och-ATum_008-mus	muscle	
Och-ATum_009	Och-ATum_009-mus	muscle	
Och-ATum_010	Och-ATum_010-mus	muscle	
Och-ATum_011	Och-ATum_011-mus	muscle	
Och-ATum_012	Och-ATum_012-mus	muscle	
Och-ATum_013	Och-ATum_013-mus	muscle	
Och-ATum_014	Och-ATum_014-mus	muscle	
Och-ATum_015	Och-ATum_015-mus	muscle	
Och-ATum_016	Och-ATum_016-mus	muscle	
Och-ATum_017	Och-ATum_017-mus	muscle	
Och-ATum_018	Och-ATum_018-mus	muscle	
Och-ATum_019	Och-ATum_019-mus	muscle	
Och-ATum_020	Och-ATum_020-mus	muscle	
Och-ATum_021	Och-ATum_021-mus	muscle	
Och-ATum_022	Och-ATum_022-mus	muscle	
Och-ATum_023	Och-ATum_023-mus	muscle	
Och-ATum_024	Och-ATum_024-mus	muscle	
Och-ATum_025	Och-ATum_025-mus	muscle	
Och-ATum_026	Och-ATum_026-mus	muscle	
Och-ATum_027	Och-ATum_027-mus	muscle	
Och-ATum_028	Och-ATum_028-mus	muscle	
Och-ATum_029	Och-ATum_029-mus	muscle	
Och-ATum_030	Och-ATum_030-mus	muscle	
Och-ATum_031	Och-ATum_031-mus	muscle	
Och-ATum_032	Och-ATum_032-mus	muscle	
Och-ATum_033	Och-ATum_033-mus	muscle	
Och-ATum_034	Och-ATum_034-mus	muscle	
Och-ATum_035	Och-ATum_035-mus	muscle	
Och-ATum_036	Och-ATum_036-mus	muscle	
Och-CBur_001	Och-CBur_001-mus	muscle	
Och-CBur_002	Och-CBur_002-mus	muscle	
Och-CBur_003	Och-CBur_003-mus	muscle	
Och-CBur_004	Och-CBur_004-mus	muscle	
Och-CBur_005	Och-CBur_005-mus	muscle	
Och-CBur_006	Och-CBur_006-mus	muscle	
Och-CBur_007	Och-CBur_007-mus	muscle	
Och-CBur_008	Och-CBur_008-mus	muscle	
Och-CBur_009	Och-CBur_009-mus	muscle	
Och-CBur_010	Och-CBur_010-mus	muscle	
Och-CBur_011	Och-CBur_011-mus	muscle	
Och-CBur_012	Och-CBur_012-mus	muscle	
Och-CBur_013	Och-CBur_013-mus	muscle	
Och-CBur_014	Och-CBur_014-mus	muscle	
Och-CBur_015	Och-CBur_015-mus	muscle	
Och-CBur_016	Och-CBur_016-mus	muscle	
Och-CBur_017	Och-CBur_017-mus	muscle	
Och-CBur_018	Och-CBur_018-mus	muscle	
Och-CBur_019	Och-CBur_019-mus	muscle	
Och-CBur_020	Och-CBur_020-mus	muscle	
Och-CBur_021	Och-CBur_021-mus	muscle	
Och-CBur_022	Och-CBur_022-mus	muscle	
Och-CBur_023	Och-CBur_023-mus	muscle	
Och-CBur_024	Och-CBur_024-mus	muscle	
Och-CBur_025	Och-CBur_025-mus	muscle	
Och-CBur_026	Och-CBur_026-mus	muscle	
Och-CBur_027	Och-CBur_027-mus	muscle	
Och-CBur_028	Och-CBur_028-mus	muscle	
Och-CBur_029	Och-CBur_029-mus	muscle	
Och-CBur_030	Och-CBur_030-mus	muscle	
Och-CBur_031	Och-CBur_031-mus	muscle	
Och-CBur_032	Och-CBur_032-mus	muscle	
Och-CBur_033	Och-CBur_033-mus	muscle	
Och-CBur_034	Och-CBur_034-mus	muscle	
Och-CBur_035	Och-CBur_035-mus	muscle	
Och-CBur_036	Och-CBur_036-mus	muscle	
Och-CBur_037	Och-CBur_037-mus	muscle	
Och-CBur_038	Och-CBur_038-mus	muscle	
Och-CBur_039	Och-CBur_039-mus	muscle	
Och-CBur_040	Och-CBur_040-mus	muscle	
Och-CBur_041	Och-CBur_041-mus	muscle	
Och-CBur_042	Och-CBur_042-mus	muscle	
Och-CBur_043	Och-CBur_043-mus	muscle	
Och-CBur_044	Och-CBur_044-mus	muscle	
Och-CBur_045	Och-CBur_045-mus	muscle	
Och-CBur_046	Och-CBur_046-mus	muscle	
Och-CBur_047	Och-CBur_047-mus	muscle	
Och-CBur_048	Och-CBur_048-mus	muscle	
Och-CBur_049	Och-CBur_049-mus	muscle	
Och-CBur_050	Och-CBur_050-mus	muscle	
Och-CBur_051	Och-CBur_051-mus	muscle	
Och-CBur_052	Och-CBur_052-mus	muscle	
Och-CBur_053	Och-CBur_053-mus	muscle	
Och-CBur_054	Och-CBur_054-mus	muscle	
Och-CBur_055	Och-CBur_055-mus	muscle	
Och-CBur_056	Och-CBur_056-mus	muscle	
Och-CBur_057	Och-CBur_057-mus	muscle	
Och-CBur_058	Och-CBur_058-mus	muscle	
Och-CBur_059	Och-CBur_059-mus	muscle	
Och-CBur_060	Och-CBur_060-mus	muscle	
Och-CBur_061	Och-CBur_061-mus	muscle	
Och-CBur_062	Och-CBur_062-mus	muscle	
Och-CBur_063	Och-CBur_063-mus	muscle	
Och-CBur_064	Och-CBur_064-mus	muscle	
Och-CBur_065	Och-CBur_065-mus	muscle	
Och-CBur_066	Och-CBur_066-mus	muscle	
Och-CBur_067	Och-CBur_067-mus	muscle	
Och-CBur_068	Och-CBur_068-mus	muscle	
Och-CBur_069	Och-CBur_069-mus	muscle	
Och-CBur_070	Och-CBur_070-mus	muscle	
Och-CBur_071	Och-CBur_071-mus	muscle	
Och-CBur_072	Och-CBur_072-mus	muscle	
Och-CBur_073	Och-CBur_073-mus	muscle	
Och-CBur_074	Och-CBur_074-mus	muscle	
Och-CBur_075	Och-CBur_075-mus	muscle	
Och-CBur_076	Och-CBur_076-mus	muscle	
Och-CBur_077	Och-CBur_077-mus	muscle	
Och-CBur_078	Och-CBur_078-mus	muscle	
Och-CBur_079	Och-CBur_079-mus	muscle	
Och-CBur_080	Och-CBur_080-mus	muscle	
Och-CBur_081	Och-CBur_081-mus	muscle	
Och-CBur_082	Och-CBur_082-mus	muscle	
Och-CBur_083	Och-CBur_083-mus	muscle	
Och-CBur_084	Och-CBur_084-mus	muscle	
Och-CBur_085	Och-CBur_085-mus	muscle	
Och-CBur_086	Och-CBur_086-mus	muscle	
Och-CBur_087	Och-CBur_087-mus	muscle	
Och-CBur_088	Och-CBur_088-mus	muscle	
Och-CBur_089	Och-CBur_089-mus	muscle	
Och-CBur_090	Och-CBur_090-mus	muscle	
Och-CBur_091	Och-CBur_091-mus	muscle	
Och-CBur_092	Och-CBur_092-mus	muscle	
Och-CBur_093	Och-CBur_093-mus	muscle	
Och-CBur_094	Och-CBur_094-mus	muscle	
Och-CBur_095	Och-CBur_095-mus	muscle	
Och-CBur_096	Och-CBur_096-mus	muscle	
Och-CCat_001	Och-CCat_001-mus	muscle	
Och-CCat_002	Och-CCat_002-mus	muscle	
Och-CCat_003	Och-CCat_003-mus	muscle	
Och-CCat_004	Och-CCat_004-mus	muscle	
Och-CCat_005	Och-CCat_005-mus	muscle	
Och-CCat_006	Och-CCat_006-mus	muscle	
Och-CCat_007	Och-CCat_007-mus	muscle	
Och-CCat_008	Och-CCat_008-mus	muscle	
Och-CCat_009	Och-CCat_009-mus	muscle	
Och-CCat_010	Och-CCat_010-mus	muscle	
Och-CCat_011	Och-CCat_011-mus	muscle	
Och-CCat_012	Och-CCat_012-mus	muscle	
Och-CCat_013	Och-CCat_013-mus	muscle	
Och-CCat_014	Och-CCat_014-mus	muscle	
Och-CCat_015	Och-CCat_015-mus	muscle	
Och-CCat_016	Och-CCat_016-mus	muscle	
Och-CCat_017	Och-CCat_017-mus	muscle	
Och-CCat_018	Och-CCat_018-mus	muscle	
Och-CCat_019	Och-CCat_019-mus	muscle	
Och-CCat_020	Och-CCat_020-mus	muscle	
Och-CCat_021	Och-CCat_021-mus	muscle	
Och-CCat_022	Och-CCat_022-mus	muscle	
Och-CCat_023	Och-CCat_023-mus	muscle	
Och-CCat_024	Och-CCat_024-mus	muscle	
Och-CCat_025	Och-CCat_025-mus	muscle	
Och-CCat_026	Och-CCat_026-mus	muscle	
Och-CCat_027	Och-CCat_027-mus	muscle	
Och-CCat_028	Och-CCat_028-mus	muscle	
Och-CCat_029	Och-CCat_029-mus	muscle	
Och-CCat_030	Och-CCat_030-mus	muscle	
Och-CCat_031	Och-CCat_031-mus	muscle	
Och-CCat_032	Och-CCat_032-mus	muscle	
Och-CCat_033	Och-CCat_033-mus	muscle	
Och-CCat_034	Och-CCat_034-mus	muscle	
Och-CCat_035	Och-CCat_035-mus	muscle	
Och-CCat_036	Och-CCat_036-mus	muscle	
Och-CCat_037	Och-CCat_037-mus	muscle	
Och-CCat_038	Och-CCat_038-mus	muscle	
Och-CCat_039	Och-CCat_039-mus	muscle	
Och-CCat_040	Och-CCat_040-mus	muscle	
Och-CCat_041	Och-CCat_041-mus	muscle	
Och-CCat_042	Och-CCat_042-mus	muscle	
Och-CCat_043	Och-CCat_043-mus	muscle	
Och-CCat_044	Och-CCat_044-mus	muscle	
Och-CCat_045	Och-CCat_045-mus	muscle	
Och-CCat_046	Och-CCat_046-mus	muscle	
Och-CCat_047	Och-CCat_047-mus	muscle	
Och-CCat_048	Och-CCat_048-mus	muscle	
Och-CCat_049	Och-CCat_049-mus	muscle	
Och-CCat_050	Och-CCat_050-mus	muscle	
Och-CCat_051	Och-CCat_051-mus	muscle	
Och-CCat_052	Och-CCat_052-mus	muscle	
Och-CCat_053	Och-CCat_053-mus	muscle	
Och-CCat_054	Och-CCat_054-mus	muscle	
Och-CCat_055	Och-CCat_055-mus	muscle	
Och-CCat_056	Och-CCat_056-mus	muscle	
Och-CCat_057	Och-CCat_057-mus	muscle	
Och-CCat_058	Och-CCat_058-mus	muscle	
Och-CCat_059	Och-CCat_059-mus	muscle	
Och-CCat_060	Och-CCat_060-mus	muscle	
Och-CCat_061	Och-CCat_061-mus	muscle	
Och-CCat_062	Och-CCat_062-mus	muscle	
Och-CCat_063	Och-CCat_063-mus	muscle	
Och-CCat_064	Och-CCat_064-mus	muscle	
Och-CCat_065	Och-CCat_065-mus	muscle	
Och-CCat_066	Och-CCat_066-mus	muscle	
Och-CCat_067	Och-CCat_067-mus	muscle	
Och-CCat_068	Och-CCat_068-mus	muscle	
Och-CCat_069	Och-CCat_069-mus	muscle	
Och-CCat_070	Och-CCat_070-mus	muscle	
Och-CCat_071	Och-CCat_071-mus	muscle	
Och-CCat_072	Och-CCat_072-mus	muscle	
Och-CCat_073	Och-CCat_073-mus	muscle	
Och-CCat_074	Och-CCat_074-mus	muscle	
Och-CCat_075	Och-CCat_075-mus	muscle	
Och-CCat_076	Och-CCat_076-mus	muscle	
Och-CCat_077	Och-CCat_077-mus	muscle	
Och-CCat_078	Och-CCat_078-mus	muscle	
Och-CCat_079	Och-CCat_079-mus	muscle	
Och-CCat_080	Och-CCat_080-mus	muscle	
Och-CCat_081	Och-CCat_081-mus	muscle	
Och-CCat_082	Och-CCat_082-mus	muscle	
Och-CCat_083	Och-CCat_083-mus	muscle	
Och-CCat_084	Och-CCat_084-mus	muscle	
Och-CCat_085	Och-CCat_085-mus	muscle	
Och-CCat_086	Och-CCat_086-mus	muscle	
Och-CCat_087	Och-CCat_087-mus	muscle	
Och-CCat_088	Och-CCat_088-mus	muscle	
Och-CCat_089	Och-CCat_089-mus	muscle	
Och-CCat_090	Och-CCat_090-mus	muscle	
Och-CCat_091	Och-CCat_091-mus	muscle	
Och-CCat_092	Och-CCat_092-mus	muscle	
Och-CCat_093	Och-CCat_093-mus	muscle	
Och-CCat_094	Och-CCat_094-mus	muscle	
Och-CCat_095	Och-CCat_095-mus	muscle	
Och-CCat_096	Och-CCat_096-mus	muscle	
Och-CCat_097	Och-CCat_097-mus	muscle	
Och-CCat_098	Och-CCat_098-mus	muscle	
Och-CCat_099	Och-CCat_099-mus	muscle	
Och-CCat_100	Och-CCat_100-mus	muscle	
Och-CCat_101	Och-CCat_101-mus	muscle	
Och-CCat_102	Och-CCat_102-mus	muscle	
Och-CTum_001	Och-CTum_001-mus	muscle	
Och-CTum_002	Och-CTum_002-mus	muscle	
Och-CTum_003	Och-CTum_003-mus	muscle	
Och-CTum_004	Och-CTum_004-mus	muscle	
Och-CTum_005	Och-CTum_005-mus	muscle	
Och-CTum_006	Och-CTum_006-mus	muscle	
Och-CTum_007	Och-CTum_007-mus	muscle	
Och-CTum_008	Och-CTum_008-mus	muscle	
Och-CTum_009	Och-CTum_009-mus	muscle	
Och-CTum_010	Och-CTum_010-mus	muscle	
Och-CTum_011	Och-CTum_011-mus	muscle	
Och-CTum_012	Och-CTum_012-mus	muscle	
Och-CTum_013	Och-CTum_013-mus	muscle	
Och-CTum_014	Och-CTum_014-mus	muscle	
Och-CTum_015	Och-CTum_015-mus	muscle	
Och-CTum_016	Och-CTum_016-mus	muscle	
Och-CTum_017	Och-CTum_017-mus	muscle	
Och-CTum_018	Och-CTum_018-mus	muscle	
Och-CTum_019	Och-CTum_019-mus	muscle	
Och-CTum_020	Och-CTum_020-mus	muscle	
Och-CTum_021	Och-CTum_021-mus	muscle	
Och-CTum_022	Och-CTum_022-mus	muscle	
Och-CTum_023	Och-CTum_023-mus	muscle	
Och-CTum_024	Och-CTum_024-mus	muscle	
Och-CTum_025	Och-CTum_025-mus	muscle	
Och-CTum_026	Och-CTum_026-mus	muscle	
Och-CTum_027	Och-CTum_027-mus	muscle	
Och-CTum_028	Och-CTum_028-mus	muscle	
Och-CTum_029	Och-CTum_029-mus	muscle	
Och-CTum_030	Och-CTum_030-mus	muscle	
Och-CTum_031	Och-CTum_031-mus	muscle	
Och-CTum_032	Och-CTum_032-mus	muscle	
Och-CTum_033	Och-CTum_033-mus	muscle	
Och-CTum_034	Och-CTum_034-mus	muscle	
Och-CTum_035	Och-CTum_035-mus	muscle	
Och-CTum_036	Och-CTum_036-mus	muscle	
Och-CTum_037	Och-CTum_037-mus	muscle	
Och-CTum_038	Och-CTum_038-mus	muscle	
Och-CTum_039	Och-CTum_039-mus	muscle	
Och-CTum_040	Och-CTum_040-mus	muscle	
Och-CTum_041	Och-CTum_041-mus	muscle	
Och-CTum_042	Och-CTum_042-mus	muscle	
Och-CTum_043	Och-CTum_043-mus	muscle	
Och-CTum_044	Och-CTum_044-mus	muscle	
Och-CTum_045	Och-CTum_045-mus	muscle	
Och-CTum_046	Och-CTum_046-mus	muscle	
Och-CTum_047	Och-CTum_047-mus	muscle	
Och-CTum_048	Och-CTum_048-mus	muscle	
Och-CTum_049	Och-CTum_049-mus	muscle	
Och-CTum_050	Och-CTum_050-mus	muscle	
Och-CTum_051	Och-CTum_051-mus	muscle	
Par-ARag_001	Par-ARag_001-mus	muscle	
Par-ARag_002	Par-ARag_002-mus	muscle	
Par-ARag_003	Par-ARag_003-mus	muscle	
Par-ARag_004	Par-ARag_004-mus	muscle	
Par-ARag_005	Par-ARag_005-mus	muscle	
Par-ARag_006	Par-ARag_006-mus	muscle	
Par-ARag_007	Par-ARag_007-mus	muscle	
Par-ARag_008	Par-ARag_008-mus	muscle	
Par-ARag_009	Par-ARag_009-mus	muscle	
Par-ARag_010	Par-ARag_010-mus	muscle	
Par-ARag_011	Par-ARag_011-mus	muscle	
Par-ARag_012	Par-ARag_012-mus	muscle	
Par-ARag_013	Par-ARag_013-mus	muscle	
Par-ARag_014	Par-ARag_014-mus	muscle	
Par-ARag_015	Par-ARag_015-mus	muscle	
Par-ARag_016	Par-ARag_016-mus	muscle	
Par-ARag_017	Par-ARag_017-mus	muscle	
Par-ARag_018	Par-ARag_018-mus	muscle	
Par-ARag_019	Par-ARag_019-mus	muscle	
Par-ARag_020	Par-ARag_020-mus	muscle	
Par-ARag_021	Par-ARag_021-mus	muscle	
Par-ARag_022	Par-ARag_022-mus	muscle	
Par-ARag_023	Par-ARag_023-mus	muscle	
Par-ARag_024	Par-ARag_024-mus	muscle	
Par-ARag_025	Par-ARag_025-mus	muscle	
Par-ARag_026	Par-ARag_026-mus	muscle	
Par-ARag_027	Par-ARag_027-mus	muscle	
Par-ARag_028	Par-ARag_028-mus	muscle	
Par-ARag_029	Par-ARag_029-mus	muscle	
Par-ARag_030	Par-ARag_030-mus	muscle	
Par-CPas_001	Par-CPas_001-mus	muscle	
Par-CPas_002	Par-CPas_002-mus	muscle	
Par-CPas_003	Par-CPas_003-mus	muscle	
Par-CPas_004	Par-CPas_004-mus	muscle	
Par-CPas_005	Par-CPas_005-mus	muscle	
Par-CPas_006	Par-CPas_006-mus	muscle	
Par-CPas_007	Par-CPas_007-mus	muscle	
Par-CPas_008	Par-CPas_008-mus	muscle	
Par-CPas_009	Par-CPas_009-mus	muscle	
Par-CPas_010	Par-CPas_010-mus	muscle	
Par-CPas_011	Par-CPas_011-mus	muscle	
Par-CPas_012	Par-CPas_012-mus	muscle	
Par-CPas_013	Par-CPas_013-mus	muscle	
Par-CPas_014	Par-CPas_014-mus	muscle	
Par-CPas_015	Par-CPas_015-mus	muscle	
Par-CPas_016	Par-CPas_016-mus	muscle	
Par-CPas_017	Par-CPas_017-mus	muscle	
Par-CPas_018	Par-CPas_018-mus	muscle	
Par-CPas_019	Par-CPas_019-mus	muscle	
Par-CPas_020	Par-CPas_020-mus	muscle	
Par-CPas_021	Par-CPas_021-mus	muscle	
Par-CPas_022	Par-CPas_022-mus	muscle	
Par-CPas_023	Par-CPas_023-mus	muscle	
Par-CPas_024	Par-CPas_024-mus	muscle	
Par-CPas_025	Par-CPas_025-mus	muscle	
Par-CPas_026	Par-CPas_026-mus	muscle	
Par-CPas_027	Par-CPas_027-mus	muscle	
Par-CPas_028	Par-CPas_028-mus	muscle	
Par-CPas_029	Par-CPas_029-mus	muscle	
Par-CPas_030	Par-CPas_030-mus	muscle	
Par-CPas_031	Par-CPas_031-mus	muscle	
Par-CPas_032	Par-CPas_032-mus	muscle	
Par-CPas_033	Par-CPas_033-mus	muscle	
Par-CPas_034	Par-CPas_034-mus	muscle	
Par-CPas_035	Par-CPas_035-mus	muscle	
Par-CPas_036	Par-CPas_036-mus	muscle	
Par-CPas_037	Par-CPas_037-mus	muscle	
Par-CPas_038	Par-CPas_038-mus	muscle	
Par-CPas_039	Par-CPas_039-mus	muscle	
Par-CPas_040	Par-CPas_040-mus	muscle	
Par-CPas_041	Par-CPas_041-mus	muscle	
Par-CPas_042	Par-CPas_042-mus	muscle	
Par-CPas_043	Par-CPas_043-mus	muscle	
Par-CPas_044	Par-CPas_044-mus	muscle	
Par-CPas_045	Par-CPas_045-mus	muscle	
Par-CPas_046	Par-CPas_046-mus	muscle	
Par-CPas_047	Par-CPas_047-mus	muscle	
Par-CPas_048	Par-CPas_048-mus	muscle	
Par-CPas_049	Par-CPas_049-mus	muscle	
Par-CPas_050	Par-CPas_050-mus	muscle	
Par-CPas_051	Par-CPas_051-mus	muscle	
Par-CPas_052	Par-CPas_052-mus	muscle	
Par-CPas_053	Par-CPas_053-mus	muscle	
Par-CPas_054	Par-CPas_054-mus	muscle	
Par-CPas_055	Par-CPas_055-mus	muscle	
Par-CPas_056	Par-CPas_056-mus	muscle	
Par-CPas_057	Par-CPas_057-mus	muscle	
Par-CPas_058	Par-CPas_058-mus	muscle	
Par-CPas_059	Par-CPas_059-mus	muscle	
Par-CPas_060	Par-CPas_060-mus	muscle	
Par-CPas_061	Par-CPas_061-mus	muscle	
Par-CPas_062	Par-CPas_062-mus	muscle	
Par-CPas_063	Par-CPas_063-mus	muscle	
Par-CPas_064	Par-CPas_064-mus	muscle	
Par-CPas_065	Par-CPas_065-mus	muscle	
Par-CPas_066	Par-CPas_066-mus	muscle	
Par-CPas_067	Par-CPas_067-mus	muscle	
Par-CPas_068	Par-CPas_068-mus	muscle	
Par-CPas_069	Par-CPas_069-mus	muscle	
Par-CPas_070	Par-CPas_070-mus	muscle	
Par-CPas_071	Par-CPas_071-mus	muscle	
Par-CPas_072	Par-CPas_072-mus	muscle	
Par-CPas_073	Par-CPas_073-mus	muscle	
Par-CPas_074	Par-CPas_074-mus	muscle	
Par-CPas_075	Par-CPas_075-mus	muscle	
Par-CPas_076	Par-CPas_076-mus	muscle	
Par-CPas_077	Par-CPas_077-mus	muscle	
Par-CPas_078	Par-CPas_078-mus	muscle	
Par-CPas_079	Par-CPas_079-mus	muscle	
Par-CPas_080	Par-CPas_080-mus	muscle	
Par-CPas_081	Par-CPas_081-mus	muscle	
Par-CPas_082	Par-CPas_082-mus	muscle	
Par-CPas_083	Par-CPas_083-mus	muscle	
Par-CPas_084	Par-CPas_084-mus	muscle	
Par-CPas_085	Par-CPas_085-mus	muscle	
Par-CPas_086	Par-CPas_086-mus	muscle	
Par-CPas_087	Par-CPas_087-mus	muscle	
Pba-ABir_005	Pba-ABir_005-mus	muscle	
Pba-ABir_006	Pba-ABir_006-mus	muscle	
Pba-ABir_007	Pba-ABir_007-mus	muscle	
Pba-ABir_008	Pba-ABir_008-mus	muscle	
Pba-ARom_001	Pba-ARom_001-mus	muscle	
Pba-ARom_002	Pba-ARom_002-mus	muscle	
Pba-ARom_003	Pba-ARom_003-mus	muscle	
Pba-ARom_004	Pba-ARom_004-mus	muscle	
Pba-ARom_005	Pba-ARom_005-mus	muscle	
Pba-ARom_006	Pba-ARom_006-mus	muscle	
Pba-ARom_007	Pba-ARom_007-mus	muscle	
Pba-ARom_008	Pba-ARom_008-mus	muscle	
Pba-ARom_009	Pba-ARom_009-mus	muscle	
Pba-ARom_010	Pba-ARom_010-mus	muscle	
Pba-ARom_011	Pba-ARom_011-mus	muscle	
Pba-ARom_012	Pba-ARom_012-mus	muscle	
Pba-ARom_013	Pba-ARom_013-mus	muscle	
Pba-AGal_001	Pba-AGal_001-mus	muscle	
Pba-AGal_002	Pba-AGal_002-mus	muscle	
Pba-AGal_003	Pba-AGal_003-mus	muscle	
Pba-AGal_004	Pba-AGal_004-mus	muscle	
Pba-AGal_005	Pba-AGal_005-mus	muscle	
Pba-ABir_001	Pba-ABir_001-mus	muscle	
Pba-ABir_002	Pba-ABir_002-mus	muscle	
Pba-ABir_003	Pba-ABir_003-mus	muscle	
Pba-ABir_004	Pba-ABir_004-mus	muscle	
Pba-AMar_001	Pba-AMar_001-mus	muscle	
Pba-AMar_002	Pba-AMar_002-mus	muscle	
Pba-AMar_003	Pba-AMar_003-mus	muscle	
Pba-AMar_004	Pba-AMar_004-mus	muscle	
Pba-AMar_005	Pba-AMar_005-mus	muscle	
Pba-AMar_006	Pba-AMar_006-mus	muscle	
Pba-AMar_007	Pba-AMar_007-mus	muscle	
Pba-ABur_001	Pba-ABur_001-mus	muscle	
Pba-ABur_002	Pba-ABur_002-mus	muscle	
Pba-ABur_003	Pba-ABur_003-mus	muscle	
Pba-ABur_004	Pba-ABur_004-mus	muscle	
Pba-ABur_005	Pba-ABur_005-mus	muscle	
Pba-ABur_006	Pba-ABur_006-mus	muscle	
Pba-ABur_007	Pba-ABur_007-mus	muscle	
Pba-ABur_008	Pba-ABur_008-mus	muscle	
Pba-ABur_009	Pba-ABur_009-mus	muscle	
Pba-ABur_010	Pba-ABur_010-mus	muscle	
Pba-ABur_011	Pba-ABur_011-mus	muscle	
Pba-ABur_012	Pba-ABur_012-mus	muscle	
Pba-ABur_013	Pba-ABur_013-mus	muscle	
Pba-ABur_014	Pba-ABur_014-mus	muscle	
Pba-ABur_015	Pba-ABur_015-mus	muscle	
Pba-ABur_016	Pba-ABur_016-mus	muscle	
Pba-ABur_017	Pba-ABur_017-mus	muscle	
Pba-ABur_018	Pba-ABur_018-mus	muscle	
Pba-ABur_019	Pba-ABur_019-mus	muscle	
Pba-ABur_020	Pba-ABur_020-mus	muscle	
Pba-ABur_021	Pba-ABur_021-mus	muscle	
Pba-ABur_022	Pba-ABur_022-mus	muscle	
Pba-ABur_023	Pba-ABur_023-mus	muscle	
Pba-ABur_024	Pba-ABur_024-mus	muscle	
Pba-ABur_025	Pba-ABur_025-mus	muscle	
Pba-ABur_026	Pba-ABur_026-mus	muscle	
Pba-ABur_027	Pba-ABur_027-mus	muscle	
Pba-ABur_028	Pba-ABur_028-mus	muscle	
Pba-ABur_029	Pba-ABur_029-mus	muscle	
Pba-ABur_030	Pba-ABur_030-mus	muscle	
Pba-ABur_031	Pba-ABur_031-mus	muscle	
Pba-ABur_032	Pba-ABur_032-mus	muscle	
Pba-ABur_033	Pba-ABur_033-mus	muscle	
Pba-ABur_034	Pba-ABur_034-mus	muscle	
Pba-ABur_035	Pba-ABur_035-mus	muscle	
Pba-AGal_015	Pba-AGal_015-mus	muscle	
Pba-AGal_020	Pba-AGal_020-mus	muscle	
Pba-AMar_012	Pba-AMar_012-mus	muscle	
Pba-ABur_036	Pba-ABur_036-mus	muscle	
Pba-ABur_037	Pba-ABur_037-mus	muscle	
Pba-ABur_038	Pba-ABur_038-mus	muscle	
Pba-ABur_039	Pba-ABur_039-mus	muscle	
Pba-ABur_040	Pba-ABur_040-mus	muscle	
Pba-ABur_041	Pba-ABur_041-mus	muscle	
Pba-ABur_042	Pba-ABur_042-mus	muscle	
Pba-ABur_043	Pba-ABur_043-mus	muscle	
Pba-ABur_044	Pba-ABur_044-mus	muscle	
Pba-ABur_045	Pba-ABur_045-mus	muscle	
Pba-ABur_046	Pba-ABur_046-mus	muscle	
Pba-ABur_047	Pba-ABur_047-mus	muscle	
Pba-ABur_048	Pba-ABur_048-mus	muscle	
Pba-ABur_049	Pba-ABur_049-mus	muscle	
Pba-ATat_001	Pba-ATat_001-mus	muscle	
Pba-ATat_002	Pba-ATat_002-mus	muscle	
Pba-ATat_003	Pba-ATat_003-mus	muscle	
Pba-ATat_004	Pba-ATat_004-mus	muscle	
Pba-ATat_005	Pba-ATat_005-mus	muscle	
Pba-ATat_006	Pba-ATat_006-mus	muscle	
Pba-ATat_007	Pba-ATat_007-mus	muscle	
Pba-ATat_008	Pba-ATat_008-mus	muscle	
Pba-ATat_009	Pba-ATat_009-mus	muscle	
Pba-ATat_010	Pba-ATat_010-mus	muscle	
Pba-ATat_011	Pba-ATat_011-mus	muscle	
Pba-ATat_012	Pba-ATat_012-mus	muscle	
Pba-ATat_013	Pba-ATat_013-mus	muscle	
Pba-ATat_014	Pba-ATat_014-mus	muscle	
Pba-ATat_015	Pba-ATat_015-mus	muscle	
Pba-ATat_016	Pba-ATat_016-mus	muscle	
Pba-ATat_017	Pba-ATat_017-mus	muscle	
Pba-ATat_018	Pba-ATat_018-mus	muscle	
Pba-ATat_019	Pba-ATat_019-mus	muscle	
Pba-ATat_020	Pba-ATat_020-mus	muscle	
Pba-ATat_021	Pba-ATat_021-mus	muscle	
Pba-APal_001	Pba-APal_001-mus	muscle	
Pba-AGal_009	Pba-AGal_009-mus	muscle	
Pba-AGal_010	Pba-AGal_010-mus	muscle	
Pba-AGal_011	Pba-AGal_011-mus	muscle	
Pba-AGal_006	Pba-AGal_006-mus	muscle	
Pba-AGal_007	Pba-AGal_007-mus	muscle	
Pba-AGal_008	Pba-AGal_008-mus	muscle	
Pba-ARom_015	Pba-ARom_015-mus	muscle	
Pba-ARom_016	Pba-ARom_016-mus	muscle	
Pba-APal_002	Pba-APal_002-mus	muscle	
Pba-APal_003	Pba-APal_003-mus	muscle	
Pba-APal_004	Pba-APal_004-mus	muscle	
Pba-APal_005	Pba-APal_005-mus	muscle	
Pba-APal_006	Pba-APal_006-mus	muscle	
Pba-APal_007	Pba-APal_007-mus	muscle	
Pba-ARom_017	Pba-ARom_017-mus	muscle	
Pba-ARom_018	Pba-ARom_018-mus	muscle	
Pba-ARom_019	Pba-ARom_019-mus	muscle	
Pba-AGal_014	Pba-AGal_014-mus	muscle	
Pba-AGal_013	Pba-AGal_013-mus	muscle	
Pba-ABir_009	Pba-ABir_009-mus	muscle	
Pba-ABur_050	Pba-ABur_050-mus	muscle	
Pba-ARom_020	Pba-ARom_020-mus	muscle	
Pba-ARom_021	Pba-ARom_021-mus	muscle	
Pba-ABur_051	Pba-ABur_051-mus	muscle	
Pba-ABur_052	Pba-ABur_052-mus	muscle	
Pba-ABur_053	Pba-ABur_053-mus	muscle	
Pba-ABur_054	Pba-ABur_054-mus	muscle	
Pba-ABur_055	Pba-ABur_055-mus	muscle	
Pba-ABur_056	Pba-ABur_056-mus	muscle	
Pba-AGal_019	Pba-AGal_019-mus	muscle	
Pba-AGal_012	Pba-AGal_012-mus	muscle	
Pba-ABir_010	Pba-ABir_010-mus	muscle	
Pba-ABir_011	Pba-ABir_011-mus	muscle	
Pba-AGal_017	Pba-AGal_017-mus	muscle	
Pba-AGal_018	Pba-AGal_018-mus	muscle	
Pba-ABir_012	Pba-ABir_012-mus	muscle	
Pba-ABir_013	Pba-ABir_013-mus	muscle	
Pba-ARom_022	Pba-ARom_022-mus	muscle	
Pba-ARom_023	Pba-ARom_023-mus	muscle	
Pba-ARom_024	Pba-ARom_024-mus	muscle	
Pba-AMar_008	Pba-AMar_008-mus	muscle	
Pba-AMar_009	Pba-AMar_009-mus	muscle	
Pba-AMar_010	Pba-AMar_010-mus	muscle	
Pba-AMar_011	Pba-AMar_011-mus	muscle	
Pba-APal_008	Pba-APal_008-mus	muscle	
Pba-APal_009	Pba-APal_009-mus	muscle	
Pba-APal_010	Pba-APal_010-mus	muscle	
Pba-AGal_016	Pba-AGal_016-mus	muscle	
Pba-ABur_057	Pba-ABur_057-mus	muscle	
Pba-ABir_014	Pba-ABir_014-mus	muscle	
Pba-AMar_013	Pba-AMar_013-mus	muscle	
Pba-AMar_014	Pba-AMar_014-mus	muscle	
Pba-ARom_014	Pba-ARom_014-mus	muscle	
Pba-CCab_001	Pba-CCab_001-mus	muscle	
Pba-CCab_002	Pba-CCab_002-mus	muscle	
Pba-CCab_003	Pba-CCab_003-mus	muscle	
Pba-CCab_004	Pba-CCab_004-mus	muscle	
Pba-CCab_005	Pba-CCab_005-mus	muscle	
Pba-CCab_006	Pba-CCab_006-mus	muscle	
Pba-CCab_007	Pba-CCab_007-mus	muscle	
Pba-CCab_008	Pba-CCab_008-mus	muscle	
Pba-CCab_009	Pba-CCab_009-mus	muscle	
Pba-CCab_010	Pba-CCab_010-mus	muscle	
Pba-CCab_011	Pba-CCab_011-mus	muscle	
Pba-CCab_012	Pba-CCab_012-mus	muscle	
Pba-CCab_013	Pba-CCab_013-mus	muscle	
Pba-CCab_014	Pba-CCab_014-mus	muscle	
Pba-CCab_015	Pba-CCab_015-mus	muscle	
Pba-CCab_016	Pba-CCab_016-mus	muscle	
Pba-CCab_017	Pba-CCab_017-mus	muscle	
Pba-CCab_018	Pba-CCab_018-mus	muscle	
Pba-CCab_019	Pba-CCab_019-mus	muscle	
Pba-CCab_020	Pba-CCab_020-mus	muscle	
Pba-CCab_021	Pba-CCab_021-mus	muscle	
Pba-CCab_022	Pba-CCab_022-mus	muscle	
Pba-CCab_023	Pba-CCab_023-mus	muscle	
Pba-CCab_024	Pba-CCab_024-mus	muscle	
Pba-CCab_025	Pba-CCab_025-mus	muscle	
Pba-CCab_026	Pba-CCab_026-mus	muscle	
Pba-CCab_027	Pba-CCab_027-mus	muscle	
Pba-CCab_028	Pba-CCab_028-mus	muscle	
Pba-CCab_029	Pba-CCab_029-mus	muscle	
Pba-CCab_030	Pba-CCab_030-mus	muscle	
Pba-CCab_031	Pba-CCab_031-mus	muscle	
Pba-CCab_032	Pba-CCab_032-mus	muscle	
Pba-CCab_033	Pba-CCab_033-mus	muscle	
Pba-CCab_034	Pba-CCab_034-mus	muscle	
Pba-CCab_035	Pba-CCab_035-mus	muscle	
Pba-CCab_036	Pba-CCab_036-mus	muscle	
Pba-CCab_037	Pba-CCab_037-mus	muscle	
Pba-CCab_038	Pba-CCab_038-mus	muscle	
Pba-CCab_039	Pba-CCab_039-mus	muscle	
Pba-CCab_040	Pba-CCab_040-mus	muscle	
Pba-CCab_041	Pba-CCab_041-mus	muscle	
Pba-CCab_042	Pba-CCab_042-mus	muscle	
Pba-CCab_043	Pba-CCab_043-mus	muscle	
Pba-CCab_044	Pba-CCab_044-mus	muscle	
Pba-CCab_045	Pba-CCab_045-mus	muscle	
Pba-CCab_046	Pba-CCab_046-mus	muscle	
Pba-CCab_047	Pba-CCab_047-mus	muscle	
Pba-CCab_048	Pba-CCab_048-mus	muscle	
Pba-CCab_049	Pba-CCab_049-mus	muscle	
Pba-CCab_050	Pba-CCab_050-mus	muscle	
Pba-CCab_051	Pba-CCab_051-mus	muscle	
Pba-CCab_052	Pba-CCab_052-mus	muscle	
Pba-CCab_053	Pba-CCab_053-mus	muscle	
Pba-CCab_054	Pba-CCab_054-mus	muscle	
Pba-CCab_055	Pba-CCab_055-mus	muscle	
Pba-CCab_056	Pba-CCab_056-mus	muscle	
Pba-CCab_057	Pba-CCab_057-mus	muscle	
Pba-CCab_058	Pba-CCab_058-mus	muscle	
Pba-CCab_059	Pba-CCab_059-mus	muscle	
Pba-CCab_060	Pba-CCab_060-mus	muscle	
Pba-CCab_061	Pba-CCab_061-mus	muscle	
Pba-CCab_062	Pba-CCab_062-mus	muscle	
Pba-CCab_063	Pba-CCab_063-mus	muscle	
Pba-CCab_064	Pba-CCab_064-mus	muscle	
Pba-CCab_065	Pba-CCab_065-mus	muscle	
Pba-CCab_066	Pba-CCab_066-mus	muscle	
Pba-CCab_097	Pba-CCab_097-mus	muscle	
Pba-CCab_067	Pba-CCab_067-mus	muscle	
Pba-CCab_068	Pba-CCab_068-mus	muscle	
Pba-CCab_069	Pba-CCab_069-mus	muscle	
Pba-CCab_070	Pba-CCab_070-mus	muscle	
Pba-CCab_071	Pba-CCab_071-mus	muscle	
Pba-CCab_072	Pba-CCab_072-mus	muscle	
Pba-CCab_073	Pba-CCab_073-mus	muscle	
Pba-CCab_074	Pba-CCab_074-mus	muscle	
Pba-CCab_075	Pba-CCab_075-mus	muscle	
Pba-CCab_076	Pba-CCab_076-mus	muscle	
Pba-CCab_077	Pba-CCab_077-mus	muscle	
Pba-CCab_078	Pba-CCab_078-mus	muscle	
Pba-CCab_079	Pba-CCab_079-mus	muscle	
Pba-CCab_080	Pba-CCab_080-mus	muscle	
Pba-CCab_081	Pba-CCab_081-mus	muscle	
Pba-CCab_082	Pba-CCab_082-mus	muscle	
Pba-CCab_083	Pba-CCab_083-mus	muscle	
Pba-CCab_084	Pba-CCab_084-mus	muscle	
Pba-CCab_085	Pba-CCab_085-mus	muscle	
Pba-CCab_086	Pba-CCab_086-mus	muscle	
Pba-CCab_087	Pba-CCab_087-mus	muscle	
Pba-CCab_088	Pba-CCab_088-mus	muscle	
Pba-CCab_089	Pba-CCab_089-mus	muscle	
Pba-CCab_090	Pba-CCab_090-mus	muscle	
Pba-CCab_091	Pba-CCab_091-mus	muscle	
Pba-CCab_092	Pba-CCab_092-mus	muscle	
Pba-CCab_093	Pba-CCab_093-mus	muscle	
Pba-CCab_094	Pba-CCab_094-mus	muscle	
Pba-CCab_095	Pba-CCab_095-mus	muscle	
Pba-CCab_096	Pba-CCab_096-mus	muscle	
Pba-CMas_001	Pba-CMas_001-mus	muscle	
Pba-CMas_002	Pba-CMas_002-mus	muscle	
Pba-CMas_003	Pba-CMas_003-mus	muscle	
Pba-CMas_004	Pba-CMas_004-mus	muscle	
Pba-CMas_005	Pba-CMas_005-mus	muscle	
Pba-CMas_006	Pba-CMas_006-mus	muscle	
Pba-CMas_007	Pba-CMas_007-mus	muscle	
Pba-CMas_008	Pba-CMas_008-mus	muscle	
Pba-CMas_009	Pba-CMas_009-mus	muscle	
Pba-CMas_010	Pba-CMas_010-mus	muscle	
Pba-CMas_011	Pba-CMas_011-mus	muscle	
Pba-CMas_012	Pba-CMas_012-mus	muscle	
Pba-CMas_013	Pba-CMas_013-mus	muscle	
Pba-CMas_014	Pba-CMas_014-mus	muscle	
Pba-CMas_015	Pba-CMas_015-mus	muscle	
Pba-CMas_016	Pba-CMas_016-mus	muscle	
Pba-CMas_017	Pba-CMas_017-mus	muscle	
Pba-CMas_018	Pba-CMas_018-mus	muscle	
Pba-CMas_019	Pba-CMas_019-mus	muscle	
Pba-CMas_020	Pba-CMas_020-mus	muscle	
Pba-CMas_021	Pba-CMas_021-mus	muscle	
Pba-CMas_022	Pba-CMas_022-mus	muscle	
Pba-CMas_023	Pba-CMas_023-mus	muscle	
Pba-CMas_024	Pba-CMas_024-mus	muscle	
Pba-CMas_025	Pba-CMas_025-mus	muscle	
Pba-CRom_001	Pba-CRom_001-mus	muscle	
Pba-CRom_002	Pba-CRom_002-mus	muscle	
Pba-CRom_003	Pba-CRom_003-mus	muscle	
Pba-CRom_004	Pba-CRom_004-mus	muscle	
Pba-CRom_005	Pba-CRom_005-mus	muscle	
Pba-CRom_006	Pba-CRom_006-mus	muscle	
Pba-CRom_007	Pba-CRom_007-mus	muscle	
Pba-CRom_008	Pba-CRom_008-mus	muscle	
Pba-CRom_009	Pba-CRom_009-mus	muscle	
Pba-CRom_010	Pba-CRom_010-mus	muscle	
Pba-CRom_011	Pba-CRom_011-mus	muscle	
Pba-CRom_012	Pba-CRom_012-mus	muscle	
Pba-CRom_013	Pba-CRom_013-mus	muscle	
Pba-CRom_014	Pba-CRom_014-mus	muscle	
Pba-CRom_015	Pba-CRom_015-mus	muscle	
Pba-CRom_016	Pba-CRom_016-mus	muscle	
Pba-CRom_017	Pba-CRom_017-mus	muscle	
Pba-CRom_018	Pba-CRom_018-mus	muscle	
Pba-CRom_019	Pba-CRom_019-mus	muscle	
Pba-CRom_020	Pba-CRom_020-mus	muscle	
Pba-CRom_021	Pba-CRom_021-mus	muscle	
Pba-CRom_022	Pba-CRom_022-mus	muscle	
Pba-CRom_023	Pba-CRom_023-mus	muscle	
Pba-CRom_024	Pba-CRom_024-mus	muscle	
Pba-CRom_025	Pba-CRom_025-mus	muscle	
Pba-CRom_026	Pba-CRom_026-mus	muscle	
Pba-CRom_027	Pba-CRom_027-mus	muscle	
Pba-CRom_028	Pba-CRom_028-mus	muscle	
Pba-CRom_029	Pba-CRom_029-mus	muscle	
Pba-CRom_030	Pba-CRom_030-mus	muscle	
Pba-CRom_031	Pba-CRom_031-mus	muscle	
Pba-CRom_032	Pba-CRom_032-mus	muscle	
Pba-CRom_033	Pba-CRom_033-mus	muscle	
Pba-CRom_034	Pba-CRom_034-mus	muscle	
Pba-CRom_035	Pba-CRom_035-mus	muscle	
Pba-CRom_036	Pba-CRom_036-mus	muscle	
Pba-CRom_037	Pba-CRom_037-mus	muscle	
Pba-CRom_038	Pba-CRom_038-mus	muscle	
Pba-CRom_039	Pba-CRom_039-mus	muscle	
Pba-CRom_040	Pba-CRom_040-mus	muscle	
Pba-CRom_041	Pba-CRom_041-mus	muscle	
Pba-CRom_042	Pba-CRom_042-mus	muscle	
Pba-CRom_043	Pba-CRom_043-mus	muscle	
Pba-CRom_044	Pba-CRom_044-mus	muscle	
Pba-CRom_045	Pba-CRom_045-mus	muscle	
Pba-CRom_046	Pba-CRom_046-mus	muscle	
Pba-CRom_047	Pba-CRom_047-mus	muscle	
Pba-CRom_048	Pba-CRom_048-mus	muscle	
Pba-CRom_049	Pba-CRom_049-mus	muscle	
Pba-CRom_050	Pba-CRom_050-mus	muscle	
Pba-CRom_051	Pba-CRom_051-mus	muscle	
Pba-CRom_052	Pba-CRom_052-mus	muscle	
Pba-CRom_053	Pba-CRom_053-mus	muscle	
Pba-CRom_054	Pba-CRom_054-mus	muscle	
Pba-CRom_055	Pba-CRom_055-mus	muscle	
Pba-CRom_056	Pba-CRom_056-mus	muscle	
Pba-CRom_057	Pba-CRom_057-mus	muscle	
Pba-CRom_058	Pba-CRom_058-mus	muscle	
Pba-CRom_059	Pba-CRom_059-mus	muscle	
Pba-CRom_060	Pba-CRom_060-mus	muscle	
Pba-CRom_061	Pba-CRom_061-mus	muscle	
Pba-CRom_062	Pba-CRom_062-mus	muscle	
Pba-CRom_063	Pba-CRom_063-mus	muscle	
Pba-CRom_064	Pba-CRom_064-mus	muscle	
Pba-CRom_065	Pba-CRom_065-mus	muscle	
Pba-CRom_066	Pba-CRom_066-mus	muscle	
Pba-CRom_067	Pba-CRom_067-mus	muscle	
Pba-CRom_068	Pba-CRom_068-mus	muscle	
Pba-CRom_069	Pba-CRom_069-mus	muscle	
Pba-CRom_070	Pba-CRom_070-mus	muscle	
Pba-CRom_071	Pba-CRom_071-mus	muscle	
Pba-CRom_072	Pba-CRom_072-mus	muscle	
Pba-CRom_073	Pba-CRom_073-mus	muscle	
Pba-CRom_074	Pba-CRom_074-mus	muscle	
Pba-CRom_075	Pba-CRom_075-mus	muscle	
Pba-CRom_076	Pba-CRom_076-mus	muscle	
Pba-CRom_077	Pba-CRom_077-mus	muscle	
Pba-CRom_078	Pba-CRom_078-mus	muscle	
Pba-CRom_079	Pba-CRom_079-mus	muscle	
Pba-CRom_080	Pba-CRom_080-mus	muscle	
Pba-CRom_081	Pba-CRom_081-mus	muscle	
Pba-CRom_082	Pba-CRom_082-mus	muscle	
Pba-CRom_083	Pba-CRom_083-mus	muscle	
Pba-CRom_084	Pba-CRom_084-mus	muscle	
Pba-CRom_085	Pba-CRom_085-mus	muscle	
Pba-CRom_086	Pba-CRom_086-mus	muscle	
Pba-CRom_087	Pba-CRom_087-mus	muscle	
Pba-CRom_088	Pba-CRom_088-mus	muscle	
Pba-CRom_089	Pba-CRom_089-mus	muscle	
Pba-CRom_090	Pba-CRom_090-mus	muscle	
Pba-CRom_091	Pba-CRom_091-mus	muscle	
Pba-CRom_092	Pba-CRom_092-mus	muscle	
Pba-CRom_093	Pba-CRom_093-mus	muscle	
Pba-CRom_094	Pba-CRom_094-mus	muscle	
Pba-CRom_095	Pba-CRom_095-mus	muscle	
Pba-CTat_001	Pba-CTat_001-mus	muscle	
Pba-CTat_002	Pba-CTat_002-mus	muscle	
Pba-CTat_003	Pba-CTat_003-mus	muscle	
Pba-CTat_004	Pba-CTat_004-mus	muscle	
Pba-CTat_005	Pba-CTat_005-mus	muscle	
Pba-CTat_006	Pba-CTat_006-mus	muscle	
Pba-CTat_007	Pba-CTat_007-mus	muscle	
Pba-CTat_008	Pba-CTat_008-mus	muscle	
Pba-CTat_009	Pba-CTat_009-mus	muscle	
Pba-CTat_010	Pba-CTat_010-mus	muscle	
Pba-CTat_011	Pba-CTat_011-mus	muscle	
Pba-CTat_012	Pba-CTat_012-mus	muscle	
Pba-CTat_013	Pba-CTat_013-mus	muscle	
Pba-CTat_014	Pba-CTat_014-mus	muscle	
Pba-CTat_015	Pba-CTat_015-mus	muscle	
Pba-CTat_016	Pba-CTat_016-mus	muscle	
Pba-CTat_017	Pba-CTat_017-mus	muscle	
Pba-CTat_018	Pba-CTat_018-mus	muscle	
Pba-CTat_019	Pba-CTat_019-mus	muscle	
Pba-CTat_020	Pba-CTat_020-mus	muscle	
Pba-CTat_021	Pba-CTat_021-mus	muscle	
Pba-CTat_022	Pba-CTat_022-mus	muscle	
Pba-CTat_023	Pba-CTat_023-mus	muscle	
Pba-CTat_024	Pba-CTat_024-mus	muscle	
Pba-CTat_025	Pba-CTat_025-mus	muscle	
Pba-CTat_026	Pba-CTat_026-mus	muscle	
Pba-CTat_027	Pba-CTat_027-mus	muscle	
Pba-CTat_028	Pba-CTat_028-mus	muscle	
Pba-CTat_029	Pba-CTat_029-mus	muscle	
Pba-CTat_030	Pba-CTat_030-mus	muscle	
Pba-CTat_031	Pba-CTat_031-mus	muscle	
Pba-CTat_032	Pba-CTat_032-mus	muscle	
Pba-CTat_033	Pba-CTat_033-mus	muscle	
Pba-CTat_034	Pba-CTat_034-mus	muscle	
Pba-CTat_035	Pba-CTat_035-mus	muscle	
Pba-CTat_036	Pba-CTat_036-mus	muscle	
Pba-CTat_037	Pba-CTat_037-mus	muscle	
Pba-CTat_038	Pba-CTat_038-mus	muscle	
Pba-CTat_039	Pba-CTat_039-mus	muscle	
Pba-CTat_040	Pba-CTat_040-mus	muscle	
Pba-CTat_041	Pba-CTat_041-mus	muscle	
Pba-CTat_042	Pba-CTat_042-mus	muscle	
Pba-CTat_043	Pba-CTat_043-mus	muscle	
Pba-CTat_044	Pba-CTat_044-mus	muscle	
Pba-CTat_045	Pba-CTat_045-mus	muscle	
Pba-CTat_046	Pba-CTat_046-mus	muscle	
Pba-CTat_047	Pba-CTat_047-mus	muscle	
Pba-CTat_048	Pba-CTat_048-mus	muscle	
Pba-CTat_049	Pba-CTat_049-mus	muscle	
Pba-CTat_050	Pba-CTat_050-mus	muscle	
Pba-CTat_051	Pba-CTat_051-mus	muscle	
Pba-CTat_052	Pba-CTat_052-mus	muscle	
Pba-CTat_053	Pba-CTat_053-mus	muscle	
Pba-CTat_054	Pba-CTat_054-mus	muscle	
Pba-CTat_055	Pba-CTat_055-mus	muscle	
Pba-CTat_056	Pba-CTat_056-mus	muscle	
Pba-CTat_057	Pba-CTat_057-mus	muscle	
Pba-CTat_058	Pba-CTat_058-mus	muscle	
Pba-CTat_059	Pba-CTat_059-mus	muscle	
Pba-CTat_060	Pba-CTat_060-mus	muscle	
Pba-CTat_061	Pba-CTat_061-mus	muscle	
Pba-CTat_062	Pba-CTat_062-mus	muscle	
Pba-CTat_063	Pba-CTat_063-mus	muscle	
Pba-CTat_064	Pba-CTat_064-mus	muscle	
Pba-CTat_065	Pba-CTat_065-mus	muscle	
Pba-CTat_066	Pba-CTat_066-mus	muscle	
Pba-CTat_067	Pba-CTat_067-mus	muscle	
Pba-CTat_068	Pba-CTat_068-mus	muscle	
Pba-CTat_069	Pba-CTat_069-mus	muscle	
Pba-CTat_070	Pba-CTat_070-mus	muscle	
Pba-CTat_071	Pba-CTat_071-mus	muscle	
Pba-CTat_072	Pba-CTat_072-mus	muscle	
Pba-CTat_073	Pba-CTat_073-mus	muscle	
Pba-CTat_074	Pba-CTat_074-mus	muscle	
Pba-CTat_075	Pba-CTat_075-mus	muscle	
Pba-CTat_076	Pba-CTat_076-mus	muscle	
Pba-CTat_077	Pba-CTat_077-mus	muscle	
Pba-CTat_078	Pba-CTat_078-mus	muscle	
Pba-CTat_079	Pba-CTat_079-mus	muscle	
Pba-CTat_080	Pba-CTat_080-mus	muscle	
Pba-CTat_081	Pba-CTat_081-mus	muscle	
Pba-CTat_082	Pba-CTat_082-mus	muscle	
Pba-CTat_083	Pba-CTat_083-mus	muscle	
Pba-CTat_084	Pba-CTat_084-mus	muscle	
Pba-CTat_085	Pba-CTat_085-mus	muscle	
Pba-CTat_086	Pba-CTat_086-mus	muscle	
Pba-CTat_087	Pba-CTat_087-mus	muscle	
Pba-CTat_088	Pba-CTat_088-mus	muscle	
Pba-CTat_089	Pba-CTat_089-mus	muscle	
Pba-CTat_090	Pba-CTat_090-mus	muscle	
Pba-CTat_091	Pba-CTat_091-mus	muscle	
Pba-CTat_092	Pba-CTat_092-mus	muscle	
Pba-CTat_093	Pba-CTat_093-mus	muscle	
Pba-CTat_094	Pba-CTat_094-mus	muscle	
Pba-CTat_095	Pba-CTat_095-mus	muscle	
Pba-CTat_096	Pba-CTat_096-mus	muscle	
Pba-CVer_001	Pba-CVer_001-mus	muscle	
Pba-CVer_002	Pba-CVer_002-mus	muscle	
Pba-CVer_003	Pba-CVer_003-mus	muscle	
Pba-CVer_004	Pba-CVer_004-mus	muscle	
Pba-CVer_005	Pba-CVer_005-mus	muscle	
Pba-CVer_006	Pba-CVer_006-mus	muscle	
Pba-CVer_007	Pba-CVer_007-mus	muscle	
Pba-CVer_008	Pba-CVer_008-mus	muscle	
Pba-CVer_009	Pba-CVer_009-mus	muscle	
Pba-CVer_010	Pba-CVer_010-mus	muscle	
Pba-CVer_011	Pba-CVer_011-mus	muscle	
Pba-CVer_012	Pba-CVer_012-mus	muscle	
Pba-CVer_013	Pba-CVer_013-mus	muscle	
Pba-CVer_014	Pba-CVer_014-mus	muscle	
Pba-CVer_015	Pba-CVer_015-mus	muscle	
Pba-CVer_016	Pba-CVer_016-mus	muscle	
Pba-CVer_017	Pba-CVer_017-mus	muscle	
Pba-CVer_018	Pba-CVer_018-mus	muscle	
Pba-CVer_019	Pba-CVer_019-mus	muscle	
Pba-CVer_020	Pba-CVer_020-mus	muscle	
Pba-CVer_021	Pba-CVer_021-mus	muscle	
Pba-CVer_022	Pba-CVer_022-mus	muscle	
Pba-CVer_023	Pba-CVer_023-mus	muscle	
Pba-CVer_024	Pba-CVer_024-mus	muscle	
Pba-CVer_025	Pba-CVer_025-mus	muscle	
Pba-CVer_026	Pba-CVer_026-mus	muscle	
Pba-CVer_027	Pba-CVer_027-mus	muscle	
Pba-CVer_028	Pba-CVer_028-mus	muscle	
Pba-CVer_029	Pba-CVer_029-mus	muscle	
Pba-CVer_030	Pba-CVer_030-mus	muscle	
Pba-CVer_031	Pba-CVer_031-mus	muscle	
Pba-CVer_032	Pba-CVer_032-mus	muscle	
Pba-CVer_033	Pba-CVer_033-mus	muscle	
Pba-CVer_034	Pba-CVer_034-mus	muscle	
Pba-CVer_035	Pba-CVer_035-mus	muscle	
Pba-CVer_036	Pba-CVer_036-mus	muscle	
Pba-CVer_037	Pba-CVer_037-mus	muscle	
Pba-CVer_038	Pba-CVer_038-mus	muscle	
Pba-CVer_039	Pba-CVer_039-mus	muscle	
Pba-CVer_040	Pba-CVer_040-mus	muscle	
Pba-CVer_041	Pba-CVer_041-mus	muscle	
Pba-CVer_042	Pba-CVer_042-mus	muscle	
Pba-CVer_043	Pba-CVer_043-mus	muscle	
Pba-CVer_044	Pba-CVer_044-mus	muscle	
Pba-CVer_045	Pba-CVer_045-mus	muscle	
Pba-CVer_046	Pba-CVer_046-mus	muscle	
Pba-CVer_047	Pba-CVer_047-mus	muscle	
Pba-CVer_048	Pba-CVer_048-mus	muscle	
Pba-CVer_049	Pba-CVer_049-mus	muscle	
Pba-CVer_050	Pba-CVer_050-mus	muscle	
Pba-CVer_051	Pba-CVer_051-mus	muscle	
Pba-CVer_052	Pba-CVer_052-mus	muscle	
Pba-CVer_053	Pba-CVer_053-mus	muscle	
Pba-CVer_054	Pba-CVer_054-mus	muscle	
Pba-CVer_055	Pba-CVer_055-mus	muscle	
Pba-CVer_056	Pba-CVer_056-mus	muscle	
Pba-CVer_057	Pba-CVer_057-mus	muscle	
Pba-CVer_058	Pba-CVer_058-mus	muscle	
Pba-CVer_059	Pba-CVer_059-mus	muscle	
Pba-CVer_060	Pba-CVer_060-mus	muscle	
Pba-CVer_061	Pba-CVer_061-mus	muscle	
Pba-CVer_062	Pba-CVer_062-mus	muscle	
Pba-CVer_063	Pba-CVer_063-mus	muscle	
Pba-CVer_064	Pba-CVer_064-mus	muscle	
Pba-CVer_065	Pba-CVer_065-mus	muscle	
Pba-CVer_066	Pba-CVer_066-mus	muscle	
Pba-CVer_067	Pba-CVer_067-mus	muscle	
Pba-CVer_068	Pba-CVer_068-mus	muscle	
Pba-CVer_069	Pba-CVer_069-mus	muscle	
Pba-CVer_070	Pba-CVer_070-mus	muscle	
Pba-CVer_071	Pba-CVer_071-mus	muscle	
Pba-CVer_072	Pba-CVer_072-mus	muscle	
Pba-CVer_073	Pba-CVer_073-mus	muscle	
Pba-CVer_074	Pba-CVer_074-mus	muscle	
Pba-CVer_075	Pba-CVer_075-mus	muscle	
Pba-CVer_076	Pba-CVer_076-mus	muscle	
Pba-CVer_077	Pba-CVer_077-mus	muscle	
Pba-CVer_078	Pba-CVer_078-mus	muscle	
Pba-CVer_079	Pba-CVer_079-mus	muscle	
Pba-CVer_080	Pba-CVer_080-mus	muscle	
Pba-CVer_081	Pba-CVer_081-mus	muscle	
Pba-CVer_082	Pba-CVer_082-mus	muscle	
Pba-CVer_083	Pba-CVer_083-mus	muscle	
Pba-CVer_084	Pba-CVer_084-mus	muscle	
Pba-CVer_085	Pba-CVer_085-mus	muscle	
Pba-CVer_086	Pba-CVer_086-mus	muscle	
Pba-CVer_087	Pba-CVer_087-mus	muscle	
Pba-CVer_088	Pba-CVer_088-mus	muscle	
Pba-CVer_089	Pba-CVer_089-mus	muscle	
Pba-CVer_090	Pba-CVer_090-mus	muscle	
Pba-CVer_091	Pba-CVer_091-mus	muscle	
Pba-CVer_092	Pba-CVer_092-mus	muscle	
Pba-CVer_093	Pba-CVer_093-mus	muscle	
Pba-CVer_094	Pba-CVer_094-mus	muscle	
Pba-CVer_095	Pba-CVer_095-mus	muscle	
Pba-CVer_096	Pba-CVer_096-mus	muscle	
Pbb-AGal_001	Pbb-AGal_001-mus	muscle	
Pbb-AGal_002	Pbb-AGal_002-mus	muscle	
Pbb-AGal_003	Pbb-AGal_003-mus	muscle	
Pbb-AGal_004	Pbb-AGal_004-mus	muscle	
Pbb-AGal_005	Pbb-AGal_005-mus	muscle	
Pbb-AGal_006	Pbb-AGal_006-mus	muscle	
Pbb-AGal_007	Pbb-AGal_007-mus	muscle	
Pbb-AGal_008	Pbb-AGal_008-mus	muscle	
Pbb-AGal_009	Pbb-AGal_009-mus	muscle	
Pbb-AGal_010	Pbb-AGal_010-mus	muscle	
Pbb-AGal_011	Pbb-AGal_011-mus	muscle	
Pbb-AGal_012	Pbb-AGal_012-mus	muscle	
Pbb-AGal_013	Pbb-AGal_013-mus	muscle	
Pbb-AGal_014	Pbb-AGal_014-mus	muscle	
Pbb-AGal_015	Pbb-AGal_015-mus	muscle	
Pbb-AGal_016	Pbb-AGal_016-mus	muscle	
Pbb-AGal_017	Pbb-AGal_017-mus	muscle	
Pbb-AGal_018	Pbb-AGal_018-mus	muscle	
Pbb-AGal_019	Pbb-AGal_019-mus	muscle	
Pbb-AGal_020	Pbb-AGal_020-mus	muscle	
Pbb-AGal_021	Pbb-AGal_021-mus	muscle	
Pbb-AGal_022	Pbb-AGal_022-mus	muscle	
Pbb-AGal_023	Pbb-AGal_023-mus	muscle	
Pbb-AGal_024	Pbb-AGal_024-mus	muscle	
Pbb-AGal_025	Pbb-AGal_025-mus	muscle	
Pbb-AGal_026	Pbb-AGal_026-mus	muscle	
Pbb-AGal_027	Pbb-AGal_027-mus	muscle	
Pbb-AGal_028	Pbb-AGal_028-mus	muscle	
Pbb-AGal_029	Pbb-AGal_029-mus	muscle	
Pbb-AGal_030	Pbb-AGal_030-mus	muscle	
Pbb-AGal_031	Pbb-AGal_031-mus	muscle	
Pbb-AGal_032	Pbb-AGal_032-mus	muscle	
Pbb-AGal_033	Pbb-AGal_033-mus	muscle	
Pbb-AGal_034	Pbb-AGal_034-mus	muscle	
Pbb-AGal_035	Pbb-AGal_035-mus	muscle	
Pbb-AGal_036	Pbb-AGal_036-mus	muscle	
Pbb-AGal_037	Pbb-AGal_037-mus	muscle	
Pbb-CVer_001	Pbb-CVer_001-mus	muscle	
Pbb-CVer_002	Pbb-CVer_002-mus	muscle	
Pbb-CVer_003	Pbb-CVer_003-mus	muscle	
Pbb-CVer_004	Pbb-CVer_004-mus	muscle	
Pbb-CVer_005	Pbb-CVer_005-mus	muscle	
Pbb-CVer_006	Pbb-CVer_006-mus	muscle	
Pbb-CVer_007	Pbb-CVer_007-mus	muscle	
Pbb-CVer_008	Pbb-CVer_008-mus	muscle	
Pbb-CVer_009	Pbb-CVer_009-mus	muscle	
Pbb-CVer_010	Pbb-CVer_010-mus	muscle	
Pbb-CVer_011	Pbb-CVer_011-mus	muscle	
Pbb-CVer_012	Pbb-CVer_012-mus	muscle	
Pbb-CVer_013	Pbb-CVer_013-mus	muscle	
Pbb-CVer_014	Pbb-CVer_014-mus	muscle	
Pbb-CVer_015	Pbb-CVer_015-mus	muscle	
Pbb-CVer_016	Pbb-CVer_016-mus	muscle	
Pbb-CVer_017	Pbb-CVer_017-mus	muscle	
Pbb-CVer_018	Pbb-CVer_018-mus	muscle	
Pbb-CVer_019	Pbb-CVer_019-mus	muscle	
Pbb-CVer_020	Pbb-CVer_020-mus	muscle	
Pbb-CVer_021	Pbb-CVer_021-mus	muscle	
Pbb-CVer_022	Pbb-CVer_022-mus	muscle	
Pbb-CVer_023	Pbb-CVer_023-mus	muscle	
Pbb-CVer_024	Pbb-CVer_024-mus	muscle	
Pbb-CVer_025	Pbb-CVer_025-mus	muscle	
Pbb-CVer_026	Pbb-CVer_026-mus	muscle	
Pbb-CVer_027	Pbb-CVer_027-mus	muscle	
Pbb-CVer_028	Pbb-CVer_028-mus	muscle	
Pbb-CVer_029	Pbb-CVer_029-mus	muscle	
Pbb-CVer_030	Pbb-CVer_030-mus	muscle	
Pbb-CVer_031	Pbb-CVer_031-mus	muscle	
Pbb-CVer_032	Pbb-CVer_032-mus	muscle	
Pbb-CVer_033	Pbb-CVer_033-mus	muscle	
Pbb-CVer_034	Pbb-CVer_034-mus	muscle	
Pbb-CVer_035	Pbb-CVer_035-mus	muscle	
Pbb-CVer_036	Pbb-CVer_036-mus	muscle	
Pbb-CVer_037	Pbb-CVer_037-mus	muscle	
Pbb-CVer_038	Pbb-CVer_038-mus	muscle	
Pbb-CVer_039	Pbb-CVer_039-mus	muscle	
Pbb-CVer_040	Pbb-CVer_040-mus	muscle	
Pbb-CVer_041	Pbb-CVer_041-mus	muscle	
Pbb-CVer_042	Pbb-CVer_042-mus	muscle	
Pbb-CVer_043	Pbb-CVer_043-mus	muscle	
Pbb-CVer_044	Pbb-CVer_044-mus	muscle	
Pli-ARom_001	Pli-ARom_001-mus	muscle	
Pli-ARom_002	Pli-ARom_002-mus	muscle	
Pli-ARom_003	Pli-ARom_003-mus	muscle	
Pli-ARom_004	Pli-ARom_004-mus	muscle	
Pli-ARom_005	Pli-ARom_005-mus	muscle	
Pli-ARom_006	Pli-ARom_006-mus	muscle	
Pli-ARom_007	Pli-ARom_007-mus	muscle	
Pli-ARom_008	Pli-ARom_008-mus	muscle	
Pli-ARom_009	Pli-ARom_009-mus	muscle	
Pli-ARom_010	Pli-ARom_010-mus	muscle	
Pli-ARom_011	Pli-ARom_011-mus	muscle	
Pli-ARom_012	Pli-ARom_012-mus	muscle	
Pli-ARom_013	Pli-ARom_013-mus	muscle	
Pli-ARom_014	Pli-ARom_014-mus	muscle	
Pli-ARom_015	Pli-ARom_015-mus	muscle	
Pli-ARom_016	Pli-ARom_016-mus	muscle	
Pli-ARom_017	Pli-ARom_017-mus	muscle	
Pli-ARom_018	Pli-ARom_018-mus	muscle	
Pli-ARom_019	Pli-ARom_019-mus	muscle	
Pli-AJol_001	Pli-AJol_001-mus	muscle	
Pli-AJol_002	Pli-AJol_002-mus	muscle	
Pli-AJol_003	Pli-AJol_003-mus	muscle	
Pli-AJol_004	Pli-AJol_004-mus	muscle	
Pli-AJol_005	Pli-AJol_005-mus	muscle	
Pli-AJol_006	Pli-AJol_006-mus	muscle	
Pli-AJol_007	Pli-AJol_007-mus	muscle	
Pli-AJol_008	Pli-AJol_008-mus	muscle	
Pli-AJol_009	Pli-AJol_009-mus	muscle	
Pli-AJol_010	Pli-AJol_010-mus	muscle	
Pli-AJol_011	Pli-AJol_011-mus	muscle	
Pli-AJol_012	Pli-AJol_012-mus	muscle	
Pli-AJol_013	Pli-AJol_013-mus	muscle	
Pli-AJol_014	Pli-AJol_014-mus	muscle	
Pli-AJol_015	Pli-AJol_015-mus	muscle	
Pli-AJol_016	Pli-AJol_016-mus	muscle	
Pli-AMvi_001	Pli-AMvi_001-mus	muscle	
Pli-AMvi_002	Pli-AMvi_002-mus	muscle	
Pli-AMvi_003	Pli-AMvi_003-mus	muscle	
Pli-AMvi_004	Pli-AMvi_004-mus	muscle	
Pli-AMvi_005	Pli-AMvi_005-mus	muscle	
Pli-AMvi_006	Pli-AMvi_006-mus	muscle	
Pli-AMvi_007	Pli-AMvi_007-mus	muscle	
Pli-AMvi_008	Pli-AMvi_008-mus	muscle	
Pli-AMvi_009	Pli-AMvi_009-mus	muscle	
Pli-AMvi_010	Pli-AMvi_010-mus	muscle	
Pli-AMvi_011	Pli-AMvi_011-mus	muscle	
Pli-AMvi_012	Pli-AMvi_012-mus	muscle	
Pli-AMvi_013	Pli-AMvi_013-mus	muscle	
Pli-AMvi_014	Pli-AMvi_014-mus	muscle	
Pli-AMvi_015	Pli-AMvi_015-mus	muscle	
Pli-AMvi_016	Pli-AMvi_016-mus	muscle	
Pli-AMvi_017	Pli-AMvi_017-mus	muscle	
Pli-AMvi_018	Pli-AMvi_018-mus	muscle	
Pli-AMvi_019	Pli-AMvi_019-mus	muscle	
Pli-AMvi_020	Pli-AMvi_020-mus	muscle	
Pli-AMvi_021	Pli-AMvi_021-mus	muscle	
Pli-AMvi_022	Pli-AMvi_022-mus	muscle	
Pli-AMvi_023	Pli-AMvi_023-mus	muscle	
Pli-AMvi_024	Pli-AMvi_024-mus	muscle	
Pli-AMvi_025	Pli-AMvi_025-mus	muscle	
Pli-AMvi_026	Pli-AMvi_026-mus	muscle	
Pli-AMvi_027	Pli-AMvi_027-mus	muscle	
Pli-AMvi_028	Pli-AMvi_028-mus	muscle	
Pli-AMvi_029	Pli-AMvi_029-mus	muscle	
Pli-AMvi_030	Pli-AMvi_030-mus	muscle	
Pli-AMvi_031	Pli-AMvi_031-mus	muscle	
Pli-AMvi_032	Pli-AMvi_032-mus	muscle	
Pli-AMvi_033	Pli-AMvi_033-mus	muscle	
Pli-AMvi_034	Pli-AMvi_034-mus	muscle	
Pli-AMvi_035	Pli-AMvi_035-mus	muscle	
Pli-AMvi_036	Pli-AMvi_036-mus	muscle	
Pli-AMvi_037	Pli-AMvi_037-mus	muscle	
Pli-AMvi_038	Pli-AMvi_038-mus	muscle	
Pli-AMvi_039	Pli-AMvi_039-mus	muscle	
Pli-AMvi_040	Pli-AMvi_040-mus	muscle	
Pli-AMvi_041	Pli-AMvi_041-mus	muscle	
Pli-AMvi_042	Pli-AMvi_042-mus	muscle	
Pli-AMvi_043	Pli-AMvi_043-mus	muscle	
Pli-AMvi_044	Pli-AMvi_044-mus	muscle	
Pli-AMvi_045	Pli-AMvi_045-mus	muscle	
Pli-AMvi_046	Pli-AMvi_046-mus	muscle	
Pli-AMvi_047	Pli-AMvi_047-mus	muscle	
Pli-AMvi_048	Pli-AMvi_048-mus	muscle	
Pli-AMvi_049	Pli-AMvi_049-mus	muscle	
Pli-AMvi_050	Pli-AMvi_050-mus	muscle	
Pli-AMvi_051	Pli-AMvi_051-mus	muscle	
Pli-AMvi_052	Pli-AMvi_052-mus	muscle	
Pli-AMvi_053	Pli-AMvi_053-mus	muscle	
Pli-AMvi_054	Pli-AMvi_054-mus	muscle	
Pli-AMvi_055	Pli-AMvi_055-mus	muscle	
Pli-AMvi_056	Pli-AMvi_056-mus	muscle	
Pli-AMvi_057	Pli-AMvi_057-mus	muscle	
Pli-AMvi_058	Pli-AMvi_058-mus	muscle	
Pli-AMvi_059	Pli-AMvi_059-mus	muscle	
Pli-AMvi_060	Pli-AMvi_060-mus	muscle	
Pli-AMvi_061	Pli-AMvi_061-mus	muscle	
Pli-AMvi_062	Pli-AMvi_062-mus	muscle	
Pli-AMvi_063	Pli-AMvi_063-mus	muscle	
Pli-AMvi_064	Pli-AMvi_064-mus	muscle	
Pli-AMvi_065	Pli-AMvi_065-mus	muscle	
Pli-AMvi_066	Pli-AMvi_066-mus	muscle	
Pli-AMvi_067	Pli-AMvi_067-mus	muscle	
Pli-AMvi_068	Pli-AMvi_068-mus	muscle	
Pli-AMvi_069	Pli-AMvi_069-mus	muscle	
Pli-AMvi_070	Pli-AMvi_070-mus	muscle	
Pli-AMvi_071	Pli-AMvi_071-mus	muscle	
Pli-AMvi_072	Pli-AMvi_072-mus	muscle	
Pli-AMvi_073	Pli-AMvi_073-mus	muscle	
Pli-AMvi_074	Pli-AMvi_074-mus	muscle	
Pli-AMvi_075	Pli-AMvi_075-mus	muscle	
Pli-AMvi_076	Pli-AMvi_076-mus	muscle	
Pli-AMvi_077	Pli-AMvi_077-mus	muscle	
Pli-AMvi_078	Pli-AMvi_078-mus	muscle	
Pli-AMvi_079	Pli-AMvi_079-mus	muscle	
Pli-AMvi_080	Pli-AMvi_080-mus	muscle	
Pli-AMvi_081	Pli-AMvi_081-mus	muscle	
Pli-AMvi_082	Pli-AMvi_082-mus	muscle	
Pli-AMvi_083	Pli-AMvi_083-mus	muscle	
Pli-AMvi_084	Pli-AMvi_084-mus	muscle	
Pli-AMvi_085	Pli-AMvi_085-mus	muscle	
Pli-AMvi_086	Pli-AMvi_086-mus	muscle	
Pli-AMvi_087	Pli-AMvi_087-mus	muscle	
Pli-AMvi_088	Pli-AMvi_088-mus	muscle	
Pli-AMvi_089	Pli-AMvi_089-mus	muscle	
Pli-AMvi_090	Pli-AMvi_090-mus	muscle	
Pli-AMvi_091	Pli-AMvi_091-mus	muscle	
Pli-AMvi_092	Pli-AMvi_092-mus	muscle	
Pli-AMvi_093	Pli-AMvi_093-mus	muscle	
Pli-AMvi_094	Pli-AMvi_094-mus	muscle	
Pli-AMvi_095	Pli-AMvi_095-mus	muscle	
Pli-AMvi_096	Pli-AMvi_096-mus	muscle	
Pli-AMvi_097	Pli-AMvi_097-mus	muscle	
Pli-AMvi_098	Pli-AMvi_098-mus	muscle	
Pli-AMvi_099	Pli-AMvi_099-mus	muscle	
Pli-CDgt_001	Pli-CDgt_001-mus	muscle	
Pli-CDgt_002	Pli-CDgt_002-mus	muscle	
Pli-CDgt_003	Pli-CDgt_003-mus	muscle	
Pli-CDgt_004	Pli-CDgt_004-mus	muscle	
Pli-CDgt_005	Pli-CDgt_005-mus	muscle	
Pli-CDgt_006	Pli-CDgt_006-mus	muscle	
Pli-CDgt_007	Pli-CDgt_007-mus	muscle	
Pli-CDgt_008	Pli-CDgt_008-mus	muscle	
Pli-CDgt_009	Pli-CDgt_009-mus	muscle	
Pli-CDgt_010	Pli-CDgt_010-mus	muscle	
Pli-CDgt_011	Pli-CDgt_011-mus	muscle	
Pli-CDgt_012	Pli-CDgt_012-mus	muscle	
Pli-CDgt_013	Pli-CDgt_013-mus	muscle	
Pli-CDgt_014	Pli-CDgt_014-mus	muscle	
Pli-CDgt_015	Pli-CDgt_015-mus	muscle	
Pli-CDgt_016	Pli-CDgt_016-mus	muscle	
Pli-CDgt_017	Pli-CDgt_017-mus	muscle	
Pli-CDgt_018	Pli-CDgt_018-mus	muscle	
Pli-CDgt_019	Pli-CDgt_019-mus	muscle	
Pli-CDgt_020	Pli-CDgt_020-mus	muscle	
Pli-CDgt_021	Pli-CDgt_021-mus	muscle	
Pli-CDgt_022	Pli-CDgt_022-mus	muscle	
Pli-CDgt_023	Pli-CDgt_023-mus	muscle	
Pli-CDgt_024	Pli-CDgt_024-mus	muscle	
Pli-CDgt_025	Pli-CDgt_025-mus	muscle	
Pli-CDgt_026	Pli-CDgt_026-mus	muscle	
Pli-CDgt_027	Pli-CDgt_027-mus	muscle	
Pli-CDgt_028	Pli-CDgt_028-mus	muscle	
Pli-CDgt_029	Pli-CDgt_029-mus	muscle	
Pli-CDgt_030	Pli-CDgt_030-mus	muscle	
Pli-CDgt_031	Pli-CDgt_031-mus	muscle	
Pli-CDgt_032	Pli-CDgt_032-mus	muscle	
Pli-CDgt_033	Pli-CDgt_033-mus	muscle	
Pli-CDgt_034	Pli-CDgt_034-mus	muscle	
Pli-CDgt_035	Pli-CDgt_035-mus	muscle	
Pli-CDgt_036	Pli-CDgt_036-mus	muscle	
Pli-CDgt_037	Pli-CDgt_037-mus	muscle	
Pli-CDgt_038	Pli-CDgt_038-mus	muscle	
Pli-CDgt_039	Pli-CDgt_039-mus	muscle	
Pli-CDgt_040	Pli-CDgt_040-mus	muscle	
Pli-CDgt_041	Pli-CDgt_041-mus	muscle	
Pli-CDgt_042	Pli-CDgt_042-mus	muscle	
Pli-CDgt_043	Pli-CDgt_043-mus	muscle	
Pli-CDgt_044	Pli-CDgt_044-mus	muscle	
Pli-CDgt_045	Pli-CDgt_045-mus	muscle	
Pli-CDgt_046	Pli-CDgt_046-mus	muscle	
Pli-CDgt_047	Pli-CDgt_047-mus	muscle	
Pli-CDgt_048	Pli-CDgt_048-mus	muscle	
Pli-CDgt_049	Pli-CDgt_049-mus	muscle	
Pli-CDgt_050	Pli-CDgt_050-mus	muscle	
Pli-CDgt_051	Pli-CDgt_051-mus	muscle	
Pli-CDgt_052	Pli-CDgt_052-mus	muscle	
Pli-CDgt_053	Pli-CDgt_053-mus	muscle	
Pli-CJol_001	Pli-CJol_001-mus	muscle	
Pli-CJol_002	Pli-CJol_002-mus	muscle	
Pli-CJol_003	Pli-CJol_003-mus	muscle	
Pli-CJol_004	Pli-CJol_004-mus	muscle	
Pli-CJol_005	Pli-CJol_005-mus	muscle	
Pli-CJol_006	Pli-CJol_006-mus	muscle	
Pli-CJol_007	Pli-CJol_007-mus	muscle	
Pli-CJol_008	Pli-CJol_008-mus	muscle	
Pli-CJol_009	Pli-CJol_009-mus	muscle	
Pli-CJol_010	Pli-CJol_010-mus	muscle	
Pli-CJol_011	Pli-CJol_011-mus	muscle	
Pli-CJol_012	Pli-CJol_012-mus	muscle	
Pli-CJol_013	Pli-CJol_013-mus	muscle	
Pli-CJol_014	Pli-CJol_014-mus	muscle	
Pli-CJol_015	Pli-CJol_015-mus	muscle	
Pli-CJol_016	Pli-CJol_016-mus	muscle	
Pli-CJol_017	Pli-CJol_017-mus	muscle	
Pli-CJol_018	Pli-CJol_018-mus	muscle	
Pli-CJol_019	Pli-CJol_019-mus	muscle	
Pli-CJol_020	Pli-CJol_020-mus	muscle	
Pli-CJol_021	Pli-CJol_021-mus	muscle	
Pli-CJol_022	Pli-CJol_022-mus	muscle	
Pli-CJol_023	Pli-CJol_023-mus	muscle	
Pli-CJol_024	Pli-CJol_024-mus	muscle	
Pli-CJol_025	Pli-CJol_025-mus	muscle	
Pli-CJol_026	Pli-CJol_026-mus	muscle	
Pli-CJol_027	Pli-CJol_027-mus	muscle	
Pli-CJol_028	Pli-CJol_028-mus	muscle	
Pli-CJol_029	Pli-CJol_029-mus	muscle	
Pli-CJol_030	Pli-CJol_030-mus	muscle	
Pli-CJol_031	Pli-CJol_031-mus	muscle	
Pli-CJol_032	Pli-CJol_032-mus	muscle	
Pli-CJol_033	Pli-CJol_033-mus	muscle	
Pli-CJol_034	Pli-CJol_034-mus	muscle	
Pli-CJol_035	Pli-CJol_035-mus	muscle	
Pli-CJol_036	Pli-CJol_036-mus	muscle	
Pli-CJol_037	Pli-CJol_037-mus	muscle	
Pli-CJol_038	Pli-CJol_038-mus	muscle	
Pli-CJol_039	Pli-CJol_039-mus	muscle	
Pli-CJol_040	Pli-CJol_040-mus	muscle	
Pli-CJol_041	Pli-CJol_041-mus	muscle	
Pli-CJol_042	Pli-CJol_042-mus	muscle	
Pli-CJol_043	Pli-CJol_043-mus	muscle	
Pli-CJol_044	Pli-CJol_044-mus	muscle	
Pli-CJol_045	Pli-CJol_045-mus	muscle	
Pli-CJol_046	Pli-CJol_046-mus	muscle	
Pli-CJol_047	Pli-CJol_047-mus	muscle	
Pli-CJol_048	Pli-CJol_048-mus	muscle	
Pli-CJol_049	Pli-CJol_049-mus	muscle	
Pli-CJol_050	Pli-CJol_050-mus	muscle	
Pli-CJol_051	Pli-CJol_051-mus	muscle	
Pli-CJol_052	Pli-CJol_052-mus	muscle	
Pli-CJol_053	Pli-CJol_053-mus	muscle	
Pli-CJol_054	Pli-CJol_054-mus	muscle	
Pli-CJol_055	Pli-CJol_055-mus	muscle	
Pli-CJol_056	Pli-CJol_056-mus	muscle	
Pli-CJol_057	Pli-CJol_057-mus	muscle	
Pli-CJol_058	Pli-CJol_058-mus	muscle	
Pli-CJol_059	Pli-CJol_059-mus	muscle	
Pli-CJol_060	Pli-CJol_060-mus	muscle	
Pli-CJol_061	Pli-CJol_061-mus	muscle	
Pli-CJol_062	Pli-CJol_062-mus	muscle	
Pli-CJol_063	Pli-CJol_063-mus	muscle	
Pli-CJol_064	Pli-CJol_064-mus	muscle	
Pli-CJol_065	Pli-CJol_065-mus	muscle	
Pli-CJol_066	Pli-CJol_066-mus	muscle	
Pli-CJol_067	Pli-CJol_067-mus	muscle	
Pli-CJol_068	Pli-CJol_068-mus	muscle	
Pli-CJol_069	Pli-CJol_069-mus	muscle	
Pli-CJol_070	Pli-CJol_070-mus	muscle	
Pli-CJol_071	Pli-CJol_071-mus	muscle	
Pli-CJol_072	Pli-CJol_072-mus	muscle	
Pli-CJol_073	Pli-CJol_073-mus	muscle	
Pli-CJol_074	Pli-CJol_074-mus	muscle	
Pli-CJol_075	Pli-CJol_075-mus	muscle	
Pli-CJol_076	Pli-CJol_076-mus	muscle	
Pli-CJol_077	Pli-CJol_077-mus	muscle	
Pli-CJol_078	Pli-CJol_078-mus	muscle	
Pli-CJol_079	Pli-CJol_079-mus	muscle	
Pli-CJol_080	Pli-CJol_080-mus	muscle	
Pli-CJol_081	Pli-CJol_081-mus	muscle	
Pli-CJol_082	Pli-CJol_082-mus	muscle	
Pli-CJol_083	Pli-CJol_083-mus	muscle	
Pli-CJol_084	Pli-CJol_084-mus	muscle	
Pli-CJol_085	Pli-CJol_085-mus	muscle	
Pli-CJol_086	Pli-CJol_086-mus	muscle	
Pli-CJol_087	Pli-CJol_087-mus	muscle	
Pli-CJol_088	Pli-CJol_088-mus	muscle	
Pli-CJol_089	Pli-CJol_089-mus	muscle	
Pli-CJol_090	Pli-CJol_090-mus	muscle	
Pli-CJol_091	Pli-CJol_091-mus	muscle	
Pli-CJol_092	Pli-CJol_092-mus	muscle	
Pli-CJol_093	Pli-CJol_093-mus	muscle	
Pli-CJol_094	Pli-CJol_094-mus	muscle	
Pli-CJol_095	Pli-CJol_095-mus	muscle	
Pli-CJol_096	Pli-CJol_096-mus	muscle	
Pli-CMvi_001	Pli-CMvi_001-mus	muscle	
Pli-CMvi_002	Pli-CMvi_002-mus	muscle	
Pli-CMvi_003	Pli-CMvi_003-mus	muscle	
Pli-CMvi_004	Pli-CMvi_004-mus	muscle	
Pli-CMvi_005	Pli-CMvi_005-mus	muscle	
Pli-CMvi_006	Pli-CMvi_006-mus	muscle	
Pli-CMvi_007	Pli-CMvi_007-mus	muscle	
Pli-CMvi_008	Pli-CMvi_008-mus	muscle	
Pli-CMvi_009	Pli-CMvi_009-mus	muscle	
Pli-CMvi_010	Pli-CMvi_010-mus	muscle	
Pli-CMvi_011	Pli-CMvi_011-mus	muscle	
Pli-CMvi_012	Pli-CMvi_012-mus	muscle	
Pli-CMvi_013	Pli-CMvi_013-mus	muscle	
Pli-CMvi_014	Pli-CMvi_014-mus	muscle	
Pli-CMvi_015	Pli-CMvi_015-mus	muscle	
Pli-CMvi_016	Pli-CMvi_016-mus	muscle	
Pli-CMvi_017	Pli-CMvi_017-mus	muscle	
Pli-CMvi_018	Pli-CMvi_018-mus	muscle	
Pli-CMvi_019	Pli-CMvi_019-mus	muscle	
Pli-CMvi_020	Pli-CMvi_020-mus	muscle	
Pli-CMvi_021	Pli-CMvi_021-mus	muscle	
Pli-CMvi_022	Pli-CMvi_022-mus	muscle	
Pli-CMvi_023	Pli-CMvi_023-mus	muscle	
Pli-CMvi_024	Pli-CMvi_024-mus	muscle	
Pli-CMvi_025	Pli-CMvi_025-mus	muscle	
Pli-CMvi_026	Pli-CMvi_026-mus	muscle	
Pli-CMvi_027	Pli-CMvi_027-mus	muscle	
Pli-CMvi_028	Pli-CMvi_028-mus	muscle	
Pli-CMvi_029	Pli-CMvi_029-mus	muscle	
Pli-CMvi_030	Pli-CMvi_030-mus	muscle	
Pli-CMvi_031	Pli-CMvi_031-mus	muscle	
Pli-CMvi_032	Pli-CMvi_032-mus	muscle	
Pli-CMvi_033	Pli-CMvi_033-mus	muscle	
Pli-CMvi_034	Pli-CMvi_034-mus	muscle	
Pli-CMvi_035	Pli-CMvi_035-mus	muscle	
Pli-CMvi_036	Pli-CMvi_036-mus	muscle	
Pli-CMvi_037	Pli-CMvi_037-mus	muscle	
Pli-CMvi_038	Pli-CMvi_038-mus	muscle	
Pli-CMvi_039	Pli-CMvi_039-mus	muscle	
Pli-CMvi_040	Pli-CMvi_040-mus	muscle	
Pli-CMvi_041	Pli-CMvi_041-mus	muscle	
Pli-CMvi_042	Pli-CMvi_042-mus	muscle	
Pli-CMvi_043	Pli-CMvi_043-mus	muscle	
Pli-CMvi_044	Pli-CMvi_044-mus	muscle	
Pli-CMvi_045	Pli-CMvi_045-mus	muscle	
Pli-CMvi_046	Pli-CMvi_046-mus	muscle	
Pli-CMvi_047	Pli-CMvi_047-mus	muscle	
Pli-CMvi_048	Pli-CMvi_048-mus	muscle	
Pli-CMvi_049	Pli-CMvi_049-mus	muscle	
Pli-CMvi_050	Pli-CMvi_050-mus	muscle	
Pli-CMvi_051	Pli-CMvi_051-mus	muscle	
Pli-CMvi_052	Pli-CMvi_052-mus	muscle	
Pli-CMvi_053	Pli-CMvi_053-mus	muscle	
Pli-CMvi_054	Pli-CMvi_054-mus	muscle	
Pli-CMvi_055	Pli-CMvi_055-mus	muscle	
Pli-CMvi_056	Pli-CMvi_056-mus	muscle	
Pli-CMvi_057	Pli-CMvi_057-mus	muscle	
Pli-CMvi_058	Pli-CMvi_058-mus	muscle	
Pli-CMvi_059	Pli-CMvi_059-mus	muscle	
Pli-CMvi_060	Pli-CMvi_060-mus	muscle	
Pli-CMvi_061	Pli-CMvi_061-mus	muscle	
Pli-CMvi_062	Pli-CMvi_062-mus	muscle	
Pli-CMvi_063	Pli-CMvi_063-mus	muscle	
Pli-CMvi_064	Pli-CMvi_064-mus	muscle	
Pli-CMvi_065	Pli-CMvi_065-mus	muscle	
Pli-CMvi_066	Pli-CMvi_066-mus	muscle	
Pli-CMvi_067	Pli-CMvi_067-mus	muscle	
Pli-CMvi_068	Pli-CMvi_068-mus	muscle	
Pli-CMvi_069	Pli-CMvi_069-mus	muscle	
Pli-CMvi_070	Pli-CMvi_070-mus	muscle	
Pli-CMvi_071	Pli-CMvi_071-mus	muscle	
Pli-CMvi_072	Pli-CMvi_072-mus	muscle	
Pli-CMvi_073	Pli-CMvi_073-mus	muscle	
Pli-CMvi_074	Pli-CMvi_074-mus	muscle	
Pli-CMvi_075	Pli-CMvi_075-mus	muscle	
Pli-CMvi_076	Pli-CMvi_076-mus	muscle	
Pli-CMvi_077	Pli-CMvi_077-mus	muscle	
Pli-CMvi_078	Pli-CMvi_078-mus	muscle	
Pli-CMvi_079	Pli-CMvi_079-mus	muscle	
Pli-CMvi_080	Pli-CMvi_080-mus	muscle	
Pli-CMvi_081	Pli-CMvi_081-mus	muscle	
Pli-CMvi_082	Pli-CMvi_082-mus	muscle	
Pli-CMvi_083	Pli-CMvi_083-mus	muscle	
Pli-CMvi_084	Pli-CMvi_084-mus	muscle	
Pli-CMvi_085	Pli-CMvi_085-mus	muscle	
Pli-CMvi_086	Pli-CMvi_086-mus	muscle	
Pli-CMvi_087	Pli-CMvi_087-mus	muscle	
Pli-CMvi_088	Pli-CMvi_088-mus	muscle	
Pli-CMvi_089	Pli-CMvi_089-mus	muscle	
Pli-CMvi_090	Pli-CMvi_090-mus	muscle	
Pli-CMvi_091	Pli-CMvi_091-mus	muscle	
Pli-CMvi_092	Pli-CMvi_092-mus	muscle	
Pli-CMvi_093	Pli-CMvi_093-mus	muscle	
Pli-CMvi_094	Pli-CMvi_094-mus	muscle	
Pli-CMvi_095	Pli-CMvi_095-mus	muscle	
Pli-CMvi_096	Pli-CMvi_096-mus	muscle	
Pli-CRom_001	Pli-CRom_001-mus	muscle	
Pli-CRom_002	Pli-CRom_002-mus	muscle	
Pli-CRom_003	Pli-CRom_003-mus	muscle	
Pli-CRom_004	Pli-CRom_004-mus	muscle	
Pli-CRom_005	Pli-CRom_005-mus	muscle	
Pli-CRom_006	Pli-CRom_006-mus	muscle	
Pli-CRom_007	Pli-CRom_007-mus	muscle	
Pli-CRom_008	Pli-CRom_008-mus	muscle	
Pli-CRom_009	Pli-CRom_009-mus	muscle	
Pli-CRom_010	Pli-CRom_010-mus	muscle	
Pli-CRom_011	Pli-CRom_011-mus	muscle	
Pli-CRom_012	Pli-CRom_012-mus	muscle	
Pli-CRom_013	Pli-CRom_013-mus	muscle	
Pli-CRom_014	Pli-CRom_014-mus	muscle	
Pli-CRom_015	Pli-CRom_015-mus	muscle	
Pli-CRom_016	Pli-CRom_016-mus	muscle	
Pli-CRom_017	Pli-CRom_017-mus	muscle	
Pli-CRom_018	Pli-CRom_018-mus	muscle	
Pli-CRom_019	Pli-CRom_019-mus	muscle	
Pli-CRom_020	Pli-CRom_020-mus	muscle	
Pli-CRom_021	Pli-CRom_021-mus	muscle	
Pli-CRom_022	Pli-CRom_022-mus	muscle	
Pli-CRom_023	Pli-CRom_023-mus	muscle	
Pli-CRom_024	Pli-CRom_024-mus	muscle	
Pli-CRom_025	Pli-CRom_025-mus	muscle	
Pli-CRom_026	Pli-CRom_026-mus	muscle	
Pli-CRom_027	Pli-CRom_027-mus	muscle	
Pli-CRom_028	Pli-CRom_028-mus	muscle	
Pli-CRom_029	Pli-CRom_029-mus	muscle	
Pli-CRom_030	Pli-CRom_030-mus	muscle	
Pli-CRom_031	Pli-CRom_031-mus	muscle	
Pli-CRom_032	Pli-CRom_032-mus	muscle	
Pli-CRom_033	Pli-CRom_033-mus	muscle	
Pli-CRom_034	Pli-CRom_034-mus	muscle	
Pli-CRom_035	Pli-CRom_035-mus	muscle	
Pli-CRom_036	Pli-CRom_036-mus	muscle	
Pli-CRom_037	Pli-CRom_037-mus	muscle	
Pli-CRom_038	Pli-CRom_038-mus	muscle	
Pli-CRom_039	Pli-CRom_039-mus	muscle	
Pli-CRom_040	Pli-CRom_040-mus	muscle	
Pli-CRom_041	Pli-CRom_041-mus	muscle	
Pli-CRom_042	Pli-CRom_042-mus	muscle	
Pli-CRom_043	Pli-CRom_043-mus	muscle	
Pli-CRom_044	Pli-CRom_044-mus	muscle	
Pli-CRom_045	Pli-CRom_045-mus	muscle	
Pli-CRom_046	Pli-CRom_046-mus	muscle	
Pli-CRom_047	Pli-CRom_047-mus	muscle	
Pli-CRom_048	Pli-CRom_048-mus	muscle	
Pli-CRom_049	Pli-CRom_049-mus	muscle	
Pli-CRom_050	Pli-CRom_050-mus	muscle	
Pli-CRom_051	Pli-CRom_051-mus	muscle	
Pli-CRom_052	Pli-CRom_052-mus	muscle	
Pli-CRom_053	Pli-CRom_053-mus	muscle	
Pli-CRom_054	Pli-CRom_054-mus	muscle	
Pli-CRom_055	Pli-CRom_055-mus	muscle	
Pli-CRom_056	Pli-CRom_056-mus	muscle	
Pli-CRom_057	Pli-CRom_057-mus	muscle	
Pli-CRom_058	Pli-CRom_058-mus	muscle	
Pli-CRom_059	Pli-CRom_059-mus	muscle	
Pli-CRom_060	Pli-CRom_060-mus	muscle	
Pli-CRom_061	Pli-CRom_061-mus	muscle	
Pli-CRom_062	Pli-CRom_062-mus	muscle	
Pli-CRom_063	Pli-CRom_063-mus	muscle	
Pli-CRom_064	Pli-CRom_064-mus	muscle	
Pli-CRom_065	Pli-CRom_065-mus	muscle	
Pli-CRom_066	Pli-CRom_066-mus	muscle	
Pli-CRom_067	Pli-CRom_067-mus	muscle	
Pli-CRom_068	Pli-CRom_068-mus	muscle	
Pli-CRom_069	Pli-CRom_069-mus	muscle	
Pli-CRom_070	Pli-CRom_070-mus	muscle	
Pli-CRom_071	Pli-CRom_071-mus	muscle	
Pli-CRom_072	Pli-CRom_072-mus	muscle	
Pli-CRom_073	Pli-CRom_073-mus	muscle	
Pli-CRom_074	Pli-CRom_074-mus	muscle	
Pli-CRom_075	Pli-CRom_075-mus	muscle	
Pli-CRom_076	Pli-CRom_076-mus	muscle	
Pli-CRom_077	Pli-CRom_077-mus	muscle	
Pli-CRom_078	Pli-CRom_078-mus	muscle	
Pli-CRom_079	Pli-CRom_079-mus	muscle	
Pli-CRom_080	Pli-CRom_080-mus	muscle	
Pli-CRom_081	Pli-CRom_081-mus	muscle	
Pli-CRom_082	Pli-CRom_082-mus	muscle	
Pli-CRom_083	Pli-CRom_083-mus	muscle	
Pli-CRom_084	Pli-CRom_084-mus	muscle	
Pli-CRom_085	Pli-CRom_085-mus	muscle	
Pli-CRom_086	Pli-CRom_086-mus	muscle	
Pli-CRom_087	Pli-CRom_087-mus	muscle	
Pli-CRom_088	Pli-CRom_088-mus	muscle	
Pli-CRom_089	Pli-CRom_089-mus	muscle	
Pli-CRom_090	Pli-CRom_090-mus	muscle	
Pli-CRom_091	Pli-CRom_091-mus	muscle	
Pli-CRom_092	Pli-CRom_092-mus	muscle	
Pli-CRom_093	Pli-CRom_093-mus	muscle	
Pli-CRom_094	Pli-CRom_094-mus	muscle	
Pli-CRom_095	Pli-CRom_095-mus	muscle	
Pli-CRom_096	Pli-CRom_096-mus	muscle	
Pli-CSiq_001	Pli-CSiq_001-mus	muscle	
Pli-CSiq_002	Pli-CSiq_002-mus	muscle	
Pli-CSiq_003	Pli-CSiq_003-mus	muscle	
Pli-CSiq_004	Pli-CSiq_004-mus	muscle	
Pli-CSiq_005	Pli-CSiq_005-mus	muscle	
Pli-CSiq_006	Pli-CSiq_006-mus	muscle	
Pli-CSiq_007	Pli-CSiq_007-mus	muscle	
Pli-CSiq_008	Pli-CSiq_008-mus	muscle	
Pli-CSiq_009	Pli-CSiq_009-mus	muscle	
Pli-CSiq_010	Pli-CSiq_010-mus	muscle	
Pli-CSiq_011	Pli-CSiq_011-mus	muscle	
Pli-CSiq_012	Pli-CSiq_012-mus	muscle	
Pli-CSiq_013	Pli-CSiq_013-mus	muscle	
Pli-CSiq_014	Pli-CSiq_014-mus	muscle	
Pli-CSiq_015	Pli-CSiq_015-mus	muscle	
Pli-CSiq_016	Pli-CSiq_016-mus	muscle	
Pli-CSiq_017	Pli-CSiq_017-mus	muscle	
Pli-CSiq_018	Pli-CSiq_018-mus	muscle	
Pli-CSiq_019	Pli-CSiq_019-mus	muscle	
Pli-CSiq_020	Pli-CSiq_020-mus	muscle	
Pli-CSiq_021	Pli-CSiq_021-mus	muscle	
Pli-CSiq_022	Pli-CSiq_022-mus	muscle	
Pli-CSiq_023	Pli-CSiq_023-mus	muscle	
Pli-CSiq_024	Pli-CSiq_024-mus	muscle	
Pli-CSiq_025	Pli-CSiq_025-mus	muscle	
Pli-CSiq_026	Pli-CSiq_026-mus	muscle	
Pli-CSiq_027	Pli-CSiq_027-mus	muscle	
Pli-CSiq_028	Pli-CSiq_028-mus	muscle	
Pli-CSiq_029	Pli-CSiq_029-mus	muscle	
Pli-CSiq_030	Pli-CSiq_030-mus	muscle	
Pli-CSiq_031	Pli-CSiq_031-mus	muscle	
Pli-CSiq_032	Pli-CSiq_032-mus	muscle	
Pli-CSiq_033	Pli-CSiq_033-mus	muscle	
Pli-CSiq_034	Pli-CSiq_034-mus	muscle	
Pli-CSiq_035	Pli-CSiq_035-mus	muscle	
Pli-CSiq_036	Pli-CSiq_036-mus	muscle	
Pli-CSiq_037	Pli-CSiq_037-mus	muscle	
Pli-CSiq_038	Pli-CSiq_038-mus	muscle	
Pli-CSiq_039	Pli-CSiq_039-mus	muscle	
Pli-CSiq_040	Pli-CSiq_040-mus	muscle	
Ppa-APnd_001	Ppa-APnd_001-mus	muscle	
Ppa-APnd_002	Ppa-APnd_002-mus	muscle	
Ppa-APnd_003	Ppa-APnd_003-mus	muscle	
Ppa-APnd_004	Ppa-APnd_004-mus	muscle	
Ppa-APnd_005	Ppa-APnd_005-mus	muscle	
Ppa-APnd_006	Ppa-APnd_006-mus	muscle	
Ppa-APnd_007	Ppa-APnd_007-mus	muscle	
Ppa-APnd_008	Ppa-APnd_008-mus	muscle	
Ppa-APnd_009	Ppa-APnd_009-mus	muscle	
Ppa-APnd_010	Ppa-APnd_010-mus	muscle	
Ppa-APnd_011	Ppa-APnd_011-mus	muscle	
Ppa-APnd_012	Ppa-APnd_012-mus	muscle	
Ppa-APnd_013	Ppa-APnd_013-mus	muscle	
Ppa-APnd_014	Ppa-APnd_014-mus	muscle	
Ppa-APnd_015	Ppa-APnd_015-mus	muscle	
Ppa-APnd_016	Ppa-APnd_016-mus	muscle	
Ppa-APnd_017	Ppa-APnd_017-mus	muscle	
Ppa-APnd_018	Ppa-APnd_018-mus	muscle	
Ppa-APnd_019	Ppa-APnd_019-mus	muscle	
Ppa-APnd_020	Ppa-APnd_020-mus	muscle	
Ppa-APnd_021	Ppa-APnd_021-mus	muscle	
Ppa-APnd_022	Ppa-APnd_022-mus	muscle	
Ppa-APnd_023	Ppa-APnd_023-mus	muscle	
Ppa-CPnd_001	Ppa-CPnd_001-mus	muscle	
Ppa-CPnd_002	Ppa-CPnd_002-mus	muscle	
Ppa-CPnd_003	Ppa-CPnd_003-mus	muscle	
Ppa-CPnd_004	Ppa-CPnd_004-mus	muscle	
Ppa-CPnd_005	Ppa-CPnd_005-mus	muscle	
Ppa-CPnd_006	Ppa-CPnd_006-mus	muscle	
Ppa-CPnd_007	Ppa-CPnd_007-mus	muscle	
Ppa-CPnd_008	Ppa-CPnd_008-mus	muscle	
Ppa-CPnd_009	Ppa-CPnd_009-mus	muscle	
Ppa-CPnd_010	Ppa-CPnd_010-mus	muscle	
Ppa-CPnd_011	Ppa-CPnd_011-mus	muscle	
Ppa-CPnd_012	Ppa-CPnd_012-mus	muscle	
Ppa-CPnd_013	Ppa-CPnd_013-mus	muscle	
Ppa-CPnd_014	Ppa-CPnd_014-mus	muscle	
Ppa-CPnd_015	Ppa-CPnd_015-mus	muscle	
Ppa-CPnd_016	Ppa-CPnd_016-mus	muscle	
Ppa-CPnd_017	Ppa-CPnd_017-mus	muscle	
Ppa-CPnd_018	Ppa-CPnd_018-mus	muscle	
Ppa-CPnd_019	Ppa-CPnd_019-mus	muscle	
Ppa-CPnd_020	Ppa-CPnd_020-mus	muscle	
Ppa-CPnd_021	Ppa-CPnd_021-mus	muscle	
Ppa-CPnd_022	Ppa-CPnd_022-mus	muscle	
Ppa-CPnd_023	Ppa-CPnd_023-mus	muscle	
Ppa-CPnd_024	Ppa-CPnd_024-mus	muscle	
Ppa-CPnd_025	Ppa-CPnd_025-mus	muscle	
Ppa-CPnd_026	Ppa-CPnd_026-mus	muscle	
Ppa-CPnd_027	Ppa-CPnd_027-mus	muscle	
Ppa-CPnd_028	Ppa-CPnd_028-mus	muscle	
Ppa-CPnd_029	Ppa-CPnd_029-mus	muscle	
Ppa-CPnd_030	Ppa-CPnd_030-mus	muscle	
Ppa-CPnd_031	Ppa-CPnd_031-mus	muscle	
Ppa-CPnd_032	Ppa-CPnd_032-mus	muscle	
Ppa-CPnd_033	Ppa-CPnd_033-mus	muscle	
Ppa-CPnd_034	Ppa-CPnd_034-mus	muscle	
Ppa-CPnd_035	Ppa-CPnd_035-mus	muscle	
Ppa-CPnd_036	Ppa-CPnd_036-mus	muscle	
Ppa-CPnd_037	Ppa-CPnd_037-mus	muscle	
Ppa-CPnd_038	Ppa-CPnd_038-mus	muscle	
Ppa-CPnd_039	Ppa-CPnd_039-mus	muscle	
Ppa-CPnd_040	Ppa-CPnd_040-mus	muscle	
Ppa-CPnd_041	Ppa-CPnd_041-mus	muscle	
Ppa-CPnd_042	Ppa-CPnd_042-mus	muscle	
Ppa-CPnd_043	Ppa-CPnd_043-mus	muscle	
Psq-AGal_001	Psq-AGal_001-mus	muscle	
Psq-AGal_002	Psq-AGal_002-mus	muscle	
Psq-AGal_003	Psq-AGal_003-mus	muscle	
Psq-AGal_004	Psq-AGal_004-mus	muscle	
Psq-AGal_005	Psq-AGal_005-mus	muscle	
Psq-AGal_006	Psq-AGal_006-mus	muscle	
Psq-AGal_007	Psq-AGal_007-mus	muscle	
Psq-AGal_008	Psq-AGal_008-mus	muscle	
Psq-AGal_009	Psq-AGal_009-mus	muscle	
Psq-AGal_010	Psq-AGal_010-mus	muscle	
Psq-AGal_011	Psq-AGal_011-mus	muscle	
Psq-AGal_012	Psq-AGal_012-mus	muscle	
Psq-AGal_013	Psq-AGal_013-mus	muscle	
Psq-AGal_014	Psq-AGal_014-mus	muscle	
Psq-AGal_015	Psq-AGal_015-mus	muscle	
Psq-AGal_016	Psq-AGal_016-mus	muscle	
Psq-AGal_017	Psq-AGal_017-mus	muscle	
Psq-AGal_018	Psq-AGal_018-mus	muscle	
Psq-AGal_019	Psq-AGal_019-mus	muscle	
Psq-AGal_020	Psq-AGal_020-mus	muscle	
Psq-AGal_021	Psq-AGal_021-mus	muscle	
Psq-AGal_022	Psq-AGal_022-mus	muscle	
Psq-AGal_023	Psq-AGal_023-mus	muscle	
Psq-AGal_024	Psq-AGal_024-mus	muscle	
Psq-AGal_025	Psq-AGal_025-mus	muscle	
Psq-AGal_026	Psq-AGal_026-mus	muscle	
Psq-AGal_027	Psq-AGal_027-mus	muscle	
Psq-AGal_028	Psq-AGal_028-mus	muscle	
Psq-AGal_029	Psq-AGal_029-mus	muscle	
Psq-AGal_030	Psq-AGal_030-mus	muscle	
Psq-AGal_031	Psq-AGal_031-mus	muscle	
Psq-AGal_032	Psq-AGal_032-mus	muscle	
Psq-AGal_033	Psq-AGal_033-mus	muscle	
Psq-AGal_034	Psq-AGal_034-mus	muscle	
Psq-AGal_035	Psq-AGal_035-mus	muscle	
Psq-AGal_036	Psq-AGal_036-mus	muscle	
Psq-AGal_037	Psq-AGal_037-mus	muscle	
Psq-AGal_038	Psq-AGal_038-mus	muscle	
Psq-AGal_039	Psq-AGal_039-mus	muscle	
Psq-AGal_040	Psq-AGal_040-mus	muscle	
Psq-AGal_041	Psq-AGal_041-mus	muscle	
Psq-AGal_042	Psq-AGal_042-mus	muscle	
Psq-AGal_043	Psq-AGal_043-mus	muscle	
Psq-AGal_044	Psq-AGal_044-mus	muscle	
Psq-AGal_045	Psq-AGal_045-mus	muscle	
Psq-AGal_046	Psq-AGal_046-mus	muscle	
Psq-AGal_047	Psq-AGal_047-mus	muscle	
Psq-AGal_048	Psq-AGal_048-mus	muscle	
Psq-AGal_049	Psq-AGal_049-mus	muscle	
Psq-AGal_050	Psq-AGal_050-mus	muscle	
Psq-AGal_051	Psq-AGal_051-mus	muscle	
Psq-AGal_052	Psq-AGal_052-mus	muscle	
Psq-AGal_053	Psq-AGal_053-mus	muscle	
Psq-AGal_054	Psq-AGal_054-mus	muscle	
Psq-AGal_055	Psq-AGal_055-mus	muscle	
Psq-AGal_056	Psq-AGal_056-mus	muscle	
Psq-AGal_057	Psq-AGal_057-mus	muscle	
Psq-AGal_058	Psq-AGal_058-mus	muscle	
Psq-AGal_059	Psq-AGal_059-mus	muscle	
Psq-AGal_060	Psq-AGal_060-mus	muscle	
Psq-AGal_061	Psq-AGal_061-mus	muscle	
Psq-AGal_062	Psq-AGal_062-mus	muscle	
Psq-AGal_063	Psq-AGal_063-mus	muscle	
Psq-AGal_064	Psq-AGal_064-mus	muscle	
Psq-AGal_065	Psq-AGal_065-mus	muscle	
Psq-AGal_066	Psq-AGal_066-mus	muscle	
Psq-AGal_067	Psq-AGal_067-mus	muscle	
Psq-AGal_068	Psq-AGal_068-mus	muscle	
Psq-AGal_069	Psq-AGal_069-mus	muscle	
Psq-AGal_070	Psq-AGal_070-mus	muscle	
Psq-AGal_071	Psq-AGal_071-mus	muscle	
Psq-AGal_072	Psq-AGal_072-mus	muscle	
Psq-AGal_073	Psq-AGal_073-mus	muscle	
Psq-AGal_074	Psq-AGal_074-mus	muscle	
Psq-AGal_075	Psq-AGal_075-mus	muscle	
Psq-AGal_076	Psq-AGal_076-mus	muscle	
Psq-AGal_077	Psq-AGal_077-mus	muscle	
Psq-AGal_078	Psq-AGal_078-mus	muscle	
Psq-AGal_079	Psq-AGal_079-mus	muscle	
Psq-AGal_080	Psq-AGal_080-mus	muscle	
Psq-AGal_081	Psq-AGal_081-mus	muscle	
Psq-AGal_082	Psq-AGal_082-mus	muscle	
Psq-AGal_083	Psq-AGal_083-mus	muscle	
Psq-AGal_084	Psq-AGal_084-mus	muscle	
Psq-AGal_085	Psq-AGal_085-mus	muscle	
Psq-AGal_086	Psq-AGal_086-mus	muscle	
Psq-AGal_087	Psq-AGal_087-mus	muscle	
Psq-AGal_088	Psq-AGal_088-mus	muscle	
Psq-AGal_089	Psq-AGal_089-mus	muscle	
Psq-AGal_090	Psq-AGal_090-mus	muscle	
Psq-AGal_091	Psq-AGal_091-mus	muscle	
Psq-AGal_092	Psq-AGal_092-mus	muscle	
Psq-AGal_093	Psq-AGal_093-mus	muscle	
Psq-AGal_094	Psq-AGal_094-mus	muscle	
Psq-AGal_095	Psq-AGal_095-mus	muscle	
Psq-AGal_096	Psq-AGal_096-mus	muscle	
Psq-CGal_001	Psq-CGal_001-mus	muscle	
Psq-CGal_002	Psq-CGal_002-mus	muscle	
Psq-CGal_003	Psq-CGal_003-mus	muscle	
Psq-CGal_004	Psq-CGal_004-mus	muscle	
Psq-CGal_005	Psq-CGal_005-mus	muscle	
Psq-CGal_006	Psq-CGal_006-mus	muscle	
Psq-CGal_007	Psq-CGal_007-mus	muscle	
Psq-CGal_008	Psq-CGal_008-mus	muscle	
Psq-CVer_009	Psq-CVer_009-mus	muscle	
Psq-CVer_010	Psq-CVer_010-mus	muscle	
Psq-CVer_011	Psq-CVer_011-mus	muscle	
Psq-CVer_012	Psq-CVer_012-mus	muscle	
Psq-CVer_013	Psq-CVer_013-mus	muscle	
Psq-CVer_014	Psq-CVer_014-mus	muscle	
Psq-CVer_015	Psq-CVer_015-mus	muscle	
Psq-CVer_016	Psq-CVer_016-mus	muscle	
Psq-CVer_017	Psq-CVer_017-mus	muscle	
Psq-CVer_018	Psq-CVer_018-mus	muscle	
Psq-CVer_019	Psq-CVer_019-mus	muscle	
Psq-CVer_020	Psq-CVer_020-mus	muscle	
Psq-CVer_021	Psq-CVer_021-mus	muscle	
Psq-CVer_022	Psq-CVer_022-mus	muscle	
Psq-CVer_023	Psq-CVer_023-mus	muscle	
Psq-CVer_024	Psq-CVer_024-mus	muscle	
Psq-CVer_025	Psq-CVer_025-mus	muscle	
Psq-CVer_026	Psq-CVer_026-mus	muscle	
Psq-CVer_027	Psq-CVer_027-mus	muscle	
Psq-CVer_028	Psq-CVer_028-mus	muscle	
Psq-CVer_029	Psq-CVer_029-mus	muscle	
Psq-CVer_030	Psq-CVer_030-mus	muscle	
Psq-CVer_031	Psq-CVer_031-mus	muscle	
Psq-CVer_032	Psq-CVer_032-mus	muscle	
Psq-CVer_033	Psq-CVer_033-mus	muscle	
Psq-CVer_034	Psq-CVer_034-mus	muscle	
Psq-CVer_035	Psq-CVer_035-mus	muscle	
Psq-CVer_036	Psq-CVer_036-mus	muscle	
Psq-CVer_037	Psq-CVer_037-mus	muscle	
Psq-CVer_038	Psq-CVer_038-mus	muscle	
Psq-CVer_039	Psq-CVer_039-mus	muscle	
Psq-CVer_040	Psq-CVer_040-mus	muscle	
Psq-CVer_041	Psq-CVer_041-mus	muscle	
Psq-CVer_042	Psq-CVer_042-mus	muscle	
Psq-CVer_043	Psq-CVer_043-mus	muscle	
Psq-CVer_044	Psq-CVer_044-mus	muscle	
Psq-CVer_045	Psq-CVer_045-mus	muscle	
Psq-CVer_046	Psq-CVer_046-mus	muscle	
Psq-CVer_047	Psq-CVer_047-mus	muscle	
Psq-CVer_048	Psq-CVer_048-mus	muscle	
Psq-CVer_049	Psq-CVer_049-mus	muscle	
Psq-CVer_050	Psq-CVer_050-mus	muscle	
Psq-CVer_051	Psq-CVer_051-mus	muscle	
Psq-CVer_052	Psq-CVer_052-mus	muscle	
Psq-CVer_053	Psq-CVer_053-mus	muscle	
Psq-CVer_054	Psq-CVer_054-mus	muscle	
Psq-CVer_055	Psq-CVer_055-mus	muscle	
Psq-CVer_056	Psq-CVer_056-mus	muscle	
Psq-CVer_057	Psq-CVer_057-mus	muscle	
Psq-CVer_058	Psq-CVer_058-mus	muscle	
Psq-CVer_059	Psq-CVer_059-mus	muscle	
Psq-CVer_060	Psq-CVer_060-mus	muscle	
Psq-CVer_061	Psq-CVer_061-mus	muscle	
Psq-CVer_062	Psq-CVer_062-mus	muscle	
Psq-CVer_063	Psq-CVer_063-mus	muscle	
Psq-CVer_064	Psq-CVer_064-mus	muscle	
Psq-CVer_065	Psq-CVer_065-mus	muscle	
Psq-CVer_066	Psq-CVer_066-mus	muscle	
Psq-CVer_067	Psq-CVer_067-mus	muscle	
Psq-CVer_068	Psq-CVer_068-mus	muscle	
Psq-CVer_069	Psq-CVer_069-mus	muscle	
Psq-CVer_070	Psq-CVer_070-mus	muscle	
Psq-CVer_071	Psq-CVer_071-mus	muscle	
Psq-CVer_072	Psq-CVer_072-mus	muscle	
Psq-CVer_073	Psq-CVer_073-mus	muscle	
Psq-CVer_074	Psq-CVer_074-mus	muscle	
Psq-CVer_075	Psq-CVer_075-mus	muscle	
Psq-CVer_076	Psq-CVer_076-mus	muscle	
Psq-CVer_077	Psq-CVer_077-mus	muscle	
Psq-CVer_078	Psq-CVer_078-mus	muscle	
Psq-CVer_079	Psq-CVer_079-mus	muscle	
Psq-CVer_080	Psq-CVer_080-mus	muscle	
Psq-CVer_081	Psq-CVer_081-mus	muscle	
Psq-CVer_082	Psq-CVer_082-mus	muscle	
Psq-CVer_083	Psq-CVer_083-mus	muscle	
Psq-CVer_084	Psq-CVer_084-mus	muscle	
Psq-CVer_085	Psq-CVer_085-mus	muscle	
Psq-CVer_086	Psq-CVer_086-mus	muscle	
Psq-CVer_087	Psq-CVer_087-mus	muscle	
Psq-CVer_088	Psq-CVer_088-mus	muscle	
Psq-CVer_089	Psq-CVer_089-mus	muscle	
Psq-CVer_090	Psq-CVer_090-mus	muscle	
Psq-CVer_091	Psq-CVer_091-mus	muscle	
Psq-CVer_092	Psq-CVer_092-mus	muscle	
Psq-CVer_093	Psq-CVer_093-mus	muscle	
Psq-CVer_094	Psq-CVer_094-mus	muscle	
Psq-CVer_095	Psq-CVer_095-mus	muscle	
Psq-CVer_096	Psq-CVer_096-mus	muscle	
Sde-ABol_001	Sde-ABol_001-mus	muscle	
Sde-ABol_002	Sde-ABol_002-mus	muscle	
Sde-ABol_003	Sde-ABol_003-mus	muscle	
Sde-ABol_004	Sde-ABol_004-mus	muscle	
Sde-ABol_005	Sde-ABol_005-mus	muscle	
Sde-ABol_006	Sde-ABol_006-mus	muscle	
Sde-ABol_007	Sde-ABol_007-mus	muscle	
Sde-ABol_008	Sde-ABol_008-mus	muscle	
Sde-ABol_009	Sde-ABol_009-mus	muscle	
Sde-ABol_010	Sde-ABol_010-mus	muscle	
Sde-ABol_011	Sde-ABol_011-mus	muscle	
Sde-ABol_012	Sde-ABol_012-mus	muscle	
Sde-ABol_013	Sde-ABol_013-mus	muscle	
Sde-ABol_014	Sde-ABol_014-mus	muscle	
Sde-ABol_015	Sde-ABol_015-mus	muscle	
Sde-ABol_016	Sde-ABol_016-mus	muscle	
Sde-ABol_017	Sde-ABol_017-mus	muscle	
Sde-ABol_018	Sde-ABol_018-mus	muscle	
Sde-ABol_019	Sde-ABol_019-mus	muscle	
Sde-ABol_020	Sde-ABol_020-mus	muscle	
Sde-ABol_021	Sde-ABol_021-mus	muscle	
Sde-ABol_022	Sde-ABol_022-mus	muscle	
Sde-ABol_023	Sde-ABol_023-mus	muscle	
Sde-ABol_024	Sde-ABol_024-mus	muscle	
Sde-ABol_025	Sde-ABol_025-mus	muscle	
Sde-ABol_026	Sde-ABol_026-mus	muscle	
Sde-ABol_027	Sde-ABol_027-mus	muscle	
Sde-ABol_028	Sde-ABol_028-mus	muscle	
Sde-ABol_029	Sde-ABol_029-mus	muscle	
Sde-ABol_030	Sde-ABol_030-mus	muscle	
Sde-ABol_031	Sde-ABol_031-mus	muscle	
Sde-ABol_032	Sde-ABol_032-mus	muscle	
Sde-ABol_033	Sde-ABol_033-mus	muscle	
Sde-ABol_034	Sde-ABol_034-mus	muscle	
Sde-ABol_035	Sde-ABol_035-mus	muscle	
Sde-ABol_036	Sde-ABol_036-mus	muscle	
Sde-ABol_037	Sde-ABol_037-mus	muscle	
Sde-ABol_038	Sde-ABol_038-mus	muscle	
Sde-ABol_039	Sde-ABol_039-mus	muscle	
Sde-ABol_040	Sde-ABol_040-mus	muscle	
Sde-ABol_041	Sde-ABol_041-mus	muscle	
Sde-ABol_042	Sde-ABol_042-mus	muscle	
Sde-ABol_043	Sde-ABol_043-mus	muscle	
Sde-ABol_044	Sde-ABol_044-mus	muscle	
Sde-ABol_045	Sde-ABol_045-mus	muscle	
Sde-ABol_046	Sde-ABol_046-mus	muscle	
Sde-ABol_047	Sde-ABol_047-mus	muscle	
Sde-ABol_048	Sde-ABol_048-mus	muscle	
Sde-ABol_049	Sde-ABol_049-mus	muscle	
Sde-ABol_050	Sde-ABol_050-mus	muscle	
Sde-ABol_051	Sde-ABol_051-mus	muscle	
Sde-ABol_052	Sde-ABol_052-mus	muscle	
Sde-ABol_053	Sde-ABol_053-mus	muscle	
Sde-ABol_054	Sde-ABol_054-mus	muscle	
Sde-ABol_055	Sde-ABol_055-mus	muscle	
Sde-ABol_056	Sde-ABol_056-mus	muscle	
Sde-ABol_057	Sde-ABol_057-mus	muscle	
Sde-ABol_058	Sde-ABol_058-mus	muscle	
Sde-ABol_059	Sde-ABol_059-mus	muscle	
Sde-ABol_060	Sde-ABol_060-mus	muscle	
Sde-ABol_061	Sde-ABol_061-mus	muscle	
Sde-ABol_062	Sde-ABol_062-mus	muscle	
Sde-ABol_063	Sde-ABol_063-mus	muscle	
Sde-ABol_064	Sde-ABol_064-mus	muscle	
Sde-ABol_065	Sde-ABol_065-mus	muscle	
Sde-ABol_066	Sde-ABol_066-mus	muscle	
Sde-ABol_067	Sde-ABol_067-mus	muscle	
Sde-ABol_068	Sde-ABol_068-mus	muscle	
Sde-ABol_069	Sde-ABol_069-mus	muscle	
Sde-ABol_070	Sde-ABol_070-mus	muscle	
Sde-ABol_071	Sde-ABol_071-mus	muscle	
Sde-ABol_072	Sde-ABol_072-mus	muscle	
Sde-ABol_073	Sde-ABol_073-mus	muscle	
Sde-ABol_074	Sde-ABol_074-mus	muscle	
Sde-ABol_075	Sde-ABol_075-mus	muscle	
Sde-ABol_076	Sde-ABol_076-mus	muscle	
Sde-ABol_077	Sde-ABol_077-mus	muscle	
Sde-ABol_078	Sde-ABol_078-mus	muscle	
Sde-ABol_079	Sde-ABol_079-mus	muscle	
Sde-ABol_080	Sde-ABol_080-mus	muscle	
Sde-ABol_081	Sde-ABol_081-mus	muscle	
Sde-ABol_082	Sde-ABol_082-mus	muscle	
Sde-ABol_083	Sde-ABol_083-mus	muscle	
Sde-ABol_084	Sde-ABol_084-mus	muscle	
Sde-ABol_085	Sde-ABol_085-mus	muscle	
Sde-ABol_086	Sde-ABol_086-mus	muscle	
Sde-ABol_087	Sde-ABol_087-mus	muscle	
Sde-ABol_088	Sde-ABol_088-mus	muscle	
Sde-ABol_089	Sde-ABol_089-mus	muscle	
Sde-ABol_090	Sde-ABol_090-mus	muscle	
Sde-ABol_091	Sde-ABol_091-mus	muscle	
Sde-ABol_092	Sde-ABol_092-mus	muscle	
Sde-ABol_093	Sde-ABol_093-mus	muscle	
Sde-ABol_094	Sde-ABol_094-mus	muscle	
Sde-ABol_095	Sde-ABol_095-mus	muscle	
Sde-ABol_096	Sde-ABol_096-mus	muscle	
Sde-ABul_001	Sde-ABul_001-mus	muscle	
Sde-ABul_002	Sde-ABul_002-mus	muscle	
Sde-ABul_003	Sde-ABul_003-mus	muscle	
Sde-ABul_004	Sde-ABul_004-mus	muscle	
Sde-ABul_005	Sde-ABul_005-mus	muscle	
Sde-ABul_006	Sde-ABul_006-mus	muscle	
Sde-ABul_007	Sde-ABul_007-mus	muscle	
Sde-ABul_008	Sde-ABul_008-mus	muscle	
Sde-ABul_009	Sde-ABul_009-mus	muscle	
Sde-ABul_010	Sde-ABul_010-mus	muscle	
Sde-ABul_011	Sde-ABul_011-mus	muscle	
Sde-ABul_012	Sde-ABul_012-mus	muscle	
Sde-ABul_013	Sde-ABul_013-mus	muscle	
Sde-ABul_014	Sde-ABul_014-mus	muscle	
Sde-ABul_015	Sde-ABul_015-mus	muscle	
Sde-ABul_016	Sde-ABul_016-mus	muscle	
Sde-ABul_017	Sde-ABul_017-mus	muscle	
Sde-ABul_018	Sde-ABul_018-mus	muscle	
Sde-ABul_019	Sde-ABul_019-mus	muscle	
Sde-ABul_020	Sde-ABul_020-mus	muscle	
Sde-ABul_021	Sde-ABul_021-mus	muscle	
Sde-ABul_022	Sde-ABul_022-mus	muscle	
Sde-ABul_023	Sde-ABul_023-mus	muscle	
Sde-ABul_024	Sde-ABul_024-mus	muscle	
Sde-ABul_025	Sde-ABul_025-mus	muscle	
Sde-ABul_026	Sde-ABul_026-mus	muscle	
Sde-ABul_027	Sde-ABul_027-mus	muscle	
Sde-ABul_028	Sde-ABul_028-mus	muscle	
Sde-ABul_029	Sde-ABul_029-mus	muscle	
Sde-ABul_030	Sde-ABul_030-mus	muscle	
Sde-ABul_031	Sde-ABul_031-mus	muscle	
Sde-ABul_032	Sde-ABul_032-mus	muscle	
Sde-ABul_033	Sde-ABul_033-mus	muscle	
Sde-ABul_034	Sde-ABul_034-mus	muscle	
Sde-ABul_035	Sde-ABul_035-mus	muscle	
Sde-ABul_036	Sde-ABul_036-mus	muscle	
Sde-ABul_037	Sde-ABul_037-mus	muscle	
Sde-ABul_038	Sde-ABul_038-mus	muscle	
Sde-ABul_039	Sde-ABul_039-mus	muscle	
Sde-ABul_040	Sde-ABul_040-mus	muscle	
Sde-ABul_041	Sde-ABul_041-mus	muscle	
Sde-ABul_042	Sde-ABul_042-mus	muscle	
Sde-ABul_043	Sde-ABul_043-mus	muscle	
Sde-ABul_044	Sde-ABul_044-mus	muscle	
Sde-ABul_045	Sde-ABul_045-mus	muscle	
Sde-ABul_046	Sde-ABul_046-mus	muscle	
Sde-ABul_047	Sde-ABul_047-mus	muscle	
Sde-ABul_048	Sde-ABul_048-mus	muscle	
Sde-ABul_049	Sde-ABul_049-mus	muscle	
Sde-ABul_050	Sde-ABul_050-mus	muscle	
Sde-ABul_051	Sde-ABul_051-mus	muscle	
Sde-ABul_052	Sde-ABul_052-mus	muscle	
Sde-ABul_053	Sde-ABul_053-mus	muscle	
Sde-ABul_054	Sde-ABul_054-mus	muscle	
Sde-ABul_055	Sde-ABul_055-mus	muscle	
Sde-ABul_056	Sde-ABul_056-mus	muscle	
Sde-ABul_057	Sde-ABul_057-mus	muscle	
Sde-ABul_058	Sde-ABul_058-mus	muscle	
Sde-ABul_059	Sde-ABul_059-mus	muscle	
Sde-ABul_060	Sde-ABul_060-mus	muscle	
Sde-ABul_061	Sde-ABul_061-mus	muscle	
Sde-ABul_062	Sde-ABul_062-mus	muscle	
Sde-ABul_063	Sde-ABul_063-mus	muscle	
Sde-ABul_064	Sde-ABul_064-mus	muscle	
Sde-ABul_065	Sde-ABul_065-mus	muscle	
Sde-ABul_066	Sde-ABul_066-mus	muscle	
Sde-ABul_067	Sde-ABul_067-mus	muscle	
Sde-ABul_068	Sde-ABul_068-mus	muscle	
Sde-ABul_069	Sde-ABul_069-mus	muscle	
Sde-ABul_070	Sde-ABul_070-mus	muscle	
Sde-ABul_071	Sde-ABul_071-mus	muscle	
Sde-ABul_072	Sde-ABul_072-mus	muscle	
Sde-ABul_073	Sde-ABul_073-mus	muscle	
Sde-ABul_074	Sde-ABul_074-mus	muscle	
Sde-ABul_075	Sde-ABul_075-mus	muscle	
Sde-ABul_076	Sde-ABul_076-mus	muscle	
Sde-ABul_077	Sde-ABul_077-mus	muscle	
Sde-ABul_078	Sde-ABul_078-mus	muscle	
Sde-ABul_079	Sde-ABul_079-mus	muscle	
Sde-ABul_080	Sde-ABul_080-mus	muscle	
Sde-ABul_081	Sde-ABul_081-mus	muscle	
Sde-ABul_082	Sde-ABul_082-mus	muscle	
Sde-ABul_083	Sde-ABul_083-mus	muscle	
Sde-ABul_084	Sde-ABul_084-mus	muscle	
Sde-ABul_085	Sde-ABul_085-mus	muscle	
Sde-ABul_086	Sde-ABul_086-mus	muscle	
Sde-ABul_087	Sde-ABul_087-mus	muscle	
Sde-ABul_088	Sde-ABul_088-mus	muscle	
Sde-ABul_089	Sde-ABul_089-mus	muscle	
Sde-ABul_090	Sde-ABul_090-mus	muscle	
Sde-ABul_091	Sde-ABul_091-mus	muscle	
Sde-ABul_092	Sde-ABul_092-mus	muscle	
Sde-ABul_093	Sde-ABul_093-mus	muscle	
Sde-ABul_094	Sde-ABul_094-mus	muscle	
Sde-ABul_095	Sde-ABul_095-mus	muscle	
Sde-ABul_096	Sde-ABul_096-mus	muscle	
Sde-AGui_001	Sde-AGui_001-mus	muscle	
Sde-AGui_002	Sde-AGui_002-mus	muscle	
Sde-AGui_003	Sde-AGui_003-mus	muscle	
Sde-AGui_004	Sde-AGui_004-mus	muscle	
Sde-AGui_005	Sde-AGui_005-mus	muscle	
Sde-AGui_006	Sde-AGui_006-mus	muscle	
Sde-AGui_007	Sde-AGui_007-mus	muscle	
Sde-AGui_008	Sde-AGui_008-mus	muscle	
Sde-AGui_009	Sde-AGui_009-mus	muscle	
Sde-AGui_010	Sde-AGui_010-mus	muscle	
Sde-AGui_011	Sde-AGui_011-mus	muscle	
Sde-AGui_012	Sde-AGui_012-mus	muscle	
Sde-AGui_013	Sde-AGui_013-mus	muscle	
Sde-AGui_014	Sde-AGui_014-mus	muscle	
Sde-AGui_015	Sde-AGui_015-mus	muscle	
Sde-AGui_016	Sde-AGui_016-mus	muscle	
Sde-AGui_017	Sde-AGui_017-mus	muscle	
Sde-AGui_018	Sde-AGui_018-mus	muscle	
Sde-AGui_019	Sde-AGui_019-mus	muscle	
Sde-AGui_020	Sde-AGui_020-mus	muscle	
Sde-AGui_021	Sde-AGui_021-mus	muscle	
Sde-AGui_022	Sde-AGui_022-mus	muscle	
Sde-AGui_023	Sde-AGui_023-mus	muscle	
Sde-AGui_024	Sde-AGui_024-mus	muscle	
Sde-AGui_025	Sde-AGui_025-mus	muscle	
Sde-AGui_026	Sde-AGui_026-mus	muscle	
Sde-AGui_027	Sde-AGui_027-mus	muscle	
Sde-AGui_028	Sde-AGui_028-mus	muscle	
Sde-AGui_029	Sde-AGui_029-mus	muscle	
Sde-AGui_030	Sde-AGui_030-mus	muscle	
Sde-AGui_031	Sde-AGui_031-mus	muscle	
Sde-AGui_032	Sde-AGui_032-mus	muscle	
Sde-AGui_033	Sde-AGui_033-mus	muscle	
Sde-AGui_034	Sde-AGui_034-mus	muscle	
Sde-AGui_035	Sde-AGui_035-mus	muscle	
Sde-AIna_001	Sde-AIna_001-mus	muscle	
Sde-AIna_002	Sde-AIna_002-mus	muscle	
Sde-AIna_003	Sde-AIna_003-mus	muscle	
Sde-AIna_004	Sde-AIna_004-mus	muscle	
Sde-AIna_005	Sde-AIna_005-mus	muscle	
Sde-AIna_006	Sde-AIna_006-mus	muscle	
Sde-AIna_007	Sde-AIna_007-mus	muscle	
Sde-AIna_008	Sde-AIna_008-mus	muscle	
Sde-AIna_009	Sde-AIna_009-mus	muscle	
Sde-AIna_010	Sde-AIna_010-mus	muscle	
Sde-AIna_011	Sde-AIna_011-mus	muscle	
Sde-AIna_012	Sde-AIna_012-mus	muscle	
Sde-AIna_013	Sde-AIna_013-mus	muscle	
Sde-AIna_014	Sde-AIna_014-mus	muscle	
Sde-AIna_015	Sde-AIna_015-mus	muscle	
Sde-AIna_016	Sde-AIna_016-mus	muscle	
Sde-AIna_017	Sde-AIna_017-mus	muscle	
Sde-AIna_018	Sde-AIna_018-mus	muscle	
Sde-AIna_019	Sde-AIna_019-mus	muscle	
Sde-AIna_020	Sde-AIna_020-mus	muscle	
Sde-AIna_021	Sde-AIna_021-mus	muscle	
Sde-AIna_022	Sde-AIna_022-mus	muscle	
Sde-AIna_023	Sde-AIna_023-mus	muscle	
Sde-AIna_024	Sde-AIna_024-mus	muscle	
Sde-AIna_025	Sde-AIna_025-mus	muscle	
Sde-AIna_026	Sde-AIna_026-mus	muscle	
Sde-AIna_027	Sde-AIna_027-mus	muscle	
Sde-AIna_028	Sde-AIna_028-mus	muscle	
Sde-AIna_029	Sde-AIna_029-mus	muscle	
Sde-AIna_030	Sde-AIna_030-mus	muscle	
Sde-AIna_031	Sde-AIna_031-mus	muscle	
Sde-AIna_032	Sde-AIna_032-mus	muscle	
Sde-AIna_033	Sde-AIna_033-mus	muscle	
Sde-AIna_034	Sde-AIna_034-mus	muscle	
Sde-AIna_035	Sde-AIna_035-mus	muscle	
Sde-AIna_036	Sde-AIna_036-mus	muscle	
Sde-AIna_037	Sde-AIna_037-mus	muscle	
Sde-AIna_038	Sde-AIna_038-mus	muscle	
Sde-AIna_039	Sde-AIna_039-mus	muscle	
Sde-AIna_040	Sde-AIna_040-mus	muscle	
Sde-AIna_041	Sde-AIna_041-mus	muscle	
Sde-AIna_042	Sde-AIna_042-mus	muscle	
Sde-AIna_043	Sde-AIna_043-mus	muscle	
Sde-AIna_044	Sde-AIna_044-mus	muscle	
Sde-AIna_045	Sde-AIna_045-mus	muscle	
Sde-AIna_046	Sde-AIna_046-mus	muscle	
Sde-AIna_047	Sde-AIna_047-mus	muscle	
Sde-AIna_048	Sde-AIna_048-mus	muscle	
Sde-AIna_049	Sde-AIna_049-mus	muscle	
Sde-AIna_050	Sde-AIna_050-mus	muscle	
Sde-AIna_051	Sde-AIna_051-mus	muscle	
Sde-AIna_052	Sde-AIna_052-mus	muscle	
Sde-AIna_053	Sde-AIna_053-mus	muscle	
Sde-AIna_054	Sde-AIna_054-mus	muscle	
Sde-AIna_055	Sde-AIna_055-mus	muscle	
Sde-AIna_056	Sde-AIna_056-mus	muscle	
Sde-AIna_057	Sde-AIna_057-mus	muscle	
Sde-AIna_058	Sde-AIna_058-mus	muscle	
Sde-AIna_059	Sde-AIna_059-mus	muscle	
Sde-AIna_060	Sde-AIna_060-mus	muscle	
Sde-AIna_061	Sde-AIna_061-mus	muscle	
Sde-AIna_062	Sde-AIna_062-mus	muscle	
Sde-AIna_063	Sde-AIna_063-mus	muscle	
Sde-AIna_064	Sde-AIna_064-mus	muscle	
Sde-AMar_001	Sde-AMar_001-mus	muscle	
Sde-AMar_002	Sde-AMar_002-mus	muscle	
Sde-AMar_003	Sde-AMar_003-mus	muscle	
Sde-AMar_004	Sde-AMar_004-mus	muscle	
Sde-AMar_005	Sde-AMar_005-mus	muscle	
Sde-AMar_006	Sde-AMar_006-mus	muscle	
Sde-AMar_007	Sde-AMar_007-mus	muscle	
Sde-AMar_008	Sde-AMar_008-mus	muscle	
Sde-AMar_009	Sde-AMar_009-mus	muscle	
Sde-AMar_010	Sde-AMar_010-mus	muscle	
Sde-AMar_011	Sde-AMar_011-mus	muscle	
Sde-AMar_012	Sde-AMar_012-mus	muscle	
Sde-AMar_013	Sde-AMar_013-mus	muscle	
Sde-AMar_014	Sde-AMar_014-mus	muscle	
Sde-AMar_015	Sde-AMar_015-mus	muscle	
Sde-AMar_016	Sde-AMar_016-mus	muscle	
Sde-AMar_017	Sde-AMar_017-mus	muscle	
Sde-AMar_018	Sde-AMar_018-mus	muscle	
Sde-AMar_019	Sde-AMar_019-mus	muscle	
Sde-AMar_020	Sde-AMar_020-mus	muscle	
Sde-AMar_021	Sde-AMar_021-mus	muscle	
Sde-AMar_022	Sde-AMar_022-mus	muscle	
Sde-AMar_023	Sde-AMar_023-mus	muscle	
Sde-AMar_024	Sde-AMar_024-mus	muscle	
Sde-AMar_025	Sde-AMar_025-mus	muscle	
Sde-AMar_026	Sde-AMar_026-mus	muscle	
Sde-AMar_027	Sde-AMar_027-mus	muscle	
Sde-AMar_028	Sde-AMar_028-mus	muscle	
Sde-AMar_029	Sde-AMar_029-mus	muscle	
Sde-AMar_030	Sde-AMar_030-mus	muscle	
Sde-AMar_031	Sde-AMar_031-mus	muscle	
Sde-AMar_032	Sde-AMar_032-mus	muscle	
Sde-AMar_033	Sde-AMar_033-mus	muscle	
Sde-AMar_034	Sde-AMar_034-mus	muscle	
Sde-AMar_035	Sde-AMar_035-mus	muscle	
Sde-AMar_036	Sde-AMar_036-mus	muscle	
Sde-AMar_037	Sde-AMar_037-mus	muscle	
Sde-AMar_038	Sde-AMar_038-mus	muscle	
Sde-AMar_039	Sde-AMar_039-mus	muscle	
Sde-AMar_040	Sde-AMar_040-mus	muscle	
Sde-AMar_041	Sde-AMar_041-mus	muscle	
Sde-AMar_042	Sde-AMar_042-mus	muscle	
Sde-AMar_043	Sde-AMar_043-mus	muscle	
Sde-AMar_044	Sde-AMar_044-mus	muscle	
Sde-AMar_045	Sde-AMar_045-mus	muscle	
Sde-AMar_046	Sde-AMar_046-mus	muscle	
Sde-AMar_047	Sde-AMar_047-mus	muscle	
Sde-AMar_048	Sde-AMar_048-mus	muscle	
Sde-AMar_049	Sde-AMar_049-mus	muscle	
Sde-AMar_050	Sde-AMar_050-mus	muscle	
Sde-AMar_051	Sde-AMar_051-mus	muscle	
Sde-AMar_052	Sde-AMar_052-mus	muscle	
Sde-AMar_053	Sde-AMar_053-mus	muscle	
Sde-AMar_054	Sde-AMar_054-mus	muscle	
Sde-AMar_055	Sde-AMar_055-mus	muscle	
Sde-AMar_056	Sde-AMar_056-mus	muscle	
Sde-AMar_057	Sde-AMar_057-mus	muscle	
Sde-AMar_058	Sde-AMar_058-mus	muscle	
Sde-AMar_059	Sde-AMar_059-mus	muscle	
Sde-AMar_060	Sde-AMar_060-mus	muscle	
Sde-AMar_061	Sde-AMar_061-mus	muscle	
Sde-AMar_062	Sde-AMar_062-mus	muscle	
Sde-AMar_063	Sde-AMar_063-mus	muscle	
Sde-AMar_064	Sde-AMar_064-mus	muscle	
Sde-AMar_065	Sde-AMar_065-mus	muscle	
Sde-AMar_066	Sde-AMar_066-mus	muscle	
Sde-AMar_067	Sde-AMar_067-mus	muscle	
Sde-AMat_001	Sde-AMat_001-mus	muscle	
Sde-AMat_002	Sde-AMat_002-mus	muscle	
Sde-AMat_003	Sde-AMat_003-mus	muscle	
Sde-AMat_004	Sde-AMat_004-mus	muscle	
Sde-AMat_005	Sde-AMat_005-mus	muscle	
Sde-AMat_006	Sde-AMat_006-mus	muscle	
Sde-AMat_007	Sde-AMat_007-mus	muscle	
Sde-AMat_008	Sde-AMat_008-mus	muscle	
Sde-AMat_009	Sde-AMat_009-mus	muscle	
Sde-AMat_010	Sde-AMat_010-mus	muscle	
Sde-AMat_011	Sde-AMat_011-mus	muscle	
Sde-AMat_012	Sde-AMat_012-mus	muscle	
Sde-AMat_013	Sde-AMat_013-mus	muscle	
Sde-AMat_014	Sde-AMat_014-mus	muscle	
Sde-AMat_015	Sde-AMat_015-mus	muscle	
Sde-AMat_016	Sde-AMat_016-mus	muscle	
Sde-AMat_017	Sde-AMat_017-mus	muscle	
Sde-AMat_018	Sde-AMat_018-mus	muscle	
Sde-AMat_019	Sde-AMat_019-mus	muscle	
Sde-AMat_020	Sde-AMat_020-mus	muscle	
Sde-AMat_021	Sde-AMat_021-mus	muscle	
Sde-AMat_022	Sde-AMat_022-mus	muscle	
Sde-AMat_023	Sde-AMat_023-mus	muscle	
Sde-AMat_024	Sde-AMat_024-mus	muscle	
Sde-AMat_025	Sde-AMat_025-mus	muscle	
Sde-AMat_026	Sde-AMat_026-mus	muscle	
Sde-AMat_027	Sde-AMat_027-mus	muscle	
Sde-AMat_028	Sde-AMat_028-mus	muscle	
Sde-AMat_029	Sde-AMat_029-mus	muscle	
Sde-AMat_030	Sde-AMat_030-mus	muscle	
Sde-AMat_031	Sde-AMat_031-mus	muscle	
Sde-AMat_032	Sde-AMat_032-mus	muscle	
Sde-AMat_033	Sde-AMat_033-mus	muscle	
Sde-AMat_034	Sde-AMat_034-mus	muscle	
Sde-AMat_035	Sde-AMat_035-mus	muscle	
Sde-AMat_036	Sde-AMat_036-mus	muscle	
Sde-AMat_037	Sde-AMat_037-mus	muscle	
Sde-AMat_038	Sde-AMat_038-mus	muscle	
Sde-AMat_039	Sde-AMat_039-mus	muscle	
Sde-AMat_040	Sde-AMat_040-mus	muscle	
Sde-AMat_041	Sde-AMat_041-mus	muscle	
Sde-AMat_042	Sde-AMat_042-mus	muscle	
Sde-AMat_043	Sde-AMat_043-mus	muscle	
Sde-AMat_044	Sde-AMat_044-mus	muscle	
Sde-AMat_045	Sde-AMat_045-mus	muscle	
Sde-AMat_046	Sde-AMat_046-mus	muscle	
Sde-AMat_047	Sde-AMat_047-mus	muscle	
Sde-AMat_048	Sde-AMat_048-mus	muscle	
Sde-AMat_049	Sde-AMat_049-mus	muscle	
Sde-AMat_050	Sde-AMat_050-mus	muscle	
Sde-AMat_051	Sde-AMat_051-mus	muscle	
Sde-AMat_052	Sde-AMat_052-mus	muscle	
Sde-AMat_053	Sde-AMat_053-mus	muscle	
Sde-AMat_054	Sde-AMat_054-mus	muscle	
Sde-AMat_055	Sde-AMat_055-mus	muscle	
Sde-AMat_056	Sde-AMat_056-mus	muscle	
Sde-AMat_057	Sde-AMat_057-mus	muscle	
Sde-AMat_058	Sde-AMat_058-mus	muscle	
Sde-AMat_059	Sde-AMat_059-mus	muscle	
Sde-AMat_060	Sde-AMat_060-mus	muscle	
Sde-AMat_061	Sde-AMat_061-mus	muscle	
Sde-AMat_062	Sde-AMat_062-mus	muscle	
Sde-AMat_063	Sde-AMat_063-mus	muscle	
Sde-AMat_064	Sde-AMat_064-mus	muscle	
Sde-AMat_065	Sde-AMat_065-mus	muscle	
Sde-AMat_066	Sde-AMat_066-mus	muscle	
Sde-AMat_067	Sde-AMat_067-mus	muscle	
Sde-AMat_068	Sde-AMat_068-mus	muscle	
Sde-AMat_069	Sde-AMat_069-mus	muscle	
Sde-AMat_070	Sde-AMat_070-mus	muscle	
Sde-AMat_071	Sde-AMat_071-mus	muscle	
Sde-AMat_072	Sde-AMat_072-mus	muscle	
Sde-AMat_073	Sde-AMat_073-mus	muscle	
Sde-AMat_074	Sde-AMat_074-mus	muscle	
Sde-AMat_075	Sde-AMat_075-mus	muscle	
Sde-AMat_076	Sde-AMat_076-mus	muscle	
Sde-AMat_077	Sde-AMat_077-mus	muscle	
Sde-AMat_078	Sde-AMat_078-mus	muscle	
Sde-AMat_079	Sde-AMat_079-mus	muscle	
Sde-AMat_080	Sde-AMat_080-mus	muscle	
Sde-AMat_081	Sde-AMat_081-mus	muscle	
Sde-AMat_082	Sde-AMat_082-mus	muscle	
Sde-AMat_083	Sde-AMat_083-mus	muscle	
Sde-AMat_084	Sde-AMat_084-mus	muscle	
Sde-AMat_085	Sde-AMat_085-mus	muscle	
Sde-AMat_086	Sde-AMat_086-mus	muscle	
Sde-AMat_087	Sde-AMat_087-mus	muscle	
Sde-AMat_088	Sde-AMat_088-mus	muscle	
Sde-AMat_089	Sde-AMat_089-mus	muscle	
Sde-AMat_090	Sde-AMat_090-mus	muscle	
Sde-AMat_091	Sde-AMat_091-mus	muscle	
Sde-AMat_092	Sde-AMat_092-mus	muscle	
Sde-AMat_093	Sde-AMat_093-mus	muscle	
Sde-AMat_094	Sde-AMat_094-mus	muscle	
Sde-AMat_095	Sde-AMat_095-mus	muscle	
Sde-AMat_096	Sde-AMat_096-mus	muscle	
Sde-ASac_001	Sde-ASac_001-mus	muscle	
Sde-ASac_002	Sde-ASac_002-mus	muscle	
Sde-ASac_003	Sde-ASac_003-mus	muscle	
Sde-ASac_004	Sde-ASac_004-mus	muscle	
Sde-ASac_005	Sde-ASac_005-mus	muscle	
Sde-ASac_006	Sde-ASac_006-mus	muscle	
Sde-ASac_007	Sde-ASac_007-mus	muscle	
Sde-ASac_008	Sde-ASac_008-mus	muscle	
Sde-ASac_009	Sde-ASac_009-mus	muscle	
Sde-ASac_010	Sde-ASac_010-mus	muscle	
Sde-ASac_011	Sde-ASac_011-mus	muscle	
Sde-ASac_012	Sde-ASac_012-mus	muscle	
Sde-ASac_013	Sde-ASac_013-mus	muscle	
Sde-ASac_014	Sde-ASac_014-mus	muscle	
Sde-ASac_015	Sde-ASac_015-mus	muscle	
Sde-ASac_016	Sde-ASac_016-mus	muscle	
Sde-ASac_017	Sde-ASac_017-mus	muscle	
Sde-ASac_018	Sde-ASac_018-mus	muscle	
Sde-ASac_019	Sde-ASac_019-mus	muscle	
Sde-ASac_020	Sde-ASac_020-mus	muscle	
Sde-ASac_021	Sde-ASac_021-mus	muscle	
Sde-ASac_022	Sde-ASac_022-mus	muscle	
Sde-ASac_023	Sde-ASac_023-mus	muscle	
Sde-ASac_024	Sde-ASac_024-mus	muscle	
Sde-ASac_025	Sde-ASac_025-mus	muscle	
Sde-ASac_026	Sde-ASac_026-mus	muscle	
Sde-ASac_027	Sde-ASac_027-mus	muscle	
Sde-ASac_028	Sde-ASac_028-mus	muscle	
Sde-ASac_029	Sde-ASac_029-mus	muscle	
Sde-ASac_030	Sde-ASac_030-mus	muscle	
Sde-ASac_031	Sde-ASac_031-mus	muscle	
Sde-ASac_032	Sde-ASac_032-mus	muscle	
Sde-ASac_033	Sde-ASac_033-mus	muscle	
Sde-ASac_034	Sde-ASac_034-mus	muscle	
Sde-ASac_035	Sde-ASac_035-mus	muscle	
Sde-ASac_036	Sde-ASac_036-mus	muscle	
Sde-ASac_037	Sde-ASac_037-mus	muscle	
Sde-ASac_038	Sde-ASac_038-mus	muscle	
Sde-ASac_039	Sde-ASac_039-mus	muscle	
Sde-ASac_040	Sde-ASac_040-mus	muscle	
Sde-ASac_041	Sde-ASac_041-mus	muscle	
Sde-ASac_042	Sde-ASac_042-mus	muscle	
Sde-ASac_043	Sde-ASac_043-mus	muscle	
Sde-ASac_044	Sde-ASac_044-mus	muscle	
Sde-ASac_045	Sde-ASac_045-mus	muscle	
Sde-ASac_046	Sde-ASac_046-mus	muscle	
Sde-ASac_047	Sde-ASac_047-mus	muscle	
Sde-ASac_048	Sde-ASac_048-mus	muscle	
Sde-ASac_049	Sde-ASac_049-mus	muscle	
Sde-ASac_050	Sde-ASac_050-mus	muscle	
Sde-ASac_051	Sde-ASac_051-mus	muscle	
Sde-ASac_052	Sde-ASac_052-mus	muscle	
Sde-ASac_053	Sde-ASac_053-mus	muscle	
Sde-ASac_054	Sde-ASac_054-mus	muscle	
Sde-ASac_055	Sde-ASac_055-mus	muscle	
Sde-ASac_056	Sde-ASac_056-mus	muscle	
Sde-ASac_057	Sde-ASac_057-mus	muscle	
Sde-ASac_058	Sde-ASac_058-mus	muscle	
Sde-ASac_059	Sde-ASac_059-mus	muscle	
Sde-ASac_060	Sde-ASac_060-mus	muscle	
Sde-ASac_061	Sde-ASac_061-mus	muscle	
Sde-ASac_062	Sde-ASac_062-mus	muscle	
Sde-ASac_063	Sde-ASac_063-mus	muscle	
Sde-ASac_064	Sde-ASac_064-mus	muscle	
Sde-ASac_065	Sde-ASac_065-mus	muscle	
Sde-ASac_066	Sde-ASac_066-mus	muscle	
Sde-ASac_067	Sde-ASac_067-mus	muscle	
Sde-ASac_068	Sde-ASac_068-mus	muscle	
Sde-ASac_069	Sde-ASac_069-mus	muscle	
Sde-ASac_070	Sde-ASac_070-mus	muscle	
Sde-ASac_071	Sde-ASac_071-mus	muscle	
Sde-ASac_072	Sde-ASac_072-mus	muscle	
Sde-ASac_073	Sde-ASac_073-mus	muscle	
Sde-ASac_074	Sde-ASac_074-mus	muscle	
Sde-ASac_075	Sde-ASac_075-mus	muscle	
Sde-ASac_076	Sde-ASac_076-mus	muscle	
Sde-ASac_077	Sde-ASac_077-mus	muscle	
Sde-ASac_078	Sde-ASac_078-mus	muscle	
Sde-ASac_079	Sde-ASac_079-mus	muscle	
Sde-ASac_080	Sde-ASac_080-mus	muscle	
Sde-ASac_081	Sde-ASac_081-mus	muscle	
Sde-ASac_082	Sde-ASac_082-mus	muscle	
Sde-ASac_083	Sde-ASac_083-mus	muscle	
Sde-ASac_084	Sde-ASac_084-mus	muscle	
Sde-ASac_085	Sde-ASac_085-mus	muscle	
Sde-ASac_086	Sde-ASac_086-mus	muscle	
Sde-ASac_087	Sde-ASac_087-mus	muscle	
Sde-ASac_088	Sde-ASac_088-mus	muscle	
Sde-ASac_089	Sde-ASac_089-mus	muscle	
Sde-ASac_090	Sde-ASac_090-mus	muscle	
Sde-ASac_091	Sde-ASac_091-mus	muscle	
Sde-ASac_092	Sde-ASac_092-mus	muscle	
Sde-ASac_093	Sde-ASac_093-mus	muscle	
Sde-ASac_094	Sde-ASac_094-mus	muscle	
Sde-ASac_095	Sde-ASac_095-mus	muscle	
Sde-ASac_096	Sde-ASac_096-mus	muscle	
Sde-ASub_001	Sde-ASub_001-mus	muscle	
Sde-ASub_002	Sde-ASub_002-mus	muscle	
Sde-ASub_003	Sde-ASub_003-mus	muscle	
Sde-ASub_004	Sde-ASub_004-mus	muscle	
Sde-ASub_005	Sde-ASub_005-mus	muscle	
Sde-ASub_006	Sde-ASub_006-mus	muscle	
Sde-ASub_007	Sde-ASub_007-mus	muscle	
Sde-ASub_008	Sde-ASub_008-mus	muscle	
Sde-ASub_009	Sde-ASub_009-mus	muscle	
Sde-ASub_010	Sde-ASub_010-mus	muscle	
Sde-ASub_011	Sde-ASub_011-mus	muscle	
Sde-ASub_012	Sde-ASub_012-mus	muscle	
Sde-ASub_013	Sde-ASub_013-mus	muscle	
Sde-ASub_014	Sde-ASub_014-mus	muscle	
Sde-ASub_015	Sde-ASub_015-mus	muscle	
Sde-ASub_016	Sde-ASub_016-mus	muscle	
Sde-ASub_017	Sde-ASub_017-mus	muscle	
Sde-ASub_018	Sde-ASub_018-mus	muscle	
Sde-ASub_019	Sde-ASub_019-mus	muscle	
Sde-ASub_020	Sde-ASub_020-mus	muscle	
Sde-ASub_021	Sde-ASub_021-mus	muscle	
Sde-ASub_022	Sde-ASub_022-mus	muscle	
Sde-ASub_023	Sde-ASub_023-mus	muscle	
Sde-ASub_024	Sde-ASub_024-mus	muscle	
Sde-ASub_025	Sde-ASub_025-mus	muscle	
Sde-ASub_026	Sde-ASub_026-mus	muscle	
Sde-ATum_001	Sde-ATum_001-mus	muscle	
Sde-ATum_002	Sde-ATum_002-mus	muscle	
Sde-ATum_003	Sde-ATum_003-mus	muscle	
Sde-ATum_004	Sde-ATum_004-mus	muscle	
Sde-ATum_005	Sde-ATum_005-mus	muscle	
Sde-ATum_006	Sde-ATum_006-mus	muscle	
Sde-ATum_007	Sde-ATum_007-mus	muscle	
Sde-ATum_008	Sde-ATum_008-mus	muscle	
Sde-ATum_009	Sde-ATum_009-mus	muscle	
Sde-ATum_010	Sde-ATum_010-mus	muscle	
Sde-ATum_011	Sde-ATum_011-mus	muscle	
Sde-ATum_012	Sde-ATum_012-mus	muscle	
Sde-ATum_013	Sde-ATum_013-mus	muscle	
Sde-ATum_014	Sde-ATum_014-mus	muscle	
Sde-ATum_015	Sde-ATum_015-mus	muscle	
Sde-ATum_016	Sde-ATum_016-mus	muscle	
Sde-ATum_017	Sde-ATum_017-mus	muscle	
Sde-ATum_018	Sde-ATum_018-mus	muscle	
Sde-ATum_019	Sde-ATum_019-mus	muscle	
Sde-ATum_020	Sde-ATum_020-mus	muscle	
Sde-ATum_021	Sde-ATum_021-mus	muscle	
Sde-ATum_022	Sde-ATum_022-mus	muscle	
Sde-ATum_023	Sde-ATum_023-mus	muscle	
Sde-ATum_024	Sde-ATum_024-mus	muscle	
Sde-ATum_025	Sde-ATum_025-mus	muscle	
Sde-ATum_026	Sde-ATum_026-mus	muscle	
Sde-ATum_027	Sde-ATum_027-mus	muscle	
Sde-ATum_028	Sde-ATum_028-mus	muscle	
Sde-ATum_029	Sde-ATum_029-mus	muscle	
Sde-ATum_030	Sde-ATum_030-mus	muscle	
Sde-ATum_031	Sde-ATum_031-mus	muscle	
Sde-ATum_032	Sde-ATum_032-mus	muscle	
Sde-ATum_033	Sde-ATum_033-mus	muscle	
Sde-ATum_034	Sde-ATum_034-mus	muscle	
Sde-ATum_035	Sde-ATum_035-mus	muscle	
Sde-ATum_036	Sde-ATum_036-mus	muscle	
Sde-ATum_037	Sde-ATum_037-mus	muscle	
Sde-ATum_038	Sde-ATum_038-mus	muscle	
Sde-ATum_039	Sde-ATum_039-mus	muscle	
Sde-ATum_040	Sde-ATum_040-mus	muscle	
Sde-ATum_041	Sde-ATum_041-mus	muscle	
Sde-ATum_042	Sde-ATum_042-mus	muscle	
Sde-ATum_043	Sde-ATum_043-mus	muscle	
Sde-ATum_044	Sde-ATum_044-mus	muscle	
Sde-ATum_045	Sde-ATum_045-mus	muscle	
Sde-ATum_046	Sde-ATum_046-mus	muscle	
Sde-ATum_047	Sde-ATum_047-mus	muscle	
Sde-ATum_048	Sde-ATum_048-mus	muscle	
Sde-CBan_001	Sde-CBan_001-mus	muscle	
Sde-CBan_002	Sde-CBan_002-mus	muscle	
Sde-CBan_003	Sde-CBan_003-mus	muscle	
Sde-CBan_004	Sde-CBan_004-mus	muscle	
Sde-CBan_005	Sde-CBan_005-mus	muscle	
Sde-CBan_006	Sde-CBan_006-mus	muscle	
Sde-CBan_007	Sde-CBan_007-mus	muscle	
Sde-CBan_008	Sde-CBan_008-mus	muscle	
Sde-CBan_009	Sde-CBan_009-mus	muscle	
Sde-CBan_010	Sde-CBan_010-mus	muscle	
Sde-CBan_011	Sde-CBan_011-mus	muscle	
Sde-CBan_012	Sde-CBan_012-mus	muscle	
Sde-CBan_013	Sde-CBan_013-mus	muscle	
Sde-CBan_014	Sde-CBan_014-mus	muscle	
Sde-CBan_015	Sde-CBan_015-mus	muscle	
Sde-CBan_016	Sde-CBan_016-mus	muscle	
Sde-CBan_017	Sde-CBan_017-mus	muscle	
Sde-CBan_018	Sde-CBan_018-mus	muscle	
Sde-CBan_019	Sde-CBan_019-mus	muscle	
Sde-CBan_020	Sde-CBan_020-mus	muscle	
Sde-CBan_021	Sde-CBan_021-mus	muscle	
Sde-CBan_022	Sde-CBan_022-mus	muscle	
Sde-CBan_023	Sde-CBan_023-mus	muscle	
Sde-CBan_024	Sde-CBan_024-mus	muscle	
Sde-CBan_025	Sde-CBan_025-mus	muscle	
Sde-CBan_026	Sde-CBan_026-mus	muscle	
Sde-CBan_027	Sde-CBan_027-mus	muscle	
Sde-CBan_028	Sde-CBan_028-mus	muscle	
Sde-CBan_029	Sde-CBan_029-mus	muscle	
Sde-CBan_030	Sde-CBan_030-mus	muscle	
Sde-CBan_031	Sde-CBan_031-mus	muscle	
Sde-CBan_032	Sde-CBan_032-mus	muscle	
Sde-CBan_033	Sde-CBan_033-mus	muscle	
Sde-CBan_034	Sde-CBan_034-mus	muscle	
Sde-CBan_035	Sde-CBan_035-mus	muscle	
Sde-CBan_036	Sde-CBan_036-mus	muscle	
Sde-CDap_001	Sde-CDap_001-mus	muscle	
Sde-CDap_002	Sde-CDap_002-mus	muscle	
Sde-CDap_003	Sde-CDap_003-mus	muscle	
Sde-CDap_004	Sde-CDap_004-mus	muscle	
Sde-CDap_005	Sde-CDap_005-mus	muscle	
Sde-CDap_006	Sde-CDap_006-mus	muscle	
Sde-CDap_007	Sde-CDap_007-mus	muscle	
Sde-CDap_008	Sde-CDap_008-mus	muscle	
Sde-CDap_009	Sde-CDap_009-mus	muscle	
Sde-CDap_010	Sde-CDap_010-mus	muscle	
Sde-CDap_011	Sde-CDap_011-mus	muscle	
Sde-CDap_012	Sde-CDap_012-mus	muscle	
Sde-CDap_013	Sde-CDap_013-mus	muscle	
Sde-CDap_014	Sde-CDap_014-mus	muscle	
Sde-CDap_015	Sde-CDap_015-mus	muscle	
Sde-CDap_016	Sde-CDap_016-mus	muscle	
Sde-CDap_017	Sde-CDap_017-mus	muscle	
Sde-CDap_018	Sde-CDap_018-mus	muscle	
Sde-CDap_019	Sde-CDap_019-mus	muscle	
Sde-CDap_020	Sde-CDap_020-mus	muscle	
Sde-CDap_021	Sde-CDap_021-mus	muscle	
Sde-CDap_022	Sde-CDap_022-mus	muscle	
Sde-CDap_023	Sde-CDap_023-mus	muscle	
Sde-CDap_024	Sde-CDap_024-mus	muscle	
Sde-CDap_025	Sde-CDap_025-mus	muscle	
Sde-CDap_026	Sde-CDap_026-mus	muscle	
Sde-CDap_027	Sde-CDap_027-mus	muscle	
Sde-CDap_028	Sde-CDap_028-mus	muscle	
Sde-CDap_029	Sde-CDap_029-mus	muscle	
Sde-CDap_030	Sde-CDap_030-mus	muscle	
Sde-CDap_031	Sde-CDap_031-mus	muscle	
Sde-CDap_032	Sde-CDap_032-mus	muscle	
Sde-CDap_033	Sde-CDap_033-mus	muscle	
Sde-CDap_034	Sde-CDap_034-mus	muscle	
Sde-CDap_035	Sde-CDap_035-mus	muscle	
Sde-CDap_036	Sde-CDap_036-mus	muscle	
Sde-CDap_037	Sde-CDap_037-mus	muscle	
Sde-CDap_038	Sde-CDap_038-mus	muscle	
Sde-CDap_039	Sde-CDap_039-mus	muscle	
Sde-CDap_040	Sde-CDap_040-mus	muscle	
Sde-CDap_041	Sde-CDap_041-mus	muscle	
Sde-CDap_042	Sde-CDap_042-mus	muscle	
Sde-CDap_043	Sde-CDap_043-mus	muscle	
Sde-CDap_044	Sde-CDap_044-mus	muscle	
Sde-CDap_045	Sde-CDap_045-mus	muscle	
Sde-CDap_046	Sde-CDap_046-mus	muscle	
Sde-CDap_047	Sde-CDap_047-mus	muscle	
Sde-CDap_048	Sde-CDap_048-mus	muscle	
Sde-CDap_049	Sde-CDap_049-mus	muscle	
Sde-CDap_050	Sde-CDap_050-mus	muscle	
Sde-CDap_051	Sde-CDap_051-mus	muscle	
Sde-CDap_052	Sde-CDap_052-mus	muscle	
Sde-CDap_053	Sde-CDap_053-mus	muscle	
Sde-CDap_054	Sde-CDap_054-mus	muscle	
Sde-CDap_055	Sde-CDap_055-mus	muscle	
Sde-CDap_056	Sde-CDap_056-mus	muscle	
Sde-CDap_057	Sde-CDap_057-mus	muscle	
Sde-CDap_058	Sde-CDap_058-mus	muscle	
Sde-CDap_059	Sde-CDap_059-mus	muscle	
Sde-CDap_060	Sde-CDap_060-mus	muscle	
Sde-CDap_061	Sde-CDap_061-mus	muscle	
Sde-CDap_062	Sde-CDap_062-mus	muscle	
Sde-CDap_063	Sde-CDap_063-mus	muscle	
Sde-CDap_064	Sde-CDap_064-mus	muscle	
Sde-CDap_065	Sde-CDap_065-mus	muscle	
Sde-CDap_066	Sde-CDap_066-mus	muscle	
Sde-CDap_067	Sde-CDap_067-mus	muscle	
Sde-CDap_068	Sde-CDap_068-mus	muscle	
Sde-CDap_069	Sde-CDap_069-mus	muscle	
Sde-CDap_070	Sde-CDap_070-mus	muscle	
Sde-CDap_071	Sde-CDap_071-mus	muscle	
Sde-CDap_072	Sde-CDap_072-mus	muscle	
Sde-CDap_073	Sde-CDap_073-mus	muscle	
Sde-CDap_074	Sde-CDap_074-mus	muscle	
Sde-CDap_075	Sde-CDap_075-mus	muscle	
Sde-CDap_076	Sde-CDap_076-mus	muscle	
Sde-CDap_077	Sde-CDap_077-mus	muscle	
Sde-CDap_078	Sde-CDap_078-mus	muscle	
Sde-CDap_079	Sde-CDap_079-mus	muscle	
Sde-CDap_080	Sde-CDap_080-mus	muscle	
Sde-CDap_081	Sde-CDap_081-mus	muscle	
Sde-CDap_082	Sde-CDap_082-mus	muscle	
Sde-CDap_083	Sde-CDap_083-mus	muscle	
Sde-CDap_084	Sde-CDap_084-mus	muscle	
Sde-CDap_085	Sde-CDap_085-mus	muscle	
Sde-CDap_086	Sde-CDap_086-mus	muscle	
Sde-CDap_087	Sde-CDap_087-mus	muscle	
Sde-CDap_088	Sde-CDap_088-mus	muscle	
Sde-CDap_089	Sde-CDap_089-mus	muscle	
Sde-CDap_090	Sde-CDap_090-mus	muscle	
Sde-CDap_091	Sde-CDap_091-mus	muscle	
Sde-CDap_092	Sde-CDap_092-mus	muscle	
Sde-CDap_093	Sde-CDap_093-mus	muscle	
Sde-CDap_094	Sde-CDap_094-mus	muscle	
Sde-CDap_095	Sde-CDap_095-mus	muscle	
Sde-CDap_096	Sde-CDap_096-mus	muscle	
Sde-CHam_001	Sde-CHam_001-mus	muscle	
Sde-CHam_002	Sde-CHam_002-mus	muscle	
Sde-CHam_003	Sde-CHam_003-mus	muscle	
Sde-CHam_004	Sde-CHam_004-mus	muscle	
Sde-CHam_005	Sde-CHam_005-mus	muscle	
Sde-CHam_006	Sde-CHam_006-mus	muscle	
Sde-CHam_007	Sde-CHam_007-mus	muscle	
Sde-CHam_008	Sde-CHam_008-mus	muscle	
Sde-CHam_009	Sde-CHam_009-mus	muscle	
Sde-CHam_010	Sde-CHam_010-mus	muscle	
Sde-CHam_011	Sde-CHam_011-mus	muscle	
Sde-CHam_012	Sde-CHam_012-mus	muscle	
Sde-CHam_013	Sde-CHam_013-mus	muscle	
Sde-CHam_014	Sde-CHam_014-mus	muscle	
Sde-CHam_015	Sde-CHam_015-mus	muscle	
Sde-CHam_016	Sde-CHam_016-mus	muscle	
Sde-CHam_017	Sde-CHam_017-mus	muscle	
Sde-CHam_018	Sde-CHam_018-mus	muscle	
Sde-CHam_019	Sde-CHam_019-mus	muscle	
Sde-CHam_020	Sde-CHam_020-mus	muscle	
Sde-CHam_021	Sde-CHam_021-mus	muscle	
Sde-CHam_022	Sde-CHam_022-mus	muscle	
Sde-CHam_023	Sde-CHam_023-mus	muscle	
Sde-CHam_024	Sde-CHam_024-mus	muscle	
Sde-CHam_025	Sde-CHam_025-mus	muscle	
Sde-CHam_026	Sde-CHam_026-mus	muscle	
Sde-CHam_027	Sde-CHam_027-mus	muscle	
Sde-CHam_028	Sde-CHam_028-mus	muscle	
Sde-CHam_029	Sde-CHam_029-mus	muscle	
Sde-CHam_030	Sde-CHam_030-mus	muscle	
Sde-CHam_031	Sde-CHam_031-mus	muscle	
Sde-CHam_032	Sde-CHam_032-mus	muscle	
Sde-CHam_033	Sde-CHam_033-mus	muscle	
Sde-CHam_034	Sde-CHam_034-mus	muscle	
Sde-CHam_035	Sde-CHam_035-mus	muscle	
Sde-CHam_036	Sde-CHam_036-mus	muscle	
Sde-CHam_037	Sde-CHam_037-mus	muscle	
Sde-CHam_038	Sde-CHam_038-mus	muscle	
Sde-CHam_039	Sde-CHam_039-mus	muscle	
Sde-CHam_040	Sde-CHam_040-mus	muscle	
Sde-CHam_041	Sde-CHam_041-mus	muscle	
Sde-CHam_042	Sde-CHam_042-mus	muscle	
Sde-CHam_043	Sde-CHam_043-mus	muscle	
Sde-CHam_044	Sde-CHam_044-mus	muscle	
Sde-CHam_045	Sde-CHam_045-mus	muscle	
Sde-CHam_046	Sde-CHam_046-mus	muscle	
Sde-CHam_047	Sde-CHam_047-mus	muscle	
Sde-CHam_048	Sde-CHam_048-mus	muscle	
Sde-CHam_049	Sde-CHam_049-mus	muscle	
Sde-CHam_050	Sde-CHam_050-mus	muscle	
Sde-CHam_051	Sde-CHam_051-mus	muscle	
Sde-CHam_052	Sde-CHam_052-mus	muscle	
Sde-CHam_053	Sde-CHam_053-mus	muscle	
Sde-CHam_054	Sde-CHam_054-mus	muscle	
Sde-CHam_055	Sde-CHam_055-mus	muscle	
Sde-CHam_056	Sde-CHam_056-mus	muscle	
Sde-CHam_057	Sde-CHam_057-mus	muscle	
Sde-CHam_058	Sde-CHam_058-mus	muscle	
Sde-CHam_059	Sde-CHam_059-mus	muscle	
Sde-CHam_060	Sde-CHam_060-mus	muscle	
Sde-CHam_061	Sde-CHam_061-mus	muscle	
Sde-CHam_062	Sde-CHam_062-mus	muscle	
Sde-CHam_063	Sde-CHam_063-mus	muscle	
Sde-CHam_064	Sde-CHam_064-mus	muscle	
Sde-CHam_065	Sde-CHam_065-mus	muscle	
Sde-CHam_066	Sde-CHam_066-mus	muscle	
Sde-CHam_067	Sde-CHam_067-mus	muscle	
Sde-CHam_068	Sde-CHam_068-mus	muscle	
Sde-CHam_069	Sde-CHam_069-mus	muscle	
Sde-CHam_070	Sde-CHam_070-mus	muscle	
Sde-CHam_071	Sde-CHam_071-mus	muscle	
Sde-CHam_072	Sde-CHam_072-mus	muscle	
Sde-CHam_073	Sde-CHam_073-mus	muscle	
Sde-CHam_074	Sde-CHam_074-mus	muscle	
Sde-CHam_075	Sde-CHam_075-mus	muscle	
Sde-CHam_076	Sde-CHam_076-mus	muscle	
Sde-CHam_077	Sde-CHam_077-mus	muscle	
Sde-CHam_078	Sde-CHam_078-mus	muscle	
Sde-CHam_079	Sde-CHam_079-mus	muscle	
Sde-CHam_080	Sde-CHam_080-mus	muscle	
Sde-CHam_081	Sde-CHam_081-mus	muscle	
Sde-CHam_082	Sde-CHam_082-mus	muscle	
Sde-CHam_083	Sde-CHam_083-mus	muscle	
Sde-CHam_084	Sde-CHam_084-mus	muscle	
Sde-CHam_085	Sde-CHam_085-mus	muscle	
Sde-CHam_086	Sde-CHam_086-mus	muscle	
Sde-CHam_087	Sde-CHam_087-mus	muscle	
Sde-CHam_088	Sde-CHam_088-mus	muscle	
Sde-CHam_089	Sde-CHam_089-mus	muscle	
Sde-CHam_090	Sde-CHam_090-mus	muscle	
Sde-CHam_091	Sde-CHam_091-mus	muscle	
Sde-CHam_092	Sde-CHam_092-mus	muscle	
Sde-CHam_093	Sde-CHam_093-mus	muscle	
Sde-CHam_094	Sde-CHam_094-mus	muscle	
Sde-CHam_095	Sde-CHam_095-mus	muscle	
Sde-CHam_096	Sde-CHam_096-mus	muscle	
Sde-CJol_001	Sde-CJol_001-mus	muscle	
Sde-CJol_002	Sde-CJol_002-mus	muscle	
Sde-CJol_003	Sde-CJol_003-mus	muscle	
Sde-CJol_004	Sde-CJol_004-mus	muscle	
Sde-CJol_005	Sde-CJol_005-mus	muscle	
Sde-CJol_006	Sde-CJol_006-mus	muscle	
Sde-CJol_007	Sde-CJol_007-mus	muscle	
Sde-CJol_008	Sde-CJol_008-mus	muscle	
Sde-CJol_009	Sde-CJol_009-mus	muscle	
Sde-CJol_010	Sde-CJol_010-mus	muscle	
Sde-CJol_011	Sde-CJol_011-mus	muscle	
Sde-CJol_012	Sde-CJol_012-mus	muscle	
Sde-CJol_013	Sde-CJol_013-mus	muscle	
Sde-CJol_014	Sde-CJol_014-mus	muscle	
Sde-CJol_015	Sde-CJol_015-mus	muscle	
Sde-CJol_016	Sde-CJol_016-mus	muscle	
Sde-CJol_017	Sde-CJol_017-mus	muscle	
Sde-CJol_018	Sde-CJol_018-mus	muscle	
Sde-CJol_019	Sde-CJol_019-mus	muscle	
Sde-CJol_020	Sde-CJol_020-mus	muscle	
Sde-CJol_021	Sde-CJol_021-mus	muscle	
Sde-CJol_022	Sde-CJol_022-mus	muscle	
Sde-CJol_023	Sde-CJol_023-mus	muscle	
Sde-CJol_024	Sde-CJol_024-mus	muscle	
Sde-CJol_025	Sde-CJol_025-mus	muscle	
Sde-CJol_026	Sde-CJol_026-mus	muscle	
Sde-CJol_027	Sde-CJol_027-mus	muscle	
Sde-CJol_028	Sde-CJol_028-mus	muscle	
Sde-CJol_029	Sde-CJol_029-mus	muscle	
Sde-CJol_030	Sde-CJol_030-mus	muscle	
Sde-CJol_031	Sde-CJol_031-mus	muscle	
Sde-CJol_032	Sde-CJol_032-mus	muscle	
Sde-CJol_033	Sde-CJol_033-mus	muscle	
Sde-CJol_034	Sde-CJol_034-mus	muscle	
Sde-CJol_035	Sde-CJol_035-mus	muscle	
Sde-CJol_036	Sde-CJol_036-mus	muscle	
Sde-CJol_037	Sde-CJol_037-mus	muscle	
Sde-CJol_038	Sde-CJol_038-mus	muscle	
Sde-CJol_039	Sde-CJol_039-mus	muscle	
Sde-CJol_040	Sde-CJol_040-mus	muscle	
Sde-CJol_041	Sde-CJol_041-mus	muscle	
Sde-CJol_042	Sde-CJol_042-mus	muscle	
Sde-CJol_043	Sde-CJol_043-mus	muscle	
Sde-CJol_044	Sde-CJol_044-mus	muscle	
Sde-CJol_045	Sde-CJol_045-mus	muscle	
Sde-CJol_046	Sde-CJol_046-mus	muscle	
Sde-CJol_047	Sde-CJol_047-mus	muscle	
Sde-CJol_048	Sde-CJol_048-mus	muscle	
Sde-CJol_049	Sde-CJol_049-mus	muscle	
Sde-CJol_050	Sde-CJol_050-mus	muscle	
Sde-CJol_051	Sde-CJol_051-mus	muscle	
Sde-CJol_052	Sde-CJol_052-mus	muscle	
Sde-CJol_053	Sde-CJol_053-mus	muscle	
Sde-CJol_054	Sde-CJol_054-mus	muscle	
Sde-CJol_055	Sde-CJol_055-mus	muscle	
Sde-CJol_056	Sde-CJol_056-mus	muscle	
Sde-CJol_057	Sde-CJol_057-mus	muscle	
Sde-CJol_058	Sde-CJol_058-mus	muscle	
Sde-CJol_059	Sde-CJol_059-mus	muscle	
Sde-CJol_060	Sde-CJol_060-mus	muscle	
Sde-CJol_061	Sde-CJol_061-mus	muscle	
Sde-CJol_062	Sde-CJol_062-mus	muscle	
Sde-CJol_063	Sde-CJol_063-mus	muscle	
Sde-CJol_064	Sde-CJol_064-mus	muscle	
Sde-CJol_065	Sde-CJol_065-mus	muscle	
Sde-CJol_066	Sde-CJol_066-mus	muscle	
Sde-CJol_067	Sde-CJol_067-mus	muscle	
Sde-CJol_068	Sde-CJol_068-mus	muscle	
Sde-CJol_069	Sde-CJol_069-mus	muscle	
Sde-CJol_070	Sde-CJol_070-mus	muscle	
Sde-CJol_071	Sde-CJol_071-mus	muscle	
Sde-CJol_072	Sde-CJol_072-mus	muscle	
Sde-CJol_073	Sde-CJol_073-mus	muscle	
Sde-CJol_074	Sde-CJol_074-mus	muscle	
Sde-CJol_075	Sde-CJol_075-mus	muscle	
Sde-CJol_076	Sde-CJol_076-mus	muscle	
Sde-CJol_077	Sde-CJol_077-mus	muscle	
Sde-CJol_078	Sde-CJol_078-mus	muscle	
Sde-CJol_079	Sde-CJol_079-mus	muscle	
Sde-CJol_080	Sde-CJol_080-mus	muscle	
Sde-CJol_081	Sde-CJol_081-mus	muscle	
Sde-CJol_082	Sde-CJol_082-mus	muscle	
Sde-CJol_083	Sde-CJol_083-mus	muscle	
Sde-CJol_084	Sde-CJol_084-mus	muscle	
Sde-CJol_085	Sde-CJol_085-mus	muscle	
Sde-CJol_086	Sde-CJol_086-mus	muscle	
Sde-CJol_087	Sde-CJol_087-mus	muscle	
Sde-CJol_088	Sde-CJol_088-mus	muscle	
Sde-CJol_089	Sde-CJol_089-mus	muscle	
Sde-CJol_090	Sde-CJol_090-mus	muscle	
Sde-CJol_091	Sde-CJol_091-mus	muscle	
Sde-CJol_092	Sde-CJol_092-mus	muscle	
Sde-CJol_093	Sde-CJol_093-mus	muscle	
Sde-CJol_094	Sde-CJol_094-mus	muscle	
Sde-CJol_095	Sde-CJol_095-mus	muscle	
Sde-CJol_096	Sde-CJol_096-mus	muscle	
Sde-CMal_001	Sde-CMal_001-mus	muscle	
Sde-CMal_002	Sde-CMal_002-mus	muscle	
Sde-CMal_003	Sde-CMal_003-mus	muscle	
Sde-CMal_004	Sde-CMal_004-mus	muscle	
Sde-CMal_005	Sde-CMal_005-mus	muscle	
Sde-CMal_006	Sde-CMal_006-mus	muscle	
Sde-CMal_007	Sde-CMal_007-mus	muscle	
Sde-CMal_008	Sde-CMal_008-mus	muscle	
Sde-CMal_009	Sde-CMal_009-mus	muscle	
Sde-CMal_010	Sde-CMal_010-mus	muscle	
Sde-CMal_011	Sde-CMal_011-mus	muscle	
Sde-CMal_012	Sde-CMal_012-mus	muscle	
Sde-CMal_013	Sde-CMal_013-mus	muscle	
Sde-CMal_014	Sde-CMal_014-mus	muscle	
Sde-CMal_015	Sde-CMal_015-mus	muscle	
Sde-CMal_016	Sde-CMal_016-mus	muscle	
Sde-CMal_017	Sde-CMal_017-mus	muscle	
Sde-CMal_018	Sde-CMal_018-mus	muscle	
Sde-CMal_019	Sde-CMal_019-mus	muscle	
Sde-CMal_020	Sde-CMal_020-mus	muscle	
Sde-CMal_021	Sde-CMal_021-mus	muscle	
Sde-CMal_022	Sde-CMal_022-mus	muscle	
Sde-CMal_023	Sde-CMal_023-mus	muscle	
Sde-CMal_024	Sde-CMal_024-mus	muscle	
Sde-CMal_025	Sde-CMal_025-mus	muscle	
Sde-CMal_026	Sde-CMal_026-mus	muscle	
Sde-CMal_027	Sde-CMal_027-mus	muscle	
Sde-CMal_028	Sde-CMal_028-mus	muscle	
Sde-CMal_029	Sde-CMal_029-mus	muscle	
Sde-CMal_030	Sde-CMal_030-mus	muscle	
Sde-CMal_031	Sde-CMal_031-mus	muscle	
Sde-CMal_032	Sde-CMal_032-mus	muscle	
Sde-CMal_033	Sde-CMal_033-mus	muscle	
Sde-CMal_034	Sde-CMal_034-mus	muscle	
Sde-CMal_035	Sde-CMal_035-mus	muscle	
Sde-CMal_036	Sde-CMal_036-mus	muscle	
Sde-CMal_037	Sde-CMal_037-mus	muscle	
Sde-CMal_038	Sde-CMal_038-mus	muscle	
Sde-CMal_039	Sde-CMal_039-mus	muscle	
Sde-CMal_040	Sde-CMal_040-mus	muscle	
Sde-CMal_041	Sde-CMal_041-mus	muscle	
Sde-CMal_042	Sde-CMal_042-mus	muscle	
Sde-CMal_043	Sde-CMal_043-mus	muscle	
Sde-CMal_044	Sde-CMal_044-mus	muscle	
Sde-CMal_045	Sde-CMal_045-mus	muscle	
Sde-CMal_046	Sde-CMal_046-mus	muscle	
Sde-CMal_047	Sde-CMal_047-mus	muscle	
Sde-CMal_048	Sde-CMal_048-mus	muscle	
Sde-CMal_049	Sde-CMal_049-mus	muscle	
Sde-CMal_050	Sde-CMal_050-mus	muscle	
Sde-CMal_051	Sde-CMal_051-mus	muscle	
Sde-CMal_052	Sde-CMal_052-mus	muscle	
Sde-CMal_053	Sde-CMal_053-mus	muscle	
Sde-CMal_054	Sde-CMal_054-mus	muscle	
Sde-CMal_055	Sde-CMal_055-mus	muscle	
Sde-CMal_056	Sde-CMal_056-mus	muscle	
Sde-CMal_057	Sde-CMal_057-mus	muscle	
Sde-CMal_058	Sde-CMal_058-mus	muscle	
Sde-CMal_059	Sde-CMal_059-mus	muscle	
Sde-CMal_060	Sde-CMal_060-mus	muscle	
Sde-CMal_061	Sde-CMal_061-mus	muscle	
Sde-CMal_062	Sde-CMal_062-mus	muscle	
Sde-CMal_063	Sde-CMal_063-mus	muscle	
Sde-CMal_064	Sde-CMal_064-mus	muscle	
Sde-CMal_065	Sde-CMal_065-mus	muscle	
Sde-CMal_066	Sde-CMal_066-mus	muscle	
Sde-CMal_067	Sde-CMal_067-mus	muscle	
Sde-CMal_068	Sde-CMal_068-mus	muscle	
Sde-CMal_069	Sde-CMal_069-mus	muscle	
Sde-CMat_001	Sde-CMat_001-mus	muscle	
Sde-CMat_002	Sde-CMat_002-mus	muscle	
Sde-CMat_003	Sde-CMat_003-mus	muscle	
Sde-CMat_004	Sde-CMat_004-mus	muscle	
Sde-CMat_005	Sde-CMat_005-mus	muscle	
Sde-CMat_006	Sde-CMat_006-mus	muscle	
Sde-CMat_007	Sde-CMat_007-mus	muscle	
Sde-CMat_008	Sde-CMat_008-mus	muscle	
Sde-CMat_009	Sde-CMat_009-mus	muscle	
Sde-CMat_010	Sde-CMat_010-mus	muscle	
Sde-CMat_011	Sde-CMat_011-mus	muscle	
Sde-CMat_012	Sde-CMat_012-mus	muscle	
Sde-CMat_013	Sde-CMat_013-mus	muscle	
Sde-CMat_014	Sde-CMat_014-mus	muscle	
Sde-CMat_015	Sde-CMat_015-mus	muscle	
Sde-CMat_016	Sde-CMat_016-mus	muscle	
Sde-CMat_017	Sde-CMat_017-mus	muscle	
Sde-CMat_018	Sde-CMat_018-mus	muscle	
Sde-CMat_019	Sde-CMat_019-mus	muscle	
Sde-CMat_020	Sde-CMat_020-mus	muscle	
Sde-CMat_021	Sde-CMat_021-mus	muscle	
Sde-CMat_022	Sde-CMat_022-mus	muscle	
Sde-CMat_023	Sde-CMat_023-mus	muscle	
Sde-CMat_024	Sde-CMat_024-mus	muscle	
Sde-CMat_025	Sde-CMat_025-mus	muscle	
Sde-CMat_026	Sde-CMat_026-mus	muscle	
Sde-CMat_027	Sde-CMat_027-mus	muscle	
Sde-CMat_028	Sde-CMat_028-mus	muscle	
Sde-CMat_029	Sde-CMat_029-mus	muscle	
Sde-CMat_030	Sde-CMat_030-mus	muscle	
Sde-CMat_031	Sde-CMat_031-mus	muscle	
Sde-CMat_032	Sde-CMat_032-mus	muscle	
Sde-CMat_033	Sde-CMat_033-mus	muscle	
Sde-CMat_034	Sde-CMat_034-mus	muscle	
Sde-CMat_035	Sde-CMat_035-mus	muscle	
Sde-CMat_036	Sde-CMat_036-mus	muscle	
Sde-CMat_037	Sde-CMat_037-mus	muscle	
Sde-CMat_038	Sde-CMat_038-mus	muscle	
Sde-CMat_039	Sde-CMat_039-mus	muscle	
Sde-CMat_040	Sde-CMat_040-mus	muscle	
Sde-CMat_041	Sde-CMat_041-mus	muscle	
Sde-CMat_042	Sde-CMat_042-mus	muscle	
Sde-CMat_043	Sde-CMat_043-mus	muscle	
Sde-CMat_044	Sde-CMat_044-mus	muscle	
Sde-CMat_045	Sde-CMat_045-mus	muscle	
Sde-CMat_046	Sde-CMat_046-mus	muscle	
Sde-CMat_047	Sde-CMat_047-mus	muscle	
Sde-CMat_048	Sde-CMat_048-mus	muscle	
Sde-CMat_049	Sde-CMat_049-mus	muscle	
Sde-CMat_050	Sde-CMat_050-mus	muscle	
Sde-CMat_051	Sde-CMat_051-mus	muscle	
Sde-CMat_052	Sde-CMat_052-mus	muscle	
Sde-CMat_053	Sde-CMat_053-mus	muscle	
Sde-CMat_054	Sde-CMat_054-mus	muscle	
Sde-CMat_055	Sde-CMat_055-mus	muscle	
Sde-CMat_056	Sde-CMat_056-mus	muscle	
Sde-CMat_057	Sde-CMat_057-mus	muscle	
Sde-CMat_058	Sde-CMat_058-mus	muscle	
Sde-CMat_059	Sde-CMat_059-mus	muscle	
Sde-CMat_060	Sde-CMat_060-mus	muscle	
Sde-CMat_061	Sde-CMat_061-mus	muscle	
Sde-CMat_062	Sde-CMat_062-mus	muscle	
Sde-CMat_063	Sde-CMat_063-mus	muscle	
Sde-CMat_064	Sde-CMat_064-mus	muscle	
Sde-CMat_065	Sde-CMat_065-mus	muscle	
Sde-CMat_066	Sde-CMat_066-mus	muscle	
Sde-CMat_067	Sde-CMat_067-mus	muscle	
Sde-CMat_068	Sde-CMat_068-mus	muscle	
Sde-CMat_069	Sde-CMat_069-mus	muscle	
Sde-CMat_070	Sde-CMat_070-mus	muscle	
Sde-CMat_071	Sde-CMat_071-mus	muscle	
Sde-CMat_072	Sde-CMat_072-mus	muscle	
Sde-CMat_073	Sde-CMat_073-mus	muscle	
Sde-CMat_074	Sde-CMat_074-mus	muscle	
Sde-CMat_075	Sde-CMat_075-mus	muscle	
Sde-CMat_076	Sde-CMat_076-mus	muscle	
Sde-CMat_077	Sde-CMat_077-mus	muscle	
Sde-CMat_078	Sde-CMat_078-mus	muscle	
Sde-CMat_079	Sde-CMat_079-mus	muscle	
Sde-CMat_080	Sde-CMat_080-mus	muscle	
Sde-CMat_081	Sde-CMat_081-mus	muscle	
Sde-CMat_082	Sde-CMat_082-mus	muscle	
Sde-CMat_083	Sde-CMat_083-mus	muscle	
Sde-CMat_084	Sde-CMat_084-mus	muscle	
Sde-CMat_085	Sde-CMat_085-mus	muscle	
Sde-CMat_086	Sde-CMat_086-mus	muscle	
Sde-CMat_087	Sde-CMat_087-mus	muscle	
Sde-CMat_088	Sde-CMat_088-mus	muscle	
Sde-CMat_089	Sde-CMat_089-mus	muscle	
Sde-CMat_090	Sde-CMat_090-mus	muscle	
Sde-CMat_091	Sde-CMat_091-mus	muscle	
Sde-CMat_092	Sde-CMat_092-mus	muscle	
Sde-CMat_093	Sde-CMat_093-mus	muscle	
Sde-CMat_094	Sde-CMat_094-mus	muscle	
Sde-CMat_095	Sde-CMat_095-mus	muscle	
Sde-CMat_096	Sde-CMat_096-mus	muscle	
Sde-CSub_001	Sde-CSub_001-mus	muscle	
Sde-CSub_002	Sde-CSub_002-mus	muscle	
Sde-CSub_003	Sde-CSub_003-mus	muscle	
Sde-CSub_004	Sde-CSub_004-mus	muscle	
Sde-CSub_005	Sde-CSub_005-mus	muscle	
Sde-CSub_006	Sde-CSub_006-mus	muscle	
Sde-CSub_007	Sde-CSub_007-mus	muscle	
Sde-CSub_008	Sde-CSub_008-mus	muscle	
Sde-CSub_009	Sde-CSub_009-mus	muscle	
Sde-CSub_010	Sde-CSub_010-mus	muscle	
Sde-CSub_011	Sde-CSub_011-mus	muscle	
Sde-CSub_012	Sde-CSub_012-mus	muscle	
Sde-CSub_013	Sde-CSub_013-mus	muscle	
Sde-CSub_014	Sde-CSub_014-mus	muscle	
Sde-CSub_015	Sde-CSub_015-mus	muscle	
Sde-CSub_016	Sde-CSub_016-mus	muscle	
Sde-CSub_017	Sde-CSub_017-mus	muscle	
Sde-CSub_018	Sde-CSub_018-mus	muscle	
Sde-CSub_019	Sde-CSub_019-mus	muscle	
Sde-CSub_020	Sde-CSub_020-mus	muscle	
Sde-CSub_021	Sde-CSub_021-mus	muscle	
Sde-CSub_022	Sde-CSub_022-mus	muscle	
Sde-CSub_023	Sde-CSub_023-mus	muscle	
Sde-CSub_024	Sde-CSub_024-mus	muscle	
Sde-CSub_025	Sde-CSub_025-mus	muscle	
Sde-CSub_026	Sde-CSub_026-mus	muscle	
Sde-CSub_027	Sde-CSub_027-mus	muscle	
Sde-CSub_028	Sde-CSub_028-mus	muscle	
Sde-CSub_029	Sde-CSub_029-mus	muscle	
Sde-CSub_030	Sde-CSub_030-mus	muscle	
Sde-CSub_031	Sde-CSub_031-mus	muscle	
Sde-CSub_032	Sde-CSub_032-mus	muscle	
Sde-CSub_033	Sde-CSub_033-mus	muscle	
Sde-CSub_034	Sde-CSub_034-mus	muscle	
Sde-CSub_035	Sde-CSub_035-mus	muscle	
Sde-CSub_036	Sde-CSub_036-mus	muscle	
Sde-CSub_037	Sde-CSub_037-mus	muscle	
Sde-CSub_038	Sde-CSub_038-mus	muscle	
Sde-CSub_039	Sde-CSub_039-mus	muscle	
Sde-CSub_040	Sde-CSub_040-mus	muscle	
Sde-CSub_041	Sde-CSub_041-mus	muscle	
Sde-CSub_042	Sde-CSub_042-mus	muscle	
Sde-CSub_043	Sde-CSub_043-mus	muscle	
Sde-CSub_044	Sde-CSub_044-mus	muscle	
Sde-CSub_045	Sde-CSub_045-mus	muscle	
Sde-CSub_046	Sde-CSub_046-mus	muscle	
Sde-CSub_047	Sde-CSub_047-mus	muscle	
Sde-CSub_048	Sde-CSub_048-mus	muscle	
Sde-CSub_049	Sde-CSub_049-mus	muscle	
Sde-CSub_050	Sde-CSub_050-mus	muscle	
Sde-CSub_051	Sde-CSub_051-mus	muscle	
Sde-CSub_052	Sde-CSub_052-mus	muscle	
Sde-CSub_053	Sde-CSub_053-mus	muscle	
Sde-CSub_054	Sde-CSub_054-mus	muscle	
Sde-CSub_055	Sde-CSub_055-mus	muscle	
Sde-CSub_056	Sde-CSub_056-mus	muscle	
Sde-CSub_057	Sde-CSub_057-mus	muscle	
Sde-CSub_058	Sde-CSub_058-mus	muscle	
Sde-CSub_059	Sde-CSub_059-mus	muscle	
Sde-CSub_060	Sde-CSub_060-mus	muscle	
Sde-CSub_061	Sde-CSub_061-mus	muscle	
Sde-CSub_062	Sde-CSub_062-mus	muscle	
Sde-CSub_063	Sde-CSub_063-mus	muscle	
Sde-CSub_064	Sde-CSub_064-mus	muscle	
Sde-CSub_065	Sde-CSub_065-mus	muscle	
Sde-CSub_066	Sde-CSub_066-mus	muscle	
Sde-CSub_067	Sde-CSub_067-mus	muscle	
Sde-CSub_068	Sde-CSub_068-mus	muscle	
Sde-CSub_069	Sde-CSub_069-mus	muscle	
Sde-CSub_070	Sde-CSub_070-mus	muscle	
Sde-CSub_071	Sde-CSub_071-mus	muscle	
Sde-CSub_072	Sde-CSub_072-mus	muscle	
Sde-CSub_073	Sde-CSub_073-mus	muscle	
Sde-CSub_074	Sde-CSub_074-mus	muscle	
Sde-CSub_075	Sde-CSub_075-mus	muscle	
Sde-CSub_076	Sde-CSub_076-mus	muscle	
Sde-CSub_077	Sde-CSub_077-mus	muscle	
Sde-CSub_078	Sde-CSub_078-mus	muscle	
Sde-CSub_079	Sde-CSub_079-mus	muscle	
Sde-CSub_080	Sde-CSub_080-mus	muscle	
Sde-CSub_081	Sde-CSub_081-mus	muscle	
Sde-CSub_082	Sde-CSub_082-mus	muscle	
Sde-CSub_083	Sde-CSub_083-mus	muscle	
Sde-CSub_084	Sde-CSub_084-mus	muscle	
Sde-CSub_085	Sde-CSub_085-mus	muscle	
Sde-CSub_086	Sde-CSub_086-mus	muscle	
Sde-CSub_087	Sde-CSub_087-mus	muscle	
Sde-CSub_088	Sde-CSub_088-mus	muscle	
Sde-CSub_089	Sde-CSub_089-mus	muscle	
Sde-CSub_090	Sde-CSub_090-mus	muscle	
Sde-CSub_091	Sde-CSub_091-mus	muscle	
Sde-CSub_092	Sde-CSub_092-mus	muscle	
Sde-CSub_093	Sde-CSub_093-mus	muscle	
Sde-CSub_094	Sde-CSub_094-mus	muscle	
Sde-CSub_095	Sde-CSub_095-mus	muscle	
Sde-CSub_096	Sde-CSub_096-mus	muscle	
Sde-CSur_001	Sde-CSur_001-mus	muscle	
Sde-CSur_002	Sde-CSur_002-mus	muscle	
Sde-CSur_003	Sde-CSur_003-mus	muscle	
Sde-CSur_004	Sde-CSur_004-mus	muscle	
Sde-CSur_005	Sde-CSur_005-mus	muscle	
Sde-CSur_006	Sde-CSur_006-mus	muscle	
Sde-CSur_007	Sde-CSur_007-mus	muscle	
Sde-CSur_008	Sde-CSur_008-mus	muscle	
Sde-CSur_009	Sde-CSur_009-mus	muscle	
Sde-CSur_010	Sde-CSur_010-mus	muscle	
Sde-CSur_011	Sde-CSur_011-mus	muscle	
Sde-CSur_012	Sde-CSur_012-mus	muscle	
Sde-CSur_013	Sde-CSur_013-mus	muscle	
Sde-CSur_014	Sde-CSur_014-mus	muscle	
Sde-CSur_015	Sde-CSur_015-mus	muscle	
Sde-CSur_016	Sde-CSur_016-mus	muscle	
Sde-CSur_017	Sde-CSur_017-mus	muscle	
Sde-CSur_018	Sde-CSur_018-mus	muscle	
Sde-CSur_019	Sde-CSur_019-mus	muscle	
Sde-CSur_020	Sde-CSur_020-mus	muscle	
Sde-CSur_021	Sde-CSur_021-mus	muscle	
Sde-CSur_022	Sde-CSur_022-mus	muscle	
Sde-CSur_023	Sde-CSur_023-mus	muscle	
Sde-CSur_024	Sde-CSur_024-mus	muscle	
Sde-CSur_025	Sde-CSur_025-mus	muscle	
Sde-CSur_026	Sde-CSur_026-mus	muscle	
Sde-CSur_027	Sde-CSur_027-mus	muscle	
Sde-CSur_028	Sde-CSur_028-mus	muscle	
Sde-CSur_029	Sde-CSur_029-mus	muscle	
Sde-CSur_030	Sde-CSur_030-mus	muscle	
Sde-CSur_031	Sde-CSur_031-mus	muscle	
Sde-CSur_032	Sde-CSur_032-mus	muscle	
Sde-CSur_033	Sde-CSur_033-mus	muscle	
Sde-CSur_034	Sde-CSur_034-mus	muscle	
Sde-CSur_035	Sde-CSur_035-mus	muscle	
Sde-CSur_036	Sde-CSur_036-mus	muscle	
Sde-CSur_037	Sde-CSur_037-mus	muscle	
Sde-CSur_038	Sde-CSur_038-mus	muscle	
Sde-CSur_039	Sde-CSur_039-mus	muscle	
Sde-CSur_040	Sde-CSur_040-mus	muscle	
Sde-CSur_041	Sde-CSur_041-mus	muscle	
Sde-CSur_042	Sde-CSur_042-mus	muscle	
Sde-CSur_043	Sde-CSur_043-mus	muscle	
Sde-CSur_044	Sde-CSur_044-mus	muscle	
Sde-CSur_045	Sde-CSur_045-mus	muscle	
Sde-CSur_046	Sde-CSur_046-mus	muscle	
Sde-CSur_047	Sde-CSur_047-mus	muscle	
Sde-CSur_048	Sde-CSur_048-mus	muscle	
Sde-CSur_049	Sde-CSur_049-mus	muscle	
Sde-CSur_050	Sde-CSur_050-mus	muscle	
Sde-CSur_051	Sde-CSur_051-mus	muscle	
Sde-CSur_052	Sde-CSur_052-mus	muscle	
Sde-CSur_053	Sde-CSur_053-mus	muscle	
Sde-CSur_054	Sde-CSur_054-mus	muscle	
Sde-CSur_055	Sde-CSur_055-mus	muscle	
Sde-CSur_056	Sde-CSur_056-mus	muscle	
Sde-CSur_057	Sde-CSur_057-mus	muscle	
Sde-CSur_058	Sde-CSur_058-mus	muscle	
Sde-CSur_059	Sde-CSur_059-mus	muscle	
Sde-CSur_060	Sde-CSur_060-mus	muscle	
Sde-CSur_061	Sde-CSur_061-mus	muscle	
Sde-CSur_062	Sde-CSur_062-mus	muscle	
Sde-CSur_063	Sde-CSur_063-mus	muscle	
Sde-CSur_064	Sde-CSur_064-mus	muscle	
Sde-CSur_065	Sde-CSur_065-mus	muscle	
Sde-CSur_066	Sde-CSur_066-mus	muscle	
Sde-CSur_067	Sde-CSur_067-mus	muscle	
Sde-CSur_068	Sde-CSur_068-mus	muscle	
Sde-CSur_069	Sde-CSur_069-mus	muscle	
Sde-CSur_070	Sde-CSur_070-mus	muscle	
Sde-CSur_071	Sde-CSur_071-mus	muscle	
Sde-CSur_072	Sde-CSur_072-mus	muscle	
Sde-CSur_073	Sde-CSur_073-mus	muscle	
Sde-CSur_074	Sde-CSur_074-mus	muscle	
Sde-CSur_075	Sde-CSur_075-mus	muscle	
Sde-CSur_076	Sde-CSur_076-mus	muscle	
Sde-CSur_077	Sde-CSur_077-mus	muscle	
Sde-CSur_078	Sde-CSur_078-mus	muscle	
Sde-CSur_079	Sde-CSur_079-mus	muscle	
Sde-CSur_080	Sde-CSur_080-mus	muscle	
Sde-CSur_081	Sde-CSur_081-mus	muscle	
Sde-CSur_082	Sde-CSur_082-mus	muscle	
Sde-CSur_083	Sde-CSur_083-mus	muscle	
Sde-CSur_084	Sde-CSur_084-mus	muscle	
Sde-CSur_085	Sde-CSur_085-mus	muscle	
Sde-CSur_086	Sde-CSur_086-mus	muscle	
Sde-CSur_087	Sde-CSur_087-mus	muscle	
Sde-CSur_088	Sde-CSur_088-mus	muscle	
Sde-CSur_089	Sde-CSur_089-mus	muscle	
Sde-CSur_090	Sde-CSur_090-mus	muscle	
Sde-CSur_091	Sde-CSur_091-mus	muscle	
Sde-CSur_092	Sde-CSur_092-mus	muscle	
Sde-CSur_093	Sde-CSur_093-mus	muscle	
Sde-CSur_094	Sde-CSur_094-mus	muscle	
Sde-CSur_095	Sde-CSur_095-mus	muscle	
Sde-CSur_096	Sde-CSur_096-mus	muscle	
Sde-CTay_001	Sde-CTay_001-mus	muscle	
Sde-CTay_002	Sde-CTay_002-mus	muscle	
Sde-CTay_003	Sde-CTay_003-mus	muscle	
Sde-CTay_004	Sde-CTay_004-mus	muscle	
Sde-CTay_005	Sde-CTay_005-mus	muscle	
Sde-CTay_006	Sde-CTay_006-mus	muscle	
Sde-CTay_007	Sde-CTay_007-mus	muscle	
Sde-CTay_008	Sde-CTay_008-mus	muscle	
Sde-CTay_009	Sde-CTay_009-mus	muscle	
Sde-CTay_010	Sde-CTay_010-mus	muscle	
Sde-CTay_011	Sde-CTay_011-mus	muscle	
Sde-CTay_012	Sde-CTay_012-mus	muscle	
Sde-CTay_013	Sde-CTay_013-mus	muscle	
Sde-CTay_014	Sde-CTay_014-mus	muscle	
Sde-CTay_015	Sde-CTay_015-mus	muscle	
Sde-CTay_016	Sde-CTay_016-mus	muscle	
Sde-CTay_017	Sde-CTay_017-mus	muscle	
Sde-CTay_018	Sde-CTay_018-mus	muscle	
Sde-CTay_019	Sde-CTay_019-mus	muscle	
Sde-CTay_020	Sde-CTay_020-mus	muscle	
Sde-CTay_021	Sde-CTay_021-mus	muscle	
Sde-CTay_022	Sde-CTay_022-mus	muscle	
Sde-CTay_023	Sde-CTay_023-mus	muscle	
Sde-CTay_024	Sde-CTay_024-mus	muscle	
Sde-CTay_025	Sde-CTay_025-mus	muscle	
Sde-CTay_026	Sde-CTay_026-mus	muscle	
Sde-CTay_027	Sde-CTay_027-mus	muscle	
Sde-CTay_028	Sde-CTay_028-mus	muscle	
Sde-CTay_029	Sde-CTay_029-mus	muscle	
Sde-CTay_030	Sde-CTay_030-mus	muscle	
Sde-CTay_031	Sde-CTay_031-mus	muscle	
Sde-CTay_032	Sde-CTay_032-mus	muscle	
Sde-CTay_033	Sde-CTay_033-mus	muscle	
Sde-CTay_034	Sde-CTay_034-mus	muscle	
Sde-CTay_035	Sde-CTay_035-mus	muscle	
Sde-CTay_036	Sde-CTay_036-mus	muscle	
Sde-CTay_037	Sde-CTay_037-mus	muscle	
Sde-CTay_038	Sde-CTay_038-mus	muscle	
Sde-CTay_039	Sde-CTay_039-mus	muscle	
Sde-CTay_040	Sde-CTay_040-mus	muscle	
Sde-CTay_041	Sde-CTay_041-mus	muscle	
Sde-CTay_042	Sde-CTay_042-mus	muscle	
Sde-CTay_043	Sde-CTay_043-mus	muscle	
Sde-CTay_044	Sde-CTay_044-mus	muscle	
Sde-CTay_045	Sde-CTay_045-mus	muscle	
Sde-CTay_046	Sde-CTay_046-mus	muscle	
Sde-CTay_047	Sde-CTay_047-mus	muscle	
Sde-CTay_048	Sde-CTay_048-mus	muscle	
Sde-CTay_049	Sde-CTay_049-mus	muscle	
Sde-CTay_050	Sde-CTay_050-mus	muscle	
Sde-CTay_051	Sde-CTay_051-mus	muscle	
Sde-CTay_052	Sde-CTay_052-mus	muscle	
Sde-CTay_053	Sde-CTay_053-mus	muscle	
Sde-CTay_054	Sde-CTay_054-mus	muscle	
Sde-CTay_055	Sde-CTay_055-mus	muscle	
Sde-CTay_056	Sde-CTay_056-mus	muscle	
Sde-CTay_057	Sde-CTay_057-mus	muscle	
Sde-CTay_058	Sde-CTay_058-mus	muscle	
Sde-CTay_059	Sde-CTay_059-mus	muscle	
Sde-CTay_060	Sde-CTay_060-mus	muscle	
Sde-CTay_061	Sde-CTay_061-mus	muscle	
Sde-CTay_062	Sde-CTay_062-mus	muscle	
Sde-CTay_063	Sde-CTay_063-mus	muscle	
Sde-CTay_064	Sde-CTay_064-mus	muscle	
Sde-CTay_065	Sde-CTay_065-mus	muscle	
Sde-CTay_066	Sde-CTay_066-mus	muscle	
Sde-CTay_067	Sde-CTay_067-mus	muscle	
Sde-CTay_068	Sde-CTay_068-mus	muscle	
Sde-CTay_069	Sde-CTay_069-mus	muscle	
Sde-CTay_070	Sde-CTay_070-mus	muscle	
Sde-CTay_071	Sde-CTay_071-mus	muscle	
Sde-CTay_072	Sde-CTay_072-mus	muscle	
Sde-CTay_073	Sde-CTay_073-mus	muscle	
Sde-CTay_074	Sde-CTay_074-mus	muscle	
Sde-CTay_075	Sde-CTay_075-mus	muscle	
Sde-CTay_076	Sde-CTay_076-mus	muscle	
Sde-CTay_077	Sde-CTay_077-mus	muscle	
Sde-CTay_078	Sde-CTay_078-mus	muscle	
Sde-CTay_079	Sde-CTay_079-mus	muscle	
Sde-CTay_080	Sde-CTay_080-mus	muscle	
Sde-CTay_081	Sde-CTay_081-mus	muscle	
Sde-CTay_082	Sde-CTay_082-mus	muscle	
Sde-CTay_083	Sde-CTay_083-mus	muscle	
Sde-CTay_084	Sde-CTay_084-mus	muscle	
Sde-CTay_085	Sde-CTay_085-mus	muscle	
Sde-CTay_086	Sde-CTay_086-mus	muscle	
Sde-CTay_087	Sde-CTay_087-mus	muscle	
Sde-CTay_088	Sde-CTay_088-mus	muscle	
Sde-CTay_089	Sde-CTay_089-mus	muscle	
Sde-CTay_090	Sde-CTay_090-mus	muscle	
Sde-CTay_091	Sde-CTay_091-mus	muscle	
Sde-CTay_092	Sde-CTay_092-mus	muscle	
Sde-CTay_093	Sde-CTay_093-mus	muscle	
Sde-CTay_094	Sde-CTay_094-mus	muscle	
Sde-CTay_095	Sde-CTay_095-mus	muscle	
Sde-CTay_096	Sde-CTay_096-mus	muscle	
Sde-CTum_001	Sde-CTum_001-mus	muscle	
Sde-CTum_002	Sde-CTum_002-mus	muscle	
Sde-CTum_003	Sde-CTum_003-mus	muscle	
Sde-CTum_004	Sde-CTum_004-mus	muscle	
Sde-CTum_005	Sde-CTum_005-mus	muscle	
Sde-CTum_006	Sde-CTum_006-mus	muscle	
Sde-CTum_007	Sde-CTum_007-mus	muscle	
Sde-CTum_008	Sde-CTum_008-mus	muscle	
Sde-CTum_009	Sde-CTum_009-mus	muscle	
Sde-CTum_010	Sde-CTum_010-mus	muscle	
Sde-CTum_011	Sde-CTum_011-mus	muscle	
Sde-CTum_012	Sde-CTum_012-mus	muscle	
Sde-CTum_013	Sde-CTum_013-mus	muscle	
Sde-CTum_014	Sde-CTum_014-mus	muscle	
Sde-CTum_015	Sde-CTum_015-mus	muscle	
Sde-CTum_016	Sde-CTum_016-mus	muscle	
Sde-CTum_017	Sde-CTum_017-mus	muscle	
Sde-CTum_018	Sde-CTum_018-mus	muscle	
Sde-CTum_019	Sde-CTum_019-mus	muscle	
Sde-CTum_020	Sde-CTum_020-mus	muscle	
Sde-CTum_021	Sde-CTum_021-mus	muscle	
Sde-CTum_022	Sde-CTum_022-mus	muscle	
Sde-CTum_023	Sde-CTum_023-mus	muscle	
Sde-CTum_024	Sde-CTum_024-mus	muscle	
Sde-CTum_025	Sde-CTum_025-mus	muscle	
Sde-CTum_026	Sde-CTum_026-mus	muscle	
Sde-CTum_027	Sde-CTum_027-mus	muscle	
Sde-CTum_028	Sde-CTum_028-mus	muscle	
Sde-CTum_029	Sde-CTum_029-mus	muscle	
Sde-CTum_030	Sde-CTum_030-mus	muscle	
Sde-CTum_031	Sde-CTum_031-mus	muscle	
Sde-CTum_032	Sde-CTum_032-mus	muscle	
Sde-CTum_033	Sde-CTum_033-mus	muscle	
Sde-CTum_034	Sde-CTum_034-mus	muscle	
Sde-CTum_035	Sde-CTum_035-mus	muscle	
Sde-CTum_036	Sde-CTum_036-mus	muscle	
Sde-CTum_037	Sde-CTum_037-mus	muscle	
Sde-CTum_038	Sde-CTum_038-mus	muscle	
Sde-CTum_039	Sde-CTum_039-mus	muscle	
Sde-CTum_040	Sde-CTum_040-mus	muscle	
Sde-CTum_041	Sde-CTum_041-mus	muscle	
Sde-CTum_042	Sde-CTum_042-mus	muscle	
Sde-CTum_043	Sde-CTum_043-mus	muscle	
Sde-CTum_044	Sde-CTum_044-mus	muscle	
Sde-CTum_045	Sde-CTum_045-mus	muscle	
Sde-CTum_046	Sde-CTum_046-mus	muscle	
Sde-CTum_047	Sde-CTum_047-mus	muscle	
Sde-CTum_048	Sde-CTum_048-mus	muscle	
Sde-CTum_049	Sde-CTum_049-mus	muscle	
Sde-CTum_050	Sde-CTum_050-mus	muscle	
Sde-CTum_051	Sde-CTum_051-mus	muscle	
Sde-CTum_052	Sde-CTum_052-mus	muscle	
Sde-CTum_053	Sde-CTum_053-mus	muscle	
Sde-CTum_054	Sde-CTum_054-mus	muscle	
Sde-CTum_055	Sde-CTum_055-mus	muscle	
Sde-CTum_056	Sde-CTum_056-mus	muscle	
Sde-CTum_057	Sde-CTum_057-mus	muscle	
Sde-CTum_058	Sde-CTum_058-mus	muscle	
Sde-CTum_059	Sde-CTum_059-mus	muscle	
Sde-CTum_060	Sde-CTum_060-mus	muscle	
Sde-CTum_061	Sde-CTum_061-mus	muscle	
Sde-CTum_062	Sde-CTum_062-mus	muscle	
Sde-CTum_063	Sde-CTum_063-mus	muscle	
Sde-CTum_064	Sde-CTum_064-mus	muscle	
Sde-CTum_065	Sde-CTum_065-mus	muscle	
Sde-CTum_066	Sde-CTum_066-mus	muscle	
Sde-CTum_067	Sde-CTum_067-mus	muscle	
Sde-CTum_068	Sde-CTum_068-mus	muscle	
Sde-CTum_069	Sde-CTum_069-mus	muscle	
Sde-CTum_070	Sde-CTum_070-mus	muscle	
Sde-CTum_071	Sde-CTum_071-mus	muscle	
Sde-CTum_072	Sde-CTum_072-mus	muscle	
Sde-CTum_073	Sde-CTum_073-mus	muscle	
Sde-CTum_074	Sde-CTum_074-mus	muscle	
Sde-CTum_075	Sde-CTum_075-mus	muscle	
Sde-CTum_076	Sde-CTum_076-mus	muscle	
Sde-CTum_077	Sde-CTum_077-mus	muscle	
Sde-CTum_078	Sde-CTum_078-mus	muscle	
Sde-CTum_079	Sde-CTum_079-mus	muscle	
Sde-CTum_080	Sde-CTum_080-mus	muscle	
Sde-CTum_081	Sde-CTum_081-mus	muscle	
Sde-CTum_082	Sde-CTum_082-mus	muscle	
Sde-CTum_083	Sde-CTum_083-mus	muscle	
Sde-CTum_084	Sde-CTum_084-mus	muscle	
Sde-CTum_085	Sde-CTum_085-mus	muscle	
Sde-CTum_086	Sde-CTum_086-mus	muscle	
Sde-CTum_087	Sde-CTum_087-mus	muscle	
Sde-CTum_088	Sde-CTum_088-mus	muscle	
Sde-CTum_089	Sde-CTum_089-mus	muscle	
Sde-CTum_090	Sde-CTum_090-mus	muscle	
Sde-CTum_091	Sde-CTum_091-mus	muscle	
Sde-CTum_092	Sde-CTum_092-mus	muscle	
Sde-CTum_093	Sde-CTum_093-mus	muscle	
Sde-CTum_094	Sde-CTum_094-mus	muscle	
Sde-CTum_095	Sde-CTum_095-mus	muscle	
Sde-CTum_096	Sde-CTum_096-mus	muscle	
Sde-CVal_001	Sde-CVal_001-mus	muscle	
Sde-CVal_002	Sde-CVal_002-mus	muscle	
Sde-CVal_003	Sde-CVal_003-mus	muscle	
Sde-CVal_004	Sde-CVal_004-mus	muscle	
Sde-CVal_005	Sde-CVal_005-mus	muscle	
Sde-CVal_006	Sde-CVal_006-mus	muscle	
Sde-CVal_007	Sde-CVal_007-mus	muscle	
Sde-CVal_008	Sde-CVal_008-mus	muscle	
Sde-CVal_009	Sde-CVal_009-mus	muscle	
Sde-CVal_010	Sde-CVal_010-mus	muscle	
Sde-CVal_011	Sde-CVal_011-mus	muscle	
Sde-CVal_012	Sde-CVal_012-mus	muscle	
Sde-CVal_013	Sde-CVal_013-mus	muscle	
Sde-CVal_014	Sde-CVal_014-mus	muscle	
Sde-CVal_015	Sde-CVal_015-mus	muscle	
Sde-CVal_016	Sde-CVal_016-mus	muscle	
Sde-CVal_017	Sde-CVal_017-mus	muscle	
Sde-CVal_018	Sde-CVal_018-mus	muscle	
Sde-CVal_019	Sde-CVal_019-mus	muscle	
Sde-CVal_020	Sde-CVal_020-mus	muscle	
Sde-CVal_021	Sde-CVal_021-mus	muscle	
Sde-CVal_022	Sde-CVal_022-mus	muscle	
Sde-CVal_023	Sde-CVal_023-mus	muscle	
Sde-CVal_024	Sde-CVal_024-mus	muscle	
Sde-CVal_025	Sde-CVal_025-mus	muscle	
Sde-CVal_026	Sde-CVal_026-mus	muscle	
Sde-CVal_027	Sde-CVal_027-mus	muscle	
Sde-CVal_028	Sde-CVal_028-mus	muscle	
Sde-CVal_029	Sde-CVal_029-mus	muscle	
Sde-CVal_030	Sde-CVal_030-mus	muscle	
Sde-CVal_031	Sde-CVal_031-mus	muscle	
Sde-CVal_032	Sde-CVal_032-mus	muscle	
Sde-CVal_033	Sde-CVal_033-mus	muscle	
Sde-CVal_034	Sde-CVal_034-mus	muscle	
Sde-CVal_035	Sde-CVal_035-mus	muscle	
Sde-CVal_036	Sde-CVal_036-mus	muscle	
Sde-CVal_037	Sde-CVal_037-mus	muscle	
Sde-CVal_038	Sde-CVal_038-mus	muscle	
Sde-CVal_039	Sde-CVal_039-mus	muscle	
Sde-CVal_040	Sde-CVal_040-mus	muscle	
Sde-CVal_041	Sde-CVal_041-mus	muscle	
Sde-CVal_042	Sde-CVal_042-mus	muscle	
Sde-CVal_043	Sde-CVal_043-mus	muscle	
Sde-CVal_044	Sde-CVal_044-mus	muscle	
Sde-CVal_045	Sde-CVal_045-mus	muscle	
Sde-CVal_046	Sde-CVal_046-mus	muscle	
Sde-CVal_047	Sde-CVal_047-mus	muscle	
Sde-CVal_048	Sde-CVal_048-mus	muscle	
Sde-CVal_049	Sde-CVal_049-mus	muscle	
Sde-CVal_050	Sde-CVal_050-mus	muscle	
Sde-CVal_051	Sde-CVal_051-mus	muscle	
Sde-CVal_052	Sde-CVal_052-mus	muscle	
Sde-CVal_053	Sde-CVal_053-mus	muscle	
Sde-CVal_054	Sde-CVal_054-mus	muscle	
Sde-CVal_055	Sde-CVal_055-mus	muscle	
Sde-CVal_056	Sde-CVal_056-mus	muscle	
Sde-CVal_057	Sde-CVal_057-mus	muscle	
Sde-CVal_058	Sde-CVal_058-mus	muscle	
Sde-CVal_059	Sde-CVal_059-mus	muscle	
Sde-CVal_060	Sde-CVal_060-mus	muscle	
Sde-CVal_061	Sde-CVal_061-mus	muscle	
Sde-CVal_062	Sde-CVal_062-mus	muscle	
Sde-CVal_063	Sde-CVal_063-mus	muscle	
Sde-CVal_064	Sde-CVal_064-mus	muscle	
Sde-CVal_065	Sde-CVal_065-mus	muscle	
Sde-CVal_066	Sde-CVal_066-mus	muscle	
Sde-CVal_067	Sde-CVal_067-mus	muscle	
Sde-CVal_068	Sde-CVal_068-mus	muscle	
Sde-CVal_069	Sde-CVal_069-mus	muscle	
Sde-CVal_070	Sde-CVal_070-mus	muscle	
Sde-CVal_071	Sde-CVal_071-mus	muscle	
Sde-CVal_072	Sde-CVal_072-mus	muscle	
Sde-CVal_073	Sde-CVal_073-mus	muscle	
Sde-CVal_074	Sde-CVal_074-mus	muscle	
Sde-CVal_075	Sde-CVal_075-mus	muscle	
Sde-CVal_076	Sde-CVal_076-mus	muscle	
Sde-CVal_077	Sde-CVal_077-mus	muscle	
Sde-CVal_078	Sde-CVal_078-mus	muscle	
Sde-CVal_079	Sde-CVal_079-mus	muscle	
Sde-CVal_080	Sde-CVal_080-mus	muscle	
Sde-CVal_081	Sde-CVal_081-mus	muscle	
Sde-CVal_082	Sde-CVal_082-mus	muscle	
Sde-CVal_083	Sde-CVal_083-mus	muscle	
Sde-CVal_084	Sde-CVal_084-mus	muscle	
Sde-CVal_085	Sde-CVal_085-mus	muscle	
Sde-CVal_086	Sde-CVal_086-mus	muscle	
Sde-CVal_087	Sde-CVal_087-mus	muscle	
Sde-CVal_088	Sde-CVal_088-mus	muscle	
Sde-CVal_089	Sde-CVal_089-mus	muscle	
Sde-CVal_090	Sde-CVal_090-mus	muscle	
Sde-CVal_091	Sde-CVal_091-mus	muscle	
Sde-CVal_092	Sde-CVal_092-mus	muscle	
Sde-CVal_093	Sde-CVal_093-mus	muscle	
Sde-CVal_094	Sde-CVal_094-mus	muscle	
Sde-CVal_095	Sde-CVal_095-mus	muscle	
Sde-CVal_096	Sde-CVal_096-mus	muscle	
Sfa-ABas_001	Sfa-ABas_001-mus	muscle	
Sfa-ABas_002	Sfa-ABas_002-mus	muscle	
Sfa-ABas_003	Sfa-ABas_003-mus	muscle	
Sfa-ABas_004	Sfa-ABas_004-mus	muscle	
Sfa-ABas_005	Sfa-ABas_005-mus	muscle	
Sfa-ABas_006	Sfa-ABas_006-mus	muscle	
Sfa-ABas_007	Sfa-ABas_007-mus	muscle	
Sfa-ABas_008	Sfa-ABas_008-mus	muscle	
Sfa-ABas_009	Sfa-ABas_009-mus	muscle	
Sfa-ABas_010	Sfa-ABas_010-mus	muscle	
Sfa-ABas_011	Sfa-ABas_011-mus	muscle	
Sfa-ABas_012	Sfa-ABas_012-mus	muscle	
Sfa-ABas_013	Sfa-ABas_013-mus	muscle	
Sfa-ABas_014	Sfa-ABas_014-mus	muscle	
Sfa-ABas_015	Sfa-ABas_015-mus	muscle	
Sfa-ABas_016	Sfa-ABas_016-mus	muscle	
Sfa-ABas_017	Sfa-ABas_017-mus	muscle	
Sfa-ABas_018	Sfa-ABas_018-mus	muscle	
Sfa-ABas_019	Sfa-ABas_019-mus	muscle	
Sfa-ABas_020	Sfa-ABas_020-mus	muscle	
Sfa-ABas_021	Sfa-ABas_021-mus	muscle	
Sfa-ABas_022	Sfa-ABas_022-mus	muscle	
Sfa-ABas_023	Sfa-ABas_023-mus	muscle	
Sfa-ABas_024	Sfa-ABas_024-mus	muscle	
Sfa-ABas_025	Sfa-ABas_025-mus	muscle	
Sfa-ABas_026	Sfa-ABas_026-mus	muscle	
Sfa-ABas_027	Sfa-ABas_027-mus	muscle	
Sfa-ABas_028	Sfa-ABas_028-mus	muscle	
Sfa-ABas_029	Sfa-ABas_029-mus	muscle	
Sfa-ABas_030	Sfa-ABas_030-mus	muscle	
Sfa-ABas_031	Sfa-ABas_031-mus	muscle	
Sfa-ABas_032	Sfa-ABas_032-mus	muscle	
Sfa-ABas_033	Sfa-ABas_033-mus	muscle	
Sfa-ABas_034	Sfa-ABas_034-mus	muscle	
Sfa-ABas_035	Sfa-ABas_035-mus	muscle	
Sfa-ABas_036	Sfa-ABas_036-mus	muscle	
Sfa-CBas_001	Sfa-CBas_001-mus	muscle	
Sfa-CBas_002	Sfa-CBas_002-mus	muscle	
Sfa-CBas_003	Sfa-CBas_003-mus	muscle	
Sfa-CBas_004	Sfa-CBas_004-mus	muscle	
Sfa-CBas_005	Sfa-CBas_005-mus	muscle	
Sfa-CBas_006	Sfa-CBas_006-mus	muscle	
Sfa-CBas_007	Sfa-CBas_007-mus	muscle	
Sfa-CBas_008	Sfa-CBas_008-mus	muscle	
Sfa-CBas_009	Sfa-CBas_009-mus	muscle	
Sfa-CBas_010	Sfa-CBas_010-mus	muscle	
Sfa-CBas_011	Sfa-CBas_011-mus	muscle	
Sfa-CBas_012	Sfa-CBas_012-mus	muscle	
Sfa-CBas_013	Sfa-CBas_013-mus	muscle	
Sfa-CBas_014	Sfa-CBas_014-mus	muscle	
Sfa-CBas_015	Sfa-CBas_015-mus	muscle	
Sfa-CBas_016	Sfa-CBas_016-mus	muscle	
Sfa-CBas_017	Sfa-CBas_017-mus	muscle	
Sfa-CBas_018	Sfa-CBas_018-mus	muscle	
Sfa-CBas_019	Sfa-CBas_019-mus	muscle	
Sfa-CBas_020	Sfa-CBas_020-mus	muscle	
Sfa-CBas_021	Sfa-CBas_021-mus	muscle	
Sfa-CBas_022	Sfa-CBas_022-mus	muscle	
Sfa-CBas_023	Sfa-CBas_023-mus	muscle	
Sfa-CBas_024	Sfa-CBas_024-mus	muscle	
Sfa-CBas_025	Sfa-CBas_025-mus	muscle	
Sfa-CBas_026	Sfa-CBas_026-mus	muscle	
Sfa-CBas_027	Sfa-CBas_027-mus	muscle	
Sfa-CBas_028	Sfa-CBas_028-mus	muscle	
Sfa-CBas_029	Sfa-CBas_029-mus	muscle	
Sfa-CBas_030	Sfa-CBas_030-mus	muscle	
Sfa-CBas_031	Sfa-CBas_031-mus	muscle	
Sfa-CBas_032	Sfa-CBas_032-mus	muscle	
Sfa-CBas_033	Sfa-CBas_033-mus	muscle	
Sfa-CBas_034	Sfa-CBas_034-mus	muscle	
Sfa-CBas_035	Sfa-CBas_035-mus	muscle	
Sfa-CBas_036	Sfa-CBas_036-mus	muscle	
Sfa-CBas_037	Sfa-CBas_037-mus	muscle	
Sfa-CBas_038	Sfa-CBas_038-mus	muscle	
Sfa-CBas_039	Sfa-CBas_039-mus	muscle	
Sfa-CBas_040	Sfa-CBas_040-mus	muscle	
Sfa-CBas_041	Sfa-CBas_041-mus	muscle	
Sfa-CBas_042	Sfa-CBas_042-mus	muscle	
Sfa-CBas_043	Sfa-CBas_043-mus	muscle	
Sfa-CBas_044	Sfa-CBas_044-mus	muscle	
Sfa-CBas_045	Sfa-CBas_045-mus	muscle	
Sfa-CBas_046	Sfa-CBas_046-mus	muscle	
Sfa-CBas_047	Sfa-CBas_047-mus	muscle	
Sfa-CBas_048	Sfa-CBas_048-mus	muscle	
Sfa-CBas_049	Sfa-CBas_049-mus	muscle	
Sfa-CBas_050	Sfa-CBas_050-mus	muscle	
Sfa-CBas_051	Sfa-CBas_051-mus	muscle	
Sfa-CBas_052	Sfa-CBas_052-mus	muscle	
Sfa-CBas_053	Sfa-CBas_053-mus	muscle	
Sfa-CBas_054	Sfa-CBas_054-mus	muscle	
Sfa-CBas_055	Sfa-CBas_055-mus	muscle	
Sfa-CBas_056	Sfa-CBas_056-mus	muscle	
Sfa-CBas_057	Sfa-CBas_057-mus	muscle	
Sfa-CBas_058	Sfa-CBas_058-mus	muscle	
Sfa-CBas_059	Sfa-CBas_059-mus	muscle	
Sfa-CBas_060	Sfa-CBas_060-mus	muscle	
Sfa-CBas_061	Sfa-CBas_061-mus	muscle	
Sfa-CBas_062	Sfa-CBas_062-mus	muscle	
Sfa-CBas_063	Sfa-CBas_063-mus	muscle	
Sfa-CBas_064	Sfa-CBas_064-mus	muscle	
Sfa-CBas_065	Sfa-CBas_065-mus	muscle	
Sfa-CBas_066	Sfa-CBas_066-mus	muscle	
Sfa-CBas_067	Sfa-CBas_067-mus	muscle	
Sfa-CBas_068	Sfa-CBas_068-mus	muscle	
Sfa-CBas_069	Sfa-CBas_069-mus	muscle	
Sfa-CBas_070	Sfa-CBas_070-mus	muscle	
Sfa-CBas_071	Sfa-CBas_071-mus	muscle	
Sfa-CBas_072	Sfa-CBas_072-mus	muscle	
Sfa-CBas_073	Sfa-CBas_073-mus	muscle	
Sfa-CBas_074	Sfa-CBas_074-mus	muscle	
Sfa-CBas_075	Sfa-CBas_075-mus	muscle	
Sfa-CBas_076	Sfa-CBas_076-mus	muscle	
Sfa-CBas_077	Sfa-CBas_077-mus	muscle	
Sfa-CBas_078	Sfa-CBas_078-mus	muscle	
Sfa-CBas_079	Sfa-CBas_079-mus	muscle	
Sfa-CBas_080	Sfa-CBas_080-mus	muscle	
Sfa-CBas_081	Sfa-CBas_081-mus	muscle	
Sfa-CBas_082	Sfa-CBas_082-mus	muscle	
Sfa-CBas_083	Sfa-CBas_083-mus	muscle	
Sfa-CBas_084	Sfa-CBas_084-mus	muscle	
Sfa-CBas_085	Sfa-CBas_085-mus	muscle	
Sfa-CBas_086	Sfa-CBas_086-mus	muscle	
Sfa-CBas_087	Sfa-CBas_087-mus	muscle	
Sfa-CBas_088	Sfa-CBas_088-mus	muscle	
Sfa-CBas_089	Sfa-CBas_089-mus	muscle	
Sfa-CBas_090	Sfa-CBas_090-mus	muscle	
Sfa-CBas_091	Sfa-CBas_091-mus	muscle	
Sfa-CBas_092	Sfa-CBas_092-mus	muscle	
Sfa-CBas_093	Sfa-CBas_093-mus	muscle	
Sfa-CBas_094	Sfa-CBas_094-mus	muscle	
Sfa-CBas_095	Sfa-CBas_095-mus	muscle	
Sfa-CBas_096	Sfa-CBas_096-mus	muscle	
Sfu-ABai_001	Sfu-ABai_001-mus	muscle	
Sfu-ABai_002	Sfu-ABai_002-mus	muscle	
Sfu-ABai_003	Sfu-ABai_003-mus	muscle	
Sfu-ABai_004	Sfu-ABai_004-mus	muscle	
Sfu-ABai_005	Sfu-ABai_005-mus	muscle	
Sfu-ABai_006	Sfu-ABai_006-mus	muscle	
Sfu-ABai_007	Sfu-ABai_007-mus	muscle	
Sfu-ABai_008	Sfu-ABai_008-mus	muscle	
Sfu-ABai_009	Sfu-ABai_009-mus	muscle	
Sfu-ABai_010	Sfu-ABai_010-mus	muscle	
Sfu-ABai_011	Sfu-ABai_011-mus	muscle	
Sfu-ABai_012	Sfu-ABai_012-mus	muscle	
Sfu-ABai_013	Sfu-ABai_013-mus	muscle	
Sfu-ABai_014	Sfu-ABai_014-mus	muscle	
Sfu-ABai_015	Sfu-ABai_015-mus	muscle	
Sfu-ABai_016	Sfu-ABai_016-mus	muscle	
Sfu-ABai_017	Sfu-ABai_017-mus	muscle	
Sfu-ABai_018	Sfu-ABai_018-mus	muscle	
Sfu-ABai_019	Sfu-ABai_019-mus	muscle	
Sfu-ABai_020	Sfu-ABai_020-mus	muscle	
Sfu-ABai_021	Sfu-ABai_021-mus	muscle	
Sfu-ABai_022	Sfu-ABai_022-mus	muscle	
Sfu-ABai_023	Sfu-ABai_023-mus	muscle	
Sfu-ABai_024	Sfu-ABai_024-mus	muscle	
Sfu-ABai_025	Sfu-ABai_025-mus	muscle	
Sfu-ABai_026	Sfu-ABai_026-mus	muscle	
Sfu-ABai_027	Sfu-ABai_027-mus	muscle	
Sfu-ABai_028	Sfu-ABai_028-mus	muscle	
Sfu-ABai_029	Sfu-ABai_029-mus	muscle	
Sfu-ABai_030	Sfu-ABai_030-mus	muscle	
Sfu-ABai_031	Sfu-ABai_031-mus	muscle	
Sfu-ABai_032	Sfu-ABai_032-mus	muscle	
Sfu-ABai_033	Sfu-ABai_033-mus	muscle	
Sfu-ABai_034	Sfu-ABai_034-mus	muscle	
Sfu-ABai_035	Sfu-ABai_035-mus	muscle	
Sfu-ABai_036	Sfu-ABai_036-mus	muscle	
Sfu-ABai_037	Sfu-ABai_037-mus	muscle	
Sfu-ABai_038	Sfu-ABai_038-mus	muscle	
Sfu-ABai_039	Sfu-ABai_039-mus	muscle	
Sfu-ABai_040	Sfu-ABai_040-mus	muscle	
Sfu-ABai_041	Sfu-ABai_041-mus	muscle	
Sfu-ABai_042	Sfu-ABai_042-mus	muscle	
Sfu-ABai_043	Sfu-ABai_043-mus	muscle	
Sfu-ABai_044	Sfu-ABai_044-mus	muscle	
Sfu-ABai_045	Sfu-ABai_045-mus	muscle	
Sfu-ABai_046	Sfu-ABai_046-mus	muscle	
Sfu-ABai_047	Sfu-ABai_047-mus	muscle	
Sfu-ABai_048	Sfu-ABai_048-mus	muscle	
Sfu-ABai_049	Sfu-ABai_049-mus	muscle	
Sfu-ABai_050	Sfu-ABai_050-mus	muscle	
Sfu-ABai_051	Sfu-ABai_051-mus	muscle	
Sfu-ABai_052	Sfu-ABai_052-mus	muscle	
Sfu-ABai_053	Sfu-ABai_053-mus	muscle	
Sfu-ABai_054	Sfu-ABai_054-mus	muscle	
Sfu-ABai_055	Sfu-ABai_055-mus	muscle	
Sfu-ABai_056	Sfu-ABai_056-mus	muscle	
Sfu-ABai_057	Sfu-ABai_057-mus	muscle	
Sfu-ABai_058	Sfu-ABai_058-mus	muscle	
Sfu-ABai_059	Sfu-ABai_059-mus	muscle	
Sfu-ABai_060	Sfu-ABai_060-mus	muscle	
Sfu-ABai_061	Sfu-ABai_061-mus	muscle	
Sfu-ABai_062	Sfu-ABai_062-mus	muscle	
Sfu-ABai_063	Sfu-ABai_063-mus	muscle	
Sfu-ABai_064	Sfu-ABai_064-mus	muscle	
Sfu-ABai_065	Sfu-ABai_065-mus	muscle	
Sfu-ABai_066	Sfu-ABai_066-mus	muscle	
Sfu-ABai_067	Sfu-ABai_067-mus	muscle	
Sfu-ABai_068	Sfu-ABai_068-mus	muscle	
Sfu-ABai_069	Sfu-ABai_069-mus	muscle	
Sfu-ABai_070	Sfu-ABai_070-mus	muscle	
Sfu-ABai_071	Sfu-ABai_071-mus	muscle	
Sfu-ABai_072	Sfu-ABai_072-mus	muscle	
Sfu-ABai_073	Sfu-ABai_073-mus	muscle	
Sfu-ABai_074	Sfu-ABai_074-mus	muscle	
Sfu-ABai_075	Sfu-ABai_075-mus	muscle	
Sfu-ABai_076	Sfu-ABai_076-mus	muscle	
Sfu-ABai_077	Sfu-ABai_077-mus	muscle	
Sfu-ABai_078	Sfu-ABai_078-mus	muscle	
Sfu-ABai_079	Sfu-ABai_079-mus	muscle	
Sfu-ABai_080	Sfu-ABai_080-mus	muscle	
Sfu-ABai_081	Sfu-ABai_081-mus	muscle	
Sfu-ABai_082	Sfu-ABai_082-mus	muscle	
Sfu-ABai_083	Sfu-ABai_083-mus	muscle	
Sfu-ABai_084	Sfu-ABai_084-mus	muscle	
Sfu-ABai_085	Sfu-ABai_085-mus	muscle	
Sfu-ABai_086	Sfu-ABai_086-mus	muscle	
Sfu-ABai_087	Sfu-ABai_087-mus	muscle	
Sfu-ABai_088	Sfu-ABai_088-mus	muscle	
Sfu-ABai_089	Sfu-ABai_089-mus	muscle	
Sfu-ABai_090	Sfu-ABai_090-mus	muscle	
Sfu-ABai_091	Sfu-ABai_091-mus	muscle	
Sfu-ABai_092	Sfu-ABai_092-mus	muscle	
Sfu-ABai_093	Sfu-ABai_093-mus	muscle	
Sfu-ABai_094	Sfu-ABai_094-mus	muscle	
Sfu-ABai_095	Sfu-ABai_095-mus	muscle	
Sfu-ABai_096	Sfu-ABai_096-mus	muscle	
Sfu-ABai_097	Sfu-ABai_097-mus	muscle	
Sfu-ABai_098	Sfu-ABai_098-mus	muscle	
Sfu-ABai_099	Sfu-ABai_099-mus	muscle	
Sfu-ABai_100	Sfu-ABai_100-mus	muscle	
Sfu-ABai_105	Sfu-ABai_105-mus	muscle	
Sfu-ABai_106	Sfu-ABai_106-mus	muscle	
Sfu-ABai_107	Sfu-ABai_107-mus	muscle	
Sfu-ABai_108	Sfu-ABai_108-mus	muscle	
Sfu-ABai_109	Sfu-ABai_109-mus	muscle	
Sfu-ABai_110	Sfu-ABai_110-mus	muscle	
Sfu-ABai_111	Sfu-ABai_111-mus	muscle	
Sfu-ABai_112	Sfu-ABai_112-mus	muscle	
Sfu-ABai_113	Sfu-ABai_113-mus	muscle	
Sfu-ABai_114	Sfu-ABai_114-mus	muscle	
Sfu-ABai_115	Sfu-ABai_115-mus	muscle	
Sfu-ABai_116	Sfu-ABai_116-mus	muscle	
Sfu-ABai_117	Sfu-ABai_117-mus	muscle	
Sfu-ABai_118	Sfu-ABai_118-mus	muscle	
Sfu-ABai_119	Sfu-ABai_119-mus	muscle	
Sfu-ABai_120	Sfu-ABai_120-mus	muscle	
Sfu-AGal_001	Sfu-AGal_001-mus	muscle	
Sfu-AGal_002	Sfu-AGal_002-mus	muscle	
Sfu-AGal_003	Sfu-AGal_003-mus	muscle	
Sfu-AGal_004	Sfu-AGal_004-mus	muscle	
Sfu-AGal_005	Sfu-AGal_005-mus	muscle	
Sfu-AGal_006	Sfu-AGal_006-mus	muscle	
Sfu-AGal_007	Sfu-AGal_007-mus	muscle	
Sfu-AGal_008	Sfu-AGal_008-mus	muscle	
Sfu-AGal_009	Sfu-AGal_009-mus	muscle	
Sfu-AGal_010	Sfu-AGal_010-mus	muscle	
Sfu-AGal_011	Sfu-AGal_011-mus	muscle	
Sfu-CBai_001	Sfu-CBai_001-mus	muscle	
Sfu-CBai_002	Sfu-CBai_002-mus	muscle	
Sfu-CBai_003	Sfu-CBai_003-mus	muscle	
Sfu-CBai_004	Sfu-CBai_004-mus	muscle	
Sfu-CBai_005	Sfu-CBai_005-mus	muscle	
Sfu-CBai_006	Sfu-CBai_006-mus	muscle	
Sfu-CBai_007	Sfu-CBai_007-mus	muscle	
Sfu-CBai_008	Sfu-CBai_008-mus	muscle	
Sfu-CBai_009	Sfu-CBai_009-mus	muscle	
Sfu-CBai_010	Sfu-CBai_010-mus	muscle	
Sfu-CBai_011	Sfu-CBai_011-mus	muscle	
Sfu-CBai_012	Sfu-CBai_012-mus	muscle	
Sfu-CBai_013	Sfu-CBai_013-mus	muscle	
Sfu-CBai_014	Sfu-CBai_014-mus	muscle	
Sfu-CBai_015	Sfu-CBai_015-mus	muscle	
Sfu-CBai_016	Sfu-CBai_016-mus	muscle	
Sfu-CBai_017	Sfu-CBai_017-mus	muscle	
Sfu-CBai_018	Sfu-CBai_018-mus	muscle	
Sfu-CBai_019	Sfu-CBai_019-mus	muscle	
Sfu-CBai_020	Sfu-CBai_020-mus	muscle	
Sfu-CBai_021	Sfu-CBai_021-mus	muscle	
Sfu-CBai_022	Sfu-CBai_022-mus	muscle	
Sfu-CBai_023	Sfu-CBai_023-mus	muscle	
Sfu-CBai_024	Sfu-CBai_024-mus	muscle	
Sfu-CBai_025	Sfu-CBai_025-mus	muscle	
Sfu-CBai_026	Sfu-CBai_026-mus	muscle	
Sfu-CBai_027	Sfu-CBai_027-mus	muscle	
Sfu-CBai_028	Sfu-CBai_028-mus	muscle	
Sfu-CBai_029	Sfu-CBai_029-mus	muscle	
Sfu-CBai_030	Sfu-CBai_030-mus	muscle	
Sfu-CBai_031	Sfu-CBai_031-mus	muscle	
Sfu-CBai_032	Sfu-CBai_032-mus	muscle	
Sfu-CBai_033	Sfu-CBai_033-mus	muscle	
Sfu-CBai_034	Sfu-CBai_034-mus	muscle	
Sfu-CBai_035	Sfu-CBai_035-mus	muscle	
Sfu-CBai_036	Sfu-CBai_036-mus	muscle	
Sfu-CBai_037	Sfu-CBai_037-mus	muscle	
Sfu-CBai_038	Sfu-CBai_038-mus	muscle	
Sfu-CBai_039	Sfu-CBai_039-mus	muscle	
Sfu-CBai_040	Sfu-CBai_040-mus	muscle	
Sfu-CBai_041	Sfu-CBai_041-mus	muscle	
Sfu-CBai_042	Sfu-CBai_042-mus	muscle	
Sfu-CBai_043	Sfu-CBai_043-mus	muscle	
Sfu-CBai_044	Sfu-CBai_044-mus	muscle	
Sfu-CBai_045	Sfu-CBai_045-mus	muscle	
Sfu-CBai_046	Sfu-CBai_046-mus	muscle	
Sfu-CBai_047	Sfu-CBai_047-mus	muscle	
Sfu-CBai_048	Sfu-CBai_048-mus	muscle	
Sfu-CBai_049	Sfu-CBai_049-mus	muscle	
Sfu-CBai_050	Sfu-CBai_050-mus	muscle	
Sfu-CBai_051	Sfu-CBai_051-mus	muscle	
Sfu-CBai_052	Sfu-CBai_052-mus	muscle	
Sfu-CBai_053	Sfu-CBai_053-mus	muscle	
Sfu-CBai_054	Sfu-CBai_054-mus	muscle	
Sfu-CBai_055	Sfu-CBai_055-mus	muscle	
Sfu-CBai_056	Sfu-CBai_056-mus	muscle	
Sfu-CBai_057	Sfu-CBai_057-mus	muscle	
Sfu-CBai_058	Sfu-CBai_058-mus	muscle	
Sfu-CBai_059	Sfu-CBai_059-mus	muscle	
Sfu-CBai_060	Sfu-CBai_060-mus	muscle	
Sfu-CBai_061	Sfu-CBai_061-mus	muscle	
Sfu-CBai_062	Sfu-CBai_062-mus	muscle	
Sfu-CBai_063	Sfu-CBai_063-mus	muscle	
Sfu-CBai_064	Sfu-CBai_064-mus	muscle	
Sfu-CBai_065	Sfu-CBai_065-mus	muscle	
Sfu-CBai_066	Sfu-CBai_066-mus	muscle	
Sfu-CBai_067	Sfu-CBai_067-mus	muscle	
Sfu-CBai_068	Sfu-CBai_068-mus	muscle	
Sfu-CBai_069	Sfu-CBai_069-mus	muscle	
Sfu-CBai_070	Sfu-CBai_070-mus	muscle	
Sfu-CBai_071	Sfu-CBai_071-mus	muscle	
Sfu-CBai_072	Sfu-CBai_072-mus	muscle	
Sfu-CBai_073	Sfu-CBai_073-mus	muscle	
Sfu-CBai_074	Sfu-CBai_074-mus	muscle	
Sfu-CBai_075	Sfu-CBai_075-mus	muscle	
Sfu-CBai_076	Sfu-CBai_076-mus	muscle	
Sfu-CBai_077	Sfu-CBai_077-mus	muscle	
Sfu-CBai_078	Sfu-CBai_078-mus	muscle	
Sfu-CBai_079	Sfu-CBai_079-mus	muscle	
Sfu-CBai_080	Sfu-CBai_080-mus	muscle	
Sfu-CBai_081	Sfu-CBai_081-mus	muscle	
Sfu-CBai_082	Sfu-CBai_082-mus	muscle	
Sfu-CBai_083	Sfu-CBai_083-mus	muscle	
Sfu-CBai_084	Sfu-CBai_084-mus	muscle	
Sfu-CBai_085	Sfu-CBai_085-mus	muscle	
Sfu-CBai_086	Sfu-CBai_086-mus	muscle	
Sfu-CBai_087	Sfu-CBai_087-mus	muscle	
Sfu-CBai_088	Sfu-CBai_088-mus	muscle	
Sfu-CBai_089	Sfu-CBai_089-mus	muscle	
Sfu-CBai_090	Sfu-CBai_090-mus	muscle	
Sfu-CBai_091	Sfu-CBai_091-mus	muscle	
Sfu-CBai_092	Sfu-CBai_092-mus	muscle	
Sfu-CBai_093	Sfu-CBai_093-mus	muscle	
Sfu-CBai_094	Sfu-CBai_094-mus	muscle	
Sfu-CBai_095	Sfu-CBai_095-mus	muscle	
Sfu-CBai_096	Sfu-CBai_096-mus	muscle	
Sfu-CGal_001	Sfu-CGal_001-mus	muscle	
Sfu-CGal_002	Sfu-CGal_002-mus	muscle	
Sfu-CGal_003	Sfu-CGal_003-mus	muscle	
Sfu-CGal_004	Sfu-CGal_004-mus	muscle	
Sfu-CGal_005	Sfu-CGal_005-mus	muscle	
Sfu-CGal_006	Sfu-CGal_006-mus	muscle	
Sfu-CGal_007	Sfu-CGal_007-mus	muscle	
Sfu-CGal_008	Sfu-CGal_008-mus	muscle	
Sfu-CGal_009	Sfu-CGal_009-mus	muscle	
Sfu-CGal_010	Sfu-CGal_010-mus	muscle	
Sfu-CGal_011	Sfu-CGal_011-mus	muscle	
Sfu-CGal_012	Sfu-CGal_012-mus	muscle	
Sfu-CGal_013	Sfu-CGal_013-mus	muscle	
Sfu-CGal_014	Sfu-CGal_014-mus	muscle	
Sfu-CGal_015	Sfu-CGal_015-mus	muscle	
Sfu-CGal_016	Sfu-CGal_016-mus	muscle	
Sfu-CGal_017	Sfu-CGal_017-mus	muscle	
Sfu-CGal_018	Sfu-CGal_018-mus	muscle	
Sfu-CGal_019	Sfu-CGal_019-mus	muscle	
Sfu-CGal_020	Sfu-CGal_020-mus	muscle	
Sfu-CGal_021	Sfu-CGal_021-mus	muscle	
Sfu-CGal_022	Sfu-CGal_022-mus	muscle	
Sfu-CGal_023	Sfu-CGal_023-mus	muscle	
Sfu-CGal_024	Sfu-CGal_024-mus	muscle	
Sfu-CGal_025	Sfu-CGal_025-mus	muscle	
Sfu-CGal_026	Sfu-CGal_026-mus	muscle	
Sfu-CGal_027	Sfu-CGal_027-mus	muscle	
Sfu-CGal_028	Sfu-CGal_028-mus	muscle	
Sfu-CGal_029	Sfu-CGal_029-mus	muscle	
Sfu-CGal_030	Sfu-CGal_030-mus	muscle	
Sfu-CGal_031	Sfu-CGal_031-mus	muscle	
Sfu-CGal_032	Sfu-CGal_032-mus	muscle	
Sfu-CGal_033	Sfu-CGal_033-mus	muscle	
Sfu-CGal_034	Sfu-CGal_034-mus	muscle	
Sfu-CGal_035	Sfu-CGal_035-mus	muscle	
Sfu-CGal_036	Sfu-CGal_036-mus	muscle	
Sfu-CGal_037	Sfu-CGal_037-mus	muscle	
Sfu-CGal_038	Sfu-CGal_038-mus	muscle	
Sfu-CGal_039	Sfu-CGal_039-mus	muscle	
Sfu-CGal_040	Sfu-CGal_040-mus	muscle	
Sfu-CGal_041	Sfu-CGal_041-mus	muscle	
Sfu-CJos_001	Sfu-CJos_001-mus	muscle	
Sfu-CJos_002	Sfu-CJos_002-mus	muscle	
Sfu-CJos_003	Sfu-CJos_003-mus	muscle	
Sfu-CJos_004	Sfu-CJos_004-mus	muscle	
Sfu-CJos_005	Sfu-CJos_005-mus	muscle	
Sfu-CJos_006	Sfu-CJos_006-mus	muscle	
Sfu-CJos_007	Sfu-CJos_007-mus	muscle	
Sfu-CJos_008	Sfu-CJos_008-mus	muscle	
Sfu-CJos_009	Sfu-CJos_009-mus	muscle	
Sfu-CJos_010	Sfu-CJos_010-mus	muscle	
Sfu-CJos_011	Sfu-CJos_011-mus	muscle	
Sfu-CJos_012	Sfu-CJos_012-mus	muscle	
Sfu-CJos_013	Sfu-CJos_013-mus	muscle	
Sfu-CJos_014	Sfu-CJos_014-mus	muscle	
Sfu-CJos_015	Sfu-CJos_015-mus	muscle	
Sfu-CJos_016	Sfu-CJos_016-mus	muscle	
Sfu-CJos_017	Sfu-CJos_017-mus	muscle	
Sfu-CJos_018	Sfu-CJos_018-mus	muscle	
Sfu-CJos_019	Sfu-CJos_019-mus	muscle	
Sfu-CJos_020	Sfu-CJos_020-mus	muscle	
Sfu-CJos_021	Sfu-CJos_021-mus	muscle	
Sfu-CJos_022	Sfu-CJos_022-mus	muscle	
Sfu-CJos_023	Sfu-CJos_023-mus	muscle	
Sfu-CJos_024	Sfu-CJos_024-mus	muscle	
Sfu-CJos_025	Sfu-CJos_025-mus	muscle	
Sfu-CJos_026	Sfu-CJos_026-mus	muscle	
Sfu-CJos_027	Sfu-CJos_027-mus	muscle	
Sfu-CJos_028	Sfu-CJos_028-mus	muscle	
Sfu-CJos_029	Sfu-CJos_029-mus	muscle	
Sfu-CJos_030	Sfu-CJos_030-mus	muscle	
Sfu-CJos_031	Sfu-CJos_031-mus	muscle	
Sfu-CJos_032	Sfu-CJos_032-mus	muscle	
Sfu-CJos_033	Sfu-CJos_033-mus	muscle	
Sfu-CJos_034	Sfu-CJos_034-mus	muscle	
Sfu-CJos_035	Sfu-CJos_035-mus	muscle	
Sfu-CJos_036	Sfu-CJos_036-mus	muscle	
Sfu-CJos_037	Sfu-CJos_037-mus	muscle	
Sfu-CJos_038	Sfu-CJos_038-mus	muscle	
Sfu-CJos_039	Sfu-CJos_039-mus	muscle	
Sfu-CKal_001	Sfu-CKal_001-mus	muscle	
Sfu-CKal_002	Sfu-CKal_002-mus	muscle	
Sfu-CKal_003	Sfu-CKal_003-mus	muscle	
Sfu-CKal_004	Sfu-CKal_004-mus	muscle	
Sfu-CKal_005	Sfu-CKal_005-mus	muscle	
Sfu-CKal_006	Sfu-CKal_006-mus	muscle	
Sfu-CKal_007	Sfu-CKal_007-mus	muscle	
Sfu-CKal_008	Sfu-CKal_008-mus	muscle	
Sfu-CKal_009	Sfu-CKal_009-mus	muscle	
Sfu-CKal_010	Sfu-CKal_010-mus	muscle	
Sfu-CKal_011	Sfu-CKal_011-mus	muscle	
Sfu-CKal_012	Sfu-CKal_012-mus	muscle	
Sfu-CKal_013	Sfu-CKal_013-mus	muscle	
Sfu-CKal_014	Sfu-CKal_014-mus	muscle	
Sfu-CKal_015	Sfu-CKal_015-mus	muscle	
Sfu-CKal_016	Sfu-CKal_016-mus	muscle	
Sfu-CKal_017	Sfu-CKal_017-mus	muscle	
Sfu-CKal_018	Sfu-CKal_018-mus	muscle	
Sfu-CKal_019	Sfu-CKal_019-mus	muscle	
Sfu-CKal_020	Sfu-CKal_020-mus	muscle	
Sfu-CKal_021	Sfu-CKal_021-mus	muscle	
Sfu-CKal_022	Sfu-CKal_022-mus	muscle	
Sfu-CKal_023	Sfu-CKal_023-mus	muscle	
Sfu-CKal_024	Sfu-CKal_024-mus	muscle	
Sfu-CKal_025	Sfu-CKal_025-mus	muscle	
Sfu-CKal_026	Sfu-CKal_026-mus	muscle	
Sfu-CKal_027	Sfu-CKal_027-mus	muscle	
Sfu-CKal_028	Sfu-CKal_028-mus	muscle	
Sfu-CKal_029	Sfu-CKal_029-mus	muscle	
Sfu-CKal_030	Sfu-CKal_030-mus	muscle	
Sfu-CKal_031	Sfu-CKal_031-mus	muscle	
Sfu-CKal_032	Sfu-CKal_032-mus	muscle	
Sfu-CKal_033	Sfu-CKal_033-mus	muscle	
Sfu-CKal_034	Sfu-CKal_034-mus	muscle	
Sfu-CKal_035	Sfu-CKal_035-mus	muscle	
Sfu-CKal_036	Sfu-CKal_036-mus	muscle	
Sfu-CKal_037	Sfu-CKal_037-mus	muscle	
Sfu-CKal_038	Sfu-CKal_038-mus	muscle	
Sfu-CKal_039	Sfu-CKal_039-mus	muscle	
Sfu-CKal_040	Sfu-CKal_040-mus	muscle	
Sfu-CKal_041	Sfu-CKal_041-mus	muscle	
Sfu-CKal_042	Sfu-CKal_042-mus	muscle	
Sfu-CKal_043	Sfu-CKal_043-mus	muscle	
Sfu-CKal_044	Sfu-CKal_044-mus	muscle	
Sfu-CKal_045	Sfu-CKal_045-mus	muscle	
Sfu-CKal_046	Sfu-CKal_046-mus	muscle	
Sfu-CKal_047	Sfu-CKal_047-mus	muscle	
Sfu-CKal_048	Sfu-CKal_048-mus	muscle	
Sfu-CKal_049	Sfu-CKal_049-mus	muscle	
Sfu-CKal_050	Sfu-CKal_050-mus	muscle	
Sfu-CKal_051	Sfu-CKal_051-mus	muscle	
Sfu-CKal_052	Sfu-CKal_052-mus	muscle	
Sfu-CKal_053	Sfu-CKal_053-mus	muscle	
Sfu-CKal_054	Sfu-CKal_054-mus	muscle	
Sfu-CKal_055	Sfu-CKal_055-mus	muscle	
Sfu-CKal_056	Sfu-CKal_056-mus	muscle	
Sfu-CKal_057	Sfu-CKal_057-mus	muscle	
Sfu-CKal_058	Sfu-CKal_058-mus	muscle	
Sfu-CKal_059	Sfu-CKal_059-mus	muscle	
Sfu-CKal_060	Sfu-CKal_060-mus	muscle	
Sfu-CKal_061	Sfu-CKal_061-mus	muscle	
Sfu-CKal_062	Sfu-CKal_062-mus	muscle	
Sfu-CKal_063	Sfu-CKal_063-mus	muscle	
Sfu-CKal_064	Sfu-CKal_064-mus	muscle	
Sfu-CKal_065	Sfu-CKal_065-mus	muscle	
Sfu-CKal_066	Sfu-CKal_066-mus	muscle	
Sfu-CKal_067	Sfu-CKal_067-mus	muscle	
Sfu-CKal_068	Sfu-CKal_068-mus	muscle	
Sfu-CKal_069	Sfu-CKal_069-mus	muscle	
Sfu-CKal_070	Sfu-CKal_070-mus	muscle	
Sfu-CKal_071	Sfu-CKal_071-mus	muscle	
Sfu-CKal_072	Sfu-CKal_072-mus	muscle	
Sfu-CKal_073	Sfu-CKal_073-mus	muscle	
Sfu-CKal_074	Sfu-CKal_074-mus	muscle	
Sfu-CKal_075	Sfu-CKal_075-mus	muscle	
Sfu-CKal_076	Sfu-CKal_076-mus	muscle	
Sfu-CKal_077	Sfu-CKal_077-mus	muscle	
Sfu-CKal_078	Sfu-CKal_078-mus	muscle	
Sfu-CKal_079	Sfu-CKal_079-mus	muscle	
Sfu-CKal_080	Sfu-CKal_080-mus	muscle	
Sfu-CKal_081	Sfu-CKal_081-mus	muscle	
Sfu-CKal_082	Sfu-CKal_082-mus	muscle	
Sfu-CKal_083	Sfu-CKal_083-mus	muscle	
Sfu-CKal_084	Sfu-CKal_084-mus	muscle	
Sfu-CKal_085	Sfu-CKal_085-mus	muscle	
Sfu-CKal_086	Sfu-CKal_086-mus	muscle	
Sfu-CKal_087	Sfu-CKal_087-mus	muscle	
Sfu-CKal_088	Sfu-CKal_088-mus	muscle	
Sfu-CKal_089	Sfu-CKal_089-mus	muscle	
Sfu-CKal_090	Sfu-CKal_090-mus	muscle	
Sfu-CKal_091	Sfu-CKal_091-mus	muscle	
Sfu-CKal_092	Sfu-CKal_092-mus	muscle	
Sfu-CKal_093	Sfu-CKal_093-mus	muscle	
Sfu-CKal_094	Sfu-CKal_094-mus	muscle	
Sfu-CMig_001	Sfu-CMig_001-mus	muscle	
Sfu-CMig_002	Sfu-CMig_002-mus	muscle	
Sfu-CMig_003	Sfu-CMig_003-mus	muscle	
Sfu-CMig_004	Sfu-CMig_004-mus	muscle	
Sfu-CMig_005	Sfu-CMig_005-mus	muscle	
Sfu-CMig_006	Sfu-CMig_006-mus	muscle	
Sfu-CMig_007	Sfu-CMig_007-mus	muscle	
Sfu-CMig_008	Sfu-CMig_008-mus	muscle	
Sfu-CMig_009	Sfu-CMig_009-mus	muscle	
Sfu-CMig_010	Sfu-CMig_010-mus	muscle	
Sfu-CMig_011	Sfu-CMig_011-mus	muscle	
Sfu-CMig_012	Sfu-CMig_012-mus	muscle	
Sfu-CMig_013	Sfu-CMig_013-mus	muscle	
Sfu-CMig_014	Sfu-CMig_014-mus	muscle	
Sfu-CMig_015	Sfu-CMig_015-mus	muscle	
Sfu-CMig_016	Sfu-CMig_016-mus	muscle	
Sfu-CMig_017	Sfu-CMig_017-mus	muscle	
Sfu-CMig_018	Sfu-CMig_018-mus	muscle	
Sfu-CMig_019	Sfu-CMig_019-mus	muscle	
Sfu-CMig_020	Sfu-CMig_020-mus	muscle	
Sfu-CMig_021	Sfu-CMig_021-mus	muscle	
Sfu-CMig_022	Sfu-CMig_022-mus	muscle	
Sfu-CMig_023	Sfu-CMig_023-mus	muscle	
Sfu-CMig_024	Sfu-CMig_024-mus	muscle	
Sfu-CMig_025	Sfu-CMig_025-mus	muscle	
Sfu-CMig_026	Sfu-CMig_026-mus	muscle	
Sfu-CMig_027	Sfu-CMig_027-mus	muscle	
Sfu-CMig_028	Sfu-CMig_028-mus	muscle	
Sfu-CMig_029	Sfu-CMig_029-mus	muscle	
Sfu-CMig_030	Sfu-CMig_030-mus	muscle	
Sfu-CMig_031	Sfu-CMig_031-mus	muscle	
Sfu-CMig_032	Sfu-CMig_032-mus	muscle	
Sfu-CMig_033	Sfu-CMig_033-mus	muscle	
Sfu-CMig_034	Sfu-CMig_034-mus	muscle	
Sfu-CMig_035	Sfu-CMig_035-mus	muscle	
Sfu-CMig_036	Sfu-CMig_036-mus	muscle	
Sfu-CRag_001	Sfu-CRag_001-mus	muscle	
Sfu-CRag_002	Sfu-CRag_002-mus	muscle	
Sfu-CRag_003	Sfu-CRag_003-mus	muscle	
Sfu-CRag_004	Sfu-CRag_004-mus	muscle	
Sfu-CRag_005	Sfu-CRag_005-mus	muscle	
Sfu-CRag_006	Sfu-CRag_006-mus	muscle	
Sfu-CRag_007	Sfu-CRag_007-mus	muscle	
Sfu-CRag_008	Sfu-CRag_008-mus	muscle	
Sfu-CRag_009	Sfu-CRag_009-mus	muscle	
Sfu-CRag_010	Sfu-CRag_010-mus	muscle	
Sfu-CRag_011	Sfu-CRag_011-mus	muscle	
Sfu-CRag_012	Sfu-CRag_012-mus	muscle	
Sfu-CRag_013	Sfu-CRag_013-mus	muscle	
Sfu-CRag_014	Sfu-CRag_014-mus	muscle	
Sfu-CRag_015	Sfu-CRag_015-mus	muscle	
Sfu-CRag_016	Sfu-CRag_016-mus	muscle	
Sfu-CRag_017	Sfu-CRag_017-mus	muscle	
Sfu-CRag_018	Sfu-CRag_018-mus	muscle	
Sfu-CRag_019	Sfu-CRag_019-mus	muscle	
Sfu-CRag_020	Sfu-CRag_020-mus	muscle	
Sfu-CRag_021	Sfu-CRag_021-mus	muscle	
Sfu-CRag_022	Sfu-CRag_022-mus	muscle	
Sfu-CRag_023	Sfu-CRag_023-mus	muscle	
Sfu-CRag_024	Sfu-CRag_024-mus	muscle	
Sfu-CRag_025	Sfu-CRag_025-mus	muscle	
Sfu-CRag_026	Sfu-CRag_026-mus	muscle	
Sfu-CRag_027	Sfu-CRag_027-mus	muscle	
Sfu-CRag_028	Sfu-CRag_028-mus	muscle	
Sfu-CRag_029	Sfu-CRag_029-mus	muscle	
Sfu-CRag_030	Sfu-CRag_030-mus	muscle	
Sfu-CRag_031	Sfu-CRag_031-mus	muscle	
Sfu-CRag_032	Sfu-CRag_032-mus	muscle	
Sfu-CRag_033	Sfu-CRag_033-mus	muscle	
Sfu-CRag_034	Sfu-CRag_034-mus	muscle	
Sfu-CRag_035	Sfu-CRag_035-mus	muscle	
Sfu-CRag_036	Sfu-CRag_036-mus	muscle	
Sfu-CRag_037	Sfu-CRag_037-mus	muscle	
Sfu-CRag_038	Sfu-CRag_038-mus	muscle	
Sfu-CSip_001	Sfu-CSip_001-mus	muscle	
Sfu-CSip_002	Sfu-CSip_002-mus	muscle	
Sfu-CSip_003	Sfu-CSip_003-mus	muscle	
Sfu-CSip_004	Sfu-CSip_004-mus	muscle	
Sfu-CSip_005	Sfu-CSip_005-mus	muscle	
Sfu-CSip_006	Sfu-CSip_006-mus	muscle	
Sfu-CSip_007	Sfu-CSip_007-mus	muscle	
Sfu-CSip_008	Sfu-CSip_008-mus	muscle	
Sfu-CSip_009	Sfu-CSip_009-mus	muscle	
Sfu-CSip_010	Sfu-CSip_010-mus	muscle	
Sgr-AJol_001	Sgr-AJol_001-mus	muscle	
Sgr-AJol_002	Sgr-AJol_002-mus	muscle	
Sgr-AJol_003	Sgr-AJol_003-mus	muscle	
Sgr-AJol_004	Sgr-AJol_004-mus	muscle	
Sgr-AJol_005	Sgr-AJol_005-mus	muscle	
Sgr-AJol_006	Sgr-AJol_006-mus	muscle	
Sgr-AJol_007	Sgr-AJol_007-mus	muscle	
Sgr-AJol_008	Sgr-AJol_008-mus	muscle	
Sgr-AJol_009	Sgr-AJol_009-mus	muscle	
Sgr-AJol_010	Sgr-AJol_010-mus	muscle	
Sgr-AJol_011	Sgr-AJol_011-mus	muscle	
Sgr-AJol_012	Sgr-AJol_012-mus	muscle	
Sgr-AJol_013	Sgr-AJol_013-mus	muscle	
Sgr-AJol_014	Sgr-AJol_014-mus	muscle	
Sgr-AJol_015	Sgr-AJol_015-mus	muscle	
Sgr-AJol_016	Sgr-AJol_016-mus	muscle	
Sgr-AJol_017	Sgr-AJol_017-mus	muscle	
Sgr-AJol_018	Sgr-AJol_018-mus	muscle	
Sgr-AJol_019	Sgr-AJol_019-mus	muscle	
Sgr-AJol_020	Sgr-AJol_020-mus	muscle	
Sgr-AJol_021	Sgr-AJol_021-mus	muscle	
Sgr-AJol_022	Sgr-AJol_022-mus	muscle	
Sgr-AJol_023	Sgr-AJol_023-mus	muscle	
Sgr-AJol_024	Sgr-AJol_024-mus	muscle	
Sgr-AJol_025	Sgr-AJol_025-mus	muscle	
Sgr-AJol_026	Sgr-AJol_026-mus	muscle	
Sgr-AJol_027	Sgr-AJol_027-mus	muscle	
Sgr-AJol_028	Sgr-AJol_028-mus	muscle	
Sgr-AJol_029	Sgr-AJol_029-mus	muscle	
Sgr-AJol_030	Sgr-AJol_030-mus	muscle	
Sgr-AJol_031	Sgr-AJol_031-mus	muscle	
Sgr-AJol_032	Sgr-AJol_032-mus	muscle	
Sgr-AJol_033	Sgr-AJol_033-mus	muscle	
Sgr-AJol_034	Sgr-AJol_034-mus	muscle	
Sgr-AJol_035	Sgr-AJol_035-mus	muscle	
Sgr-AJol_036	Sgr-AJol_036-mus	muscle	
Sgr-AJol_037	Sgr-AJol_037-mus	muscle	
Sgr-AJol_038	Sgr-AJol_038-mus	muscle	
Sgr-AJol_039	Sgr-AJol_039-mus	muscle	
Sgr-AJol_040	Sgr-AJol_040-mus	muscle	
Sgr-AJol_041	Sgr-AJol_041-mus	muscle	
Sgr-AJol_042	Sgr-AJol_042-mus	muscle	
Sgr-AJol_043	Sgr-AJol_043-mus	muscle	
Sgr-AJol_044	Sgr-AJol_044-mus	muscle	
Sgr-AJol_045	Sgr-AJol_045-mus	muscle	
Sgr-AJol_046	Sgr-AJol_046-mus	muscle	
Sgr-AJol_047	Sgr-AJol_047-mus	muscle	
Sgr-AJol_048	Sgr-AJol_048-mus	muscle	
Sgr-AJol_049	Sgr-AJol_049-mus	muscle	
Sgr-AJol_050	Sgr-AJol_050-mus	muscle	
Sgr-AJol_051	Sgr-AJol_051-mus	muscle	
Sgr-AJol_052	Sgr-AJol_052-mus	muscle	
Sgr-AJol_053	Sgr-AJol_053-mus	muscle	
Sgr-AJol_054	Sgr-AJol_054-mus	muscle	
Sgr-AJol_055	Sgr-AJol_055-mus	muscle	
Sgr-AJol_056	Sgr-AJol_056-mus	muscle	
Sgr-AJol_057	Sgr-AJol_057-mus	muscle	
Sgr-AJol_058	Sgr-AJol_058-mus	muscle	
Sgr-AJol_059	Sgr-AJol_059-mus	muscle	
Sgr-AJol_060	Sgr-AJol_060-mus	muscle	
Sgr-AJol_061	Sgr-AJol_061-mus	muscle	
Sgr-AJol_062	Sgr-AJol_062-mus	muscle	
Sgr-AJol_063	Sgr-AJol_063-mus	muscle	
Sgr-AJol_064	Sgr-AJol_064-mus	muscle	
Sgr-AJol_065	Sgr-AJol_065-mus	muscle	
Sgr-AJol_066	Sgr-AJol_066-mus	muscle	
Sgr-AJol_067	Sgr-AJol_067-mus	muscle	
Sgr-AJol_068	Sgr-AJol_068-mus	muscle	
Sgr-AJol_069	Sgr-AJol_069-mus	muscle	
Sgr-AJol_070	Sgr-AJol_070-mus	muscle	
Sgr-AJol_071	Sgr-AJol_071-mus	muscle	
Sgr-AJol_072	Sgr-AJol_072-mus	muscle	
Sgr-AJol_073	Sgr-AJol_073-mus	muscle	
Sgr-AJol_074	Sgr-AJol_074-mus	muscle	
Sgr-AJol_075	Sgr-AJol_075-mus	muscle	
Sgr-AJol_076	Sgr-AJol_076-mus	muscle	
Sgr-AJol_077	Sgr-AJol_077-mus	muscle	
Sgr-AJol_078	Sgr-AJol_078-mus	muscle	
Sgr-AJol_079	Sgr-AJol_079-mus	muscle	
Sgr-AJol_080	Sgr-AJol_080-mus	muscle	
Sgr-AJol_081	Sgr-AJol_081-mus	muscle	
Sgr-AJol_082	Sgr-AJol_082-mus	muscle	
Sgr-AJol_083	Sgr-AJol_083-mus	muscle	
Sgr-AJol_084	Sgr-AJol_084-mus	muscle	
Sgr-AJol_085	Sgr-AJol_085-mus	muscle	
Sgr-AJol_086	Sgr-AJol_086-mus	muscle	
Sgr-AJol_087	Sgr-AJol_087-mus	muscle	
Sgr-AJol_088	Sgr-AJol_088-mus	muscle	
Sgr-AJol_089	Sgr-AJol_089-mus	muscle	
Sgr-AJol_090	Sgr-AJol_090-mus	muscle	
Sgr-AJol_091	Sgr-AJol_091-mus	muscle	
Sgr-AJol_092	Sgr-AJol_092-mus	muscle	
Sgr-AJol_093	Sgr-AJol_093-mus	muscle	
Sgr-AJol_094	Sgr-AJol_094-mus	muscle	
Sgr-AJol_095	Sgr-AJol_095-mus	muscle	
Sgr-AJol_096	Sgr-AJol_096-mus	muscle	
Sgr-AMvi_001	Sgr-AMvi_001-mus	muscle	
Sgr-AMvi_002	Sgr-AMvi_002-mus	muscle	
Sgr-AMvi_003	Sgr-AMvi_003-mus	muscle	
Sgr-AMvi_004	Sgr-AMvi_004-mus	muscle	
Sgr-AMvi_005	Sgr-AMvi_005-mus	muscle	
Sgr-AMvi_006	Sgr-AMvi_006-mus	muscle	
Sgr-AMvi_007	Sgr-AMvi_007-mus	muscle	
Sgr-AMvi_008	Sgr-AMvi_008-mus	muscle	
Sgr-AMvi_009	Sgr-AMvi_009-mus	muscle	
Sgr-AMvi_010	Sgr-AMvi_010-mus	muscle	
Sgr-AMvi_011	Sgr-AMvi_011-mus	muscle	
Sgr-AMvi_012	Sgr-AMvi_012-mus	muscle	
Sgr-AMvi_013	Sgr-AMvi_013-mus	muscle	
Sgr-AMvi_014	Sgr-AMvi_014-mus	muscle	
Sgr-AMvi_015	Sgr-AMvi_015-mus	muscle	
Sgr-AMvi_016	Sgr-AMvi_016-mus	muscle	
Sgr-AMvi_017	Sgr-AMvi_017-mus	muscle	
Sgr-AMvi_018	Sgr-AMvi_018-mus	muscle	
Sgr-AMvi_019	Sgr-AMvi_019-mus	muscle	
Sgr-AMvi_020	Sgr-AMvi_020-mus	muscle	
Sgr-AMvi_021	Sgr-AMvi_021-mus	muscle	
Sgr-AMvi_022	Sgr-AMvi_022-mus	muscle	
Sgr-AMvi_023	Sgr-AMvi_023-mus	muscle	
Sgr-AMvi_024	Sgr-AMvi_024-mus	muscle	
Sgr-AMvi_025	Sgr-AMvi_025-mus	muscle	
Sgr-AMvi_026	Sgr-AMvi_026-mus	muscle	
Sgr-AMvi_027	Sgr-AMvi_027-mus	muscle	
Sgr-AMvi_028	Sgr-AMvi_028-mus	muscle	
Sgr-AMvi_029	Sgr-AMvi_029-mus	muscle	
Sgr-AMvi_030	Sgr-AMvi_030-mus	muscle	
Sgr-AMvi_031	Sgr-AMvi_031-mus	muscle	
Sgr-AMvi_032	Sgr-AMvi_032-mus	muscle	
Sgr-AMvi_033	Sgr-AMvi_033-mus	muscle	
Sgr-AMvi_034	Sgr-AMvi_034-mus	muscle	
Sgr-AMvi_035	Sgr-AMvi_035-mus	muscle	
Sgr-AMvi_036	Sgr-AMvi_036-mus	muscle	
Sgr-AMvi_037	Sgr-AMvi_037-mus	muscle	
Sgr-AMvi_038	Sgr-AMvi_038-mus	muscle	
Sgr-AMvi_039	Sgr-AMvi_039-mus	muscle	
Sgr-AMvi_040	Sgr-AMvi_040-mus	muscle	
Sgr-AMvi_041	Sgr-AMvi_041-mus	muscle	
Sgr-AMvi_042	Sgr-AMvi_042-mus	muscle	
Sgr-AMvi_043	Sgr-AMvi_043-mus	muscle	
Sgr-AMvi_044	Sgr-AMvi_044-mus	muscle	
Sgr-AMvi_045	Sgr-AMvi_045-mus	muscle	
Sgr-AMvi_046	Sgr-AMvi_046-mus	muscle	
Sgr-AMvi_047	Sgr-AMvi_047-mus	muscle	
Sgr-AMvi_048	Sgr-AMvi_048-mus	muscle	
Sgr-AMvi_049	Sgr-AMvi_049-mus	muscle	
Sgr-AMvi_050	Sgr-AMvi_050-mus	muscle	
Sgr-AMvi_051	Sgr-AMvi_051-mus	muscle	
Sgr-AMvi_052	Sgr-AMvi_052-mus	muscle	
Sgr-AMvi_053	Sgr-AMvi_053-mus	muscle	
Sgr-AMvi_054	Sgr-AMvi_054-mus	muscle	
Sgr-AMvi_055	Sgr-AMvi_055-mus	muscle	
Sgr-AMvi_056	Sgr-AMvi_056-mus	muscle	
Sgr-AMvi_057	Sgr-AMvi_057-mus	muscle	
Sgr-AMvi_058	Sgr-AMvi_058-mus	muscle	
Sgr-AMvi_059	Sgr-AMvi_059-mus	muscle	
Sgr-AMvi_060	Sgr-AMvi_060-mus	muscle	
Sgr-AMvi_061	Sgr-AMvi_061-mus	muscle	
Sgr-AMvi_062	Sgr-AMvi_062-mus	muscle	
Sgr-AMvi_063	Sgr-AMvi_063-mus	muscle	
Sgr-AMvi_064	Sgr-AMvi_064-mus	muscle	
Sgr-AMvi_065	Sgr-AMvi_065-mus	muscle	
Sgr-AMvi_066	Sgr-AMvi_066-mus	muscle	
Sgr-AMvi_067	Sgr-AMvi_067-mus	muscle	
Sgr-AMvi_068	Sgr-AMvi_068-mus	muscle	
Sgr-AMvi_069	Sgr-AMvi_069-mus	muscle	
Sgr-AMvi_070	Sgr-AMvi_070-mus	muscle	
Sgr-AMvi_071	Sgr-AMvi_071-mus	muscle	
Sgr-AMvi_072	Sgr-AMvi_072-mus	muscle	
Sgr-AMvi_073	Sgr-AMvi_073-mus	muscle	
Sgr-AMvi_074	Sgr-AMvi_074-mus	muscle	
Sgr-AMvi_075	Sgr-AMvi_075-mus	muscle	
Sgr-AMvi_076	Sgr-AMvi_076-mus	muscle	
Sgr-AMvi_077	Sgr-AMvi_077-mus	muscle	
Sgr-AMvi_078	Sgr-AMvi_078-mus	muscle	
Sgr-AMvi_079	Sgr-AMvi_079-mus	muscle	
Sgr-AMvi_080	Sgr-AMvi_080-mus	muscle	
Sgr-AMvi_081	Sgr-AMvi_081-mus	muscle	
Sgr-AMvi_082	Sgr-AMvi_082-mus	muscle	
Sgr-AMvi_083	Sgr-AMvi_083-mus	muscle	
Sgr-AMvi_084	Sgr-AMvi_084-mus	muscle	
Sgr-AMvi_085	Sgr-AMvi_085-mus	muscle	
Sgr-AMvi_086	Sgr-AMvi_086-mus	muscle	
Sgr-AMvi_087	Sgr-AMvi_087-mus	muscle	
Sgr-AMvi_088	Sgr-AMvi_088-mus	muscle	
Sgr-AMvi_089	Sgr-AMvi_089-mus	muscle	
Sgr-AMvi_090	Sgr-AMvi_090-mus	muscle	
Sgr-AMvi_091	Sgr-AMvi_091-mus	muscle	
Sgr-AMvi_092	Sgr-AMvi_092-mus	muscle	
Sgr-AMvi_093	Sgr-AMvi_093-mus	muscle	
Sgr-AMvi_094	Sgr-AMvi_094-mus	muscle	
Sgr-AMvi_095	Sgr-AMvi_095-mus	muscle	
Sgr-AMvi_096	Sgr-AMvi_096-mus	muscle	
Sgr-APal_001	Sgr-APal_001-mus	muscle	
Sgr-APal_002	Sgr-APal_002-mus	muscle	
Sgr-APal_003	Sgr-APal_003-mus	muscle	
Sgr-APal_004	Sgr-APal_004-mus	muscle	
Sgr-APal_005	Sgr-APal_005-mus	muscle	
Sgr-APal_006	Sgr-APal_006-mus	muscle	
Sgr-APal_007	Sgr-APal_007-mus	muscle	
Sgr-APal_008	Sgr-APal_008-mus	muscle	
Sgr-APal_009	Sgr-APal_009-mus	muscle	
Sgr-APal_010	Sgr-APal_010-mus	muscle	
Sgr-APal_011	Sgr-APal_011-mus	muscle	
Sgr-APal_012	Sgr-APal_012-mus	muscle	
Sgr-APal_013	Sgr-APal_013-mus	muscle	
Sgr-APal_014	Sgr-APal_014-mus	muscle	
Sgr-APal_015	Sgr-APal_015-mus	muscle	
Sgr-APal_016	Sgr-APal_016-mus	muscle	
Sgr-APal_017	Sgr-APal_017-mus	muscle	
Sgr-APal_018	Sgr-APal_018-mus	muscle	
Sgr-APal_019	Sgr-APal_019-mus	muscle	
Sgr-APal_020	Sgr-APal_020-mus	muscle	
Sgr-APal_021	Sgr-APal_021-mus	muscle	
Sgr-APal_022	Sgr-APal_022-mus	muscle	
Sgr-APal_023	Sgr-APal_023-mus	muscle	
Sgr-APal_024	Sgr-APal_024-mus	muscle	
Sgr-APal_025	Sgr-APal_025-mus	muscle	
Sgr-APal_026	Sgr-APal_026-mus	muscle	
Sgr-APal_027	Sgr-APal_027-mus	muscle	
Sgr-APal_028	Sgr-APal_028-mus	muscle	
Sgr-APal_029	Sgr-APal_029-mus	muscle	
Sgr-APal_030	Sgr-APal_030-mus	muscle	
Sgr-APal_031	Sgr-APal_031-mus	muscle	
Sgr-APal_032	Sgr-APal_032-mus	muscle	
Sgr-APal_033	Sgr-APal_033-mus	muscle	
Sgr-APal_034	Sgr-APal_034-mus	muscle	
Sgr-APal_035	Sgr-APal_035-mus	muscle	
Sgr-APal_036	Sgr-APal_036-mus	muscle	
Sgr-APal_037	Sgr-APal_037-mus	muscle	
Sgr-APal_038	Sgr-APal_038-mus	muscle	
Sgr-APal_039	Sgr-APal_039-mus	muscle	
Sgr-APal_040	Sgr-APal_040-mus	muscle	
Sgr-APal_041	Sgr-APal_041-mus	muscle	
Sgr-APal_042	Sgr-APal_042-mus	muscle	
Sgr-APal_043	Sgr-APal_043-mus	muscle	
Sgr-APal_044	Sgr-APal_044-mus	muscle	
Sgr-APal_045	Sgr-APal_045-mus	muscle	
Sgr-APal_046	Sgr-APal_046-mus	muscle	
Sgr-APal_047	Sgr-APal_047-mus	muscle	
Sgr-ASur_001	Sgr-ASur_001-mus	muscle	
Sgr-ASur_002	Sgr-ASur_002-mus	muscle	
Sgr-ASur_003	Sgr-ASur_003-mus	muscle	
Sgr-ASur_004	Sgr-ASur_004-mus	muscle	
Sgr-ASur_005	Sgr-ASur_005-mus	muscle	
Sgr-ASur_006	Sgr-ASur_006-mus	muscle	
Sgr-ASur_007	Sgr-ASur_007-mus	muscle	
Sgr-ASur_008	Sgr-ASur_008-mus	muscle	
Sgr-ASur_009	Sgr-ASur_009-mus	muscle	
Sgr-ASur_010	Sgr-ASur_010-mus	muscle	
Sgr-ASur_011	Sgr-ASur_011-mus	muscle	
Sgr-ASur_012	Sgr-ASur_012-mus	muscle	
Sgr-ASur_013	Sgr-ASur_013-mus	muscle	
Sgr-ASur_014	Sgr-ASur_014-mus	muscle	
Sgr-ASur_015	Sgr-ASur_015-mus	muscle	
Sgr-ASur_016	Sgr-ASur_016-mus	muscle	
Sgr-ASur_017	Sgr-ASur_017-mus	muscle	
Sgr-ASur_018	Sgr-ASur_018-mus	muscle	
Sgr-ASur_019	Sgr-ASur_019-mus	muscle	
Sgr-ASur_020	Sgr-ASur_020-mus	muscle	
Sgr-ASur_021	Sgr-ASur_021-mus	muscle	
Sgr-ASur_022	Sgr-ASur_022-mus	muscle	
Sgr-ASur_023	Sgr-ASur_023-mus	muscle	
Sgr-ASur_024	Sgr-ASur_024-mus	muscle	
Sgr-ASur_025	Sgr-ASur_025-mus	muscle	
Sgr-ASur_026	Sgr-ASur_026-mus	muscle	
Sgr-ASur_027	Sgr-ASur_027-mus	muscle	
Sgr-ASur_028	Sgr-ASur_028-mus	muscle	
Sgr-ASur_029	Sgr-ASur_029-mus	muscle	
Sgr-ASur_030	Sgr-ASur_030-mus	muscle	
Sgr-ASur_031	Sgr-ASur_031-mus	muscle	
Sgr-ASur_032	Sgr-ASur_032-mus	muscle	
Sgr-ASur_033	Sgr-ASur_033-mus	muscle	
Sgr-ASur_034	Sgr-ASur_034-mus	muscle	
Sgr-ASur_035	Sgr-ASur_035-mus	muscle	
Sgr-ASur_036	Sgr-ASur_036-mus	muscle	
Sgr-ASur_037	Sgr-ASur_037-mus	muscle	
Sgr-ASur_038	Sgr-ASur_038-mus	muscle	
Sgr-ASur_039	Sgr-ASur_039-mus	muscle	
Sgr-ASur_040	Sgr-ASur_040-mus	muscle	
Sgr-ASur_041	Sgr-ASur_041-mus	muscle	
Sgr-ASur_042	Sgr-ASur_042-mus	muscle	
Sgr-ASur_043	Sgr-ASur_043-mus	muscle	
Sgr-ASur_044	Sgr-ASur_044-mus	muscle	
Sgr-ASur_045	Sgr-ASur_045-mus	muscle	
Sgr-ASur_046	Sgr-ASur_046-mus	muscle	
Sgr-ASur_047	Sgr-ASur_047-mus	muscle	
Sgr-ASur_048	Sgr-ASur_048-mus	muscle	
Sgr-ASur_049	Sgr-ASur_049-mus	muscle	
Sgr-ASur_050	Sgr-ASur_050-mus	muscle	
Sgr-ASur_051	Sgr-ASur_051-mus	muscle	
Sgr-ASur_052	Sgr-ASur_052-mus	muscle	
Sgr-ASur_053	Sgr-ASur_053-mus	muscle	
Sgr-ASur_054	Sgr-ASur_054-mus	muscle	
Sgr-ASur_055	Sgr-ASur_055-mus	muscle	
Sgr-ASur_056	Sgr-ASur_056-mus	muscle	
Sgr-CBir_001	Sgr-CBir_001-mus	muscle	
Sgr-CBir_002	Sgr-CBir_002-mus	muscle	
Sgr-CBir_003	Sgr-CBir_003-mus	muscle	
Sgr-CBir_004	Sgr-CBir_004-mus	muscle	
Sgr-CBir_005	Sgr-CBir_005-mus	muscle	
Sgr-CBir_006	Sgr-CBir_006-mus	muscle	
Sgr-CBir_007	Sgr-CBir_007-mus	muscle	
Sgr-CBir_008	Sgr-CBir_008-mus	muscle	
Sgr-CBir_009	Sgr-CBir_009-mus	muscle	
Sgr-CBir_010	Sgr-CBir_010-mus	muscle	
Sgr-CBir_011	Sgr-CBir_011-mus	muscle	
Sgr-CBir_012	Sgr-CBir_012-mus	muscle	
Sgr-CBir_013	Sgr-CBir_013-mus	muscle	
Sgr-CBir_014	Sgr-CBir_014-mus	muscle	
Sgr-CBir_015	Sgr-CBir_015-mus	muscle	
Sgr-CBir_016	Sgr-CBir_016-mus	muscle	
Sgr-CBir_017	Sgr-CBir_017-mus	muscle	
Sgr-CBir_018	Sgr-CBir_018-mus	muscle	
Sgr-CBir_019	Sgr-CBir_019-mus	muscle	
Sgr-CBir_020	Sgr-CBir_020-mus	muscle	
Sgr-CBir_021	Sgr-CBir_021-mus	muscle	
Sgr-CBir_022	Sgr-CBir_022-mus	muscle	
Sgr-CBir_023	Sgr-CBir_023-mus	muscle	
Sgr-CBir_024	Sgr-CBir_024-mus	muscle	
Sgr-CBir_025	Sgr-CBir_025-mus	muscle	
Sgr-CBir_026	Sgr-CBir_026-mus	muscle	
Sgr-CBir_027	Sgr-CBir_027-mus	muscle	
Sgr-CBir_028	Sgr-CBir_028-mus	muscle	
Sgr-CBir_029	Sgr-CBir_029-mus	muscle	
Sgr-CBir_030	Sgr-CBir_030-mus	muscle	
Sgr-CBir_031	Sgr-CBir_031-mus	muscle	
Sgr-CBir_032	Sgr-CBir_032-mus	muscle	
Sgr-CBir_033	Sgr-CBir_033-mus	muscle	
Sgr-CBir_034	Sgr-CBir_034-mus	muscle	
Sgr-CBir_035	Sgr-CBir_035-mus	muscle	
Sgr-CBir_036	Sgr-CBir_036-mus	muscle	
Sgr-CBir_037	Sgr-CBir_037-mus	muscle	
Sgr-CBir_038	Sgr-CBir_038-mus	muscle	
Sgr-CBir_039	Sgr-CBir_039-mus	muscle	
Sgr-CBir_040	Sgr-CBir_040-mus	muscle	
Sgr-CBir_041	Sgr-CBir_041-mus	muscle	
Sgr-CBir_042	Sgr-CBir_042-mus	muscle	
Sgr-CBir_043	Sgr-CBir_043-mus	muscle	
Sgr-CBir_044	Sgr-CBir_044-mus	muscle	
Sgr-CBir_045	Sgr-CBir_045-mus	muscle	
Sgr-CBir_046	Sgr-CBir_046-mus	muscle	
Sgr-CBir_047	Sgr-CBir_047-mus	muscle	
Sgr-CBir_048	Sgr-CBir_048-mus	muscle	
Sgr-CBir_049	Sgr-CBir_049-mus	muscle	
Sgr-CBir_050	Sgr-CBir_050-mus	muscle	
Sgr-CBir_051	Sgr-CBir_051-mus	muscle	
Sgr-CBir_052	Sgr-CBir_052-mus	muscle	
Sgr-CBir_053	Sgr-CBir_053-mus	muscle	
Sgr-CBir_054	Sgr-CBir_054-mus	muscle	
Sgr-CBir_055	Sgr-CBir_055-mus	muscle	
Sgr-CBir_056	Sgr-CBir_056-mus	muscle	
Sgr-CBir_057	Sgr-CBir_057-mus	muscle	
Sgr-CBir_058	Sgr-CBir_058-mus	muscle	
Sgr-CBir_059	Sgr-CBir_059-mus	muscle	
Sgr-CBir_060	Sgr-CBir_060-mus	muscle	
Sgr-CBir_061	Sgr-CBir_061-mus	muscle	
Sgr-CBir_062	Sgr-CBir_062-mus	muscle	
Sgr-CBir_063	Sgr-CBir_063-mus	muscle	
Sgr-CBir_064	Sgr-CBir_064-mus	muscle	
Sgr-CBir_065	Sgr-CBir_065-mus	muscle	
Sgr-CBir_066	Sgr-CBir_066-mus	muscle	
Sgr-CBir_067	Sgr-CBir_067-mus	muscle	
Sgr-CBir_068	Sgr-CBir_068-mus	muscle	
Sgr-CBir_069	Sgr-CBir_069-mus	muscle	
Sgr-CBir_070	Sgr-CBir_070-mus	muscle	
Sgr-CBir_071	Sgr-CBir_071-mus	muscle	
Sgr-CBir_072	Sgr-CBir_072-mus	muscle	
Sgr-CBir_073	Sgr-CBir_073-mus	muscle	
Sgr-CBir_074	Sgr-CBir_074-mus	muscle	
Sgr-CBir_075	Sgr-CBir_075-mus	muscle	
Sgr-CBir_076	Sgr-CBir_076-mus	muscle	
Sgr-CBir_077	Sgr-CBir_077-mus	muscle	
Sgr-CBir_078	Sgr-CBir_078-mus	muscle	
Sgr-CBir_079	Sgr-CBir_079-mus	muscle	
Sgr-CBir_080	Sgr-CBir_080-mus	muscle	
Sgr-CBir_081	Sgr-CBir_081-mus	muscle	
Sgr-CBir_082	Sgr-CBir_082-mus	muscle	
Sgr-CBir_083	Sgr-CBir_083-mus	muscle	
Sgr-CBir_084	Sgr-CBir_084-mus	muscle	
Sgr-CBir_085	Sgr-CBir_085-mus	muscle	
Sgr-CBir_086	Sgr-CBir_086-mus	muscle	
Sgr-CBir_087	Sgr-CBir_087-mus	muscle	
Sgr-CBir_088	Sgr-CBir_088-mus	muscle	
Sgr-CBir_089	Sgr-CBir_089-mus	muscle	
Sgr-CBir_090	Sgr-CBir_090-mus	muscle	
Sgr-CBir_091	Sgr-CBir_091-mus	muscle	
Sgr-CBir_092	Sgr-CBir_092-mus	muscle	
Sgr-CBir_093	Sgr-CBir_093-mus	muscle	
Sgr-CBir_094	Sgr-CBir_094-mus	muscle	
Sgr-CBir_095	Sgr-CBir_095-mus	muscle	
Sgr-CBir_096	Sgr-CBir_096-mus	muscle	
Sgr-CJol_001	Sgr-CJol_001-mus	muscle	
Sgr-CJol_002	Sgr-CJol_002-mus	muscle	
Sgr-CJol_003	Sgr-CJol_003-mus	muscle	
Sgr-CJol_004	Sgr-CJol_004-mus	muscle	
Sgr-CJol_005	Sgr-CJol_005-mus	muscle	
Sgr-CJol_006	Sgr-CJol_006-mus	muscle	
Sgr-CJol_007	Sgr-CJol_007-mus	muscle	
Sgr-CJol_008	Sgr-CJol_008-mus	muscle	
Sgr-CJol_009	Sgr-CJol_009-mus	muscle	
Sgr-CJol_010	Sgr-CJol_010-mus	muscle	
Sgr-CJol_011	Sgr-CJol_011-mus	muscle	
Sgr-CJol_012	Sgr-CJol_012-mus	muscle	
Sgr-CJol_013	Sgr-CJol_013-mus	muscle	
Sgr-CJol_014	Sgr-CJol_014-mus	muscle	
Sgr-CJol_015	Sgr-CJol_015-mus	muscle	
Sgr-CJol_016	Sgr-CJol_016-mus	muscle	
Sgr-CJol_017	Sgr-CJol_017-mus	muscle	
Sgr-CJol_018	Sgr-CJol_018-mus	muscle	
Sgr-CJol_019	Sgr-CJol_019-mus	muscle	
Sgr-CJol_020	Sgr-CJol_020-mus	muscle	
Sgr-CJol_021	Sgr-CJol_021-mus	muscle	
Sgr-CJol_022	Sgr-CJol_022-mus	muscle	
Sgr-CJol_023	Sgr-CJol_023-mus	muscle	
Sgr-CJol_024	Sgr-CJol_024-mus	muscle	
Sgr-CJol_025	Sgr-CJol_025-mus	muscle	
Sgr-CJol_026	Sgr-CJol_026-mus	muscle	
Sgr-CJol_027	Sgr-CJol_027-mus	muscle	
Sgr-CJol_028	Sgr-CJol_028-mus	muscle	
Sgr-CJol_029	Sgr-CJol_029-mus	muscle	
Sgr-CJol_030	Sgr-CJol_030-mus	muscle	
Sgr-CJol_031	Sgr-CJol_031-mus	muscle	
Sgr-CJol_032	Sgr-CJol_032-mus	muscle	
Sgr-CJol_033	Sgr-CJol_033-mus	muscle	
Sgr-CJol_034	Sgr-CJol_034-mus	muscle	
Sgr-CJol_035	Sgr-CJol_035-mus	muscle	
Sgr-CJol_036	Sgr-CJol_036-mus	muscle	
Sgr-CJol_037	Sgr-CJol_037-mus	muscle	
Sgr-CJol_038	Sgr-CJol_038-mus	muscle	
Sgr-CJol_039	Sgr-CJol_039-mus	muscle	
Sgr-CJol_040	Sgr-CJol_040-mus	muscle	
Sgr-CJol_041	Sgr-CJol_041-mus	muscle	
Sgr-CJol_042	Sgr-CJol_042-mus	muscle	
Sgr-CJol_043	Sgr-CJol_043-mus	muscle	
Sgr-CJol_044	Sgr-CJol_044-mus	muscle	
Sgr-CJol_045	Sgr-CJol_045-mus	muscle	
Sgr-CJol_046	Sgr-CJol_046-mus	muscle	
Sgr-CJol_047	Sgr-CJol_047-mus	muscle	
Sgr-CJol_048	Sgr-CJol_048-mus	muscle	
Sgr-CJol_049	Sgr-CJol_049-mus	muscle	
Sgr-CJol_050	Sgr-CJol_050-mus	muscle	
Sgr-CJol_051	Sgr-CJol_051-mus	muscle	
Sgr-CJol_052	Sgr-CJol_052-mus	muscle	
Sgr-CJol_053	Sgr-CJol_053-mus	muscle	
Sgr-CJol_054	Sgr-CJol_054-mus	muscle	
Sgr-CJol_055	Sgr-CJol_055-mus	muscle	
Sgr-CJol_056	Sgr-CJol_056-mus	muscle	
Sgr-CJol_057	Sgr-CJol_057-mus	muscle	
Sgr-CJol_058	Sgr-CJol_058-mus	muscle	
Sgr-CJol_059	Sgr-CJol_059-mus	muscle	
Sgr-CJol_060	Sgr-CJol_060-mus	muscle	
Sgr-CJol_061	Sgr-CJol_061-mus	muscle	
Sgr-CJol_062	Sgr-CJol_062-mus	muscle	
Sgr-CJol_063	Sgr-CJol_063-mus	muscle	
Sgr-CJol_064	Sgr-CJol_064-mus	muscle	
Sgr-CJol_065	Sgr-CJol_065-mus	muscle	
Sgr-CJol_066	Sgr-CJol_066-mus	muscle	
Sgr-CJol_067	Sgr-CJol_067-mus	muscle	
Sgr-CJol_068	Sgr-CJol_068-mus	muscle	
Sgr-CJol_069	Sgr-CJol_069-mus	muscle	
Sgr-CJol_070	Sgr-CJol_070-mus	muscle	
Sgr-CJol_071	Sgr-CJol_071-mus	muscle	
Sgr-CJol_072	Sgr-CJol_072-mus	muscle	
Sgr-CJol_073	Sgr-CJol_073-mus	muscle	
Sgr-CJol_074	Sgr-CJol_074-mus	muscle	
Sgr-CJol_075	Sgr-CJol_075-mus	muscle	
Sgr-CJol_076	Sgr-CJol_076-mus	muscle	
Sgr-CJol_077	Sgr-CJol_077-mus	muscle	
Sgr-CJol_078	Sgr-CJol_078-mus	muscle	
Sgr-CJol_079	Sgr-CJol_079-mus	muscle	
Sgr-CJol_080	Sgr-CJol_080-mus	muscle	
Sgr-CJol_081	Sgr-CJol_081-mus	muscle	
Sgr-CJol_082	Sgr-CJol_082-mus	muscle	
Sgr-CJol_083	Sgr-CJol_083-mus	muscle	
Sgr-CJol_084	Sgr-CJol_084-mus	muscle	
Sgr-CJol_085	Sgr-CJol_085-mus	muscle	
Sgr-CJol_086	Sgr-CJol_086-mus	muscle	
Sgr-CJol_087	Sgr-CJol_087-mus	muscle	
Sgr-CJol_088	Sgr-CJol_088-mus	muscle	
Sgr-CJol_089	Sgr-CJol_089-mus	muscle	
Sgr-CJol_090	Sgr-CJol_090-mus	muscle	
Sgr-CJol_091	Sgr-CJol_091-mus	muscle	
Sgr-CJol_092	Sgr-CJol_092-mus	muscle	
Sgr-CJol_093	Sgr-CJol_093-mus	muscle	
Sgr-CJol_094	Sgr-CJol_094-mus	muscle	
Sgr-CJol_095	Sgr-CJol_095-mus	muscle	
Sgr-CJol_096	Sgr-CJol_096-mus	muscle	
Sgr-CMas_001	Sgr-CMas_001-mus	muscle	
Sgr-CMas_002	Sgr-CMas_002-mus	muscle	
Sgr-CMas_003	Sgr-CMas_003-mus	muscle	
Sgr-CMas_004	Sgr-CMas_004-mus	muscle	
Sgr-CMas_005	Sgr-CMas_005-mus	muscle	
Sgr-CMas_006	Sgr-CMas_006-mus	muscle	
Sgr-CMas_007	Sgr-CMas_007-mus	muscle	
Sgr-CMas_008	Sgr-CMas_008-mus	muscle	
Sgr-CMas_009	Sgr-CMas_009-mus	muscle	
Sgr-CMas_010	Sgr-CMas_010-mus	muscle	
Sgr-CMas_011	Sgr-CMas_011-mus	muscle	
Sgr-CMas_012	Sgr-CMas_012-mus	muscle	
Sgr-CMas_013	Sgr-CMas_013-mus	muscle	
Sgr-CMas_014	Sgr-CMas_014-mus	muscle	
Sgr-CMas_015	Sgr-CMas_015-mus	muscle	
Sgr-CMas_016	Sgr-CMas_016-mus	muscle	
Sgr-CMas_017	Sgr-CMas_017-mus	muscle	
Sgr-CMas_018	Sgr-CMas_018-mus	muscle	
Sgr-CMas_019	Sgr-CMas_019-mus	muscle	
Sgr-CMas_020	Sgr-CMas_020-mus	muscle	
Sgr-CMas_021	Sgr-CMas_021-mus	muscle	
Sgr-CMas_022	Sgr-CMas_022-mus	muscle	
Sgr-CMas_023	Sgr-CMas_023-mus	muscle	
Sgr-CMas_024	Sgr-CMas_024-mus	muscle	
Sgr-CMas_025	Sgr-CMas_025-mus	muscle	
Sgr-CMas_026	Sgr-CMas_026-mus	muscle	
Sgr-CMas_027	Sgr-CMas_027-mus	muscle	
Sgr-CMas_028	Sgr-CMas_028-mus	muscle	
Sgr-CMas_029	Sgr-CMas_029-mus	muscle	
Sgr-CMas_030	Sgr-CMas_030-mus	muscle	
Sgr-CMas_031	Sgr-CMas_031-mus	muscle	
Sgr-CMas_032	Sgr-CMas_032-mus	muscle	
Sgr-CMas_033	Sgr-CMas_033-mus	muscle	
Sgr-CMas_034	Sgr-CMas_034-mus	muscle	
Sgr-CMas_035	Sgr-CMas_035-mus	muscle	
Sgr-CMas_036	Sgr-CMas_036-mus	muscle	
Sgr-CMas_037	Sgr-CMas_037-mus	muscle	
Sgr-CMas_038	Sgr-CMas_038-mus	muscle	
Sgr-CMas_039	Sgr-CMas_039-mus	muscle	
Sgr-CMas_040	Sgr-CMas_040-mus	muscle	
Sgr-CMas_041	Sgr-CMas_041-mus	muscle	
Sgr-CMas_042	Sgr-CMas_042-mus	muscle	
Sgr-CMas_043	Sgr-CMas_043-mus	muscle	
Sgr-CMas_044	Sgr-CMas_044-mus	muscle	
Sgr-CMas_045	Sgr-CMas_045-mus	muscle	
Sgr-CMas_046	Sgr-CMas_046-mus	muscle	
Sgr-CMas_047	Sgr-CMas_047-mus	muscle	
Sgr-CMas_048	Sgr-CMas_048-mus	muscle	
Sgr-CMas_049	Sgr-CMas_049-mus	muscle	
Sgr-CMas_050	Sgr-CMas_050-mus	muscle	
Sgr-CMas_051	Sgr-CMas_051-mus	muscle	
Sgr-CMas_052	Sgr-CMas_052-mus	muscle	
Sgr-CMas_053	Sgr-CMas_053-mus	muscle	
Sgr-CMas_054	Sgr-CMas_054-mus	muscle	
Sgr-CMas_055	Sgr-CMas_055-mus	muscle	
Sgr-CMas_056	Sgr-CMas_056-mus	muscle	
Sgr-CMas_057	Sgr-CMas_057-mus	muscle	
Sgr-CMas_058	Sgr-CMas_058-mus	muscle	
Sgr-CMas_059	Sgr-CMas_059-mus	muscle	
Sgr-CMas_060	Sgr-CMas_060-mus	muscle	
Sgr-CMas_061	Sgr-CMas_061-mus	muscle	
Sgr-CMas_062	Sgr-CMas_062-mus	muscle	
Sgr-CMas_063	Sgr-CMas_063-mus	muscle	
Sgr-CMas_064	Sgr-CMas_064-mus	muscle	
Sgr-CMas_065	Sgr-CMas_065-mus	muscle	
Sgr-CMas_066	Sgr-CMas_066-mus	muscle	
Sgr-CMas_067	Sgr-CMas_067-mus	muscle	
Sgr-CMas_068	Sgr-CMas_068-mus	muscle	
Sgr-CMas_069	Sgr-CMas_069-mus	muscle	
Sgr-CMas_070	Sgr-CMas_070-mus	muscle	
Sgr-CMas_071	Sgr-CMas_071-mus	muscle	
Sgr-CMas_072	Sgr-CMas_072-mus	muscle	
Sgr-CMas_073	Sgr-CMas_073-mus	muscle	
Sgr-CMas_074	Sgr-CMas_074-mus	muscle	
Sgr-CMas_075	Sgr-CMas_075-mus	muscle	
Sgr-CMas_076	Sgr-CMas_076-mus	muscle	
Sgr-CMas_077	Sgr-CMas_077-mus	muscle	
Sgr-CMas_078	Sgr-CMas_078-mus	muscle	
Sgr-CMas_079	Sgr-CMas_079-mus	muscle	
Sgr-CMas_080	Sgr-CMas_080-mus	muscle	
Sgr-CMas_081	Sgr-CMas_081-mus	muscle	
Sgr-CMas_082	Sgr-CMas_082-mus	muscle	
Sgr-CMas_083	Sgr-CMas_083-mus	muscle	
Sgr-CMas_084	Sgr-CMas_084-mus	muscle	
Sgr-CMas_085	Sgr-CMas_085-mus	muscle	
Sgr-CMas_086	Sgr-CMas_086-mus	muscle	
Sgr-CMas_087	Sgr-CMas_087-mus	muscle	
Sgr-CMas_088	Sgr-CMas_088-mus	muscle	
Sgr-CMas_089	Sgr-CMas_089-mus	muscle	
Sgr-CMas_090	Sgr-CMas_090-mus	muscle	
Sgr-CMas_091	Sgr-CMas_091-mus	muscle	
Sgr-CMas_092	Sgr-CMas_092-mus	muscle	
Sgr-CMas_093	Sgr-CMas_093-mus	muscle	
Sgr-CMas_094	Sgr-CMas_094-mus	muscle	
Sgr-CMas_095	Sgr-CMas_095-mus	muscle	
Sgr-CMas_096	Sgr-CMas_096-mus	muscle	
Sgr-CMvi_001	Sgr-CMvi_001-mus	muscle	
Sgr-CMvi_002	Sgr-CMvi_002-mus	muscle	
Sgr-CMvi_003	Sgr-CMvi_003-mus	muscle	
Sgr-CMvi_004	Sgr-CMvi_004-mus	muscle	
Sgr-CMvi_005	Sgr-CMvi_005-mus	muscle	
Sgr-CMvi_006	Sgr-CMvi_006-mus	muscle	
Sgr-CMvi_007	Sgr-CMvi_007-mus	muscle	
Sgr-CMvi_008	Sgr-CMvi_008-mus	muscle	
Sgr-CMvi_009	Sgr-CMvi_009-mus	muscle	
Sgr-CMvi_010	Sgr-CMvi_010-mus	muscle	
Sgr-CMvi_011	Sgr-CMvi_011-mus	muscle	
Sgr-CMvi_012	Sgr-CMvi_012-mus	muscle	
Sgr-CMvi_013	Sgr-CMvi_013-mus	muscle	
Sgr-CMvi_014	Sgr-CMvi_014-mus	muscle	
Sgr-CMvi_015	Sgr-CMvi_015-mus	muscle	
Sgr-CMvi_016	Sgr-CMvi_016-mus	muscle	
Sgr-CMvi_017	Sgr-CMvi_017-mus	muscle	
Sgr-CMvi_018	Sgr-CMvi_018-mus	muscle	
Sgr-CMvi_019	Sgr-CMvi_019-mus	muscle	
Sgr-CMvi_020	Sgr-CMvi_020-mus	muscle	
Sgr-CMvi_021	Sgr-CMvi_021-mus	muscle	
Sgr-CMvi_022	Sgr-CMvi_022-mus	muscle	
Sgr-CMvi_023	Sgr-CMvi_023-mus	muscle	
Sgr-CMvi_024	Sgr-CMvi_024-mus	muscle	
Sgr-CMvi_025	Sgr-CMvi_025-mus	muscle	
Sgr-CMvi_026	Sgr-CMvi_026-mus	muscle	
Sgr-CMvi_027	Sgr-CMvi_027-mus	muscle	
Sgr-CMvi_028	Sgr-CMvi_028-mus	muscle	
Sgr-CMvi_029	Sgr-CMvi_029-mus	muscle	
Sgr-CMvi_030	Sgr-CMvi_030-mus	muscle	
Sgr-CMvi_031	Sgr-CMvi_031-mus	muscle	
Sgr-CMvi_032	Sgr-CMvi_032-mus	muscle	
Sgr-CMvi_033	Sgr-CMvi_033-mus	muscle	
Sgr-CMvi_034	Sgr-CMvi_034-mus	muscle	
Sgr-CMvi_035	Sgr-CMvi_035-mus	muscle	
Sgr-CMvi_036	Sgr-CMvi_036-mus	muscle	
Sgr-CMvi_037	Sgr-CMvi_037-mus	muscle	
Sgr-CMvi_038	Sgr-CMvi_038-mus	muscle	
Sgr-CMvi_039	Sgr-CMvi_039-mus	muscle	
Sgr-CMvi_040	Sgr-CMvi_040-mus	muscle	
Sgr-CMvi_041	Sgr-CMvi_041-mus	muscle	
Sgr-CMvi_042	Sgr-CMvi_042-mus	muscle	
Sgr-CMvi_043	Sgr-CMvi_043-mus	muscle	
Sgr-CMvi_044	Sgr-CMvi_044-mus	muscle	
Sgr-CMvi_045	Sgr-CMvi_045-mus	muscle	
Sgr-CMvi_046	Sgr-CMvi_046-mus	muscle	
Sgr-CMvi_047	Sgr-CMvi_047-mus	muscle	
Sgr-CMvi_048	Sgr-CMvi_048-mus	muscle	
Sgr-CMvi_049	Sgr-CMvi_049-mus	muscle	
Sgr-CMvi_050	Sgr-CMvi_050-mus	muscle	
Sgr-CMvi_051	Sgr-CMvi_051-mus	muscle	
Sgr-CMvi_052	Sgr-CMvi_052-mus	muscle	
Sgr-CMvi_053	Sgr-CMvi_053-mus	muscle	
Sgr-CMvi_054	Sgr-CMvi_054-mus	muscle	
Sgr-CMvi_055	Sgr-CMvi_055-mus	muscle	
Sgr-CMvi_056	Sgr-CMvi_056-mus	muscle	
Sgr-CMvi_057	Sgr-CMvi_057-mus	muscle	
Sgr-CMvi_058	Sgr-CMvi_058-mus	muscle	
Sgr-CMvi_059	Sgr-CMvi_059-mus	muscle	
Sgr-CMvi_060	Sgr-CMvi_060-mus	muscle	
Sgr-CMvi_061	Sgr-CMvi_061-mus	muscle	
Sgr-CMvi_062	Sgr-CMvi_062-mus	muscle	
Sgr-CMvi_063	Sgr-CMvi_063-mus	muscle	
Sgr-CMvi_064	Sgr-CMvi_064-mus	muscle	
Sgr-CMvi_065	Sgr-CMvi_065-mus	muscle	
Sgr-CMvi_066	Sgr-CMvi_066-mus	muscle	
Sgr-CMvi_067	Sgr-CMvi_067-mus	muscle	
Sgr-CMvi_068	Sgr-CMvi_068-mus	muscle	
Sgr-CMvi_069	Sgr-CMvi_069-mus	muscle	
Sgr-CMvi_070	Sgr-CMvi_070-mus	muscle	
Sgr-CMvi_071	Sgr-CMvi_071-mus	muscle	
Sgr-CMvi_072	Sgr-CMvi_072-mus	muscle	
Sgr-CMvi_073	Sgr-CMvi_073-mus	muscle	
Sgr-CMvi_074	Sgr-CMvi_074-mus	muscle	
Sgr-CMvi_075	Sgr-CMvi_075-mus	muscle	
Sgr-CMvi_076	Sgr-CMvi_076-mus	muscle	
Sgr-CMvi_077	Sgr-CMvi_077-mus	muscle	
Sgr-CMvi_078	Sgr-CMvi_078-mus	muscle	
Sgr-CMvi_079	Sgr-CMvi_079-mus	muscle	
Sgr-CMvi_080	Sgr-CMvi_080-mus	muscle	
Sgr-CMvi_081	Sgr-CMvi_081-mus	muscle	
Sgr-CMvi_082	Sgr-CMvi_082-mus	muscle	
Sgr-CMvi_083	Sgr-CMvi_083-mus	muscle	
Sgr-CMvi_084	Sgr-CMvi_084-mus	muscle	
Sgr-CMvi_085	Sgr-CMvi_085-mus	muscle	
Sgr-CMvi_086	Sgr-CMvi_086-mus	muscle	
Sgr-CMvi_087	Sgr-CMvi_087-mus	muscle	
Sgr-CMvi_088	Sgr-CMvi_088-mus	muscle	
Sgr-CMvi_089	Sgr-CMvi_089-mus	muscle	
Sgr-CMvi_090	Sgr-CMvi_090-mus	muscle	
Sgr-CMvi_091	Sgr-CMvi_091-mus	muscle	
Sgr-CMvi_092	Sgr-CMvi_092-mus	muscle	
Sgr-CMvi_093	Sgr-CMvi_093-mus	muscle	
Sgr-CMvi_094	Sgr-CMvi_094-mus	muscle	
Sgr-CMvi_095	Sgr-CMvi_095-mus	muscle	
Sgr-CMvi_096	Sgr-CMvi_096-mus	muscle	
Sgr-CSur_001	Sgr-CSur_001-mus	muscle	
Sgr-CSur_002	Sgr-CSur_002-mus	muscle	
Sgr-CSur_003	Sgr-CSur_003-mus	muscle	
Sgr-CSur_004	Sgr-CSur_004-mus	muscle	
Sgr-CSur_005	Sgr-CSur_005-mus	muscle	
Sgr-CSur_006	Sgr-CSur_006-mus	muscle	
Sgr-CSur_007	Sgr-CSur_007-mus	muscle	
Sgr-CSur_008	Sgr-CSur_008-mus	muscle	
Sgr-CSur_009	Sgr-CSur_009-mus	muscle	
Sgr-CSur_010	Sgr-CSur_010-mus	muscle	
Sgr-CSur_011	Sgr-CSur_011-mus	muscle	
Sgr-CSur_012	Sgr-CSur_012-mus	muscle	
Sgr-CSur_013	Sgr-CSur_013-mus	muscle	
Sgr-CSur_014	Sgr-CSur_014-mus	muscle	
Sgr-CSur_015	Sgr-CSur_015-mus	muscle	
Sgr-CSur_016	Sgr-CSur_016-mus	muscle	
Sgr-CSur_017	Sgr-CSur_017-mus	muscle	
Sgr-CSur_018	Sgr-CSur_018-mus	muscle	
Sgr-CSur_019	Sgr-CSur_019-mus	muscle	
Sgr-CSur_020	Sgr-CSur_020-mus	muscle	
Sgr-CSur_021	Sgr-CSur_021-mus	muscle	
Sgr-CSur_022	Sgr-CSur_022-mus	muscle	
Sgr-CSur_023	Sgr-CSur_023-mus	muscle	
Sgr-CSur_024	Sgr-CSur_024-mus	muscle	
Sgr-CSur_025	Sgr-CSur_025-mus	muscle	
Sgr-CSur_026	Sgr-CSur_026-mus	muscle	
Sgr-CSur_027	Sgr-CSur_027-mus	muscle	
Sgr-CSur_028	Sgr-CSur_028-mus	muscle	
Sgr-CSur_029	Sgr-CSur_029-mus	muscle	
Sgr-CSur_030	Sgr-CSur_030-mus	muscle	
Sgr-CSur_031	Sgr-CSur_031-mus	muscle	
Sgr-CSur_032	Sgr-CSur_032-mus	muscle	
Sgr-CSur_033	Sgr-CSur_033-mus	muscle	
Sgr-CSur_034	Sgr-CSur_034-mus	muscle	
Sgr-CSur_035	Sgr-CSur_035-mus	muscle	
Sgr-CSur_036	Sgr-CSur_036-mus	muscle	
Sgr-CSur_037	Sgr-CSur_037-mus	muscle	
Sgr-CSur_038	Sgr-CSur_038-mus	muscle	
Sgr-CSur_039	Sgr-CSur_039-mus	muscle	
Sgr-CSur_040	Sgr-CSur_040-mus	muscle	
Sgr-CSur_041	Sgr-CSur_041-mus	muscle	
Sgr-CSur_042	Sgr-CSur_042-mus	muscle	
Sgr-CSur_043	Sgr-CSur_043-mus	muscle	
Sgr-CSur_044	Sgr-CSur_044-mus	muscle	
Sgr-CSur_045	Sgr-CSur_045-mus	muscle	
Sgr-CSur_046	Sgr-CSur_046-mus	muscle	
Sgr-CSur_047	Sgr-CSur_047-mus	muscle	
Sgr-CSur_048	Sgr-CSur_048-mus	muscle	
Sgr-CSur_049	Sgr-CSur_049-mus	muscle	
Sgr-CSur_050	Sgr-CSur_050-mus	muscle	
Sgr-CSur_051	Sgr-CSur_051-mus	muscle	
Sgr-CSur_052	Sgr-CSur_052-mus	muscle	
Sgr-CSur_053	Sgr-CSur_053-mus	muscle	
Sgr-CSur_054	Sgr-CSur_054-mus	muscle	
Sgr-CSur_055	Sgr-CSur_055-mus	muscle	
Sgr-CSur_056	Sgr-CSur_056-mus	muscle	
Sgr-CSur_057	Sgr-CSur_057-mus	muscle	
Sgr-CSur_058	Sgr-CSur_058-mus	muscle	
Sgr-CSur_059	Sgr-CSur_059-mus	muscle	
Sgr-CSur_060	Sgr-CSur_060-mus	muscle	
Sgr-CSur_061	Sgr-CSur_061-mus	muscle	
Sgr-CSur_062	Sgr-CSur_062-mus	muscle	
Sgr-CSur_063	Sgr-CSur_063-mus	muscle	
Sgr-CSur_064	Sgr-CSur_064-mus	muscle	
Sgr-CSur_065	Sgr-CSur_065-mus	muscle	
Sgr-CSur_066	Sgr-CSur_066-mus	muscle	
Sgr-CSur_067	Sgr-CSur_067-mus	muscle	
Sgr-CSur_068	Sgr-CSur_068-mus	muscle	
Sgr-CSur_069	Sgr-CSur_069-mus	muscle	
Sgr-CSur_070	Sgr-CSur_070-mus	muscle	
Sgr-CSur_071	Sgr-CSur_071-mus	muscle	
Sgr-CSur_072	Sgr-CSur_072-mus	muscle	
Sgr-CSur_073	Sgr-CSur_073-mus	muscle	
Sgr-CSur_074	Sgr-CSur_074-mus	muscle	
Sgr-CSur_075	Sgr-CSur_075-mus	muscle	
Sgr-CSur_076	Sgr-CSur_076-mus	muscle	
Sgr-CSur_077	Sgr-CSur_077-mus	muscle	
Sgr-CSur_078	Sgr-CSur_078-mus	muscle	
Sgr-CSur_079	Sgr-CSur_079-mus	muscle	
Sgr-CSur_080	Sgr-CSur_080-mus	muscle	
Sgr-CSur_081	Sgr-CSur_081-mus	muscle	
Sgr-CSur_082	Sgr-CSur_082-mus	muscle	
Sgr-CSur_083	Sgr-CSur_083-mus	muscle	
Sgr-CSur_084	Sgr-CSur_084-mus	muscle	
Sgr-CSur_085	Sgr-CSur_085-mus	muscle	
Sgr-CSur_086	Sgr-CSur_086-mus	muscle	
Sgr-CSur_087	Sgr-CSur_087-mus	muscle	
Sgr-CSur_088	Sgr-CSur_088-mus	muscle	
Sgr-CSur_089	Sgr-CSur_089-mus	muscle	
Sgr-CSur_090	Sgr-CSur_090-mus	muscle	
Sgr-CSur_091	Sgr-CSur_091-mus	muscle	
Sgr-CSur_092	Sgr-CSur_092-mus	muscle	
Sgr-CSur_093	Sgr-CSur_093-mus	muscle	
Sgr-CSur_094	Sgr-CSur_094-mus	muscle	
Sgr-CSur_095	Sgr-CSur_095-mus	muscle	
Sgr-CSur_096	Sgr-CSur_096-mus	muscle	
Sgr-CTay_001	Sgr-CTay_001-mus	muscle	
Sgr-CTay_002	Sgr-CTay_002-mus	muscle	
Sgr-CTay_003	Sgr-CTay_003-mus	muscle	
Sgr-CTay_004	Sgr-CTay_004-mus	muscle	
Sgr-CTay_005	Sgr-CTay_005-mus	muscle	
Sgr-CTay_006	Sgr-CTay_006-mus	muscle	
Sgr-CTay_007	Sgr-CTay_007-mus	muscle	
Sgr-CTay_008	Sgr-CTay_008-mus	muscle	
Sgr-CTay_009	Sgr-CTay_009-mus	muscle	
Sgr-CTay_010	Sgr-CTay_010-mus	muscle	
Sgr-CTay_011	Sgr-CTay_011-mus	muscle	
Sgr-CTay_012	Sgr-CTay_012-mus	muscle	
Sgr-CTay_013	Sgr-CTay_013-mus	muscle	
Sgr-CTay_014	Sgr-CTay_014-mus	muscle	
Sgr-CTay_015	Sgr-CTay_015-mus	muscle	
Sgr-CTay_016	Sgr-CTay_016-mus	muscle	
Sgr-CTay_017	Sgr-CTay_017-mus	muscle	
Sgr-CTay_018	Sgr-CTay_018-mus	muscle	
Sgr-CTay_019	Sgr-CTay_019-mus	muscle	
Sgr-CTay_020	Sgr-CTay_020-mus	muscle	
Sgr-CTay_021	Sgr-CTay_021-mus	muscle	
Sgr-CTay_022	Sgr-CTay_022-mus	muscle	
Sgr-CTay_023	Sgr-CTay_023-mus	muscle	
Sgr-CTay_024	Sgr-CTay_024-mus	muscle	
Sgr-CTay_025	Sgr-CTay_025-mus	muscle	
Sgr-CTay_026	Sgr-CTay_026-mus	muscle	
Sgr-CTay_027	Sgr-CTay_027-mus	muscle	
Sgr-CTay_028	Sgr-CTay_028-mus	muscle	
Sgr-CTay_029	Sgr-CTay_029-mus	muscle	
Sgr-CTay_030	Sgr-CTay_030-mus	muscle	
Sgr-CTay_031	Sgr-CTay_031-mus	muscle	
Sgr-CTay_032	Sgr-CTay_032-mus	muscle	
Sgr-CTay_033	Sgr-CTay_033-mus	muscle	
Sgr-CTay_034	Sgr-CTay_034-mus	muscle	
Sgr-CTay_035	Sgr-CTay_035-mus	muscle	
Sgr-CTay_036	Sgr-CTay_036-mus	muscle	
Sgr-CTay_037	Sgr-CTay_037-mus	muscle	
Sgr-CTay_038	Sgr-CTay_038-mus	muscle	
Sgr-CTay_039	Sgr-CTay_039-mus	muscle	
Sgr-CTay_040	Sgr-CTay_040-mus	muscle	
Sgr-CTay_041	Sgr-CTay_041-mus	muscle	
Sgr-CTay_042	Sgr-CTay_042-mus	muscle	
Sgr-CTay_043	Sgr-CTay_043-mus	muscle	
Sgr-CTay_044	Sgr-CTay_044-mus	muscle	
Sgr-CTay_045	Sgr-CTay_045-mus	muscle	
Sgr-CTay_046	Sgr-CTay_046-mus	muscle	
Sgr-CTay_047	Sgr-CTay_047-mus	muscle	
Sgr-CTay_048	Sgr-CTay_048-mus	muscle	
Sgr-CTay_049	Sgr-CTay_049-mus	muscle	
Sgr-CTay_050	Sgr-CTay_050-mus	muscle	
Sgr-CTay_051	Sgr-CTay_051-mus	muscle	
Sgr-CTay_052	Sgr-CTay_052-mus	muscle	
Sgr-CTay_053	Sgr-CTay_053-mus	muscle	
Sgr-CTay_054	Sgr-CTay_054-mus	muscle	
Sgr-CTay_055	Sgr-CTay_055-mus	muscle	
Sgr-CTay_056	Sgr-CTay_056-mus	muscle	
Sgr-CTay_057	Sgr-CTay_057-mus	muscle	
Sgr-CTay_058	Sgr-CTay_058-mus	muscle	
Sgr-CTay_059	Sgr-CTay_059-mus	muscle	
Sgr-CTay_060	Sgr-CTay_060-mus	muscle	
Sgr-CTay_061	Sgr-CTay_061-mus	muscle	
Sgr-CTay_062	Sgr-CTay_062-mus	muscle	
Sgr-CTay_063	Sgr-CTay_063-mus	muscle	
Sgr-CTay_064	Sgr-CTay_064-mus	muscle	
Sgr-CTay_065	Sgr-CTay_065-mus	muscle	
Sgr-CTay_066	Sgr-CTay_066-mus	muscle	
Sgr-CTay_067	Sgr-CTay_067-mus	muscle	
Sgr-CTay_068	Sgr-CTay_068-mus	muscle	
Sgr-CTay_069	Sgr-CTay_069-mus	muscle	
Sgr-CTay_070	Sgr-CTay_070-mus	muscle	
Sgr-CTay_071	Sgr-CTay_071-mus	muscle	
Sgr-CTay_072	Sgr-CTay_072-mus	muscle	
Sgr-CTay_073	Sgr-CTay_073-mus	muscle	
Sgr-CTay_074	Sgr-CTay_074-mus	muscle	
Sgr-CTay_075	Sgr-CTay_075-mus	muscle	
Sgr-CTay_076	Sgr-CTay_076-mus	muscle	
Sgr-CTay_077	Sgr-CTay_077-mus	muscle	
Sgr-CTay_078	Sgr-CTay_078-mus	muscle	
Sgr-CTay_079	Sgr-CTay_079-mus	muscle	
Sgr-CTay_080	Sgr-CTay_080-mus	muscle	
Sgr-CTay_081	Sgr-CTay_081-mus	muscle	
Sgr-CTay_082	Sgr-CTay_082-mus	muscle	
Sgr-CTay_083	Sgr-CTay_083-mus	muscle	
Sgr-CTay_084	Sgr-CTay_084-mus	muscle	
Sgr-CTay_085	Sgr-CTay_085-mus	muscle	
Sgr-CTay_086	Sgr-CTay_086-mus	muscle	
Sgr-CTay_087	Sgr-CTay_087-mus	muscle	
Sgr-CTay_088	Sgr-CTay_088-mus	muscle	
Sgr-CTay_089	Sgr-CTay_089-mus	muscle	
Sgr-CTay_090	Sgr-CTay_090-mus	muscle	
Sgr-CTay_091	Sgr-CTay_091-mus	muscle	
Sgr-CTay_092	Sgr-CTay_092-mus	muscle	
Sgr-CTay_093	Sgr-CTay_093-mus	muscle	
Sgr-CTay_094	Sgr-CTay_094-mus	muscle	
Sgr-CTay_095	Sgr-CTay_095-mus	muscle	
Sgr-CTay_096	Sgr-CTay_096-mus	muscle	
Sin-APnd_001	Sin-APnd_001-mus	muscle	
Sin-APnd_002	Sin-APnd_002-mus	muscle	
Sin-APnd_003	Sin-APnd_003-mus	muscle	
Sin-APnd_004	Sin-APnd_004-mus	muscle	
Sin-APnd_005	Sin-APnd_005-mus	muscle	
Sin-APnd_006	Sin-APnd_006-mus	muscle	
Sin-APnd_007	Sin-APnd_007-mus	muscle	
Sin-APnd_008	Sin-APnd_008-mus	muscle	
Sin-APnd_009	Sin-APnd_009-mus	muscle	
Sin-APnd_010	Sin-APnd_010-mus	muscle	
Sin-APnd_011	Sin-APnd_011-mus	muscle	
Sin-APnd_012	Sin-APnd_012-mus	muscle	
Sin-APnd_013	Sin-APnd_013-mus	muscle	
Sin-APnd_014	Sin-APnd_014-mus	muscle	
Sin-APnd_015	Sin-APnd_015-mus	muscle	
Sin-APnd_016	Sin-APnd_016-mus	muscle	
Sin-APnd_017	Sin-APnd_017-mus	muscle	
Sin-APnd_018	Sin-APnd_018-mus	muscle	
Sin-APnd_019	Sin-APnd_019-mus	muscle	
Sin-APnd_020	Sin-APnd_020-mus	muscle	
Sin-APnd_021	Sin-APnd_021-mus	muscle	
Sin-APnd_022	Sin-APnd_022-mus	muscle	
Sin-APnd_023	Sin-APnd_023-mus	muscle	
Sin-APnd_024	Sin-APnd_024-mus	muscle	
Sin-APnd_025	Sin-APnd_025-mus	muscle	
Sin-CPnd_001	Sin-CPnd_001-mus	muscle	
Sin-CPnd_002	Sin-CPnd_002-mus	muscle	
Sin-CPnd_003	Sin-CPnd_003-mus	muscle	
Sin-CPnd_004	Sin-CPnd_004-mus	muscle	
Sin-CPnd_005	Sin-CPnd_005-mus	muscle	
Sin-CPnd_006	Sin-CPnd_006-mus	muscle	
Sin-CPnd_007	Sin-CPnd_007-mus	muscle	
Sin-CPnd_008	Sin-CPnd_008-mus	muscle	
Sin-CPnd_009	Sin-CPnd_009-mus	muscle	
Sin-CPnd_010	Sin-CPnd_010-mus	muscle	
Sin-CPnd_011	Sin-CPnd_011-mus	muscle	
Sin-CPnd_012	Sin-CPnd_012-mus	muscle	
Sin-CPnd_013	Sin-CPnd_013-mus	muscle	
Sin-CPnd_014	Sin-CPnd_014-mus	muscle	
Sin-CPnd_015	Sin-CPnd_015-mus	muscle	
Sin-CPnd_016	Sin-CPnd_016-mus	muscle	
Sin-CPnd_017	Sin-CPnd_017-mus	muscle	
Sin-CPnd_018	Sin-CPnd_018-mus	muscle	
Sin-CPnd_019	Sin-CPnd_019-mus	muscle	
Sin-CPnd_020	Sin-CPnd_020-mus	muscle	
Sin-CPnd_021	Sin-CPnd_021-mus	muscle	
Sin-CPnd_022	Sin-CPnd_022-mus	muscle	
Sin-CPnd_023	Sin-CPnd_023-mus	muscle	
Sin-CPnd_024	Sin-CPnd_024-mus	muscle	
Sin-CPnd_025	Sin-CPnd_025-mus	muscle	
Sin-CPnd_026	Sin-CPnd_026-mus	muscle	
Sin-CPnd_027	Sin-CPnd_027-mus	muscle	
Sin-CPnd_028	Sin-CPnd_028-mus	muscle	
Sin-CPnd_029	Sin-CPnd_029-mus	muscle	
Sin-CPnd_030	Sin-CPnd_030-mus	muscle	
Sin-CPnd_031	Sin-CPnd_031-mus	muscle	
Sin-CPnd_032	Sin-CPnd_032-mus	muscle	
Sin-CPnd_033	Sin-CPnd_033-mus	muscle	
Sin-CPnd_034	Sin-CPnd_034-mus	muscle	
Sin-CPnd_035	Sin-CPnd_035-mus	muscle	
Sin-CPnd_036	Sin-CPnd_036-mus	muscle	
Sin-CPnd_037	Sin-CPnd_037-mus	muscle	
Sin-CPnd_038	Sin-CPnd_038-mus	muscle	
Sin-CPnd_039	Sin-CPnd_039-mus	muscle	
Sin-CPnd_040	Sin-CPnd_040-mus	muscle	
Sin-CPnd_041	Sin-CPnd_041-mus	muscle	
Sin-CPnd_042	Sin-CPnd_042-mus	muscle	
Sin-CPnd_043	Sin-CPnd_043-mus	muscle	
Sin-CPnd_044	Sin-CPnd_044-mus	muscle	
Sin-CPnd_045	Sin-CPnd_045-mus	muscle	
Sin-CPnd_046	Sin-CPnd_046-mus	muscle	
Sin-CPnd_047	Sin-CPnd_047-mus	muscle	
Sin-CPnd_048	Sin-CPnd_048-mus	muscle	
Sin-CPnd_049	Sin-CPnd_049-mus	muscle	
Sin-CPnd_050	Sin-CPnd_050-mus	muscle	
Sin-CPnd_051	Sin-CPnd_051-mus	muscle	
Sin-CPnd_052	Sin-CPnd_052-mus	muscle	
Sin-CPnd_053	Sin-CPnd_053-mus	muscle	
Sin-CPnd_054	Sin-CPnd_054-mus	muscle	
Sin-CPnd_055	Sin-CPnd_055-mus	muscle	
Sin-CPnd_056	Sin-CPnd_056-mus	muscle	
Sin-CPnd_057	Sin-CPnd_057-mus	muscle	
Sin-CPnd_058	Sin-CPnd_058-mus	muscle	
Sin-CPnd_059	Sin-CPnd_059-mus	muscle	
Sin-CPnd_060	Sin-CPnd_060-mus	muscle	
Sin-CPnd_061	Sin-CPnd_061-mus	muscle	
Sin-CPnd_062	Sin-CPnd_062-mus	muscle	
Sin-CPnd_063	Sin-CPnd_063-mus	muscle	
Sin-CPnd_064	Sin-CPnd_064-mus	muscle	
Sin-CPnd_065	Sin-CPnd_065-mus	muscle	
Sin-CPnd_066	Sin-CPnd_066-mus	muscle	
Sin-CPnd_067	Sin-CPnd_067-mus	muscle	
Sin-CPnd_068	Sin-CPnd_068-mus	muscle	
Sin-CPnd_069	Sin-CPnd_069-mus	muscle	
Sin-CPnd_070	Sin-CPnd_070-mus	muscle	
Sin-CPnd_071	Sin-CPnd_071-mus	muscle	
Sin-CPnd_072	Sin-CPnd_072-mus	muscle	
Sin-CPnd_073	Sin-CPnd_073-mus	muscle	
Sin-CPnd_074	Sin-CPnd_074-mus	muscle	
Sin-CPnd_075	Sin-CPnd_075-mus	muscle	
Sin-CPnd_076	Sin-CPnd_076-mus	muscle	
Sin-CPnd_077	Sin-CPnd_077-mus	muscle	
Sin-CPnd_078	Sin-CPnd_078-mus	muscle	
Sin-CPnd_079	Sin-CPnd_079-mus	muscle	
Sin-CPnd_080	Sin-CPnd_080-mus	muscle	
Sin-CPnd_081	Sin-CPnd_081-mus	muscle	
Sin-CPnd_082	Sin-CPnd_082-mus	muscle	
Sin-CPnd_083	Sin-CPnd_083-mus	muscle	
Sin-CPnd_084	Sin-CPnd_084-mus	muscle	
Sin-CPnd_085	Sin-CPnd_085-mus	muscle	
Sin-CPnd_086	Sin-CPnd_086-mus	muscle	
Sin-CPnd_087	Sin-CPnd_087-mus	muscle	
Sin-CPnd_088	Sin-CPnd_088-mus	muscle	
Sin-CPnd_089	Sin-CPnd_089-mus	muscle	
Sin-CPnd_090	Sin-CPnd_090-mus	muscle	
Sin-CPnd_091	Sin-CPnd_091-mus	muscle	
Sin-CPnd_092	Sin-CPnd_092-mus	muscle	
Sin-CPnd_093	Sin-CPnd_093-mus	muscle	
Sin-CPnd_094	Sin-CPnd_094-mus	muscle	
Sin-CPnd_095	Sin-CPnd_095-mus	muscle	
Sin-CPnd_096	Sin-CPnd_096-mus	muscle	
Sne-ABir_001	Sne-ABir_001-mus	muscle	
Sne-ABir_002	Sne-ABir_002-mus	muscle	
Sne-ABir_003	Sne-ABir_003-mus	muscle	
Sne-ABir_004	Sne-ABir_004-mus	muscle	
Sne-ABir_005	Sne-ABir_005-mus	muscle	
Sne-ABir_006	Sne-ABir_006-mus	muscle	
Sne-ABir_007	Sne-ABir_007-mus	muscle	
Sne-ABir_008	Sne-ABir_008-mus	muscle	
Sne-ABir_009	Sne-ABir_009-mus	muscle	
Sne-ABir_010	Sne-ABir_010-mus	muscle	
Sne-ABir_011	Sne-ABir_011-mus	muscle	
Sne-ABir_012	Sne-ABir_012-mus	muscle	
Sne-ABir_013	Sne-ABir_013-mus	muscle	
Sne-ABir_014	Sne-ABir_014-mus	muscle	
Sne-ABir_015	Sne-ABir_015-mus	muscle	
Sne-ABir_016	Sne-ABir_016-mus	muscle	
Sne-ABir_017	Sne-ABir_017-mus	muscle	
Sne-ABir_018	Sne-ABir_018-mus	muscle	
Sne-ABir_019	Sne-ABir_019-mus	muscle	
Sne-ABir_020	Sne-ABir_020-mus	muscle	
Sne-ABir_021	Sne-ABir_021-mus	muscle	
Sne-ABir_022	Sne-ABir_022-mus	muscle	
Sne-ABir_023	Sne-ABir_023-mus	muscle	
Sne-ABir_024	Sne-ABir_024-mus	muscle	
Sne-ABir_025	Sne-ABir_025-mus	muscle	
Sne-ABir_026	Sne-ABir_026-mus	muscle	
Sne-ABir_027	Sne-ABir_027-mus	muscle	
Sne-ABir_028	Sne-ABir_028-mus	muscle	
Sne-ARom_001	Sne-ARom_001-mus	muscle	
Sne-ARom_002	Sne-ARom_002-mus	muscle	
Sne-ARom_003	Sne-ARom_003-mus	muscle	
Sne-ARom_004	Sne-ARom_004-mus	muscle	
Sne-ARom_005	Sne-ARom_005-mus	muscle	
Sne-ARom_006	Sne-ARom_006-mus	muscle	
Sne-ARom_007	Sne-ARom_007-mus	muscle	
Sne-ARom_008	Sne-ARom_008-mus	muscle	
Sne-ARom_009	Sne-ARom_009-mus	muscle	
Sne-ARom_010	Sne-ARom_010-mus	muscle	
Sne-ARom_011	Sne-ARom_011-mus	muscle	
Sne-ARom_012	Sne-ARom_012-mus	muscle	
Sne-ARom_013	Sne-ARom_013-mus	muscle	
Sne-ARom_014	Sne-ARom_014-mus	muscle	
Sne-ARom_015	Sne-ARom_015-mus	muscle	
Sne-ARom_016	Sne-ARom_016-mus	muscle	
Sne-ARom_017	Sne-ARom_017-mus	muscle	
Sne-ARom_018	Sne-ARom_018-mus	muscle	
Sne-ARom_019	Sne-ARom_019-mus	muscle	
Sne-ARom_020	Sne-ARom_020-mus	muscle	
Sne-ARom_021	Sne-ARom_021-mus	muscle	
Sne-ARom_022	Sne-ARom_022-mus	muscle	
Sne-ARom_023	Sne-ARom_023-mus	muscle	
Sne-ARom_024	Sne-ARom_024-mus	muscle	
Sne-ARom_025	Sne-ARom_025-mus	muscle	
Sne-ARom_026	Sne-ARom_026-mus	muscle	
Sne-ARom_027	Sne-ARom_027-mus	muscle	
Sne-ARom_028	Sne-ARom_028-mus	muscle	
Sne-ARom_029	Sne-ARom_029-mus	muscle	
Sne-ARom_030	Sne-ARom_030-mus	muscle	
Sne-ARom_031	Sne-ARom_031-mus	muscle	
Sne-ARom_032	Sne-ARom_032-mus	muscle	
Sne-ARom_033	Sne-ARom_033-mus	muscle	
Sne-ARom_034	Sne-ARom_034-mus	muscle	
Sne-ARom_035	Sne-ARom_035-mus	muscle	
Sne-ARom_036	Sne-ARom_036-mus	muscle	
Sne-ARom_037	Sne-ARom_037-mus	muscle	
Sne-ARom_038	Sne-ARom_038-mus	muscle	
Sne-ARom_039	Sne-ARom_039-mus	muscle	
Sne-ARom_040	Sne-ARom_040-mus	muscle	
Sne-ARom_041	Sne-ARom_041-mus	muscle	
Sne-ARom_042	Sne-ARom_042-mus	muscle	
Sne-ARom_043	Sne-ARom_043-mus	muscle	
Sne-ARom_044	Sne-ARom_044-mus	muscle	
Sne-ATaw_001	Sne-ATaw_001-mus	muscle	
Sne-ATaw_002	Sne-ATaw_002-mus	muscle	
Sne-ATaw_003	Sne-ATaw_003-mus	muscle	
Sne-ATaw_004	Sne-ATaw_004-mus	muscle	
Sne-ATaw_005	Sne-ATaw_005-mus	muscle	
Sne-ATaw_006	Sne-ATaw_006-mus	muscle	
Sne-ATaw_007	Sne-ATaw_007-mus	muscle	
Sne-ATaw_008	Sne-ATaw_008-mus	muscle	
Sne-ATaw_009	Sne-ATaw_009-mus	muscle	
Sne-ATaw_010	Sne-ATaw_010-mus	muscle	
Sne-ATaw_011	Sne-ATaw_011-mus	muscle	
Sne-ATaw_012	Sne-ATaw_012-mus	muscle	
Sne-ATaw_013	Sne-ATaw_013-mus	muscle	
Sne-ATaw_014	Sne-ATaw_014-mus	muscle	
Sne-ATaw_015	Sne-ATaw_015-mus	muscle	
Sne-ATaw_016	Sne-ATaw_016-mus	muscle	
Sne-ATaw_017	Sne-ATaw_017-mus	muscle	
Sne-ATaw_018	Sne-ATaw_018-mus	muscle	
Sne-ATaw_019	Sne-ATaw_019-mus	muscle	
Sne-ATaw_020	Sne-ATaw_020-mus	muscle	
Sne-ATaw_021	Sne-ATaw_021-mus	muscle	
Sne-ATaw_022	Sne-ATaw_022-mus	muscle	
Sne-ATaw_023	Sne-ATaw_023-mus	muscle	
Sne-ATaw_024	Sne-ATaw_024-mus	muscle	
Sne-ATaw_025	Sne-ATaw_025-mus	muscle	
Sne-ATaw_026	Sne-ATaw_026-mus	muscle	
Sne-ATaw_027	Sne-ATaw_027-mus	muscle	
Sne-CCab_001	Sne-CCab_001-mus	muscle	
Sne-CCab_002	Sne-CCab_002-mus	muscle	
Sne-CCab_003	Sne-CCab_003-mus	muscle	
Sne-CCab_004	Sne-CCab_004-mus	muscle	
Sne-CCab_005	Sne-CCab_005-mus	muscle	
Sne-CCab_006	Sne-CCab_006-mus	muscle	
Sne-CCab_007	Sne-CCab_007-mus	muscle	
Sne-CCab_008	Sne-CCab_008-mus	muscle	
Sne-CCab_009	Sne-CCab_009-mus	muscle	
Sne-CCab_010	Sne-CCab_010-mus	muscle	
Sne-CCab_011	Sne-CCab_011-mus	muscle	
Sne-CCab_012	Sne-CCab_012-mus	muscle	
Sne-CCab_013	Sne-CCab_013-mus	muscle	
Sne-CCab_014	Sne-CCab_014-mus	muscle	
Sne-CCab_015	Sne-CCab_015-mus	muscle	
Sne-CCab_016	Sne-CCab_016-mus	muscle	
Sne-CCab_017	Sne-CCab_017-mus	muscle	
Sne-CCab_018	Sne-CCab_018-mus	muscle	
Sne-CCab_019	Sne-CCab_019-mus	muscle	
Sne-CCab_020	Sne-CCab_020-mus	muscle	
Sne-CCab_021	Sne-CCab_021-mus	muscle	
Sne-CCab_022	Sne-CCab_022-mus	muscle	
Sne-CCab_023	Sne-CCab_023-mus	muscle	
Sne-CCab_024	Sne-CCab_024-mus	muscle	
Sne-CCab_025	Sne-CCab_025-mus	muscle	
Sne-CCab_026	Sne-CCab_026-mus	muscle	
Sne-CCab_027	Sne-CCab_027-mus	muscle	
Sne-CCab_028	Sne-CCab_028-mus	muscle	
Sne-CCab_029	Sne-CCab_029-mus	muscle	
Sne-CCab_030	Sne-CCab_030-mus	muscle	
Sne-CCab_031	Sne-CCab_031-mus	muscle	
Sne-CCab_032	Sne-CCab_032-mus	muscle	
Sne-CCab_033	Sne-CCab_033-mus	muscle	
Sne-CCab_034	Sne-CCab_034-mus	muscle	
Sne-CCab_035	Sne-CCab_035-mus	muscle	
Sne-CCab_036	Sne-CCab_036-mus	muscle	
Sne-CCab_037	Sne-CCab_037-mus	muscle	
Sne-CCab_038	Sne-CCab_038-mus	muscle	
Sne-CCab_039	Sne-CCab_039-mus	muscle	
Sne-CCab_040	Sne-CCab_040-mus	muscle	
Sne-CCab_041	Sne-CCab_041-mus	muscle	
Sne-CCab_042	Sne-CCab_042-mus	muscle	
Sne-CCab_043	Sne-CCab_043-mus	muscle	
Sne-CCab_044	Sne-CCab_044-mus	muscle	
Sne-CCab_045	Sne-CCab_045-mus	muscle	
Sne-CCab_046	Sne-CCab_046-mus	muscle	
Sne-CCab_047	Sne-CCab_047-mus	muscle	
Sne-CCab_048	Sne-CCab_048-mus	muscle	
Sne-CCab_049	Sne-CCab_049-mus	muscle	
Sne-CCab_050	Sne-CCab_050-mus	muscle	
Sne-CCab_051	Sne-CCab_051-mus	muscle	
Sne-CCab_052	Sne-CCab_052-mus	muscle	
Sne-CCab_053	Sne-CCab_053-mus	muscle	
Sne-CCab_054	Sne-CCab_054-mus	muscle	
Sne-CCab_055	Sne-CCab_055-mus	muscle	
Sne-CCab_056	Sne-CCab_056-mus	muscle	
Sne-CCab_057	Sne-CCab_057-mus	muscle	
Sne-CCab_058	Sne-CCab_058-mus	muscle	
Sne-CCab_059	Sne-CCab_059-mus	muscle	
Sne-CCab_060	Sne-CCab_060-mus	muscle	
Sne-CCab_061	Sne-CCab_061-mus	muscle	
Sne-CCab_062	Sne-CCab_062-mus	muscle	
Sne-CCab_063	Sne-CCab_063-mus	muscle	
Sne-CCab_064	Sne-CCab_064-mus	muscle	
Sne-CCab_065	Sne-CCab_065-mus	muscle	
Sne-CCab_066	Sne-CCab_066-mus	muscle	
Sne-CCab_067	Sne-CCab_067-mus	muscle	
Sne-CCab_068	Sne-CCab_068-mus	muscle	
Sne-CCab_069	Sne-CCab_069-mus	muscle	
Sne-CCab_070	Sne-CCab_070-mus	muscle	
Sne-CCab_071	Sne-CCab_071-mus	muscle	
Sne-CCab_072	Sne-CCab_072-mus	muscle	
Sne-CCab_073	Sne-CCab_073-mus	muscle	
Sne-CCab_074	Sne-CCab_074-mus	muscle	
Sne-CCab_075	Sne-CCab_075-mus	muscle	
Sne-CCab_076	Sne-CCab_076-mus	muscle	
Sne-CCab_077	Sne-CCab_077-mus	muscle	
Sne-CCab_078	Sne-CCab_078-mus	muscle	
Sne-CCab_079	Sne-CCab_079-mus	muscle	
Sne-CCab_080	Sne-CCab_080-mus	muscle	
Sne-CCab_081	Sne-CCab_081-mus	muscle	
Sne-CCab_082	Sne-CCab_082-mus	muscle	
Sne-CCab_083	Sne-CCab_083-mus	muscle	
Sne-CCab_084	Sne-CCab_084-mus	muscle	
Sne-CCab_085	Sne-CCab_085-mus	muscle	
Sne-CCab_086	Sne-CCab_086-mus	muscle	
Sne-CCab_087	Sne-CCab_087-mus	muscle	
Sne-CCab_088	Sne-CCab_088-mus	muscle	
Sne-CCab_089	Sne-CCab_089-mus	muscle	
Sne-CCab_090	Sne-CCab_090-mus	muscle	
Sne-CCab_091	Sne-CCab_091-mus	muscle	
Sne-CCab_092	Sne-CCab_092-mus	muscle	
Sne-CCab_093	Sne-CCab_093-mus	muscle	
Sne-CCab_094	Sne-CCab_094-mus	muscle	
Sne-CCab_095	Sne-CCab_095-mus	muscle	
Sne-CCab_096	Sne-CCab_096-mus	muscle	
Sne-CRom_001	Sne-CRom_001-mus	muscle	
Sne-CRom_002	Sne-CRom_002-mus	muscle	
Sne-CRom_003	Sne-CRom_003-mus	muscle	
Sne-CRom_004	Sne-CRom_004-mus	muscle	
Sne-CRom_005	Sne-CRom_005-mus	muscle	
Sne-CRom_006	Sne-CRom_006-mus	muscle	
Sne-CRom_007	Sne-CRom_007-mus	muscle	
Sne-CRom_008	Sne-CRom_008-mus	muscle	
Sne-CRom_009	Sne-CRom_009-mus	muscle	
Sne-CRom_010	Sne-CRom_010-mus	muscle	
Sne-CRom_011	Sne-CRom_011-mus	muscle	
Sne-CRom_012	Sne-CRom_012-mus	muscle	
Sne-CRom_013	Sne-CRom_013-mus	muscle	
Sne-CRom_014	Sne-CRom_014-mus	muscle	
Sne-CRom_015	Sne-CRom_015-mus	muscle	
Sne-CRom_016	Sne-CRom_016-mus	muscle	
Sne-CRom_017	Sne-CRom_017-mus	muscle	
Sne-CRom_018	Sne-CRom_018-mus	muscle	
Sne-CRom_019	Sne-CRom_019-mus	muscle	
Sne-CRom_020	Sne-CRom_020-mus	muscle	
Sne-CRom_021	Sne-CRom_021-mus	muscle	
Sne-CRom_022	Sne-CRom_022-mus	muscle	
Sne-CRom_023	Sne-CRom_023-mus	muscle	
Sne-CRom_024	Sne-CRom_024-mus	muscle	
Sne-CRom_025	Sne-CRom_025-mus	muscle	
Sne-CRom_026	Sne-CRom_026-mus	muscle	
Sne-CRom_027	Sne-CRom_027-mus	muscle	
Sne-CRom_028	Sne-CRom_028-mus	muscle	
Sne-CRom_029	Sne-CRom_029-mus	muscle	
Sne-CRom_030	Sne-CRom_030-mus	muscle	
Sne-CRom_031	Sne-CRom_031-mus	muscle	
Sne-CRom_032	Sne-CRom_032-mus	muscle	
Sne-CRom_033	Sne-CRom_033-mus	muscle	
Sne-CRom_034	Sne-CRom_034-mus	muscle	
Sne-CRom_035	Sne-CRom_035-mus	muscle	
Sne-CRom_036	Sne-CRom_036-mus	muscle	
Sne-CRom_037	Sne-CRom_037-mus	muscle	
Sne-CRom_038	Sne-CRom_038-mus	muscle	
Sne-CRom_039	Sne-CRom_039-mus	muscle	
Sne-CRom_040	Sne-CRom_040-mus	muscle	
Sne-CRom_041	Sne-CRom_041-mus	muscle	
Sne-CRom_042	Sne-CRom_042-mus	muscle	
Sne-CRom_043	Sne-CRom_043-mus	muscle	
Sne-CRom_044	Sne-CRom_044-mus	muscle	
Sne-CRom_045	Sne-CRom_045-mus	muscle	
Sne-CRom_046	Sne-CRom_046-mus	muscle	
Sne-CRom_047	Sne-CRom_047-mus	muscle	
Sne-CRom_048	Sne-CRom_048-mus	muscle	
Sne-CRom_049	Sne-CRom_049-mus	muscle	
Sne-CRom_050	Sne-CRom_050-mus	muscle	
Sne-CRom_051	Sne-CRom_051-mus	muscle	
Sne-CRom_052	Sne-CRom_052-mus	muscle	
Sne-CRom_053	Sne-CRom_053-mus	muscle	
Sne-CRom_054	Sne-CRom_054-mus	muscle	
Sne-CRom_055	Sne-CRom_055-mus	muscle	
Sne-CRom_056	Sne-CRom_056-mus	muscle	
Sne-CRom_057	Sne-CRom_057-mus	muscle	
Sne-CRom_058	Sne-CRom_058-mus	muscle	
Sne-CRom_059	Sne-CRom_059-mus	muscle	
Sne-CRom_060	Sne-CRom_060-mus	muscle	
Sne-CRom_061	Sne-CRom_061-mus	muscle	
Sne-CRom_062	Sne-CRom_062-mus	muscle	
Sne-CRom_063	Sne-CRom_063-mus	muscle	
Sne-CRom_064	Sne-CRom_064-mus	muscle	
Sne-CRom_065	Sne-CRom_065-mus	muscle	
Sne-CRom_066	Sne-CRom_066-mus	muscle	
Sne-CRom_067	Sne-CRom_067-mus	muscle	
Sne-CRom_068	Sne-CRom_068-mus	muscle	
Sne-CRom_069	Sne-CRom_069-mus	muscle	
Sne-CRom_070	Sne-CRom_070-mus	muscle	
Sne-CRom_071	Sne-CRom_071-mus	muscle	
Sne-CRom_072	Sne-CRom_072-mus	muscle	
Sne-CRom_073	Sne-CRom_073-mus	muscle	
Sne-CRom_074	Sne-CRom_074-mus	muscle	
Sne-CRom_075	Sne-CRom_075-mus	muscle	
Sne-CRom_076	Sne-CRom_076-mus	muscle	
Sne-CRom_077	Sne-CRom_077-mus	muscle	
Sne-CRom_078	Sne-CRom_078-mus	muscle	
Sne-CRom_079	Sne-CRom_079-mus	muscle	
Sne-CRom_080	Sne-CRom_080-mus	muscle	
Sne-CRom_081	Sne-CRom_081-mus	muscle	
Sne-CRom_082	Sne-CRom_082-mus	muscle	
Sne-CRom_083	Sne-CRom_083-mus	muscle	
Sne-CRom_084	Sne-CRom_084-mus	muscle	
Sne-CRom_085	Sne-CRom_085-mus	muscle	
Sne-CRom_086	Sne-CRom_086-mus	muscle	
Sne-CRom_087	Sne-CRom_087-mus	muscle	
Sne-CRom_088	Sne-CRom_088-mus	muscle	
Sne-CRom_089	Sne-CRom_089-mus	muscle	
Sne-CRom_090	Sne-CRom_090-mus	muscle	
Sne-CRom_091	Sne-CRom_091-mus	muscle	
Sne-CRom_092	Sne-CRom_092-mus	muscle	
Sne-CRom_093	Sne-CRom_093-mus	muscle	
Sne-CRom_094	Sne-CRom_094-mus	muscle	
Sne-CTaw_001	Sne-CTaw_001-mus	muscle	
Sne-CTaw_002	Sne-CTaw_002-mus	muscle	
Sne-CTaw_003	Sne-CTaw_003-mus	muscle	
Sne-CTaw_004	Sne-CTaw_004-mus	muscle	
Sne-CTaw_005	Sne-CTaw_005-mus	muscle	
Sne-CTaw_006	Sne-CTaw_006-mus	muscle	
Sne-CTaw_007	Sne-CTaw_007-mus	muscle	
Sne-CTaw_008	Sne-CTaw_008-mus	muscle	
Sne-CTaw_009	Sne-CTaw_009-mus	muscle	
Sne-CTaw_010	Sne-CTaw_010-mus	muscle	
Sne-CTaw_011	Sne-CTaw_011-mus	muscle	
Sne-CTaw_012	Sne-CTaw_012-mus	muscle	
Sne-CTaw_013	Sne-CTaw_013-mus	muscle	
Sne-CTaw_014	Sne-CTaw_014-mus	muscle	
Sne-CTaw_015	Sne-CTaw_015-mus	muscle	
Sne-CTaw_016	Sne-CTaw_016-mus	muscle	
Sne-CTaw_017	Sne-CTaw_017-mus	muscle	
Sne-CTaw_018	Sne-CTaw_018-mus	muscle	
Sne-CTaw_019	Sne-CTaw_019-mus	muscle	
Sne-CTaw_020	Sne-CTaw_020-mus	muscle	
Sne-CTaw_021	Sne-CTaw_021-mus	muscle	
Sne-CTaw_022	Sne-CTaw_022-mus	muscle	
Sne-CTaw_023	Sne-CTaw_023-mus	muscle	
Sne-CTaw_024	Sne-CTaw_024-mus	muscle	
Sne-CTaw_025	Sne-CTaw_025-mus	muscle	
Sne-CTaw_026	Sne-CTaw_026-mus	muscle	
Sne-CTaw_027	Sne-CTaw_027-mus	muscle	
Sne-CTaw_028	Sne-CTaw_028-mus	muscle	
Sne-CTaw_029	Sne-CTaw_029-mus	muscle	
Sne-CTaw_030	Sne-CTaw_030-mus	muscle	
Sne-CTaw_031	Sne-CTaw_031-mus	muscle	
Sne-CTaw_032	Sne-CTaw_032-mus	muscle	
Sne-CTaw_033	Sne-CTaw_033-mus	muscle	
Sne-CTaw_034	Sne-CTaw_034-mus	muscle	
Sne-CTaw_035	Sne-CTaw_035-mus	muscle	
Sne-CTaw_036	Sne-CTaw_036-mus	muscle	
Sne-CTaw_037	Sne-CTaw_037-mus	muscle	
Sne-CTaw_038	Sne-CTaw_038-mus	muscle	
Sne-CTaw_039	Sne-CTaw_039-mus	muscle	
Sne-CTaw_040	Sne-CTaw_040-mus	muscle	
Sne-CTaw_041	Sne-CTaw_041-mus	muscle	
Sne-CTaw_042	Sne-CTaw_042-mus	muscle	
Sne-CTaw_043	Sne-CTaw_043-mus	muscle	
Sne-CTaw_044	Sne-CTaw_044-mus	muscle	
Sne-CTaw_045	Sne-CTaw_045-mus	muscle	
Sne-CTaw_046	Sne-CTaw_046-mus	muscle	
Sne-CTaw_047	Sne-CTaw_047-mus	muscle	
Sne-CTaw_048	Sne-CTaw_048-mus	muscle	
Sne-CTaw_049	Sne-CTaw_049-mus	muscle	
Sne-CTaw_050	Sne-CTaw_050-mus	muscle	
Sne-CTaw_051	Sne-CTaw_051-mus	muscle	
Sne-CTaw_052	Sne-CTaw_052-mus	muscle	
Sne-CTaw_053	Sne-CTaw_053-mus	muscle	
Sne-CTaw_054	Sne-CTaw_054-mus	muscle	
Sne-CTaw_055	Sne-CTaw_055-mus	muscle	
Sne-CTaw_056	Sne-CTaw_056-mus	muscle	
Sne-CTaw_057	Sne-CTaw_057-mus	muscle	
Sne-CTaw_058	Sne-CTaw_058-mus	muscle	
Sne-CTaw_059	Sne-CTaw_059-mus	muscle	
Sne-CTaw_060	Sne-CTaw_060-mus	muscle	
Sne-CTaw_061	Sne-CTaw_061-mus	muscle	
Sne-CTaw_062	Sne-CTaw_062-mus	muscle	
Sne-CTaw_063	Sne-CTaw_063-mus	muscle	
Sne-CTaw_064	Sne-CTaw_064-mus	muscle	
Sne-CTaw_065	Sne-CTaw_065-mus	muscle	
Sne-CTaw_066	Sne-CTaw_066-mus	muscle	
Sne-CTaw_067	Sne-CTaw_067-mus	muscle	
Sne-CTaw_068	Sne-CTaw_068-mus	muscle	
Sne-CTaw_069	Sne-CTaw_069-mus	muscle	
Sne-CTaw_070	Sne-CTaw_070-mus	muscle	
Sne-CTaw_071	Sne-CTaw_071-mus	muscle	
Sne-CTaw_072	Sne-CTaw_072-mus	muscle	
Sne-CTaw_073	Sne-CTaw_073-mus	muscle	
Sne-CTaw_074	Sne-CTaw_074-mus	muscle	
Sne-CTaw_075	Sne-CTaw_075-mus	muscle	
Sne-CTaw_076	Sne-CTaw_076-mus	muscle	
Sne-CTaw_077	Sne-CTaw_077-mus	muscle	
Sne-CTaw_078	Sne-CTaw_078-mus	muscle	
Sne-CTaw_079	Sne-CTaw_079-mus	muscle	
Sne-CTaw_080	Sne-CTaw_080-mus	muscle	
Sne-CTaw_081	Sne-CTaw_081-mus	muscle	
Sne-CTaw_082	Sne-CTaw_082-mus	muscle	
Sne-CTaw_083	Sne-CTaw_083-mus	muscle	
Sne-CTaw_084	Sne-CTaw_084-mus	muscle	
Sne-CTaw_085	Sne-CTaw_085-mus	muscle	
Sne-CTaw_086	Sne-CTaw_086-mus	muscle	
Sne-CTaw_087	Sne-CTaw_087-mus	muscle	
Sne-CTaw_088	Sne-CTaw_088-mus	muscle	
Sne-CTaw_089	Sne-CTaw_089-mus	muscle	
Sne-CTaw_090	Sne-CTaw_090-mus	muscle	
Sne-CTaw_091	Sne-CTaw_091-mus	muscle	
Sne-CTaw_092	Sne-CTaw_092-mus	muscle	
Sne-CTaw_093	Sne-CTaw_093-mus	muscle	
Sne-CTaw_094	Sne-CTaw_094-mus	muscle	
Sne-CTaw_095	Sne-CTaw_095-mus	muscle	
Sne-CTaw_096	Sne-CTaw_096-mus	muscle	
Sob-ABil_001	Sob-ABil_001-mus	muscle	
Sob-ABil_002	Sob-ABil_002-mus	muscle	
Sob-ABil_003	Sob-ABil_003-mus	muscle	
Sob-ABil_004	Sob-ABil_004-mus	muscle	
Sob-ABil_005	Sob-ABil_005-mus	muscle	
Sob-ABil_006	Sob-ABil_006-mus	muscle	
Sob-ABil_007	Sob-ABil_007-mus	muscle	
Sob-ABil_008	Sob-ABil_008-mus	muscle	
Sob-ABil_009	Sob-ABil_009-mus	muscle	
Sob-ABil_010	Sob-ABil_010-mus	muscle	
Sob-ABil_011	Sob-ABil_011-mus	muscle	
Sob-ABil_012	Sob-ABil_012-mus	muscle	
Sob-ABil_013	Sob-ABil_013-mus	muscle	
Sob-ABil_014	Sob-ABil_014-mus	muscle	
Sob-ABil_015	Sob-ABil_015-mus	muscle	
Sob-ABil_016	Sob-ABil_016-mus	muscle	
Sob-APnd_001	Sob-APnd_001-mus	muscle	
Sob-APnd_002	Sob-APnd_002-mus	muscle	
Sob-APnd_003	Sob-APnd_003-mus	muscle	
Sob-APnd_004	Sob-APnd_004-mus	muscle	
Sob-APnd_005	Sob-APnd_005-mus	muscle	
Sob-APnd_006	Sob-APnd_006-mus	muscle	
Sob-APnd_007	Sob-APnd_007-mus	muscle	
Sob-APnd_008	Sob-APnd_008-mus	muscle	
Sob-APnd_009	Sob-APnd_009-mus	muscle	
Sob-APnd_010	Sob-APnd_010-mus	muscle	
Sob-APnd_011	Sob-APnd_011-mus	muscle	
Sob-APnd_012	Sob-APnd_012-mus	muscle	
Sob-APnd_013	Sob-APnd_013-mus	muscle	
Sob-APnd_014	Sob-APnd_014-mus	muscle	
Sob-APnd_015	Sob-APnd_015-mus	muscle	
Sob-APnd_016	Sob-APnd_016-mus	muscle	
Sob-APnd_017	Sob-APnd_017-mus	muscle	
Sob-APnd_018	Sob-APnd_018-mus	muscle	
Sob-APnd_019	Sob-APnd_019-mus	muscle	
Sob-APnd_020	Sob-APnd_020-mus	muscle	
Sob-APnd_021	Sob-APnd_021-mus	muscle	
Sob-APnd_022	Sob-APnd_022-mus	muscle	
Sob-APnd_023	Sob-APnd_023-mus	muscle	
Sob-APnd_024	Sob-APnd_024-mus	muscle	
Sob-APnd_025	Sob-APnd_025-mus	muscle	
Sob-APnd_026	Sob-APnd_026-mus	muscle	
Sob-APnd_027	Sob-APnd_027-mus	muscle	
Sob-APnd_028	Sob-APnd_028-mus	muscle	
Sob-APnd_029	Sob-APnd_029-mus	muscle	
Sob-APnd_030	Sob-APnd_030-mus	muscle	
Sob-APnd_031	Sob-APnd_031-mus	muscle	
Sob-APnd_032	Sob-APnd_032-mus	muscle	
Sob-APnd_033	Sob-APnd_033-mus	muscle	
Sob-APnd_034	Sob-APnd_034-mus	muscle	
Sob-APnd_035	Sob-APnd_035-mus	muscle	
Sob-APnd_036	Sob-APnd_036-mus	muscle	
Sob-APnd_037	Sob-APnd_037-mus	muscle	
Sob-APnd_038	Sob-APnd_038-mus	muscle	
Sob-APnd_039	Sob-APnd_039-mus	muscle	
Sob-APnd_040	Sob-APnd_040-mus	muscle	
Sob-APnd_041	Sob-APnd_041-mus	muscle	
Sob-APnd_042	Sob-APnd_042-mus	muscle	
Sob-APnd_043	Sob-APnd_043-mus	muscle	
Sob-APnd_044	Sob-APnd_044-mus	muscle	
Sob-APnd_045	Sob-APnd_045-mus	muscle	
Sob-APnd_046	Sob-APnd_046-mus	muscle	
Sob-APnd_047	Sob-APnd_047-mus	muscle	
Sob-APnd_048	Sob-APnd_048-mus	muscle	
Sob-APnd_049	Sob-APnd_049-mus	muscle	
Sob-APnd_050	Sob-APnd_050-mus	muscle	
Sob-APnd_051	Sob-APnd_051-mus	muscle	
Sob-APnd_052	Sob-APnd_052-mus	muscle	
Sob-APnd_053	Sob-APnd_053-mus	muscle	
Sob-APnd_054	Sob-APnd_054-mus	muscle	
Sob-APnd_055	Sob-APnd_055-mus	muscle	
Sob-APnd_056	Sob-APnd_056-mus	muscle	
Sob-APnd_057	Sob-APnd_057-mus	muscle	
Sob-APnd_058	Sob-APnd_058-mus	muscle	
Sob-APnd_059	Sob-APnd_059-mus	muscle	
Sob-APnd_060	Sob-APnd_060-mus	muscle	
Sob-APnd_061	Sob-APnd_061-mus	muscle	
Sob-APnd_062	Sob-APnd_062-mus	muscle	
Sob-APnd_063	Sob-APnd_063-mus	muscle	
Sob-APnd_064	Sob-APnd_064-mus	muscle	
Sob-APnd_065	Sob-APnd_065-mus	muscle	
Sob-APnd_066	Sob-APnd_066-mus	muscle	
Sob-APnd_067	Sob-APnd_067-mus	muscle	
Sob-APnd_068	Sob-APnd_068-mus	muscle	
Sob-APnd_069	Sob-APnd_069-mus	muscle	
Sob-APnd_070	Sob-APnd_070-mus	muscle	
Sob-APnd_071	Sob-APnd_071-mus	muscle	
Sob-APnd_072	Sob-APnd_072-mus	muscle	
Sob-APnd_073	Sob-APnd_073-mus	muscle	
Sob-APnd_074	Sob-APnd_074-mus	muscle	
Sob-APnd_075	Sob-APnd_075-mus	muscle	
Sob-APnd_076	Sob-APnd_076-mus	muscle	
Sob-APnd_077	Sob-APnd_077-mus	muscle	
Sob-APnd_078	Sob-APnd_078-mus	muscle	
Sob-APnd_079	Sob-APnd_079-mus	muscle	
Sob-APnd_080	Sob-APnd_080-mus	muscle	
Sob-APnd_081	Sob-APnd_081-mus	muscle	
Sob-APnd_082	Sob-APnd_082-mus	muscle	
Sob-APnd_083	Sob-APnd_083-mus	muscle	
Sob-APnd_084	Sob-APnd_084-mus	muscle	
Sob-APnd_085	Sob-APnd_085-mus	muscle	
Sob-APnd_086	Sob-APnd_086-mus	muscle	
Sob-APnd_087	Sob-APnd_087-mus	muscle	
Sob-APnd_088	Sob-APnd_088-mus	muscle	
Sob-APnd_089	Sob-APnd_089-mus	muscle	
Sob-APnd_090	Sob-APnd_090-mus	muscle	
Sob-APnd_091	Sob-APnd_091-mus	muscle	
Sob-APnd_092	Sob-APnd_092-mus	muscle	
Sob-APnd_093	Sob-APnd_093-mus	muscle	
Sob-APnd_094	Sob-APnd_094-mus	muscle	
Sob-APnd_095	Sob-APnd_095-mus	muscle	
Sob-APnd_096	Sob-APnd_096-mus	muscle	
Sob-CDgt_001	Sob-CDgt_001-mus	muscle	
Sob-CDgt_002	Sob-CDgt_002-mus	muscle	
Sob-CDgt_003	Sob-CDgt_003-mus	muscle	
Sob-CDgt_004	Sob-CDgt_004-mus	muscle	
Sob-CDgt_005	Sob-CDgt_005-mus	muscle	
Sob-CDgt_006	Sob-CDgt_006-mus	muscle	
Sob-CDgt_007	Sob-CDgt_007-mus	muscle	
Sob-CDgt_008	Sob-CDgt_008-mus	muscle	
Sob-CDgt_009	Sob-CDgt_009-mus	muscle	
Sob-CDgt_010	Sob-CDgt_010-mus	muscle	
Sob-CDgt_011	Sob-CDgt_011-mus	muscle	
Sob-CDgt_012	Sob-CDgt_012-mus	muscle	
Sob-CDgt_013	Sob-CDgt_013-mus	muscle	
Sob-CDgt_014	Sob-CDgt_014-mus	muscle	
Sob-CDgt_015	Sob-CDgt_015-mus	muscle	
Sob-CDgt_016	Sob-CDgt_016-mus	muscle	
Sob-CDgt_017	Sob-CDgt_017-mus	muscle	
Sob-CDgt_018	Sob-CDgt_018-mus	muscle	
Sob-CDgt_019	Sob-CDgt_019-mus	muscle	
Sob-CDgt_020	Sob-CDgt_020-mus	muscle	
Sob-CDgt_021	Sob-CDgt_021-mus	muscle	
Sob-CDgt_022	Sob-CDgt_022-mus	muscle	
Sob-CDgt_023	Sob-CDgt_023-mus	muscle	
Sob-CDgt_024	Sob-CDgt_024-mus	muscle	
Sob-CDgt_025	Sob-CDgt_025-mus	muscle	
Sob-CDgt_026	Sob-CDgt_026-mus	muscle	
Sob-CDgt_027	Sob-CDgt_027-mus	muscle	
Sob-CDgt_028	Sob-CDgt_028-mus	muscle	
Sob-CDgt_029	Sob-CDgt_029-mus	muscle	
Sob-CDgt_030	Sob-CDgt_030-mus	muscle	
Sob-CDgt_031	Sob-CDgt_031-mus	muscle	
Sob-CDgt_032	Sob-CDgt_032-mus	muscle	
Sob-CDgt_033	Sob-CDgt_033-mus	muscle	
Sob-CDgt_034	Sob-CDgt_034-mus	muscle	
Sob-CDgt_035	Sob-CDgt_035-mus	muscle	
Sob-CDgt_036	Sob-CDgt_036-mus	muscle	
Sob-CDgt_037	Sob-CDgt_037-mus	muscle	
Sob-CDgt_038	Sob-CDgt_038-mus	muscle	
Sob-CDgt_039	Sob-CDgt_039-mus	muscle	
Sob-CDgt_040	Sob-CDgt_040-mus	muscle	
Sob-CDgt_041	Sob-CDgt_041-mus	muscle	
Sob-CDgt_042	Sob-CDgt_042-mus	muscle	
Sob-CDgt_043	Sob-CDgt_043-mus	muscle	
Sob-CDgt_044	Sob-CDgt_044-mus	muscle	
Sob-CDgt_045	Sob-CDgt_045-mus	muscle	
Sob-CDgt_046	Sob-CDgt_046-mus	muscle	
Sob-CDgt_047	Sob-CDgt_047-mus	muscle	
Sob-CDgt_048	Sob-CDgt_048-mus	muscle	
Sob-CDgt_049	Sob-CDgt_049-mus	muscle	
Sob-CDgt_050	Sob-CDgt_050-mus	muscle	
Sob-CDgt_051	Sob-CDgt_051-mus	muscle	
Sob-CDgt_052	Sob-CDgt_052-mus	muscle	
Sob-CDgt_053	Sob-CDgt_053-mus	muscle	
Sob-CDgt_054	Sob-CDgt_054-mus	muscle	
Sob-CDgt_055	Sob-CDgt_055-mus	muscle	
Sob-CDgt_056	Sob-CDgt_056-mus	muscle	
Sob-CDgt_057	Sob-CDgt_057-mus	muscle	
Sob-CDgt_058	Sob-CDgt_058-mus	muscle	
Sob-CDgt_059	Sob-CDgt_059-mus	muscle	
Sob-CDgt_060	Sob-CDgt_060-mus	muscle	
Sob-CDgt_061	Sob-CDgt_061-mus	muscle	
Sob-CDgt_062	Sob-CDgt_062-mus	muscle	
Sob-CDgt_063	Sob-CDgt_063-mus	muscle	
Sob-CDgt_064	Sob-CDgt_064-mus	muscle	
Sob-CDgt_065	Sob-CDgt_065-mus	muscle	
Sob-CDgt_066	Sob-CDgt_066-mus	muscle	
Sob-CDgt_067	Sob-CDgt_067-mus	muscle	
Sob-CDgt_068	Sob-CDgt_068-mus	muscle	
Sob-CDgt_069	Sob-CDgt_069-mus	muscle	
Sob-CDgt_070	Sob-CDgt_070-mus	muscle	
Sob-CDgt_071	Sob-CDgt_071-mus	muscle	
Sob-CDgt_072	Sob-CDgt_072-mus	muscle	
Sob-CDgt_073	Sob-CDgt_073-mus	muscle	
Sob-CDgt_074	Sob-CDgt_074-mus	muscle	
Sob-CDgt_075	Sob-CDgt_075-mus	muscle	
Sob-CDgt_076	Sob-CDgt_076-mus	muscle	
Sob-CDgt_077	Sob-CDgt_077-mus	muscle	
Sob-CDgt_078	Sob-CDgt_078-mus	muscle	
Sob-CDgt_079	Sob-CDgt_079-mus	muscle	
Sob-CDgt_080	Sob-CDgt_080-mus	muscle	
Sob-CDgt_081	Sob-CDgt_081-mus	muscle	
Sob-CDgt_082	Sob-CDgt_082-mus	muscle	
Sob-CDgt_083	Sob-CDgt_083-mus	muscle	
Sob-CDgt_084	Sob-CDgt_084-mus	muscle	
Sob-CDgt_085	Sob-CDgt_085-mus	muscle	
Sob-CDgt_086	Sob-CDgt_086-mus	muscle	
Sob-CDgt_087	Sob-CDgt_087-mus	muscle	
Sob-CDgt_088	Sob-CDgt_088-mus	muscle	
Sob-CDgt_089	Sob-CDgt_089-mus	muscle	
Sob-CDgt_090	Sob-CDgt_090-mus	muscle	
Sob-CDgt_091	Sob-CDgt_091-mus	muscle	
Sob-CDgt_092	Sob-CDgt_092-mus	muscle	
Sob-CDgt_093	Sob-CDgt_093-mus	muscle	
Sob-CDgt_094	Sob-CDgt_094-mus	muscle	
Sob-CDgt_095	Sob-CDgt_095-mus	muscle	
Sob-CDgt_096	Sob-CDgt_096-mus	muscle	
Sob-CDgt_097	Sob-CDgt_097-mus	muscle	
Sob-CDgt_098	Sob-CDgt_098-mus	muscle	
Sob-CDgt_099	Sob-CDgt_099-mus	muscle	
Sob-CDgt_100	Sob-CDgt_100-mus	muscle	
Sob-CDgt_101	Sob-CDgt_101-mus	muscle	
Sob-CDgt_102	Sob-CDgt_102-mus	muscle	
Sob-CDgt_103	Sob-CDgt_103-mus	muscle	
Sob-CDgt_104	Sob-CDgt_104-mus	muscle	
Sob-CDgt_105	Sob-CDgt_105-mus	muscle	
Sob-CDgt_106	Sob-CDgt_106-mus	muscle	
Sob-CDgt_107	Sob-CDgt_107-mus	muscle	
Sob-CDgt_108	Sob-CDgt_108-mus	muscle	
Sob-CDgt_109	Sob-CDgt_109-mus	muscle	
Sob-CDgt_110	Sob-CDgt_110-mus	muscle	
Sob-CDgt_111	Sob-CDgt_111-mus	muscle	
Sob-CDgt_112	Sob-CDgt_112-mus	muscle	
Sob-CDgt_113	Sob-CDgt_113-mus	muscle	
Sob-CDgt_114	Sob-CDgt_114-mus	muscle	
Sob-CDgt_115	Sob-CDgt_115-mus	muscle	
Sob-CDgt_116	Sob-CDgt_116-mus	muscle	
Sob-CKal_001	Sob-CKal_001-mus	muscle	
Sob-CKal_002	Sob-CKal_002-mus	muscle	
Sob-CKal_003	Sob-CKal_003-mus	muscle	
Sob-CKal_004	Sob-CKal_004-mus	muscle	
Sob-CKal_005	Sob-CKal_005-mus	muscle	
Sob-CKal_006	Sob-CKal_006-mus	muscle	
Sob-CKal_007	Sob-CKal_007-mus	muscle	
Sob-CKal_008	Sob-CKal_008-mus	muscle	
Sob-CKal_009	Sob-CKal_009-mus	muscle	
Sob-CKal_010	Sob-CKal_010-mus	muscle	
Sob-CKal_011	Sob-CKal_011-mus	muscle	
Sob-CKal_012	Sob-CKal_012-mus	muscle	
Sob-CKal_013	Sob-CKal_013-mus	muscle	
Sob-CKal_014	Sob-CKal_014-mus	muscle	
Sob-CKal_015	Sob-CKal_015-mus	muscle	
Sob-CKal_016	Sob-CKal_016-mus	muscle	
Sob-CKal_017	Sob-CKal_017-mus	muscle	
Sob-CKal_018	Sob-CKal_018-mus	muscle	
Sob-CKal_019	Sob-CKal_019-mus	muscle	
Sob-CKal_020	Sob-CKal_020-mus	muscle	
Sob-CKal_021	Sob-CKal_021-mus	muscle	
Sob-CKal_022	Sob-CKal_022-mus	muscle	
Sob-CKal_023	Sob-CKal_023-mus	muscle	
Sob-CKal_024	Sob-CKal_024-mus	muscle	
Sob-CKal_025	Sob-CKal_025-mus	muscle	
Sob-CKal_026	Sob-CKal_026-mus	muscle	
Sob-CKal_027	Sob-CKal_027-mus	muscle	
Sob-CKal_028	Sob-CKal_028-mus	muscle	
Sob-CKal_029	Sob-CKal_029-mus	muscle	
Sob-CKal_030	Sob-CKal_030-mus	muscle	
Sob-CPnd_001	Sob-CPnd_001-mus	muscle	
Sob-CPnd_002	Sob-CPnd_002-mus	muscle	
Sob-CPnd_003	Sob-CPnd_003-mus	muscle	
Sob-CPnd_004	Sob-CPnd_004-mus	muscle	
Sob-CPnd_005	Sob-CPnd_005-mus	muscle	
Sob-CPnd_006	Sob-CPnd_006-mus	muscle	
Sob-CPnd_007	Sob-CPnd_007-mus	muscle	
Sob-CPnd_008	Sob-CPnd_008-mus	muscle	
Sob-CPnd_009	Sob-CPnd_009-mus	muscle	
Sob-CPnd_010	Sob-CPnd_010-mus	muscle	
Sob-CPnd_011	Sob-CPnd_011-mus	muscle	
Sob-CPnd_012	Sob-CPnd_012-mus	muscle	
Sob-CPnd_013	Sob-CPnd_013-mus	muscle	
Sob-CPnd_014	Sob-CPnd_014-mus	muscle	
Sob-CPnd_015	Sob-CPnd_015-mus	muscle	
Sob-CPnd_016	Sob-CPnd_016-mus	muscle	
Sob-CPnd_017	Sob-CPnd_017-mus	muscle	
Sob-CPnd_018	Sob-CPnd_018-mus	muscle	
Sob-CPnd_019	Sob-CPnd_019-mus	muscle	
Sob-CPnd_020	Sob-CPnd_020-mus	muscle	
Sob-CPnd_021	Sob-CPnd_021-mus	muscle	
Sob-CPnd_022	Sob-CPnd_022-mus	muscle	
Sob-CPnd_023	Sob-CPnd_023-mus	muscle	
Sob-CPnd_024	Sob-CPnd_024-mus	muscle	
Sob-CPnd_025	Sob-CPnd_025-mus	muscle	
Sob-CPnd_026	Sob-CPnd_026-mus	muscle	
Sob-CPnd_027	Sob-CPnd_027-mus	muscle	
Sob-CPnd_028	Sob-CPnd_028-mus	muscle	
Sob-CPnd_029	Sob-CPnd_029-mus	muscle	
Sob-CPnd_030	Sob-CPnd_030-mus	muscle	
Sob-CPnd_031	Sob-CPnd_031-mus	muscle	
Sob-CPnd_032	Sob-CPnd_032-mus	muscle	
Sob-CPnd_033	Sob-CPnd_033-mus	muscle	
Sob-CPnd_034	Sob-CPnd_034-mus	muscle	
Sob-CPnd_035	Sob-CPnd_035-mus	muscle	
Sob-CPnd_036	Sob-CPnd_036-mus	muscle	
Sob-CPnd_037	Sob-CPnd_037-mus	muscle	
Sob-CPnd_038	Sob-CPnd_038-mus	muscle	
Sob-CPnd_039	Sob-CPnd_039-mus	muscle	
Sob-CPnd_040	Sob-CPnd_040-mus	muscle	
Sob-CPnd_041	Sob-CPnd_041-mus	muscle	
Sob-CPnd_042	Sob-CPnd_042-mus	muscle	
Sob-CPnd_043	Sob-CPnd_043-mus	muscle	
Sob-CPnd_044	Sob-CPnd_044-mus	muscle	
Sob-CPnd_045	Sob-CPnd_045-mus	muscle	
Sob-CPnd_046	Sob-CPnd_046-mus	muscle	
Sob-CPnd_047	Sob-CPnd_047-mus	muscle	
Sob-CPnd_048	Sob-CPnd_048-mus	muscle	
Sob-CPnd_049	Sob-CPnd_049-mus	muscle	
Sob-CPnd_050	Sob-CPnd_050-mus	muscle	
Sob-CPnd_051	Sob-CPnd_051-mus	muscle	
Sob-CPnd_052	Sob-CPnd_052-mus	muscle	
Sob-CPnd_053	Sob-CPnd_053-mus	muscle	
Sob-CPnd_054	Sob-CPnd_054-mus	muscle	
Sob-CPnd_055	Sob-CPnd_055-mus	muscle	
Sob-CPnd_056	Sob-CPnd_056-mus	muscle	
Sob-CPnd_057	Sob-CPnd_057-mus	muscle	
Sob-CPnd_058	Sob-CPnd_058-mus	muscle	
Sob-CPnd_059	Sob-CPnd_059-mus	muscle	
Sob-CPnd_060	Sob-CPnd_060-mus	muscle	
Sob-CPnd_061	Sob-CPnd_061-mus	muscle	
Sob-CPnd_062	Sob-CPnd_062-mus	muscle	
Sob-CPnd_063	Sob-CPnd_063-mus	muscle	
Sob-CPnd_064	Sob-CPnd_064-mus	muscle	
Sob-CPnd_065	Sob-CPnd_065-mus	muscle	
Sob-CPnd_066	Sob-CPnd_066-mus	muscle	
Sob-CPnd_067	Sob-CPnd_067-mus	muscle	
Sob-CPnd_068	Sob-CPnd_068-mus	muscle	
Sob-CPnd_069	Sob-CPnd_069-mus	muscle	
Sob-CPnd_070	Sob-CPnd_070-mus	muscle	
Sob-CPnd_071	Sob-CPnd_071-mus	muscle	
Sob-CPnd_072	Sob-CPnd_072-mus	muscle	
Sob-CPnd_073	Sob-CPnd_073-mus	muscle	
Sob-CPnd_074	Sob-CPnd_074-mus	muscle	
Sob-CPnd_075	Sob-CPnd_075-mus	muscle	
Sob-CPnd_076	Sob-CPnd_076-mus	muscle	
Sob-CPnd_077	Sob-CPnd_077-mus	muscle	
Sob-CPnd_078	Sob-CPnd_078-mus	muscle	
Sob-CPnd_079	Sob-CPnd_079-mus	muscle	
Sob-CPnd_080	Sob-CPnd_080-mus	muscle	
Sob-CPnd_081	Sob-CPnd_081-mus	muscle	
Sob-CPnd_082	Sob-CPnd_082-mus	muscle	
Sob-CPnd_083	Sob-CPnd_083-mus	muscle	
Sob-CPnd_084	Sob-CPnd_084-mus	muscle	
Sob-CPnd_085	Sob-CPnd_085-mus	muscle	
Sob-CPnd_086	Sob-CPnd_086-mus	muscle	
Sob-CPnd_087	Sob-CPnd_087-mus	muscle	
Sob-CPnd_088	Sob-CPnd_088-mus	muscle	
Sob-CPnd_089	Sob-CPnd_089-mus	muscle	
Sob-CPnd_090	Sob-CPnd_090-mus	muscle	
Sob-CPnd_091	Sob-CPnd_091-mus	muscle	
Sob-CPnd_092	Sob-CPnd_092-mus	muscle	
Sob-CPnd_093	Sob-CPnd_093-mus	muscle	
Sob-CPnd_094	Sob-CPnd_094-mus	muscle	
Sob-CPnd_095	Sob-CPnd_095-mus	muscle	
Sob-CPnd_096	Sob-CPnd_096-mus	muscle	
Sor-ABur_001	Sor-ABur_001-mus	muscle	
Sor-ABur_002	Sor-ABur_002-mus	muscle	
Sor-ABur_003	Sor-ABur_003-mus	muscle	
Sor-ABur_004	Sor-ABur_004-mus	muscle	
Sor-ABur_005	Sor-ABur_005-mus	muscle	
Sor-ABur_006	Sor-ABur_006-mus	muscle	
Sor-ABur_007	Sor-ABur_007-mus	muscle	
Sor-ABur_008	Sor-ABur_008-mus	muscle	
Sor-ABur_009	Sor-ABur_009-mus	muscle	
Sor-ABur_010	Sor-ABur_010-mus	muscle	
Sor-ABur_011	Sor-ABur_011-mus	muscle	
Sor-ABur_012	Sor-ABur_012-mus	muscle	
Sor-ABur_013	Sor-ABur_013-mus	muscle	
Sor-ABur_014	Sor-ABur_014-mus	muscle	
Sor-ABur_015	Sor-ABur_015-mus	muscle	
Sor-ABur_016	Sor-ABur_016-mus	muscle	
Sor-ACan_001	Sor-ACan_001-mus	muscle	
Sor-ACan_002	Sor-ACan_002-mus	muscle	
Sor-ACan_003	Sor-ACan_003-mus	muscle	
Sor-ACan_004	Sor-ACan_004-mus	muscle	
Sor-ACan_005	Sor-ACan_005-mus	muscle	
Sor-ACan_006	Sor-ACan_006-mus	muscle	
Sor-ACan_007	Sor-ACan_007-mus	muscle	
Sor-ACan_008	Sor-ACan_008-mus	muscle	
Sor-ACan_009	Sor-ACan_009-mus	muscle	
Sor-ACan_010	Sor-ACan_010-mus	muscle	
Sor-ACan_011	Sor-ACan_011-mus	muscle	
Sor-ACan_012	Sor-ACan_012-mus	muscle	
Sor-ACan_013	Sor-ACan_013-mus	muscle	
Sor-ACan_014	Sor-ACan_014-mus	muscle	
Sor-ACan_015	Sor-ACan_015-mus	muscle	
Sor-ACan_016	Sor-ACan_016-mus	muscle	
Sor-ACan_017	Sor-ACan_017-mus	muscle	
Sor-ACan_018	Sor-ACan_018-mus	muscle	
Sor-ACan_019	Sor-ACan_019-mus	muscle	
Sor-ACan_020	Sor-ACan_020-mus	muscle	
Sor-ACan_021	Sor-ACan_021-mus	muscle	
Sor-ACan_022	Sor-ACan_022-mus	muscle	
Sor-ACan_023	Sor-ACan_023-mus	muscle	
Sor-ACan_024	Sor-ACan_024-mus	muscle	
Sor-ACan_025	Sor-ACan_025-mus	muscle	
Sor-ACan_026	Sor-ACan_026-mus	muscle	
Sor-ACan_027	Sor-ACan_027-mus	muscle	
Sor-ACan_028	Sor-ACan_028-mus	muscle	
Sor-ACan_029	Sor-ACan_029-mus	muscle	
Sor-ACan_030	Sor-ACan_030-mus	muscle	
Sor-ACan_031	Sor-ACan_031-mus	muscle	
Sor-ACan_032	Sor-ACan_032-mus	muscle	
Sor-ACan_033	Sor-ACan_033-mus	muscle	
Sor-ACan_034	Sor-ACan_034-mus	muscle	
Sor-ACan_035	Sor-ACan_035-mus	muscle	
Sor-ACan_036	Sor-ACan_036-mus	muscle	
Sor-ACan_037	Sor-ACan_037-mus	muscle	
Sor-ACan_038	Sor-ACan_038-mus	muscle	
Sor-ACan_039	Sor-ACan_039-mus	muscle	
Sor-ACan_040	Sor-ACan_040-mus	muscle	
Sor-ACan_041	Sor-ACan_041-mus	muscle	
Sor-ACan_042	Sor-ACan_042-mus	muscle	
Sor-ACan_043	Sor-ACan_043-mus	muscle	
Sor-ACan_044	Sor-ACan_044-mus	muscle	
Sor-ACan_045	Sor-ACan_045-mus	muscle	
Sor-ACan_046	Sor-ACan_046-mus	muscle	
Sor-ACan_047	Sor-ACan_047-mus	muscle	
Sor-ACan_048	Sor-ACan_048-mus	muscle	
Sor-ACan_049	Sor-ACan_049-mus	muscle	
Sor-ACan_050	Sor-ACan_050-mus	muscle	
Sor-ACan_051	Sor-ACan_051-mus	muscle	
Sor-ACan_052	Sor-ACan_052-mus	muscle	
Sor-ACan_053	Sor-ACan_053-mus	muscle	
Sor-ACan_054	Sor-ACan_054-mus	muscle	
Sor-ACan_055	Sor-ACan_055-mus	muscle	
Sor-ACeb_001	Sor-ACeb_001-mus	muscle	
Sor-ACeb_002	Sor-ACeb_002-mus	muscle	
Sor-ACeb_003	Sor-ACeb_003-mus	muscle	
Sor-ACeb_004	Sor-ACeb_004-mus	muscle	
Sor-ACeb_005	Sor-ACeb_005-mus	muscle	
Sor-ACeb_006	Sor-ACeb_006-mus	muscle	
Sor-ACeb_007	Sor-ACeb_007-mus	muscle	
Sor-ACeb_008	Sor-ACeb_008-mus	muscle	
Sor-ACeb_009	Sor-ACeb_009-mus	muscle	
Sor-ACeb_010	Sor-ACeb_010-mus	muscle	
Sor-ACeb_011	Sor-ACeb_011-mus	muscle	
Sor-ACeb_012	Sor-ACeb_012-mus	muscle	
Sor-ACeb_013	Sor-ACeb_013-mus	muscle	
Sor-ACeb_014	Sor-ACeb_014-mus	muscle	
Sor-ACeb_015	Sor-ACeb_015-mus	muscle	
Sor-ACeb_016	Sor-ACeb_016-mus	muscle	
Sor-ACeb_017	Sor-ACeb_017-mus	muscle	
Sor-ACeb_018	Sor-ACeb_018-mus	muscle	
Sor-ACeb_019	Sor-ACeb_019-mus	muscle	
Sor-ACeb_020	Sor-ACeb_020-mus	muscle	
Sor-ACeb_021	Sor-ACeb_021-mus	muscle	
Sor-ACeb_022	Sor-ACeb_022-mus	muscle	
Sor-ARag_001	Sor-ARag_001-mus	muscle	
Sor-ARag_002	Sor-ARag_002-mus	muscle	
Sor-ARag_003	Sor-ARag_003-mus	muscle	
Sor-ARag_004	Sor-ARag_004-mus	muscle	
Sor-CBur_001	Sor-CBur_001-mus	muscle	
Sor-CBur_002	Sor-CBur_002-mus	muscle	
Sor-CBur_003	Sor-CBur_003-mus	muscle	
Sor-CBur_004	Sor-CBur_004-mus	muscle	
Sor-CBur_005	Sor-CBur_005-mus	muscle	
Sor-CBur_006	Sor-CBur_006-mus	muscle	
Sor-CBur_007	Sor-CBur_007-mus	muscle	
Sor-CBur_008	Sor-CBur_008-mus	muscle	
Sor-CBur_009	Sor-CBur_009-mus	muscle	
Sor-CBur_010	Sor-CBur_010-mus	muscle	
Sor-CBur_011	Sor-CBur_011-mus	muscle	
Sor-CBur_012	Sor-CBur_012-mus	muscle	
Sor-CBur_013	Sor-CBur_013-mus	muscle	
Sor-CBur_014	Sor-CBur_014-mus	muscle	
Sor-CBur_015	Sor-CBur_015-mus	muscle	
Sor-CBur_016	Sor-CBur_016-mus	muscle	
Sor-CBur_017	Sor-CBur_017-mus	muscle	
Sor-CBur_018	Sor-CBur_018-mus	muscle	
Sor-CBur_019	Sor-CBur_019-mus	muscle	
Sor-CBur_020	Sor-CBur_020-mus	muscle	
Sor-CBur_021	Sor-CBur_021-mus	muscle	
Sor-CBur_022	Sor-CBur_022-mus	muscle	
Sor-CBur_023	Sor-CBur_023-mus	muscle	
Sor-CBur_024	Sor-CBur_024-mus	muscle	
Sor-CBur_025	Sor-CBur_025-mus	muscle	
Sor-CBur_026	Sor-CBur_026-mus	muscle	
Sor-CBur_027	Sor-CBur_027-mus	muscle	
Sor-CBur_028	Sor-CBur_028-mus	muscle	
Sor-CBur_029	Sor-CBur_029-mus	muscle	
Sor-CBur_030	Sor-CBur_030-mus	muscle	
Sor-CBur_031	Sor-CBur_031-mus	muscle	
Sor-CBur_032	Sor-CBur_032-mus	muscle	
Sor-CBur_033	Sor-CBur_033-mus	muscle	
Sor-CBur_034	Sor-CBur_034-mus	muscle	
Sor-CBur_035	Sor-CBur_035-mus	muscle	
Sor-CBur_036	Sor-CBur_036-mus	muscle	
Sor-CBur_037	Sor-CBur_037-mus	muscle	
Sor-CBur_038	Sor-CBur_038-mus	muscle	
Sor-CBur_039	Sor-CBur_039-mus	muscle	
Sor-CBur_040	Sor-CBur_040-mus	muscle	
Sor-CBur_041	Sor-CBur_041-mus	muscle	
Sor-CBur_042	Sor-CBur_042-mus	muscle	
Sor-CBur_043	Sor-CBur_043-mus	muscle	
Sor-CBur_044	Sor-CBur_044-mus	muscle	
Sor-CBur_045	Sor-CBur_045-mus	muscle	
Sor-CBur_046	Sor-CBur_046-mus	muscle	
Sor-CBur_047	Sor-CBur_047-mus	muscle	
Sor-CBur_048	Sor-CBur_048-mus	muscle	
Sor-CBur_049	Sor-CBur_049-mus	muscle	
Sor-CBur_050	Sor-CBur_050-mus	muscle	
Sor-CBur_051	Sor-CBur_051-mus	muscle	
Sor-CBur_052	Sor-CBur_052-mus	muscle	
Sor-CBur_053	Sor-CBur_053-mus	muscle	
Sor-CBur_054	Sor-CBur_054-mus	muscle	
Sor-CBur_055	Sor-CBur_055-mus	muscle	
Sor-CBur_056	Sor-CBur_056-mus	muscle	
Sor-CBur_057	Sor-CBur_057-mus	muscle	
Sor-CBur_058	Sor-CBur_058-mus	muscle	
Sor-CBur_059	Sor-CBur_059-mus	muscle	
Sor-CBur_060	Sor-CBur_060-mus	muscle	
Sor-CBur_061	Sor-CBur_061-mus	muscle	
Sor-CBur_062	Sor-CBur_062-mus	muscle	
Sor-CBur_063	Sor-CBur_063-mus	muscle	
Sor-CBur_064	Sor-CBur_064-mus	muscle	
Sor-CBur_065	Sor-CBur_065-mus	muscle	
Sor-CBur_066	Sor-CBur_066-mus	muscle	
Sor-CBur_067	Sor-CBur_067-mus	muscle	
Sor-CBur_068	Sor-CBur_068-mus	muscle	
Sor-CBur_069	Sor-CBur_069-mus	muscle	
Sor-CBur_070	Sor-CBur_070-mus	muscle	
Sor-CBur_071	Sor-CBur_071-mus	muscle	
Sor-CBur_072	Sor-CBur_072-mus	muscle	
Sor-CBur_073	Sor-CBur_073-mus	muscle	
Sor-CBur_074	Sor-CBur_074-mus	muscle	
Sor-CBur_075	Sor-CBur_075-mus	muscle	
Sor-CBur_076	Sor-CBur_076-mus	muscle	
Sor-CBur_077	Sor-CBur_077-mus	muscle	
Sor-CBur_078	Sor-CBur_078-mus	muscle	
Sor-CBur_079	Sor-CBur_079-mus	muscle	
Sor-CBur_080	Sor-CBur_080-mus	muscle	
Sor-CBur_081	Sor-CBur_081-mus	muscle	
Sor-CBur_082	Sor-CBur_082-mus	muscle	
Sor-CBur_083	Sor-CBur_083-mus	muscle	
Sor-CBur_084	Sor-CBur_084-mus	muscle	
Sor-CBur_085	Sor-CBur_085-mus	muscle	
Sor-CBur_086	Sor-CBur_086-mus	muscle	
Sor-CBur_087	Sor-CBur_087-mus	muscle	
Sor-CBur_088	Sor-CBur_088-mus	muscle	
Sor-CBur_089	Sor-CBur_089-mus	muscle	
Sor-CBur_090	Sor-CBur_090-mus	muscle	
Sor-CBur_091	Sor-CBur_091-mus	muscle	
Sor-CBur_092	Sor-CBur_092-mus	muscle	
Sor-CBur_093	Sor-CBur_093-mus	muscle	
Sor-CBur_094	Sor-CBur_094-mus	muscle	
Sor-CBur_095	Sor-CBur_095-mus	muscle	
Sor-CBur_096	Sor-CBur_096-mus	muscle	
Sor-CPnd_001	Sor-CPnd_001-mus	muscle	
Sor-CPnd_002	Sor-CPnd_002-mus	muscle	
Sor-CPnd_003	Sor-CPnd_003-mus	muscle	
Sor-CPnd_004	Sor-CPnd_004-mus	muscle	
Sor-CPnd_005	Sor-CPnd_005-mus	muscle	
Sor-CPnd_006	Sor-CPnd_006-mus	muscle	
Sor-CPnd_007	Sor-CPnd_007-mus	muscle	
Sor-CPnd_008	Sor-CPnd_008-mus	muscle	
Sor-CPnd_009	Sor-CPnd_009-mus	muscle	
Sor-CPnd_010	Sor-CPnd_010-mus	muscle	
Sor-CPnd_011	Sor-CPnd_011-mus	muscle	
Sor-CPnd_012	Sor-CPnd_012-mus	muscle	
Sor-CPnd_013	Sor-CPnd_013-mus	muscle	
Sor-CPnd_014	Sor-CPnd_014-mus	muscle	
Sor-CPnd_015	Sor-CPnd_015-mus	muscle	
Sor-CPnd_016	Sor-CPnd_016-mus	muscle	
Sor-CPnd_017	Sor-CPnd_017-mus	muscle	
Sor-CPnd_018	Sor-CPnd_018-mus	muscle	
Sor-CPnd_019	Sor-CPnd_019-mus	muscle	
Sor-CPnd_020	Sor-CPnd_020-mus	muscle	
Sor-CPnd_021	Sor-CPnd_021-mus	muscle	
Sor-CPnd_022	Sor-CPnd_022-mus	muscle	
Sor-CPnd_023	Sor-CPnd_023-mus	muscle	
Sor-CPnd_024	Sor-CPnd_024-mus	muscle	
Sor-CPnd_025	Sor-CPnd_025-mus	muscle	
Sor-CPnd_026	Sor-CPnd_026-mus	muscle	
Sor-CPnd_027	Sor-CPnd_027-mus	muscle	
Sor-CPnd_028	Sor-CPnd_028-mus	muscle	
Sor-CPnd_029	Sor-CPnd_029-mus	muscle	
Sor-CPnd_030	Sor-CPnd_030-mus	muscle	
Sor-CPnd_031	Sor-CPnd_031-mus	muscle	
Sor-CPnd_032	Sor-CPnd_032-mus	muscle	
Sor-CPnd_033	Sor-CPnd_033-mus	muscle	
Sor-CPnd_034	Sor-CPnd_034-mus	muscle	
Sor-CPnd_035	Sor-CPnd_035-mus	muscle	
Sor-CPnd_036	Sor-CPnd_036-mus	muscle	
Sor-CPnd_037	Sor-CPnd_037-mus	muscle	
Sor-CPnd_038	Sor-CPnd_038-mus	muscle	
Sor-CPnd_039	Sor-CPnd_039-mus	muscle	
Sor-CPnd_040	Sor-CPnd_040-mus	muscle	
Sor-CPnd_041	Sor-CPnd_041-mus	muscle	
Sor-CPnd_042	Sor-CPnd_042-mus	muscle	
Sor-CPnd_043	Sor-CPnd_043-mus	muscle	
Sor-CPnd_044	Sor-CPnd_044-mus	muscle	
Sor-CPnd_045	Sor-CPnd_045-mus	muscle	
Sor-CPnd_046	Sor-CPnd_046-mus	muscle	
Sor-CPnd_047	Sor-CPnd_047-mus	muscle	
Sor-CPnd_048	Sor-CPnd_048-mus	muscle	
Sor-CPnd_049	Sor-CPnd_049-mus	muscle	
Sor-CPnd_050	Sor-CPnd_050-mus	muscle	
Sor-CPnd_051	Sor-CPnd_051-mus	muscle	
Sor-CPnd_052	Sor-CPnd_052-mus	muscle	
Sor-CPnd_053	Sor-CPnd_053-mus	muscle	
Sor-CPnd_054	Sor-CPnd_054-mus	muscle	
Sor-CPnd_055	Sor-CPnd_055-mus	muscle	
Sor-CPnd_056	Sor-CPnd_056-mus	muscle	
Sor-CPnd_057	Sor-CPnd_057-mus	muscle	
Sor-CPnd_058	Sor-CPnd_058-mus	muscle	
Sor-CPnd_059	Sor-CPnd_059-mus	muscle	
Sor-CPnd_060	Sor-CPnd_060-mus	muscle	
Sor-CPnd_061	Sor-CPnd_061-mus	muscle	
Sor-CPnd_062	Sor-CPnd_062-mus	muscle	
Sor-CPnd_063	Sor-CPnd_063-mus	muscle	
Sor-CPnd_064	Sor-CPnd_064-mus	muscle	
Sor-CPnd_065	Sor-CPnd_065-mus	muscle	
Sor-CPnd_066	Sor-CPnd_066-mus	muscle	
Sor-CPnd_067	Sor-CPnd_067-mus	muscle	
Sor-CPnd_068	Sor-CPnd_068-mus	muscle	
Sor-CPnd_069	Sor-CPnd_069-mus	muscle	
Sor-CPnd_070	Sor-CPnd_070-mus	muscle	
Sor-CPnd_071	Sor-CPnd_071-mus	muscle	
Sor-CPnd_072	Sor-CPnd_072-mus	muscle	
Ssp-AAtu_005	Ssp-AAtu_005-mus	muscle	
Ssp-AAtu_006	Ssp-AAtu_006-mus	muscle	
Ssp-AAtu_007	Ssp-AAtu_007-mus	muscle	
Ssp-AAtu_008	Ssp-AAtu_008-mus	muscle	
Ssp-AAtu_009	Ssp-AAtu_009-mus	muscle	
Ssp-AAtu_010	Ssp-AAtu_010-mus	muscle	
Ssp-AAtu_011	Ssp-AAtu_011-mus	muscle	
Ssp-AAtu_012	Ssp-AAtu_012-mus	muscle	
Ssp-AAtu_013	Ssp-AAtu_013-mus	muscle	
Ssp-AAtu_014	Ssp-AAtu_014-mus	muscle	
Ssp-AAtu_015	Ssp-AAtu_015-mus	muscle	
Ssp-AAtu_016	Ssp-AAtu_016-mus	muscle	
Ssp-AAtu_017	Ssp-AAtu_017-mus	muscle	
Ssp-AAtu_018	Ssp-AAtu_018-mus	muscle	
Ssp-AAtu_019	Ssp-AAtu_019-mus	muscle	
Ssp-AAtu_020	Ssp-AAtu_020-mus	muscle	
Ssp-AAtu_021	Ssp-AAtu_021-mus	muscle	
Ssp-AAtu_022	Ssp-AAtu_022-mus	muscle	
Ssp-AAtu_023	Ssp-AAtu_023-mus	muscle	
Ssp-AAtu_024	Ssp-AAtu_024-mus	muscle	
Ssp-AAtu_025	Ssp-AAtu_025-mus	muscle	
Ssp-AAtu_026	Ssp-AAtu_026-mus	muscle	
Ssp-AAtu_027	Ssp-AAtu_027-mus	muscle	
Ssp-AAtu_028	Ssp-AAtu_028-mus	muscle	
Ssp-AAtu_029	Ssp-AAtu_029-mus	muscle	
Ssp-AAtu_030	Ssp-AAtu_030-mus	muscle	
Ssp-AAtu_031	Ssp-AAtu_031-mus	muscle	
Ssp-AAtu_032	Ssp-AAtu_032-mus	muscle	
Ssp-AAtu_033	Ssp-AAtu_033-mus	muscle	
Ssp-AAtu_034	Ssp-AAtu_034-mus	muscle	
Ssp-AAtu_035	Ssp-AAtu_035-mus	muscle	
Ssp-AAtu_036	Ssp-AAtu_036-mus	muscle	
Ssp-AAtu_037	Ssp-AAtu_037-mus	muscle	
Ssp-AAtu_038	Ssp-AAtu_038-mus	muscle	
Ssp-AAtu_039	Ssp-AAtu_039-mus	muscle	
Ssp-AAtu_040	Ssp-AAtu_040-mus	muscle	
Ssp-AAtu_041	Ssp-AAtu_041-mus	muscle	
Ssp-AAtu_042	Ssp-AAtu_042-mus	muscle	
Ssp-AAtu_043	Ssp-AAtu_043-mus	muscle	
Ssp-AAtu_044	Ssp-AAtu_044-mus	muscle	
Ssp-AAtu_045	Ssp-AAtu_045-mus	muscle	
Ssp-AAtu_046	Ssp-AAtu_046-mus	muscle	
Ssp-AAtu_047	Ssp-AAtu_047-mus	muscle	
Ssp-AAtu_048	Ssp-AAtu_048-mus	muscle	
Ssp-AAtu_049	Ssp-AAtu_049-mus	muscle	
Ssp-AAtu_050	Ssp-AAtu_050-mus	muscle	
Ssp-AAtu_051	Ssp-AAtu_051-mus	muscle	
Ssp-AAtu_052	Ssp-AAtu_052-mus	muscle	
Ssp-CGub_001	Ssp-CGub_001-mus	muscle	
Ssp-CGub_002	Ssp-CGub_002-mus	muscle	
Ssp-CGub_003	Ssp-CGub_003-mus	muscle	
Ssp-CGub_004	Ssp-CGub_004-mus	muscle	
Ssp-CGub_005	Ssp-CGub_005-mus	muscle	
Ssp-CGub_006	Ssp-CGub_006-mus	muscle	
Ssp-CGub_007	Ssp-CGub_007-mus	muscle	
Ssp-CGub_008	Ssp-CGub_008-mus	muscle	
Ssp-CGub_009	Ssp-CGub_009-mus	muscle	
Ssp-CGub_010	Ssp-CGub_010-mus	muscle	
Ssp-CGub_011	Ssp-CGub_011-mus	muscle	
Ssp-CGub_012	Ssp-CGub_012-mus	muscle	
Ssp-CGub_013	Ssp-CGub_013-mus	muscle	
Ssp-CGub_014	Ssp-CGub_014-mus	muscle	
Ssp-CGub_015	Ssp-CGub_015-mus	muscle	
Ssp-CGub_016	Ssp-CGub_016-mus	muscle	
Ssp-CGub_017	Ssp-CGub_017-mus	muscle	
Ssp-CGub_018	Ssp-CGub_018-mus	muscle	
Ssp-CGub_019	Ssp-CGub_019-mus	muscle	
Ssp-CGub_020	Ssp-CGub_020-mus	muscle	
Ssp-CGub_021	Ssp-CGub_021-mus	muscle	
Ssp-CGub_022	Ssp-CGub_022-mus	muscle	
Ssp-CGub_023	Ssp-CGub_023-mus	muscle	
Ssp-CGub_024	Ssp-CGub_024-mus	muscle	
Ssp-CGub_025	Ssp-CGub_025-mus	muscle	
Ssp-CGub_026	Ssp-CGub_026-mus	muscle	
Ssp-CGub_027	Ssp-CGub_027-mus	muscle	
Ssp-CGub_028	Ssp-CGub_028-mus	muscle	
Ssp-CGub_029	Ssp-CGub_029-mus	muscle	
Ssp-CGub_030	Ssp-CGub_030-mus	muscle	
Ssp-CGub_031	Ssp-CGub_031-mus	muscle	
Ssp-CGub_032	Ssp-CGub_032-mus	muscle	
Ssp-CGub_033	Ssp-CGub_033-mus	muscle	
Ssp-CGub_034	Ssp-CGub_034-mus	muscle	
Ssp-CGub_035	Ssp-CGub_035-mus	muscle	
Ssp-CGub_036	Ssp-CGub_036-mus	muscle	
Ssp-CGub_037	Ssp-CGub_037-mus	muscle	
Ssp-CGub_038	Ssp-CGub_038-mus	muscle	
Ssp-CGub_039	Ssp-CGub_039-mus	muscle	
Ssp-CGub_040	Ssp-CGub_040-mus	muscle	
Ssp-CGub_041	Ssp-CGub_041-mus	muscle	
Ssp-CGub_042	Ssp-CGub_042-mus	muscle	
Ssp-CGub_043	Ssp-CGub_043-mus	muscle	
Ssp-CGub_044	Ssp-CGub_044-mus	muscle	
Ssp-CGub_045	Ssp-CGub_045-mus	muscle	
Ssp-CGub_046	Ssp-CGub_046-mus	muscle	
Ssp-CGub_047	Ssp-CGub_047-mus	muscle	
Ssp-CGub_048	Ssp-CGub_048-mus	muscle	
Ssp-CGub_049	Ssp-CGub_049-mus	muscle	
Ssp-CGub_050	Ssp-CGub_050-mus	muscle	
Ssp-CGub_051	Ssp-CGub_051-mus	muscle	
Ssp-CGub_052	Ssp-CGub_052-mus	muscle	
Ssp-CGub_053	Ssp-CGub_053-mus	muscle	
Ssp-CGub_054	Ssp-CGub_054-mus	muscle	
Ssp-CGub_055	Ssp-CGub_055-mus	muscle	
Ssp-CGub_056	Ssp-CGub_056-mus	muscle	
Ssp-CGub_057	Ssp-CGub_057-mus	muscle	
Ssp-CGub_058	Ssp-CGub_058-mus	muscle	
Ssp-CGub_059	Ssp-CGub_059-mus	muscle	
Ssp-CGub_060	Ssp-CGub_060-mus	muscle	
Ssp-CGub_061	Ssp-CGub_061-mus	muscle	
Ssp-CGub_062	Ssp-CGub_062-mus	muscle	
Ssp-CGub_063	Ssp-CGub_063-mus	muscle	
Ssp-CGub_064	Ssp-CGub_064-mus	muscle	
Ssp-CGub_065	Ssp-CGub_065-mus	muscle	
Ssp-CGub_066	Ssp-CGub_066-mus	muscle	
Ssp-CGub_067	Ssp-CGub_067-mus	muscle	
Ssp-CGub_068	Ssp-CGub_068-mus	muscle	
Ssp-CGub_069	Ssp-CGub_069-mus	muscle	
Ssp-CGub_070	Ssp-CGub_070-mus	muscle	
Ssp-CGub_071	Ssp-CGub_071-mus	muscle	
Ssp-CGub_072	Ssp-CGub_072-mus	muscle	
Ssp-CGub_073	Ssp-CGub_073-mus	muscle	
Ssp-CGub_074	Ssp-CGub_074-mus	muscle	
Ssp-CGub_075	Ssp-CGub_075-mus	muscle	
Ssp-CGub_076	Ssp-CGub_076-mus	muscle	
Ssp-CGub_077	Ssp-CGub_077-mus	muscle	
Ssp-CGub_078	Ssp-CGub_078-mus	muscle	
Ssp-CGub_079	Ssp-CGub_079-mus	muscle	
Ssp-CGub_080	Ssp-CGub_080-mus	muscle	
Ssp-CGub_081	Ssp-CGub_081-mus	muscle	
Ssp-CGub_082	Ssp-CGub_082-mus	muscle	
Ssp-CGub_083	Ssp-CGub_083-mus	muscle	
Ssp-CGub_084	Ssp-CGub_084-mus	muscle	
Ssp-CGub_085	Ssp-CGub_085-mus	muscle	
Ssp-CGub_086	Ssp-CGub_086-mus	muscle	
Ssp-CGub_087	Ssp-CGub_087-mus	muscle	
Ssp-CGub_088	Ssp-CGub_088-mus	muscle	
Ssp-CGub_089	Ssp-CGub_089-mus	muscle	
Ssp-CGub_090	Ssp-CGub_090-mus	muscle	
Ssp-CGub_091	Ssp-CGub_091-mus	muscle	
Ssp-CGub_092	Ssp-CGub_092-mus	muscle	
Ssp-CGub_093	Ssp-CGub_093-mus	muscle	
Ssp-CGub_094	Ssp-CGub_094-mus	muscle	
Ssp-CGub_095	Ssp-CGub_095-mus	muscle	
Ssp-CGub_096	Ssp-CGub_096-mus	muscle	
Tbi-ARos_001	Tbi-ARos_001-mus	muscle	
Tbi-ARos_002	Tbi-ARos_002-mus	muscle	
Tbi-ARos_003	Tbi-ARos_003-mus	muscle	
Tbi-ARos_004	Tbi-ARos_004-mus	muscle	
Tbi-ARos_005	Tbi-ARos_005-mus	muscle	
Tbi-ARos_006	Tbi-ARos_006-mus	muscle	
Tbi-ARos_007	Tbi-ARos_007-mus	muscle	
Tbi-ARos_008	Tbi-ARos_008-mus	muscle	
Tbi-ARos_009	Tbi-ARos_009-mus	muscle	
Tbi-ARos_010	Tbi-ARos_010-mus	muscle	
Tbi-ARos_011	Tbi-ARos_011-mus	muscle	
Tbi-ARos_012	Tbi-ARos_012-mus	muscle	
Tbi-ARos_013	Tbi-ARos_013-mus	muscle	
Tbi-ARos_014	Tbi-ARos_014-mus	muscle	
Tbi-ARos_015	Tbi-ARos_015-mus	muscle	
Tbi-ARos_016	Tbi-ARos_016-mus	muscle	
Tbi-ARos_017	Tbi-ARos_017-mus	muscle	
Tbi-ARos_018	Tbi-ARos_018-mus	muscle	
Tbi-ARos_019	Tbi-ARos_019-mus	muscle	
Tbi-ARos_020	Tbi-ARos_020-mus	muscle	
Tbi-ARos_021	Tbi-ARos_021-mus	muscle	
Tbi-ARos_022	Tbi-ARos_022-mus	muscle	
Tbi-ARos_023	Tbi-ARos_023-mus	muscle	
Tbi-ARos_024	Tbi-ARos_024-mus	muscle	
Tbi-ARos_025	Tbi-ARos_025-mus	muscle	
Tbi-ARos_026	Tbi-ARos_026-mus	muscle	
Tbi-ARos_027	Tbi-ARos_027-mus	muscle	
Tbi-ARos_028	Tbi-ARos_028-mus	muscle	
Tbi-ARos_029	Tbi-ARos_029-mus	muscle	
Tbi-ARos_030	Tbi-ARos_030-mus	muscle	
Tbi-ARos_031	Tbi-ARos_031-mus	muscle	
Tbi-ARos_032	Tbi-ARos_032-mus	muscle	
Tbi-ARos_033	Tbi-ARos_033-mus	muscle	
Tbi-CJos_001	Tbi-CJos_001-mus	muscle	
Tbi-CJos_002	Tbi-CJos_002-mus	muscle	
Tbi-CJos_003	Tbi-CJos_003-mus	muscle	
Tbi-CJos_004	Tbi-CJos_004-mus	muscle	
Tbi-CJos_005	Tbi-CJos_005-mus	muscle	
Tbi-CJos_006	Tbi-CJos_006-mus	muscle	
Tbi-CJos_007	Tbi-CJos_007-mus	muscle	
Tbi-CJos_008	Tbi-CJos_008-mus	muscle	
Tbi-CJos_009	Tbi-CJos_009-mus	muscle	
Tbi-CJos_010	Tbi-CJos_010-mus	muscle	
Tbi-CJos_011	Tbi-CJos_011-mus	muscle	
Tbi-CJos_012	Tbi-CJos_012-mus	muscle	
Tbi-CJos_013	Tbi-CJos_013-mus	muscle	
Tbi-CJos_014	Tbi-CJos_014-mus	muscle	
Tbi-CJos_015	Tbi-CJos_015-mus	muscle	
Tbi-CJos_016	Tbi-CJos_016-mus	muscle	
Tbi-CJos_017	Tbi-CJos_017-mus	muscle	
Tbi-CJos_018	Tbi-CJos_018-mus	muscle	
Tbi-CJos_019	Tbi-CJos_019-mus	muscle	
Tbi-CJos_020	Tbi-CJos_020-mus	muscle	
Tbi-CJos_021	Tbi-CJos_021-mus	muscle	
Tbi-CJos_022	Tbi-CJos_022-mus	muscle	
Tbi-CJos_023	Tbi-CJos_023-mus	muscle	
Tbi-CJos_024	Tbi-CJos_024-mus	muscle	
Tbi-CJos_025	Tbi-CJos_025-mus	muscle	
Tbi-CJos_026	Tbi-CJos_026-mus	muscle	
Tbi-CJos_027	Tbi-CJos_027-mus	muscle	
Tbi-CJos_028	Tbi-CJos_028-mus	muscle	
Tbi-CJos_029	Tbi-CJos_029-mus	muscle	
Tbi-CJos_030	Tbi-CJos_030-mus	muscle	
Tbi-CJos_031	Tbi-CJos_031-mus	muscle	
Tbi-CJos_032	Tbi-CJos_032-mus	muscle	
Tbi-CJos_033	Tbi-CJos_033-mus	muscle	
Tbi-CJos_034	Tbi-CJos_034-mus	muscle	
Tbi-CJos_035	Tbi-CJos_035-mus	muscle	
Tbi-CJos_036	Tbi-CJos_036-mus	muscle	
Tbi-CJos_037	Tbi-CJos_037-mus	muscle	
Tbi-CJos_038	Tbi-CJos_038-mus	muscle	
Tbi-CJos_039	Tbi-CJos_039-mus	muscle	
Tbi-CJos_040	Tbi-CJos_040-mus	muscle	
Tbi-CJos_041	Tbi-CJos_041-mus	muscle	
Tbi-CJos_042	Tbi-CJos_042-mus	muscle	
Tbi-CJos_043	Tbi-CJos_043-mus	muscle	
Tbi-CJos_044	Tbi-CJos_044-mus	muscle	
Tbi-CJos_045	Tbi-CJos_045-mus	muscle	
Tbi-CJos_046	Tbi-CJos_046-mus	muscle	
Tbi-CJos_047	Tbi-CJos_047-mus	muscle	
Tbi-CJos_048	Tbi-CJos_048-mus	muscle	
Tbi-CJos_049	Tbi-CJos_049-mus	muscle	
Tbi-CJos_050	Tbi-CJos_050-mus	muscle	
Tbi-CJos_051	Tbi-CJos_051-mus	muscle	
Tbi-CJos_052	Tbi-CJos_052-mus	muscle	
Tbi-CJos_053	Tbi-CJos_053-mus	muscle	
Tbi-CJos_054	Tbi-CJos_054-mus	muscle	
Tbi-CJos_055	Tbi-CJos_055-mus	muscle	
Tbi-CJos_056	Tbi-CJos_056-mus	muscle	
Tbi-CJos_057	Tbi-CJos_057-mus	muscle	
Tbi-CJos_058	Tbi-CJos_058-mus	muscle	
Tbi-CJos_059	Tbi-CJos_059-mus	muscle	
Tbi-CJos_060	Tbi-CJos_060-mus	muscle	
Tbi-CJos_061	Tbi-CJos_061-mus	muscle	
Tbi-CJos_062	Tbi-CJos_062-mus	muscle	
Tbi-CJos_063	Tbi-CJos_063-mus	muscle	
Tbi-CJos_064	Tbi-CJos_064-mus	muscle	
Tbi-CJos_065	Tbi-CJos_065-mus	muscle	
Tbi-CJos_066	Tbi-CJos_066-mus	muscle	
Tbi-CJos_067	Tbi-CJos_067-mus	muscle	
Tbi-CJos_068	Tbi-CJos_068-mus	muscle	
Tbi-CJos_069	Tbi-CJos_069-mus	muscle	
Tbi-CJos_070	Tbi-CJos_070-mus	muscle	
Tbi-CJos_071	Tbi-CJos_071-mus	muscle	
Tbi-CJos_072	Tbi-CJos_072-mus	muscle	
Tbi-CJos_073	Tbi-CJos_073-mus	muscle	
Tbi-CJos_074	Tbi-CJos_074-mus	muscle	
Tbi-CJos_075	Tbi-CJos_075-mus	muscle	
Tbi-CJos_076	Tbi-CJos_076-mus	muscle	
Tbi-CJos_077	Tbi-CJos_077-mus	muscle	
Tbi-CJos_078	Tbi-CJos_078-mus	muscle	
Tbi-CJos_079	Tbi-CJos_079-mus	muscle	
Tbi-CJos_080	Tbi-CJos_080-mus	muscle	
Tbi-CJos_081	Tbi-CJos_081-mus	muscle	
Tbi-CJos_082	Tbi-CJos_082-mus	muscle	
Tbi-CJos_083	Tbi-CJos_083-mus	muscle	
Tbi-CJos_084	Tbi-CJos_084-mus	muscle	
Tbi-CJos_085	Tbi-CJos_085-mus	muscle	
Tbi-CJos_086	Tbi-CJos_086-mus	muscle	
Tbi-CJos_087	Tbi-CJos_087-mus	muscle	
Tbi-CJos_088	Tbi-CJos_088-mus	muscle	
Tbi-CJos_089	Tbi-CJos_089-mus	muscle	
Tbi-CJos_090	Tbi-CJos_090-mus	muscle	
Tbi-CJos_091	Tbi-CJos_091-mus	muscle	
Tbi-CJos_092	Tbi-CJos_092-mus	muscle	
Tbi-CJos_093	Tbi-CJos_093-mus	muscle	
Tbi-CJos_094	Tbi-CJos_094-mus	muscle	
Tbi-CJos_095	Tbi-CJos_095-mus	muscle	
Tbi-CJos_096	Tbi-CJos_096-mus	muscle	
Tcr-AJol_001	Tcr-AJol_001-mus	muscle	
Tcr-AJol_002	Tcr-AJol_002-mus	muscle	
Tcr-AJol_003	Tcr-AJol_003-mus	muscle	
Tcr-AJol_004	Tcr-AJol_004-mus	muscle	
Tcr-AJol_005	Tcr-AJol_005-mus	muscle	
Tcr-AJol_006	Tcr-AJol_006-mus	muscle	
Tcr-AJol_007	Tcr-AJol_007-mus	muscle	
Tcr-AJol_008	Tcr-AJol_008-mus	muscle	
Tcr-AJol_009	Tcr-AJol_009-mus	muscle	
Tcr-AJol_010	Tcr-AJol_010-mus	muscle	
Tcr-AJol_011	Tcr-AJol_011-mus	muscle	
Tcr-AJol_012	Tcr-AJol_012-mus	muscle	
Tcr-AJol_013	Tcr-AJol_013-mus	muscle	
Tcr-AJol_014	Tcr-AJol_014-mus	muscle	
Tcr-AJol_015	Tcr-AJol_015-mus	muscle	
Tcr-AJol_016	Tcr-AJol_016-mus	muscle	
Tcr-AJol_017	Tcr-AJol_017-mus	muscle	
Tcr-AJol_018	Tcr-AJol_018-mus	muscle	
Tcr-AJol_019	Tcr-AJol_019-mus	muscle	
Tcr-AJol_020	Tcr-AJol_020-mus	muscle	
Tcr-AJol_021	Tcr-AJol_021-mus	muscle	
Tcr-CJol_001	Tcr-CJol_001-mus	muscle	
Tcr-CJol_002	Tcr-CJol_002-mus	muscle	
Tcr-CJol_003	Tcr-CJol_003-mus	muscle	
Tcr-CJol_004	Tcr-CJol_004-mus	muscle	
Tcr-CJol_005	Tcr-CJol_005-mus	muscle	
Tcr-CJol_006	Tcr-CJol_006-mus	muscle	
Tcr-CJol_007	Tcr-CJol_007-mus	muscle	
Tcr-CJol_008	Tcr-CJol_008-mus	muscle	
Tcr-CJol_009	Tcr-CJol_009-mus	muscle	
Tcr-CJol_010	Tcr-CJol_010-mus	muscle	
Tcr-CJol_011	Tcr-CJol_011-mus	muscle	
Tcr-CJol_012	Tcr-CJol_012-mus	muscle	
Tcr-CJol_013	Tcr-CJol_013-mus	muscle	
Tcr-CJol_014	Tcr-CJol_014-mus	muscle	
Tcr-CJol_015	Tcr-CJol_015-mus	muscle	
Tcr-CJol_016	Tcr-CJol_016-mus	muscle	
Tcr-CJol_017	Tcr-CJol_017-mus	muscle	
Tcr-CJol_018	Tcr-CJol_018-mus	muscle	
Tcr-CJol_019	Tcr-CJol_019-mus	muscle	
Tcr-CJol_020	Tcr-CJol_020-mus	muscle	
Tcr-CJol_021	Tcr-CJol_021-mus	muscle	
Tcr-CJol_022	Tcr-CJol_022-mus	muscle	
Tcr-CJol_023	Tcr-CJol_023-mus	muscle	
Tzo-ABol_001	Tzo-ABol_001-mus	muscle	
Tzo-ABol_002	Tzo-ABol_002-mus	muscle	
Tzo-ABol_003	Tzo-ABol_003-mus	muscle	
Tzo-ABol_004	Tzo-ABol_004-mus	muscle	
Tzo-ABol_005	Tzo-ABol_005-mus	muscle	
Tzo-ABol_006	Tzo-ABol_006-mus	muscle	
Tzo-ABol_007	Tzo-ABol_007-mus	muscle	
Tzo-ABol_008	Tzo-ABol_008-mus	muscle	
Tzo-ABol_009	Tzo-ABol_009-mus	muscle	
Tzo-ABol_010	Tzo-ABol_010-mus	muscle	
Tzo-ABol_011	Tzo-ABol_011-mus	muscle	
Tzo-ABol_012	Tzo-ABol_012-mus	muscle	
Tzo-ABol_013	Tzo-ABol_013-mus	muscle	
Tzo-ABol_014	Tzo-ABol_014-mus	muscle	
Tzo-ABol_015	Tzo-ABol_015-mus	muscle	
Tzo-ABol_016	Tzo-ABol_016-mus	muscle	
Tzo-ABol_017	Tzo-ABol_017-mus	muscle	
Tzo-ABol_018	Tzo-ABol_018-mus	muscle	
Tzo-ABol_019	Tzo-ABol_019-mus	muscle	
Tzo-ABol_020	Tzo-ABol_020-mus	muscle	
Tzo-ABol_021	Tzo-ABol_021-mus	muscle	
Tzo-ABol_022	Tzo-ABol_022-mus	muscle	
Tzo-ABol_023	Tzo-ABol_023-mus	muscle	
Tzo-ABol_024	Tzo-ABol_024-mus	muscle	
Tzo-ABol_025	Tzo-ABol_025-mus	muscle	
Tzo-ABol_026	Tzo-ABol_026-mus	muscle	
Tzo-ABol_027	Tzo-ABol_027-mus	muscle	
Tzo-ABol_028	Tzo-ABol_028-mus	muscle	
Tzo-ABol_029	Tzo-ABol_029-mus	muscle	
Tzo-ABol_030	Tzo-ABol_030-mus	muscle	
Tzo-ABol_031	Tzo-ABol_031-mus	muscle	
Tzo-ABol_032	Tzo-ABol_032-mus	muscle	
Tzo-ABol_033	Tzo-ABol_033-mus	muscle	
Tzo-ABol_034	Tzo-ABol_034-mus	muscle	
Tzo-ABol_035	Tzo-ABol_035-mus	muscle	
Tzo-ABol_036	Tzo-ABol_036-mus	muscle	
Tzo-ABol_037	Tzo-ABol_037-mus	muscle	
Tzo-ABol_038	Tzo-ABol_038-mus	muscle	
Tzo-ABol_039	Tzo-ABol_039-mus	muscle	
Tzo-ABol_040	Tzo-ABol_040-mus	muscle	
Tzo-ABol_041	Tzo-ABol_041-mus	muscle	
Tzo-ABol_042	Tzo-ABol_042-mus	muscle	
Tzo-ABol_043	Tzo-ABol_043-mus	muscle	
Tzo-ABol_044	Tzo-ABol_044-mus	muscle	
Tzo-ABol_045	Tzo-ABol_045-mus	muscle	
Tzo-ABol_046	Tzo-ABol_046-mus	muscle	
Tzo-ABol_047	Tzo-ABol_047-mus	muscle	
Tzo-ABol_048	Tzo-ABol_048-mus	muscle	
Tzo-ABol_049	Tzo-ABol_049-mus	muscle	
Tzo-ABol_050	Tzo-ABol_050-mus	muscle	
Tzo-ABol_051	Tzo-ABol_051-mus	muscle	
Tzo-ABol_052	Tzo-ABol_052-mus	muscle	
Tzo-ABol_053	Tzo-ABol_053-mus	muscle	
Tzo-ABol_054	Tzo-ABol_054-mus	muscle	
Tzo-ABol_055	Tzo-ABol_055-mus	muscle	
Tzo-ABol_056	Tzo-ABol_056-mus	muscle	
Tzo-ABol_057	Tzo-ABol_057-mus	muscle	
Tzo-ABol_058	Tzo-ABol_058-mus	muscle	
Tzo-ABol_059	Tzo-ABol_059-mus	muscle	
Tzo-ABol_060	Tzo-ABol_060-mus	muscle	
Tzo-ABol_061	Tzo-ABol_061-mus	muscle	
Tzo-ABol_062	Tzo-ABol_062-mus	muscle	
Tzo-ABol_063	Tzo-ABol_063-mus	muscle	
Tzo-ABol_064	Tzo-ABol_064-mus	muscle	
Tzo-ABol_065	Tzo-ABol_065-mus	muscle	
Tzo-ABol_066	Tzo-ABol_066-mus	muscle	
Tzo-ABol_067	Tzo-ABol_067-mus	muscle	
Tzo-ABol_068	Tzo-ABol_068-mus	muscle	
Tzo-ABol_069	Tzo-ABol_069-mus	muscle	
Tzo-ABol_070	Tzo-ABol_070-mus	muscle	
Tzo-ABol_071	Tzo-ABol_071-mus	muscle	
Tzo-ABol_072	Tzo-ABol_072-mus	muscle	
Tzo-ABol_073	Tzo-ABol_073-mus	muscle	
Tzo-ABol_074	Tzo-ABol_074-mus	muscle	
Tzo-ABol_075	Tzo-ABol_075-mus	muscle	
Tzo-ABol_076	Tzo-ABol_076-mus	muscle	
Tzo-ABol_077	Tzo-ABol_077-mus	muscle	
Tzo-ABol_078	Tzo-ABol_078-mus	muscle	
Tzo-ABol_079	Tzo-ABol_079-mus	muscle	
Tzo-ABol_080	Tzo-ABol_080-mus	muscle	
Tzo-ABol_081	Tzo-ABol_081-mus	muscle	
Tzo-ABol_082	Tzo-ABol_082-mus	muscle	
Tzo-ABol_083	Tzo-ABol_083-mus	muscle	
Tzo-ABol_084	Tzo-ABol_084-mus	muscle	
Tzo-ABol_085	Tzo-ABol_085-mus	muscle	
Tzo-ABol_086	Tzo-ABol_086-mus	muscle	
Tzo-ABol_087	Tzo-ABol_087-mus	muscle	
Tzo-ABol_088	Tzo-ABol_088-mus	muscle	
Tzo-ABol_089	Tzo-ABol_089-mus	muscle	
Tzo-ABol_090	Tzo-ABol_090-mus	muscle	
Tzo-ABol_091	Tzo-ABol_091-mus	muscle	
Tzo-ABol_092	Tzo-ABol_092-mus	muscle	
Tzo-ABol_093	Tzo-ABol_093-mus	muscle	
Tzo-ABol_094	Tzo-ABol_094-mus	muscle	
Tzo-ABol_095	Tzo-ABol_095-mus	muscle	
Tzo-ABol_096	Tzo-ABol_096-mus	muscle	
Tzo-AMta_001	Tzo-AMta_001-mus	muscle	
Tzo-AMta_002	Tzo-AMta_002-mus	muscle	
Tzo-AMta_003	Tzo-AMta_003-mus	muscle	
Tzo-AMta_004	Tzo-AMta_004-mus	muscle	
Tzo-AMta_005	Tzo-AMta_005-mus	muscle	
Tzo-AMta_006	Tzo-AMta_006-mus	muscle	
Tzo-AMta_007	Tzo-AMta_007-mus	muscle	
Tzo-AMta_008	Tzo-AMta_008-mus	muscle	
Tzo-AMta_009	Tzo-AMta_009-mus	muscle	
Tzo-AMta_010	Tzo-AMta_010-mus	muscle	
Tzo-AMta_011	Tzo-AMta_011-mus	muscle	
Tzo-AMta_012	Tzo-AMta_012-mus	muscle	
Tzo-AMta_013	Tzo-AMta_013-mus	muscle	
Tzo-AMta_014	Tzo-AMta_014-mus	muscle	
Tzo-AMta_015	Tzo-AMta_015-mus	muscle	
Tzo-AMta_016	Tzo-AMta_016-mus	muscle	
Tzo-AMta_017	Tzo-AMta_017-mus	muscle	
Tzo-AMta_018	Tzo-AMta_018-mus	muscle	
Tzo-AMta_019	Tzo-AMta_019-mus	muscle	
Tzo-AMta_020	Tzo-AMta_020-mus	muscle	
Tzo-AMta_021	Tzo-AMta_021-mus	muscle	
Tzo-AMta_022	Tzo-AMta_022-mus	muscle	
Tzo-AMta_023	Tzo-AMta_023-mus	muscle	
Tzo-AMta_024	Tzo-AMta_024-mus	muscle	
Tzo-AMta_025	Tzo-AMta_025-mus	muscle	
Tzo-AMta_026	Tzo-AMta_026-mus	muscle	
Tzo-AMta_027	Tzo-AMta_027-mus	muscle	
Tzo-AMta_028	Tzo-AMta_028-mus	muscle	
Tzo-AMta_029	Tzo-AMta_029-mus	muscle	
Tzo-AMta_030	Tzo-AMta_030-mus	muscle	
Tzo-AMta_031	Tzo-AMta_031-mus	muscle	
Tzo-AMta_032	Tzo-AMta_032-mus	muscle	
Tzo-AMvi_001	Tzo-AMvi_001-mus	muscle	
Tzo-AMvi_002	Tzo-AMvi_002-mus	muscle	
Tzo-AMvi_003	Tzo-AMvi_003-mus	muscle	
Tzo-AMvi_004	Tzo-AMvi_004-mus	muscle	
Tzo-AMvi_005	Tzo-AMvi_005-mus	muscle	
Tzo-AMvi_006	Tzo-AMvi_006-mus	muscle	
Tzo-AMvi_007	Tzo-AMvi_007-mus	muscle	
Tzo-AMvi_008	Tzo-AMvi_008-mus	muscle	
Tzo-AMvi_009	Tzo-AMvi_009-mus	muscle	
Tzo-AMvi_010	Tzo-AMvi_010-mus	muscle	
Tzo-AMvi_011	Tzo-AMvi_011-mus	muscle	
Tzo-AMvi_012	Tzo-AMvi_012-mus	muscle	
Tzo-AMvi_013	Tzo-AMvi_013-mus	muscle	
Tzo-AMvi_014	Tzo-AMvi_014-mus	muscle	
Tzo-AMvi_015	Tzo-AMvi_015-mus	muscle	
Tzo-AMvi_016	Tzo-AMvi_016-mus	muscle	
Tzo-AMvi_017	Tzo-AMvi_017-mus	muscle	
Tzo-AMvi_018	Tzo-AMvi_018-mus	muscle	
Tzo-AMvi_019	Tzo-AMvi_019-mus	muscle	
Tzo-AMvi_020	Tzo-AMvi_020-mus	muscle	
Tzo-AMvi_021	Tzo-AMvi_021-mus	muscle	
Tzo-AMvi_022	Tzo-AMvi_022-mus	muscle	
Tzo-AMvi_023	Tzo-AMvi_023-mus	muscle	
Tzo-AMvi_024	Tzo-AMvi_024-mus	muscle	
Tzo-AMvi_025	Tzo-AMvi_025-mus	muscle	
Tzo-AMvi_026	Tzo-AMvi_026-mus	muscle	
Tzo-AMvi_027	Tzo-AMvi_027-mus	muscle	
Tzo-AMvi_028	Tzo-AMvi_028-mus	muscle	
Tzo-AMvi_029	Tzo-AMvi_029-mus	muscle	
Tzo-AMvi_030	Tzo-AMvi_030-mus	muscle	
Tzo-AMvi_031	Tzo-AMvi_031-mus	muscle	
Tzo-AMvi_032	Tzo-AMvi_032-mus	muscle	
Tzo-AMvi_033	Tzo-AMvi_033-mus	muscle	
Tzo-AMvi_034	Tzo-AMvi_034-mus	muscle	
Tzo-AMvi_035	Tzo-AMvi_035-mus	muscle	
Tzo-AMvi_036	Tzo-AMvi_036-mus	muscle	
Tzo-AMvi_037	Tzo-AMvi_037-mus	muscle	
Tzo-AMvi_038	Tzo-AMvi_038-mus	muscle	
Tzo-AMvi_039	Tzo-AMvi_039-mus	muscle	
Tzo-AMvi_040	Tzo-AMvi_040-mus	muscle	
Tzo-AMvi_041	Tzo-AMvi_041-mus	muscle	
Tzo-AMvi_042	Tzo-AMvi_042-mus	muscle	
Tzo-AMvi_043	Tzo-AMvi_043-mus	muscle	
Tzo-AMvi_044	Tzo-AMvi_044-mus	muscle	
Tzo-AMvi_045	Tzo-AMvi_045-mus	muscle	
Tzo-AMvi_046	Tzo-AMvi_046-mus	muscle	
Tzo-AMvi_047	Tzo-AMvi_047-mus	muscle	
Tzo-AMvi_048	Tzo-AMvi_048-mus	muscle	
Tzo-CMal_001	Tzo-CMal_001-mus	muscle	
Tzo-CMal_002	Tzo-CMal_002-mus	muscle	
Tzo-CMal_003	Tzo-CMal_003-mus	muscle	
Tzo-CMal_004	Tzo-CMal_004-mus	muscle	
Tzo-CMal_005	Tzo-CMal_005-mus	muscle	
Tzo-CMal_006	Tzo-CMal_006-mus	muscle	
Tzo-CMal_007	Tzo-CMal_007-mus	muscle	
Tzo-CMal_008	Tzo-CMal_008-mus	muscle	
Tzo-CMal_009	Tzo-CMal_009-mus	muscle	
Tzo-CMal_010	Tzo-CMal_010-mus	muscle	
Tzo-CMal_011	Tzo-CMal_011-mus	muscle	
Tzo-CMal_012	Tzo-CMal_012-mus	muscle	
Tzo-CMal_013	Tzo-CMal_013-mus	muscle	
Tzo-CMal_014	Tzo-CMal_014-mus	muscle	
Tzo-CMal_015	Tzo-CMal_015-mus	muscle	
Tzo-CMal_016	Tzo-CMal_016-mus	muscle	
Tzo-CMal_017	Tzo-CMal_017-mus	muscle	
Tzo-CMal_018	Tzo-CMal_018-mus	muscle	
Tzo-CMal_019	Tzo-CMal_019-mus	muscle	
Tzo-CMal_020	Tzo-CMal_020-mus	muscle	
Tzo-CMal_021	Tzo-CMal_021-mus	muscle	
Tzo-CMal_022	Tzo-CMal_022-mus	muscle	
Tzo-CMal_023	Tzo-CMal_023-mus	muscle	
Tzo-CMal_024	Tzo-CMal_024-mus	muscle	
Tzo-CMal_025	Tzo-CMal_025-mus	muscle	
Tzo-CMal_026	Tzo-CMal_026-mus	muscle	
Tzo-CMal_027	Tzo-CMal_027-mus	muscle	
Tzo-CMal_028	Tzo-CMal_028-mus	muscle	
Tzo-CMal_029	Tzo-CMal_029-mus	muscle	
Tzo-CMal_030	Tzo-CMal_030-mus	muscle	
Tzo-CMal_031	Tzo-CMal_031-mus	muscle	
Tzo-CMal_032	Tzo-CMal_032-mus	muscle	
Tzo-CMal_033	Tzo-CMal_033-mus	muscle	
Tzo-CMal_034	Tzo-CMal_034-mus	muscle	
Tzo-CMal_035	Tzo-CMal_035-mus	muscle	
Tzo-CMal_036	Tzo-CMal_036-mus	muscle	
Tzo-CMal_037	Tzo-CMal_037-mus	muscle	
Tzo-CMal_038	Tzo-CMal_038-mus	muscle	
Tzo-CMal_039	Tzo-CMal_039-mus	muscle	
Tzo-CMal_040	Tzo-CMal_040-mus	muscle	
Tzo-CMal_041	Tzo-CMal_041-mus	muscle	
Tzo-CMal_042	Tzo-CMal_042-mus	muscle	
Tzo-CMal_043	Tzo-CMal_043-mus	muscle	
Tzo-CMal_044	Tzo-CMal_044-mus	muscle	
Tzo-CMal_045	Tzo-CMal_045-mus	muscle	
Tzo-CMal_046	Tzo-CMal_046-mus	muscle	
Tzo-CMal_047	Tzo-CMal_047-mus	muscle	
Tzo-CMal_048	Tzo-CMal_048-mus	muscle	
Tzo-CMal_049	Tzo-CMal_049-mus	muscle	
Tzo-CMal_050	Tzo-CMal_050-mus	muscle	
Tzo-CMal_051	Tzo-CMal_051-mus	muscle	
Tzo-CMal_052	Tzo-CMal_052-mus	muscle	
Tzo-CMal_053	Tzo-CMal_053-mus	muscle	
Tzo-CMal_054	Tzo-CMal_054-mus	muscle	
Tzo-CMal_055	Tzo-CMal_055-mus	muscle	
Tzo-CMal_056	Tzo-CMal_056-mus	muscle	
Tzo-CMal_057	Tzo-CMal_057-mus	muscle	
Tzo-CMal_058	Tzo-CMal_058-mus	muscle	
Tzo-CMal_059	Tzo-CMal_059-mus	muscle	
Tzo-CMal_060	Tzo-CMal_060-mus	muscle	
Tzo-CMal_061	Tzo-CMal_061-mus	muscle	
Tzo-CMal_062	Tzo-CMal_062-mus	muscle	
Tzo-CMal_063	Tzo-CMal_063-mus	muscle	
Tzo-CMal_064	Tzo-CMal_064-mus	muscle	
Tzo-CMal_065	Tzo-CMal_065-mus	muscle	
Tzo-CMal_066	Tzo-CMal_066-mus	muscle	
Tzo-CMal_067	Tzo-CMal_067-mus	muscle	
Tzo-CMal_068	Tzo-CMal_068-mus	muscle	
Tzo-CMal_069	Tzo-CMal_069-mus	muscle	
Tzo-CMal_070	Tzo-CMal_070-mus	muscle	
Tzo-CMal_071	Tzo-CMal_071-mus	muscle	
Tzo-CMal_072	Tzo-CMal_072-mus	muscle	
Tzo-CMal_073	Tzo-CMal_073-mus	muscle	
Tzo-CMal_074	Tzo-CMal_074-mus	muscle	
Tzo-CMal_075	Tzo-CMal_075-mus	muscle	
Tzo-CMal_076	Tzo-CMal_076-mus	muscle	
Tzo-CMal_077	Tzo-CMal_077-mus	muscle	
Tzo-CMal_078	Tzo-CMal_078-mus	muscle	
Tzo-CMal_079	Tzo-CMal_079-mus	muscle	
Tzo-CMal_080	Tzo-CMal_080-mus	muscle	
Tzo-CMal_081	Tzo-CMal_081-mus	muscle	
Tzo-CMal_082	Tzo-CMal_082-mus	muscle	
Tzo-CMal_083	Tzo-CMal_083-mus	muscle	
Tzo-CMal_084	Tzo-CMal_084-mus	muscle	
Tzo-CMal_085	Tzo-CMal_085-mus	muscle	
Tzo-CMal_086	Tzo-CMal_086-mus	muscle	
Tzo-CMal_087	Tzo-CMal_087-mus	muscle	
Tzo-CMal_088	Tzo-CMal_088-mus	muscle	
Tzo-CMal_089	Tzo-CMal_089-mus	muscle	
Tzo-CMal_090	Tzo-CMal_090-mus	muscle	
Tzo-CMta_001	Tzo-CMta_001-mus	muscle	
Tzo-CMta_002	Tzo-CMta_002-mus	muscle	
Tzo-CMta_003	Tzo-CMta_003-mus	muscle	
Tzo-CMta_004	Tzo-CMta_004-mus	muscle	
Tzo-CMta_005	Tzo-CMta_005-mus	muscle	
Tzo-CMta_006	Tzo-CMta_006-mus	muscle	
Tzo-CMta_007	Tzo-CMta_007-mus	muscle	
Tzo-CMta_008	Tzo-CMta_008-mus	muscle	
Tzo-CMta_009	Tzo-CMta_009-mus	muscle	
Tzo-CMta_010	Tzo-CMta_010-mus	muscle	
Tzo-CMta_011	Tzo-CMta_011-mus	muscle	
Tzo-CMta_012	Tzo-CMta_012-mus	muscle	
Tzo-CMta_013	Tzo-CMta_013-mus	muscle	
Tzo-CMta_014	Tzo-CMta_014-mus	muscle	
Tzo-CMta_015	Tzo-CMta_015-mus	muscle	
Tzo-CMta_016	Tzo-CMta_016-mus	muscle	
Tzo-CMta_017	Tzo-CMta_017-mus	muscle	
Tzo-CMta_018	Tzo-CMta_018-mus	muscle	
Tzo-CMta_019	Tzo-CMta_019-mus	muscle	
Tzo-CMta_020	Tzo-CMta_020-mus	muscle	
Tzo-CMta_021	Tzo-CMta_021-mus	muscle	
Tzo-CMta_022	Tzo-CMta_022-mus	muscle	
Tzo-CMta_023	Tzo-CMta_023-mus	muscle	
Tzo-CMta_024	Tzo-CMta_024-mus	muscle	
Tzo-CMta_025	Tzo-CMta_025-mus	muscle	
Tzo-CMta_026	Tzo-CMta_026-mus	muscle	
Tzo-CMta_027	Tzo-CMta_027-mus	muscle	
Tzo-CMta_028	Tzo-CMta_028-mus	muscle	
Tzo-CMta_029	Tzo-CMta_029-mus	muscle	
Tzo-CMta_030	Tzo-CMta_030-mus	muscle	
Tzo-CMta_031	Tzo-CMta_031-mus	muscle	
Tzo-CMta_032	Tzo-CMta_032-mus	muscle	
Tzo-CMta_033	Tzo-CMta_033-mus	muscle	
Tzo-CMta_034	Tzo-CMta_034-mus	muscle	
Tzo-CMta_035	Tzo-CMta_035-mus	muscle	
Tzo-CMta_036	Tzo-CMta_036-mus	muscle	
Tzo-CMta_037	Tzo-CMta_037-mus	muscle	
Tzo-CMta_038	Tzo-CMta_038-mus	muscle	
Tzo-CMta_039	Tzo-CMta_039-mus	muscle	
Tzo-CMta_040	Tzo-CMta_040-mus	muscle	
Tzo-CMta_041	Tzo-CMta_041-mus	muscle	
Tzo-CMta_042	Tzo-CMta_042-mus	muscle	
Tzo-CMta_043	Tzo-CMta_043-mus	muscle	
Tzo-CMta_044	Tzo-CMta_044-mus	muscle	
Tzo-CMta_045	Tzo-CMta_045-mus	muscle	
Tzo-CMta_046	Tzo-CMta_046-mus	muscle	
Tzo-CMta_047	Tzo-CMta_047-mus	muscle	
Tzo-CMta_048	Tzo-CMta_048-mus	muscle	
Tzo-CMta_049	Tzo-CMta_049-mus	muscle	
Tzo-CMta_050	Tzo-CMta_050-mus	muscle	
Tzo-CMta_051	Tzo-CMta_051-mus	muscle	
Tzo-CMta_052	Tzo-CMta_052-mus	muscle	
Tzo-CMta_053	Tzo-CMta_053-mus	muscle	
Tzo-CMta_054	Tzo-CMta_054-mus	muscle	
Tzo-CMta_055	Tzo-CMta_055-mus	muscle	
Tzo-CMta_056	Tzo-CMta_056-mus	muscle	
Tzo-CMta_057	Tzo-CMta_057-mus	muscle	
Tzo-CMta_058	Tzo-CMta_058-mus	muscle	
Tzo-CMta_059	Tzo-CMta_059-mus	muscle	
Tzo-CMta_060	Tzo-CMta_060-mus	muscle	
Tzo-CMta_061	Tzo-CMta_061-mus	muscle	
Tzo-CMta_062	Tzo-CMta_062-mus	muscle	
Tzo-CMta_063	Tzo-CMta_063-mus	muscle	
Tzo-CMta_064	Tzo-CMta_064-mus	muscle	
Tzo-CMta_065	Tzo-CMta_065-mus	muscle	
Tzo-CMta_066	Tzo-CMta_066-mus	muscle	
Tzo-CMta_067	Tzo-CMta_067-mus	muscle	
Tzo-CMta_068	Tzo-CMta_068-mus	muscle	
Tzo-CMta_069	Tzo-CMta_069-mus	muscle	
Tzo-CMta_070	Tzo-CMta_070-mus	muscle	
Tzo-CMta_071	Tzo-CMta_071-mus	muscle	
Tzo-CMta_072	Tzo-CMta_072-mus	muscle	
Tzo-CMta_073	Tzo-CMta_073-mus	muscle	
Tzo-CMta_074	Tzo-CMta_074-mus	muscle	
Tzo-CMta_075	Tzo-CMta_075-mus	muscle	
Tzo-CMta_076	Tzo-CMta_076-mus	muscle	
Tzo-CMta_077	Tzo-CMta_077-mus	muscle	
Tzo-CMta_078	Tzo-CMta_078-mus	muscle	
Tzo-CMta_079	Tzo-CMta_079-mus	muscle	
Tzo-CMta_080	Tzo-CMta_080-mus	muscle	
Tzo-CMta_081	Tzo-CMta_081-mus	muscle	
Tzo-CMta_082	Tzo-CMta_082-mus	muscle	
Tzo-CMta_083	Tzo-CMta_083-mus	muscle	
Tzo-CMta_084	Tzo-CMta_084-mus	muscle	
Tzo-CMta_085	Tzo-CMta_085-mus	muscle	
Tzo-CMta_086	Tzo-CMta_086-mus	muscle	
Tzo-CMta_087	Tzo-CMta_087-mus	muscle	
Tzo-CMta_088	Tzo-CMta_088-mus	muscle	
Tzo-CMta_089	Tzo-CMta_089-mus	muscle	
Tzo-CMta_090	Tzo-CMta_090-mus	muscle	
Tzo-CMta_091	Tzo-CMta_091-mus	muscle	
Tzo-CMta_092	Tzo-CMta_092-mus	muscle	
Tzo-CMta_093	Tzo-CMta_093-mus	muscle	
Tzo-CMta_094	Tzo-CMta_094-mus	muscle	
Tzo-CMta_095	Tzo-CMta_095-mus	muscle	
Tzo-CMta_096	Tzo-CMta_096-mus	muscle	
Tzo-CMvi_001	Tzo-CMvi_001-mus	muscle	
Tzo-CMvi_002	Tzo-CMvi_002-mus	muscle	
Tzo-CMvi_003	Tzo-CMvi_003-mus	muscle	
Tzo-CMvi_004	Tzo-CMvi_004-mus	muscle	
Tzo-CMvi_005	Tzo-CMvi_005-mus	muscle	
Tzo-CMvi_006	Tzo-CMvi_006-mus	muscle	
Tzo-CMvi_007	Tzo-CMvi_007-mus	muscle	
Tzo-CMvi_008	Tzo-CMvi_008-mus	muscle	
Tzo-CMvi_009	Tzo-CMvi_009-mus	muscle	
Tzo-CMvi_010	Tzo-CMvi_010-mus	muscle	
Tzo-CMvi_011	Tzo-CMvi_011-mus	muscle	
Tzo-CMvi_012	Tzo-CMvi_012-mus	muscle	
Tzo-CMvi_013	Tzo-CMvi_013-mus	muscle	
Tzo-CMvi_014	Tzo-CMvi_014-mus	muscle	
Tzo-CMvi_015	Tzo-CMvi_015-mus	muscle	
Tzo-CMvi_016	Tzo-CMvi_016-mus	muscle	
Tzo-CMvi_017	Tzo-CMvi_017-mus	muscle	
Tzo-CMvi_018	Tzo-CMvi_018-mus	muscle	
Tzo-CMvi_019	Tzo-CMvi_019-mus	muscle	
Tzo-CMvi_020	Tzo-CMvi_020-mus	muscle	
Tzo-CMvi_021	Tzo-CMvi_021-mus	muscle	
Tzo-CMvi_022	Tzo-CMvi_022-mus	muscle	
Tzo-CMvi_023	Tzo-CMvi_023-mus	muscle	
Tzo-CMvi_024	Tzo-CMvi_024-mus	muscle	
Tzo-CMvi_025	Tzo-CMvi_025-mus	muscle	
Tzo-CMvi_026	Tzo-CMvi_026-mus	muscle	
Tzo-CMvi_027	Tzo-CMvi_027-mus	muscle	
Tzo-CMvi_028	Tzo-CMvi_028-mus	muscle	
Tzo-CMvi_029	Tzo-CMvi_029-mus	muscle	
Tzo-CMvi_030	Tzo-CMvi_030-mus	muscle	
Tzo-CMvi_031	Tzo-CMvi_031-mus	muscle	
Tzo-CMvi_032	Tzo-CMvi_032-mus	muscle	
Tzo-CMvi_033	Tzo-CMvi_033-mus	muscle	
Tzo-CMvi_034	Tzo-CMvi_034-mus	muscle	
Tzo-CMvi_035	Tzo-CMvi_035-mus	muscle	
Tzo-CMvi_036	Tzo-CMvi_036-mus	muscle	
Tzo-CMvi_037	Tzo-CMvi_037-mus	muscle	
Tzo-CMvi_038	Tzo-CMvi_038-mus	muscle	
Tzo-CMvi_039	Tzo-CMvi_039-mus	muscle	
Tzo-CMvi_040	Tzo-CMvi_040-mus	muscle	
Tzo-CMvi_041	Tzo-CMvi_041-mus	muscle	
Tzo-CMvi_042	Tzo-CMvi_042-mus	muscle	
Tzo-CMvi_043	Tzo-CMvi_043-mus	muscle	
Tzo-CMvi_044	Tzo-CMvi_044-mus	muscle	
Tzo-CMvi_045	Tzo-CMvi_045-mus	muscle	
Tzo-CMvi_046	Tzo-CMvi_046-mus	muscle	
Tzo-CMvi_047	Tzo-CMvi_047-mus	muscle	
Tzo-CMvi_048	Tzo-CMvi_048-mus	muscle	
Tzo-CMvi_049	Tzo-CMvi_049-mus	muscle	
Tzo-CMvi_050	Tzo-CMvi_050-mus	muscle	
Tzo-CMvi_051	Tzo-CMvi_051-mus	muscle	
Tzo-CMvi_052	Tzo-CMvi_052-mus	muscle	
Tzo-CMvi_053	Tzo-CMvi_053-mus	muscle	
Tzo-CMvi_054	Tzo-CMvi_054-mus	muscle	
Tzo-CMvi_055	Tzo-CMvi_055-mus	muscle	
Tzo-CMvi_056	Tzo-CMvi_056-mus	muscle	
Tzo-CMvi_057	Tzo-CMvi_057-mus	muscle	
Tzo-CMvi_058	Tzo-CMvi_058-mus	muscle	
Tzo-CMvi_059	Tzo-CMvi_059-mus	muscle	
Tzo-CMvi_060	Tzo-CMvi_060-mus	muscle	
Tzo-CMvi_061	Tzo-CMvi_061-mus	muscle	
Tzo-CMvi_062	Tzo-CMvi_062-mus	muscle	
Tzo-CMvi_063	Tzo-CMvi_063-mus	muscle	
Tzo-CMvi_064	Tzo-CMvi_064-mus	muscle	
Tzo-CMvi_065	Tzo-CMvi_065-mus	muscle	
Tzo-CMvi_066	Tzo-CMvi_066-mus	muscle	
Tzo-CMvi_067	Tzo-CMvi_067-mus	muscle	
Tzo-CMvi_068	Tzo-CMvi_068-mus	muscle	
Tzo-CMvi_069	Tzo-CMvi_069-mus	muscle	
Tzo-CMvi_070	Tzo-CMvi_070-mus	muscle	
Tzo-CMvi_071	Tzo-CMvi_071-mus	muscle	
Tzo-CMvi_072	Tzo-CMvi_072-mus	muscle	
Tzo-CMvi_073	Tzo-CMvi_073-mus	muscle	
Tzo-CMvi_074	Tzo-CMvi_074-mus	muscle	
Tzo-CMvi_075	Tzo-CMvi_075-mus	muscle	
Tzo-CMvi_076	Tzo-CMvi_076-mus	muscle	
Tzo-CMvi_077	Tzo-CMvi_077-mus	muscle	
Tzo-CMvi_078	Tzo-CMvi_078-mus	muscle	
Tzo-CMvi_079	Tzo-CMvi_079-mus	muscle	
Tzo-CMvi_080	Tzo-CMvi_080-mus	muscle	
Tzo-CMvi_081	Tzo-CMvi_081-mus	muscle	
Tzo-CMvi_082	Tzo-CMvi_082-mus	muscle	
Tzo-CMvi_083	Tzo-CMvi_083-mus	muscle	
Tzo-CMvi_084	Tzo-CMvi_084-mus	muscle	
Tzo-CMvi_085	Tzo-CMvi_085-mus	muscle	
Tzo-CMvi_086	Tzo-CMvi_086-mus	muscle	
Tzo-CMvi_087	Tzo-CMvi_087-mus	muscle	
Tzo-CMvi_088	Tzo-CMvi_088-mus	muscle	
Tzo-CMvi_089	Tzo-CMvi_089-mus	muscle	
Tzo-CMvi_090	Tzo-CMvi_090-mus	muscle	
Tzo-CMvi_091	Tzo-CMvi_091-mus	muscle	
Tzo-CMvi_092	Tzo-CMvi_092-mus	muscle	
Tzo-CMvi_093	Tzo-CMvi_093-mus	muscle	
Tzo-CMvi_094	Tzo-CMvi_094-mus	muscle	
Tzo-CMvi_095	Tzo-CMvi_095-mus	muscle	
Tzo-CMvi_096	Tzo-CMvi_096-mus	muscle	
Zdi-ADup_001	Zdi-ADup_001-mus	muscle	
Zdi-ADup_002	Zdi-ADup_002-mus	muscle	
Zdi-ADup_003	Zdi-ADup_003-mus	muscle	
Zdi-ADup_004	Zdi-ADup_004-mus	muscle	
Zdi-ADup_005	Zdi-ADup_005-mus	muscle	
Zdi-ADup_006	Zdi-ADup_006-mus	muscle	
Zdi-ADup_007	Zdi-ADup_007-mus	muscle	
Zdi-ADup_008	Zdi-ADup_008-mus	muscle	
Zdi-ADup_009	Zdi-ADup_009-mus	muscle	
Zdi-ADup_010	Zdi-ADup_010-mus	muscle	
Zdi-ADup_011	Zdi-ADup_011-mus	muscle	
Zdi-ADup_012	Zdi-ADup_012-mus	muscle	
Zdi-ADup_013	Zdi-ADup_013-mus	muscle	
Zdi-ADup_014	Zdi-ADup_014-mus	muscle	
Zdi-ADup_015	Zdi-ADup_015-mus	muscle	
Zdi-ADup_016	Zdi-ADup_016-mus	muscle	
Zdi-ADup_017	Zdi-ADup_017-mus	muscle	
Zdi-ADup_018	Zdi-ADup_018-mus	muscle	
Zdi-ADup_019	Zdi-ADup_019-mus	muscle	
Zdi-ADup_020	Zdi-ADup_020-mus	muscle	
Zdi-ADup_021	Zdi-ADup_021-mus	muscle	
Zdi-ADup_022	Zdi-ADup_022-mus	muscle	
Zdi-ADup_023	Zdi-ADup_023-mus	muscle	
Zdi-ADup_024	Zdi-ADup_024-mus	muscle	
Zdi-ADup_025	Zdi-ADup_025-mus	muscle	
Zdi-ADup_026	Zdi-ADup_026-mus	muscle	
Zdi-ADup_027	Zdi-ADup_027-mus	muscle	
Zdi-ADup_028	Zdi-ADup_028-mus	muscle	
Zdi-ADup_029	Zdi-ADup_029-mus	muscle	
Zdi-ADup_030	Zdi-ADup_030-mus	muscle	
Zdi-ADup_031	Zdi-ADup_031-mus	muscle	
Zdi-ADup_032	Zdi-ADup_032-mus	muscle	
Zdi-ADup_033	Zdi-ADup_033-mus	muscle	
Zdi-ADup_034	Zdi-ADup_034-mus	muscle	
Zdi-ADup_035	Zdi-ADup_035-mus	muscle	
Zdi-ADup_036	Zdi-ADup_036-mus	muscle	
Zdi-ADup_037	Zdi-ADup_037-mus	muscle	
Zdi-ADup_038	Zdi-ADup_038-mus	muscle	
Zdi-ADup_039	Zdi-ADup_039-mus	muscle	
Zdi-ADup_040	Zdi-ADup_040-mus	muscle	
Zdi-ADup_041	Zdi-ADup_041-mus	muscle	
Zdi-ADup_042	Zdi-ADup_042-mus	muscle	
Zdi-ADup_043	Zdi-ADup_043-mus	muscle	
Zdi-ADup_044	Zdi-ADup_044-mus	muscle	
Zdi-ADup_045	Zdi-ADup_045-mus	muscle	
Zdi-ADup_046	Zdi-ADup_046-mus	muscle	
Zdi-ADup_047	Zdi-ADup_047-mus	muscle	
Zdi-CDup_001	Zdi-CDup_001-mus	muscle	
Zdi-CDup_002	Zdi-CDup_002-mus	muscle	
Zdi-CDup_003	Zdi-CDup_003-mus	muscle	
Zdi-CDup_004	Zdi-CDup_004-mus	muscle	
Zdi-CDup_005	Zdi-CDup_005-mus	muscle	
Zdi-CDup_006	Zdi-CDup_006-mus	muscle	
Zdi-CDup_007	Zdi-CDup_007-mus	muscle	
Zdi-CDup_008	Zdi-CDup_008-mus	muscle	
Zdi-CDup_009	Zdi-CDup_009-mus	muscle	
Zdi-CDup_010	Zdi-CDup_010-mus	muscle	
Zdi-CDup_011	Zdi-CDup_011-mus	muscle	
Zdi-CDup_012	Zdi-CDup_012-mus	muscle	
Zdi-CDup_013	Zdi-CDup_013-mus	muscle	
Zdi-CDup_014	Zdi-CDup_014-mus	muscle	
Zdi-CDup_015	Zdi-CDup_015-mus	muscle	
Zdi-CDup_016	Zdi-CDup_016-mus	muscle	
Zdi-CDup_017	Zdi-CDup_017-mus	muscle	
Zdi-CDup_018	Zdi-CDup_018-mus	muscle	
Zdi-CDup_019	Zdi-CDup_019-mus	muscle	
Zdi-CDup_020	Zdi-CDup_020-mus	muscle	
Zdi-CDup_021	Zdi-CDup_021-mus	muscle	
Zdi-CDup_022	Zdi-CDup_022-mus	muscle	
Zdi-CDup_023	Zdi-CDup_023-mus	muscle	
Zdi-CDup_024	Zdi-CDup_024-mus	muscle	
Zdi-CDup_025	Zdi-CDup_025-mus	muscle	
Zdi-CDup_026	Zdi-CDup_026-mus	muscle	
Zdi-CDup_027	Zdi-CDup_027-mus	muscle	
Zdi-CDup_028	Zdi-CDup_028-mus	muscle	
Zdi-CDup_029	Zdi-CDup_029-mus	muscle	
Zdi-CDup_030	Zdi-CDup_030-mus	muscle	
Zdi-CDup_031	Zdi-CDup_031-mus	muscle	
Zdi-CDup_032	Zdi-CDup_032-mus	muscle	
Zdi-CDup_033	Zdi-CDup_033-mus	muscle	
Zdi-CDup_034	Zdi-CDup_034-mus	muscle	
Zdi-CDup_035	Zdi-CDup_035-mus	muscle	
Zdi-CDup_036	Zdi-CDup_036-mus	muscle	
Zdi-CDup_037	Zdi-CDup_037-mus	muscle	
Zdi-CDup_038	Zdi-CDup_038-mus	muscle	
Zdi-CDup_039	Zdi-CDup_039-mus	muscle	
Zdi-CDup_040	Zdi-CDup_040-mus	muscle	
Zdi-CDup_041	Zdi-CDup_041-mus	muscle	
Zdi-CDup_042	Zdi-CDup_042-mus	muscle	
Zdi-CDup_043	Zdi-CDup_043-mus	muscle	
Zdi-CDup_044	Zdi-CDup_044-mus	muscle	
Zdi-CDup_045	Zdi-CDup_045-mus	muscle	
Zdi-CDup_046	Zdi-CDup_046-mus	muscle	
Zdi-CDup_047	Zdi-CDup_047-mus	muscle	
Zdi-CDup_048	Zdi-CDup_048-mus	muscle	
Zdi-CDup_049	Zdi-CDup_049-mus	muscle	
Zdi-CDup_050	Zdi-CDup_050-mus	muscle	
Zdi-CDup_051	Zdi-CDup_051-mus	muscle	
Zdi-CDup_052	Zdi-CDup_052-mus	muscle	
Zdi-CDup_053	Zdi-CDup_053-mus	muscle	
Zdi-CDup_054	Zdi-CDup_054-mus	muscle	
Zdi-CDup_055	Zdi-CDup_055-mus	muscle	
Zdi-CDup_056	Zdi-CDup_056-mus	muscle	
Zdi-CDup_057	Zdi-CDup_057-mus	muscle	
Zdi-CDup_058	Zdi-CDup_058-mus	muscle	
Zdi-CDup_059	Zdi-CDup_059-mus	muscle	
Zdi-CDup_060	Zdi-CDup_060-mus	muscle	
Zdi-CDup_061	Zdi-CDup_061-mus	muscle	
Zdi-CDup_062	Zdi-CDup_062-mus	muscle	
Zdi-CDup_063	Zdi-CDup_063-mus	muscle	
Zdi-CDup_064	Zdi-CDup_064-mus	muscle	
Zdi-CDup_065	Zdi-CDup_065-mus	muscle	
Zdi-CDup_066	Zdi-CDup_066-mus	muscle	
Zdi-CDup_067	Zdi-CDup_067-mus	muscle	
Zdi-CDup_068	Zdi-CDup_068-mus	muscle	
Zdi-CDup_069	Zdi-CDup_069-mus	muscle	
Zdi-CDup_070	Zdi-CDup_070-mus	muscle	
Zdi-CDup_071	Zdi-CDup_071-mus	muscle	
Zdi-CDup_072	Zdi-CDup_072-mus	muscle	
Zdi-CDup_073	Zdi-CDup_073-mus	muscle	
Zdi-CDup_074	Zdi-CDup_074-mus	muscle	
Zdi-CDup_075	Zdi-CDup_075-mus	muscle	
Zdi-CDup_076	Zdi-CDup_076-mus	muscle	
Zdi-CDup_077	Zdi-CDup_077-mus	muscle	
Zdi-CDup_078	Zdi-CDup_078-mus	muscle	
Zdi-CDup_079	Zdi-CDup_079-mus	muscle	
Zdi-CDup_080	Zdi-CDup_080-mus	muscle	
Zdi-CDup_081	Zdi-CDup_081-mus	muscle	
Zdi-CDup_082	Zdi-CDup_082-mus	muscle	
Zdi-CDup_083	Zdi-CDup_083-mus	muscle	
Zpe-CMvi_001	Zpe-CMvi_001-mus	muscle	
Zpe-CMvi_002	Zpe-CMvi_002-mus	muscle	
Zpe-CMvi_003	Zpe-CMvi_003-mus	muscle	
Zpe-CMvi_004	Zpe-CMvi_004-mus	muscle	
Zpe-CMvi_005	Zpe-CMvi_005-mus	muscle	
Zpe-CMvi_006	Zpe-CMvi_006-mus	muscle	
Zpe-CMvi_007	Zpe-CMvi_007-mus	muscle	
Zpe-CMvi_008	Zpe-CMvi_008-mus	muscle	
Zvi-CMvi_001	Zvi-CMvi_001-mus	muscle	
Zvi-CMvi_002	Zvi-CMvi_002-mus	muscle	
Zvi-CMvi_003	Zvi-CMvi_003-mus	muscle	
Zvi-CMvi_004	Zvi-CMvi_004-mus	muscle	
Zvi-CMvi_005	Zvi-CMvi_005-mus	muscle	
Zvi-CMvi_006	Zvi-CMvi_006-mus	muscle	
Zvi-CMvi_007	Zvi-CMvi_007-mus	muscle	
Zvi-CMvi_008	Zvi-CMvi_008-mus	muscle	
Aur-AMah_001	Aur-AMah_001-mus	muscle	
Aur-AMah_002	Aur-AMah_002-mus	muscle	
Aen-ABur_001	Aen-ABur_001-mus	muscle	
Aen-ABur_002	Aen-ABur_002-mus	muscle	
